temp_id,lastname,firstname,countries_scope,email,town,role,url
1,Erga,Svein Rune,NO,,n-5020 bergen,,
2,Haugen,Stig Bjarte,NO,,n-5020 bergen,,
3,Bratbak,Gunnar,NO,,n-5020 bergen,,
4,Egge,Jorun Karin,NO,,n-5020 bergen,,
5,Heldal,Mikal,NO,,n-5020 bergen,,
6,Mork,Kjell Arne,NO,,5817 bergen,,
7,Norland,Svein,NO,,n-5020 bergen,,
8,Shiryaeva,Olga,NO,,university of tromso,,
9,Berge,Eivind,NO,,no- oslo,,
10,Døving,Kjell B,NO,kjelld@imbv.uio.no,0316 oslo,,
11,von Lueder,Thomas G,NO,,oslo,,
12,Agewall,Stefan,NO,,oslo,,
13,Møllendal,Harald,NO,harald.mollendal@kjemi.uio.no,no-0315 oslo,,
14,Rogvin,Maria,NO,,university of oslo,,
15,Reichborn-Kjennerud,Ted,NO,,university of oslo,,
16,Moger,Tron A,NO,,university of oslo,,
17,Thaulow,E,NO,,oslo,,
18,Liebner,Susanne,NO,,tromsø,,
19,De Santi,Concetta,NO,,n-,,
20,Gani,Osman Absm,NO,,n-,,
21,Helland,Ronny,NO,,n-,,
22,Williamson,Adele,NO,adele.williamson@uit.no.,n-,,
23,Berg,Vidar,NO,vidar.berg@nvh.no,n-0033 oslo,,
24,Linke,Dirk,NO,,oslo,,
25,Shalchian-Tabrizi,Kamran,NO,kamran@bio.uio.no,oslo,,
26,Flåøyen,A,NO,,n-0033 oslo,,
27,Birgisdottir,Asa Birna,NO,,tromsø,,
28,Heiervang,Einar R,NO,,oslo,,
29,Mørch,Yrr A,NO,yrrm@ntnu.no,trondheim,,
30,Klinge,R F,NO,klinge@odont.uio.no,n-0316 oslo,,
31,Svege,Ida,NO,,oslo,,
32,Nordsletten,Lars,NO,,oslo,,
33,Risberg,May Arna,NO,,oslo,,
34,Groote,Inge,NO,,oslo,,
35,Dyregrov,A,NO,,bergen,,
36,Solberg,S,NO,,university of tromsø,,
37,Martinez-Zubiaurre,Iñigo,NO,,tromsø,,
38,Polacek,Martin,NO,,tromsø,,
39,Braendvang,Morten,NO,,n-0315 oslo,,
40,Førsund,Linn Hege,NO,,norwegian university of science and technology,,
41,Ytrehus,Siri,NO,,sogn og fjordane university college,,
42,Melum,Espen,NO,,oslo,,
43,Lee,Hanna,NO,,bergen,,
44,Pedersen,Thomas Bondo,NO,t.b.pedersen@kjemi.uio.no,n- oslo,,
45,Bringager,Christine Bull,NO,c.b.bringager@psykiatri.uio.no,oslo,,
46,Flåøyen,A,NO,arne.flaoyen@vetinst.no,oslo,,
47,Seierstad,Therese,NO,thereseseierstad@hotmail.com,oslo,,
48,Berg,J P,NO,,university of oslo,,
49,Miranda,Pedro O,NO,,oslo,,
50,Egeland,J,NO,jens.egeland@piv.no,tønsberg,,
51,Midttun,Øivind,NO,nkjbm@uib.no,bergen,,
52,Grønnerød,Cato,NO,cato.gronnerod@psykomatikk.no,university of oslo,,
53,Steen,H B,NO,,oslo,,
54,Halmøy,Anne,NO,anne.halmoy@biomed.uib.no,n- bergen,,
55,Roman,Eric,NO,,bergen,,
56,Andreassen,Cecilie Schou,NO,,bergen,,
57,Pallesen,Ståle,NO,,bergen,,
58,Fjetland,Lars,NO,lars.fjetland@lyse.net.,stavanger,,
59,Thaulow,E,NO,,oslo university hospital,,
60,Diep,Q N,NO,,oslo,,
61,Kalager,Mette,NO,mette.kalager@kreftregisteret.no,0303 oslo,,
62,Sandve,Hanna,NO,,trondheim,,
63,Lorås,Håvard,NO,,trondheim,,
64,Pedersen,Arve Vorland,NO,,trondheim,,
65,Jakobsen,J A,NO,,oslo,,
66,Hansen,G H,NO,,n- tromsø,,
67,Sheil,Doug,NO,,ås,,
68,Alstadhaug,Karl Bjørnar,NO,karl.bjornar.alstadhaug@nlsh.no,nordland hospital bodø,,
69,Nicolaysen,G,NO,,university of oslo,,
70,Marstein,L,NO,,trondheim university hospital,,
71,Kaastad,E,NO,,bodoe,,
72,Stensrud,Mats Julius,NO,,0317,,
73,Paulsen,Bård,NO,,7465 trondheim,,
74,Diplas,S,NO,,no-0316 oslo,,
75,Ofte,Sonja H,NO,,university of bergen,,
76,Djupesland,G,NO,,oslo,,
77,Olasveengen,Theresa Mariero,NO,t.m.olasveengen@medisin.uio.no,oslo,,
78,Augustine,Starrlight,NO,,tromsø,,
79,Couto,Elisabeth,NO,elisabeth.couto@kunnskapssenteret.no.,oslo,,
80,Weiderpass,Elisabete,NO,elisabete.weiderpass.vainio@ki.se.,oslo,,
81,Banitalebi,H,NO,banitalebi@medscape.com,oslo,,
82,Vatten,Lars,NO,,trondheim,,
83,Njølstad,Inger,NO,,tromso n-,,
84,Välk,Kristjan,NO,,bergen,,
85,Stenfors,L E,NO,,university of tromsö,,
86,Nieder,Carsten,NO,carsten.nieder@nlsh.no,bodø,,
87,Mørkved,S,NO,,trondheim,,
88,Neset,A,NO,andres.neset@studmed.uio.no,oslo university hospital hf,,
89,Jensen,S A,NO,,n- trondheim,,
90,Høvik,Lise Husby,NO,lise.hovik@stolav.no.,trondheim,,
91,Winther,Siri Bjørgen,NO,,trondheim,,
92,Foss,Olav A,NO,,trondheim,,
93,Gjeilo,Kari Hanne,NO,,trondheim,,
94,Brekke,Fredrik B,NO,,oslo,,
95,Omrani,Nour-Eddine,NO,,bergen,,
96,Giertsen,J C,NO,,department of forensic medicine,,
97,Bjørgen,Siri,NO,siri.bjorgen@stolav.no,norwegian university of science and technology,,
98,Særvold,Tone Kristin,NO,,oslo,,
99,Hide,Øydis,NO,,oslo,,
100,Feragen,Kristin Billaud,NO,,oslo,,
101,Aukner,Ragnhild,NO,,oslo,,
102,Stagge,James H,NO,james.stagge@usu.edu.,oslo,,
103,Tallaksen,Lena M,NO,,oslo,,
104,Odeh,Francis,NO,,n- oslo,,
105,Førre,M,NO,,n- bergen,,
106,Allen,Elena,NO,,university of bergen,,
107,Milner,Jos M,NO,jos.milner@gmail.com,no- koppang,,
108,Owesen,Christian,NO,owesen@getmail.no.,nordbyhagen,,
109,Aas,Eline,NO,,oslo,,
110,Årøen,Asbjørn,NO,,nordbyhagen,,
111,Lie,Sverre O,NO,sli@helsedir.no,norwegian directorate of health,,
112,Wacker,Sebastian,NO,wacker@bio.ntnu.no,trondheim,,
113,Steen,Torkel,NO,,oslo,,
114,Dickstein,Kenneth,NO,,stavanger,,
115,Iversen,Martin H,NO,,bodø,,
116,Slørdal,L,NO,,university of tromsø,,
117,Fang,Evandro F,NO,,lørenskog,,
118,Winkler,Andrea S,NO,,oslo,,
119,Steiner,Timothy J,NO,t.steiner@imperial.ac.uk.,trondheim,,
120,Stovner,Lars J,NO,,trondheim,,
121,El-Salhy,Magdy,NO,,54 09 stord,,
122,Gilja,Odd Helge,NO,,54 09 stord,,
123,Gundersen,Doris,NO,,54 09 stord,,
124,Hatlebakk,Jan Gunnar,NO,,54 09 stord,,
125,Hausken,Trygve,NO,,54 09 stord,,
126,Kaasa,Stein,NO,,oslo,,
127,Hahn,Christoph,NO,,oslo,,
128,Sripada,K,NO,kam.sripada@ntnu.no.,trondheim,,
129,Bjuland,K J,NO,,arendal,,
130,Sølsnes,A E,NO,,trondheim,,
131,Håberg,A K,NO,,trondheim,,
132,Grunewaldt,K H,NO,,trondheim,,
133,Løhaugen,G C,NO,,arendal,,
134,Rimol,L M,NO,,trondheim,,
135,Skranes,J,NO,,trondheim,,
136,Rosenbaum,Sarah E,NO,sarah@rosenbaum.no,oslo,,
137,Hanssen,Sveinn Are,NO,,tromsø,,
138,Slagsvold,Tore,NO,,oslo,,
139,Torvik,Karin,NO,karin.torvik@su.hio.no,trondheim,,
140,Johannessen,Tor-Christian Aase,NO,tor-christian.johannessen@biomed.uib.no,bergen,,
141,Schlegel,Ulrike,NO,,university of oslooslo,,
142,Robinson,Nick,NO,,n-1431 ås,,
143,Bertelsen,R J,NO,randi.jacobsen.bertelsen@fhi.no,oslo,,
144,Furre,T,NO,tfurre@ulrik.uio.no,oslo,,
145,Engedal,Nikolai,NO,nikolai.engedal@ncmm.uio.no.,n-0318 oslo,,
146,Sunde,Kjetil,NO,kjetil.sunde@medisin.uio.no.,oslo,,
147,Søreide,Eldar,NO,eldar.soreide@sus.no.,stavanger,,
148,Baksaas,S T,NO,,university of oslo,,
149,Voie,Øyvind,NO,,kjeller,,
150,Dalen,Havard,NO,havard.dalen@ntnu.no,trondheim,,
151,Lund,Eivind G,NO,,oslo,,
152,Mdala,Ibrahimu,NO,,oslo,,
153,Skogseth,Haakon,NO,haakon.skogseth@ntnu.no,trondheim,,
154,Bjørgul,Kristian,NO,kristianb@halden.net,fredrikstad,,
155,Weedon-Fekjær,Harald,NO,harald.weedon-fekjar@medisin.uio.no.,oslo,,
156,Romundstad,Pål R,NO,,trondheim,,
157,Forns,Joan,NO,,oslo,,
158,Knudsen-Baas,K M,NO,kristin.marie.knudsen-baas@helse-bergen.no,bergen,,
159,Aakvik,Arild,NO,arild.aakvik@econ.uib.no,bergen,,
160,Bremer,Sara,NO,,oslo,,
161,Lanzrein,M,NO,,oslo,,
162,Ostensen,M,NO,,trondheim,,
163,Nahrgang,Jasmine,NO,,longyearbyen,,
164,Varpe,Oystein,NO,,tromsø,,
165,Korshunova,Ekaterina,NO,,tromsø,,
166,Hallanger,Ingeborg G,NO,,tromsø,,
167,Vieweg,Ireen,NO,,tromsø,,
168,Berge,Jørgen,NO,,longyearbyen,,
169,Vijayan,Sinara,NO,,trondheim,,
170,Jonassen,K,NO,,n- bergen,,
171,Pape,Kristine,NO,kristine.pape@ntnu.no,trondheim,,
172,Steen,Petter Andreas,NO,p.a.steen@medisin.uio.no,university division uus and division of prehospital services,,
173,Smeland,S,NO,sigbjorn.smeland@klinmed.uio.no,oslo,,
174,Buter,T C,NO,,n- stavanger,,
175,Refsum,H,NO,,haukeland hospital,,
176,Guren,Marianne Grønlie,NO,,no-0424 oslo,,
177,Sundt-Hansen,L,NO,line.sundt-hansen@nina.no,trondheim,,
178,Stadskleiv,Kristine,NO,,oslo,,
179,von Tetzchner,Stephen,NO,,oslo,,
180,Oie,Cristina Ionica,NO,cristina@fagmed.uit.no,n- tromsø,,
181,van Kampen,Dirk,NO,oystein.fluge@gmail.com,n- bergen,,
182,Steen,H B,NO,,oslo,,
183,Strømskag,K E,NO,,molde hospital,,
184,Nes,Ragnhild B,NO,,oslo,,
185,Hauge,Lars J,NO,,oslo,,
186,Kornstad,Tom,NO,,0033 oslo,,
187,Irgens,Lorentz,NO,,no  bergen,,
188,Eskedal,Leif,NO,,kristiansand,,
189,Kristensen,Petter,NO,,0318 oslo,,
190,Vollrath,Margarete E,NO,,0373 oslo,,
191,Hansen,Berit Hjelde,NO,berit.hjelde.hansen@r-bup.no,oslo,,
192,Riise,E,NO,,division of food control,,
193,Sæther,Bernt-Erik,NO,,no- trondheim,,
194,Grøtan,Vidar,NO,,no- trondheim,,
195,Engen,Steinar,NO,,no- trondheim,,
196,Jerstad,Kurt,NO,,no- mandal,,
197,Røstad,Ole W,NO,,ås,,
198,Caugant,D A,NO,,oslo,,
199,Sønstebø,Jørn Henrik,NO,,ås,,
200,Tollefsrud,Mari Mette,NO,,ås,,
201,Zahl,Sverre Morten,NO,,voss,,
202,Fladby,Tormod,NO,,lørenskog,,
203,Mollergard,Hanne M,NO,,lørenskog,,
204,Rodionov,D G,NO,,oslo,,
205,Langård,S,NO,,porsgrunn,,
206,Pedersen,Simen,NO,simen.pedersen@hihm.no,koppang,,
207,Bakken,Inger Johanne,NO,inger.johannebakken@helsedirektoratet.no,trondheim,,
208,Atar,Dan,NO,,oslo,,
209,Kjaeve,J,NO,,university of tromsø,,
210,Chera,Simona,NO,,bergen,,
211,Bye,Hege H,NO,,bergen,,
212,Håskjold,E,NO,,rikshospitalet,,
213,Berge,E,NO,eivind.berge@ulleval.no,oslo,,
214,Burger,Emily A,NO,,oslo,,
215,Gundersen,H G,NO,,oslo,,
216,Areta,José L,NO,joselareta@gmail.com.,oslo,,
217,Christiansen,Oddvar,NO,,bergen,,
218,Steier,J A,NO,,university of bergen,,
219,Jørgensen,Silje F,NO,,oslo,,
220,Videm,Vibeke,NO,,no-7006 trondheim,,
221,Folseraas,Trine,NO,,oslo,,
222,Fevang,Børre,NO,,oslo,,
223,Aukrust,Pål,NO,,oslo,,
224,Karlsen,Tom H,NO,,oslo,,
225,Finsen,Alexandra Vanessa,NO,,oslo,,
226,Ueland,Thor,NO,,oslo,,
227,Sjaastad,Ivar,NO,,oslo,,
228,Ranheim,Trine,NO,,oslo,,
229,Ahmed,Mohammed S,NO,,oslo,,
230,Dahl,Christen P,NO,,oslo,,
231,Askevold,Erik T,NO,,oslo,,
232,Aakhus,Svend,NO,,oslo,,
233,Husberg,Cathrine,NO,,oslo,,
234,Fiane,Arnt E,NO,,oslo,,
235,Gullestad,Lars,NO,,oslo,,
236,Christensen,Geir,NO,,oslo,,
237,Aukrust,Pål,NO,,oslo,,
238,Yndestad,Arne,NO,,oslo,,
239,Nordnes,S,NO,,university of tromsø,,
240,Waldum,Helge L,NO,,trondheim,,
241,Cui,Guanglin,NO,,7600 levanger,,
242,Fiksdal Abel,Kristine,NO,,oslo,,
243,Ravndal,Edle,NO,,oslo,,
244,Clausen,Thomas,NO,,oslo,,
245,Bramness,Jørgen G,NO,,oslo,,
246,Kristensen,Gunnar,NO,,0424 oslo,,
247,Johnsen,Stig O,NO,,trondheim,,
248,Kilskar,Stine Skaufel,NO,,trondheim,,
249,Fossum,Knut Robert,NO,,trondheim,,
250,Bere,Elling,NO,,kristiansand,,
251,Lien,Nanna,NO,,oslo,,
252,Bjelland,Mona,NO,,oslo,,
253,Vik,Frøydis Nordgård,NO,,kristiansand,,
254,Lieske,Nora V,NO,,oslo,,
255,Tonby,Kristian,NO,,oslo,,
256,Kvale,Dag,NO,,oslo,,
257,Dyrhol-Riise,Anne M,NO,,oslo,,
258,Tasken,Kjetil,NO,,oslo,,
259,Bostad,Monica,NO,monica.bostad@rr-research.no,oslo,,
260,Sakhi,A K,NO,,university of oslo,,
261,Walaas,S I,NO,ivar.walaas@basalmed.uio.no,oslo,,
262,Nilsen,Wendy,NO,,oslo,,
263,Bakke,T A,NO,t.a.bakke@toyen.uio.no,university of oslo,,
264,Olsen,J A,NO,,university of tromsø,,
265,Brattelid,Trond,NO,,0316 oslo,,
266,Grosse,Susann,NO,,no-7491 trondheim,,
267,Negaard,H F S,NO,helene.negaard@medisin.uio.no,oslo,,
268,Tiwari,Avinash,NO,avinash.tiwari@ntnu.no.,trondheim,,
269,Veiersted,K B,NO,,oslo,,
270,Arnesen,Thomas,NO,,bergen,,
271,Nilsson,Brita,NO,brita.nilsson@su.hio.no,oslo,,
272,Borgå,Katrine,NO,,oslo,,
273,Bohlin Nizzetto,Pernilla,NO,,kjeller,,
274,Varpe,Øystein,NO,,svalbard,,
275,Bahrami,Shahram,NO,shahram.bahrami@ntnu.no.,trondheim,,
276,Ehsani,Rezvan,NO,rezvan.ehsani@ntnu.no.,trondheim,,
277,Drabløs,Finn,NO,finn.drablos@ntnu.no.,trondheim,,
278,Elgen,Irene,NO,,5020 bergen,,
279,Due-Tønnessen,Bernt Johan,NO,,oslo,,
280,Fjose,A,NO,,university of tromsø,,
281,Lau,Corinna,NO,,bodø,,
282,Olstad,Ole Kristoffer,NO,,oslo,,
283,Holden,Marit,NO,,oslo,,
284,Nygård,Ståle,NO,,oslo,,
285,Fure,Hilde,NO,,bodø,,
286,Lappegård,Knut Tore,NO,,bodø,,
287,Brekke,Ole-Lars,NO,,tromsø,,
288,Espevik,Terje,NO,,trondheim,,
289,Hovig,Eivind,NO,,oslo,,
290,Mollnes,Tom Eirik,NO,,oslo,,
291,Wijffels,René H,NO,,n-8049 bodø,,
292,Dahl,Kristin Hegstad,NO,kristind@fagmed.uit.no,tromsø,,
293,Kirkeby-Garstad,Idar,NO,,trondheim,,
294,Ivanova,Lada,NO,,n-0033 oslo,,
295,Rud,Erik,NO,,oslo,,
296,Vlatkovic,Ljiljana,NO,,oslo,,
297,Svindland,Aud,NO,,oslo,,
298,Eggesbø,Heidi B,NO,,oslo,,
299,Ruud,Anne,NO,,kristiansand,,
300,Faugli,Anne,NO,,university of oslo,,
301,Emblem,Ragnhild,NO,,university of oslo,,
302,Bjørnland,Kristin,NO,,rikshospitalet medical centre,,
303,Diseth,Trond H,NO,,university of oslo,,
304,White,Richard A,NO,,oslo,,
305,Segerström,Susanna,NO,,n- haslum,,
306,Jaworowski,Z,NO,,kjeller,,
307,Opjordsmoen,S,NO,,university of oslo,,
308,Lien,Lars,NO,lars.lien@medisin.uio.no,oslo,,
309,Stensløkken,Kåre-Olav,NO,,oslo,,
310,Ellefsen,Stian,NO,,lillehammer,,
311,Vaage,Jarle,NO,,oslo,,
312,Nilsson,Göran E,NO,,oslo,,
313,Goksøyr,A,NO,,university of bergen,,
314,Randsborg,Per-Henrik,NO,pran@ahus.no,no- lørenskog,,
315,Norheim,Arne Johan,NO,arne.johan.norheim@hlkbb.no,universitetet i tromsø,,
316,Skjerdal,Taran,NO,,n- oslo,,
317,Skeie,Siv,NO,,n-1432 ås,,
318,Rudi,Knut,NO,,n-1432 ås,,
319,Porcellato,Davide,NO,,n-1432 ås,,
320,Narvhus,Judith A,NO,,n-1432 ås,,
321,Sioud,M,NO,,university of oslo,,
322,Winkler,Andrea S,NO,,oslo,,
323,Vogel,Anne Ilse Maria,NO,,trondheim,,
324,Lale,Rahmi,NO,,trondheim,,
325,Hohmann-Marriott,Martin Frank,NO,,trondheim,,
326,Moltu,Christian,NO,christian.moltu@helse-forde.no,forde,,
327,Berg,E S,NO,,oslo,,
328,Moss,B M,NO,,oslo,,
329,Visnes,H,NO,,oslo,,
330,Kähler,Anna K,NO,,oslo,,
331,Baerheim,A,NO,,university of bergen,,
332,Hjetland,Reidar,NO,reidar.hjetland@helse-forde.no.,førde,,
333,Reiso,Harald,NO,harald.reiso@medisin.uio.no.,oslo,,
334,Ihlebæk,Camilla,NO,camilla.ihlebak@nmbu.no.,aas,,
335,Nilsen,Roy M,NO,roy.miodini.nilsen@helse-bergen.no.,bergen,,
336,Grude,Nils,NO,nigrud@siv.no.,tønsberg,,
337,Ulvestad,Elling,NO,elling.ulvestad@helse-bergen.no.,bergen,,
338,Dickstein,Kenneth,NO,,stavanger,,
339,Robertson,L J,NO,lucy.robertson@veths.no,0033 oslo,,
340,Brodwall,Kristoffer,NO,kristoffer.brodwall@gmail.com,haukeland universitetssykehus,,
341,Losnegard,Thomas,NO,,oslo,,
342,Myklebust,Håvard,NO,,oslo,,
343,Ehrhardt,Angela,NO,,oslo,,
344,Hallén,Jostein,NO,,oslo,,
345,Bøhmer,Ellen,NO,,lillehammer,,
346,Valheim,M,NO,,genetics and aquatic biology,,
347,Saito,Takaya,NO,,n- bergen,,
348,Rehmsmeier,Marc,NO,,n- bergen,,
349,Frostad,Anne,NO,anne.frostad@kreftregisteret.no,n- oslo,,
350,Skarstein,Siv,NO,,oslo,,
351,Wickson,Fern,NO,,9294 tromsø,,
352,Øyane,Nicolas M F,NO,nicolas.oyane@gmail.com,bergen,,
353,Håberg,A,NO,asta.haberg@ntnu.no,trondheim,,
354,Hansen,B F,NO,,university of oslo,,
355,Milan,S E,NO,,bergen,,
356,Gilbert,Mads,NO,,tromso,,
357,Sagen,Ase,NO,aase.sagen@uus.no,ullevaal,,
358,Dukic,Aleksandra R,NO,,oslo n-,,
359,Thiede,Bernd,NO,,oslo n-,,
360,Taskén,Kjetil,NO,,oslo n-,,
361,Aspholm,Paul E,NO,,svanvik,,
362,Conradie,Jeanet,NO,,n- tromsø,,
363,Friberg,Ingrid K,NO,,oslo,,
364,Steigen,Sonja E,NO,,university hospital of north norway,,
365,Tøien,Tiril,NO,,trondheim,,
366,Pedersen Haglo,Håvard,NO,,trondheim,,
367,Unhjem,Runar,NO,,bodø,,
368,Hoff,Jan,NO,,trondheim,,
369,Wang,Eivind,NO,,trondheim,,
370,Borch-Pedersen,Kristina,NO,,oslo,,
371,Lindbäck,Toril,NO,,oslo,,
372,Madslien,Elisabeth H,NO,,oslo,,
373,Kidd,Shani W,NO,,oslo,,
374,O'Sullivan,Kristin,NO,,oslo,,
375,Granum,Per Einar,NO,,oslo,,
376,Aspholm,Marina,NO,,oslo,,
377,DeMartinis,Valerie,NO,,4 innlandet hospital trust,,
378,Havre,Roald F,NO,,bergen,,
379,Hole,Torstein,NO,torstein.hole@helse-sunnmore.no,alesund hospital,,
380,Rye,P D,NO,phil.rye@labmed.uio.no,oslo,,
381,Svebak,Sven,NO,sven.svebak@ntnu.no,no- trondheim,,
382,Wang,Yun Yong,NO,,oslo,,
383,Johansen,Krisztina K,NO,krisztina.k.johansen@ntnu.no,trondheim,,
384,Tofthagen,Randi,NO,randi.tofthagen@ldh.no,oslo,,
385,Rinell,E,NO,,no- ås,,
386,Heringstad,B,NO,,no- ås,,
387,Blaas,H G,NO,,trondheim university hospital,,
388,Fliegl,Heike,NO,,0315 oslo,,
389,Sundholm,Dage,NO,,n- oslo,,
390,Husebo,Bettina S,NO,,bergen,,
391,Skiftesvik,Anne Berit,NO,,storebø,,
392,Geffen,Audrey J,NO,,n-5020 bergen,,
393,Hazlerigg,David G,NO,,tromsø,,
394,Omland,Torbjørn,NO,,oslo,,
395,Tanum,L,NO,lars.tanum@rh.uio.no,n- oslo,,
396,Bergan,T,NO,,university of oslo,,
397,Deng,Wei Hai,NO,,oslo,,
398,Fredriksen,Per Morten,NO,,oslo,,
399,Mortensen,Kim Erlend,NO,kimem@fagmed.uit.no,tromsø,,
400,Sundgot-Borgen,J,NO,jorunn.sundgotborgen@nih.no,oslo,,
401,Plancade,Sandra,NO,sandra.c.plancade@uit.no,tromsø,,
402,Hjellvik,Vidar,NO,vidar.hjellvik@fhi.no,nasjonalt folkehelseinstitutt,,
403,Lorem,Tonje,NO,,drobak,,
404,Nilsen,Tom I L,NO,,trondheim,,
405,Lyche,Jan L,NO,jan.l.lyche@veths.no,oslo,,
406,Snellingen,T,NO,,university of tromsø,,
407,Dragesund,Tove,NO,,n- bergen,,
408,Grotle,Margreth,NO,,oslo university hospital,,
409,Järnegren,Johanna,NO,,trondheim,,
410,Ragnum,Harald Bull,NO,,oslo,,
411,Myklebust,O,NO,,oslo,,
412,Kjøllesdal,Marte Råberg,NO,m.k.raberg@medisin.uio.no,oslo,,
413,Stanghelle,J K,NO,,nesoddtangen,,
414,Stefansson,I M,NO,,bergen,,
415,Diep,Dzung B,NO,dzung.diep@umb.no,n- as,,
416,Preus,Hans R,NO,,oslo,,
417,Pedersen,Willy,NO,,oslo,,
418,Jensenius,M,NO,mogens.jensenius@ioks.uio.no,oslo,,
419,Isaksen,C V,NO,,trondheim regional hospital,,
420,Clench-Aas,J,NO,jocelyne.clench.aas@nilu.no,kjeller,,
421,Svanes,Cecilie,NO,cecilie.svanes@helse-bergen.no.,bergen,,
422,Sonesson,Anna K,NO,anna.sonesson@nofima.no.,ås,,
423,Ødegård,Jørgen,NO,,ås,,
424,Lorensen,M,NO,,university of olso,,
425,Røsand,Gun-Mette B,NO,gbro@fhi.no.,oslo,,
426,Zörgö,Enikö,NO,,ås,,
427,Nordengen,I,NO,ingeborg.klingen@bioforsk.no,department of entomology and nematology,,
428,Aanderud-Larsen,K,NO,,university of oslo,,
429,Jørgensen,Katarina Mariann,NO,,trondheim,,
430,Ystgaard,M,NO,,university of oslo,,
431,Klitkou,Søren Toksvig,NO,,oslo,,
432,Wangen,Knut R,NO,,oslo,,
433,Weiderpass,Elisabete,NO,,oslo,,
434,Haug,Anita,NO,anita.haug@vetinst.no,oslo,,
435,Bergum,Kristin,NO,,n-0316 oslo,,
436,Nowak,Piotr,NO,,oslo,,
437,Bégat,Ingrid,NO,ibegat@telia.com,stavanger,,
438,Røed,K H,NO,knut.roed@vetinst.no,oslo,,
439,Jamtveit,Bjørn,NO,bjorn.jamtveit@geo.uio.no.,oslo,,
440,Andersen,Torgeir B,NO,,oslo,,
441,Austrheim,Håkon,NO,,oslo,,
442,Corfu,Fernando,NO,,oslo,,
443,Petley-Ragan,Arianne,NO,,oslo,,
444,Engebretsen,Anders Hauge,NO,anders.engebretsen@nih.no,oslo,,
445,Johansen,Ingrid H,NO,ingrid.johansen@uni.no,bergen,,
446,Nakken,Karl O,NO,karl.otto.nakken@epilepsy.no,sandvika,,
447,Lund,Jenny,NO,,oslo,,
448,S Tangen,Daniel,NO,,oslo,,
449,Wiig,Håvard,NO,,oslo,,
450,Stadheim,Hans K,NO,,oslo,,
451,Helle,Siw A,NO,,oslo,,
452,Rustan,Arild C,NO,,oslo,,
453,Thoresen,G Hege,NO,,oslo,,
454,T Kase,Eili,NO,,oslo,,
455,Jensen,Jørgen,NO,,oslo,,
456,Aksnes,J,NO,,university of oslo,,
457,Andreassen,O A,NO,,university of bergen,,
458,Straetkvern,K O,NO,,university of bergen,,
459,van den Tillaar,Roland,NO,,levanger,,
460,Foss,Berit,NO,,oslo,,
461,Nåden,Dagfinn,NO,,oslo,,
462,Naess,H,NO,halvor.naess@haukeland.no,bergen,,
463,Strandheim,Arve,NO,,levanger,,
464,Bjerkeset,Ottar,NO,,trondheim,,
465,Bjørnelv,Sigrid,NO,,levanger,,
466,Holmen,Turid Lingaas,NO,,levanger,,
467,Bentzen,Niels,NO,,levanger,,
468,Robberstad,Bjarne,NO,,bergen,,
469,Brorson,O,NO,,tønsberg,,
470,Molla,M,NO,,university of bergen,,
471,Leutgeb,Jill K,NO,,trondheim,,
472,Høstmark,A T,NO,,university of oslo,,
473,Robinson,Hilde Stendal,NO,,university of oslo,,
474,Vøllestad,Nina Køpke,NO,,university of oslo,,
475,Wagner,Marek,NO,,department of biomedicine; university of bergen; bergen,,
476,Oyeflaten,Irene,NO,irene.oyeflaten@air.no.,rauland,,
477,Gulsvik,A,NO,,haukeland university hospital,,
478,Murison,R,NO,,university of bergen,,
479,Moen,Bente E,NO,bente.moen@isf.uib.no,bergen,,
480,Tretteteig,Signe,NO,,tønsberg,,
481,Vatne,Solfrid,NO,,molde,,
482,Rokstad,Anne Marie Mork,NO,,tønsberg,,
483,Brügger-Andersen,Trygve,NO,,bergen,,
484,Østerås,Håvard,NO,,trondheim,,
485,Risnes,S,NO,,university of oslo,,
486,Bergan,Veronica,NO,,n- tromsø,,
487,Risøen,P A,NO,,university of oslo,,
488,Finsen,Vilhjalmur,NO,vilh.finsen@ntnu.no,trondheim,,
489,Ilboudo,Patrick G C,NO,ipatrickgc@gmail.com.,oslo,,
490,Sundby,Johanne,NO,,oslo,,
491,Torsvik,Gaute,NO,,bergen,,
492,Viktil,K K,NO,kiki.viktil@c2i.net,bergen,,
493,Janbu,T,NO,,nordbyhagen,,
494,Hamre,Anne Grethe,NO,,n-1432 ås,,
495,Schaupp,Daniel,NO,,n-1432 ås,,
496,Eijsink,Vincent G H,NO,,n-1432 ås,,
497,Gunnarsson,Gudjon L,NO,,skien,,
498,Harthug,S,NO,stig.harthug@haukeland.no,bergen,,
499,Traeen,Bente,NO,,university of tromsø,,
500,Kvalvaag,Elisabeth,NO,e.m.kvalvaag@medisin.uio.no.,oslo,,
501,Anvar,Masoud,NO,,oslo,,
502,Karlberg,Anna Cecilia,NO,,oslo,,
503,Brox,Jens Ivar,NO,,oslo,,
504,Engebretsen,Kaia Beck,NO,,oslo,,
505,Soberg,Helene Lundgaard,NO,,oslo,,
506,Juel,Niels Gunnar,NO,,oslo,,
507,Bautz-Holter,Erik,NO,,oslo,,
508,Sandvik,Leiv,NO,,oslo,,
509,Roe,Cecilie,NO,,oslo,,
510,Koslander,Tiburtius,NO,tikosla@hotmail.com,kristiansand,,
511,Aase,Ingunn,NO,,stavanger,,
512,Hansen,Britt Sætre,NO,,stavanger,,
513,Aase,Karina,NO,,stavanger,,
514,Eriksen,W,NO,w.b.eriksen@samfunnsmed.uio.no,oslo,,
515,Chu,Xi,NO,,tromsø,,
516,Hansson,Kenth-Arne,NO,,oslo,,
517,Solbrå,Andreas Våvang,NO,,oslo,,
518,Bruusgaard,Jo C,NO,,oslo,,
519,Wootton,Richard,NO,,tromsø,,
520,Eriksen,M T,NO,mteriksen@start.no,drammen,,
521,Cronfalk,Berit Seiger,NO,,sweden ; stord haugesund university college,,
522,Nilssen,O,NO,,university of tromsø,,
523,Skorpen,Frank,NO,,trondheim,,
524,Pradhan,Manohar,NO,,oslo,,
525,Espen Gjelsvik,Bjørn,NO,,bergen,,
526,Haugen,Kjetil K,NO,,molde,,
527,Reid,Bjørn Ole,NO,bjorn.ole.reid@stolav.no,trondheim,,
528,Hellum,Bent H,NO,bent.h.hellum@ntnu.no,trondheim,,
529,Holla,Øystein L,NO,,no- oslo,,
530,Bretthauer,M,NO,michael.bretthauer@sthf.no,skien,,
531,Kolbenstvedt,A,NO,,oslo,,
532,Glennås,A,NO,,diakonhjemmet hospital,,
533,Valbø,A,NO,,oslo,,
534,Heggelund,Lars,NO,,oslo,,
535,Kleggetveit,Inge Petter,NO,,oslo,,
536,Skulberg,Per Kristian,NO,,askim,,
537,Nieder,Carsten,NO,,bodø,,
538,Dalhaug,Astrid,NO,,bodø,,
539,Haukland,Ellinor,NO,,bodø,,
540,Mannsåker,Bård,NO,,bodø,,
541,Pawinski,Adam,NO,,bodø,,
542,Røe,Oluf Dimitri,NO,,levanger,,
543,Igeltjørn,Marit,NO,,trondheim,,
544,Skjelbred,Camilla F,NO,camilla-furu.skjelbred@sthf.no,n- skien,,
545,Prasmickaite,Lina,NO,lina.prasmickaite@labmed.uio.no,n- oslo,,
546,Czibik,Gabor,NO,gaborc@medisin.uio.no,oslo,,
547,Lundvoll Nilsen,Line,NO,line.lundvoll.nilsen@telemed.no,tromsø,,
548,Skarphedinsson,Gudmundur,NO,,0405 oslo,,
549,Kornør,Hege,NO,,0405 oslo,,
550,Axelsdottir,Brynhildur,NO,,0405 oslo,,
551,Biedilæ,Sølvi,NO,,0405 oslo,,
552,Berg,Karina,NO,,oslo,,
553,Pedersen,Terje R,NO,,oslo,,
554,Møller,P,NO,,oslo,,
555,Nordeng,Hedvig,NO,,university of oslo,,
556,Lupattelli,Angela,NO,,university of oslo,,
557,Wood,Mollie,NO,,university of oslo,,
558,Greggains,Gareth D,NO,,oslo,,
559,Odden,Morten,NO,,koppang,,
560,Linnell,John D C,NO,,trondheim,,
561,Evenset,Anita,NO,anita.evenset@akvaplan.niva.no,tromsø n-,,
562,Bjerklund Johansen,Truls Erik,NO,,university of oslo,,
563,Vangen,Siri,NO,siri.vangen@fhi.no,n-0403 oslo,,
564,Reedtz,Charlotte,NO,,tromsø,,
565,Lauritzen,Camilla,NO,,tromsø,,
566,Stover,Ylva V,NO,,tromsø,,
567,Freili,Janita L,NO,,tromsø,,
568,Rognmo,Kamilla,NO,,tromsø,,
569,Grimstad,H,NO,,trondheim,,
570,Søvik,O,NO,,bergen,,
571,Li,Linzhong,NO,,kjeller,,
572,Gierman,Lobke,NO,,trondheim,,
573,Tveito,Aslak,NO,aslak@simula.no,lysaker,,
574,Liu,Fang,NO,,oslo,,
575,Dai,Ke-Zheng,NO,,oslo,,
576,Wangen,Ingvild H,NO,,bergen,,
577,Sayed,Shabana,NO,,haugesund,,
578,Blix,Ellen,NO,ellen.blix@hioa.no.,oslo,,
579,Brurberg,Kjetil Gundro,NO,,oslo,,
580,Reierth,Eirik,NO,,tromsø,,
581,Reinar,Liv Merete,NO,,oslo,,
582,Øian,Pål,NO,,tromsø,,
583,Lucia,Magali,NO,,tromsø,,
584,Verboven,Nanette,NO,,tromsø,,
585,Strøm,Hallvard,NO,,tromsø,,
586,Miljeteig,Cecilie,NO,,trondheim,,
587,Gabrielsen,Geir W,NO,,tromsø,,
588,Naderi,S,NO,,n-,,
589,Aviles-Solis,Juan Carlos,NO,,tromsø,,
590,Halvorsen,Peder A,NO,,tromsø,,
591,Melbye,Hasse,NO,,tromsø,,
592,Lote,K,NO,,oslo,,
593,Cox,Rebecca Jane,NO,,university of bergen,,
594,Klingen,Tor A,NO,,bergen,,
595,Chen,Ying,NO,,bergen,,
596,Stefansson,Ingunn M,NO,,bergen,,
597,Knutsvik,Gøril,NO,,bergen,,
598,Collett,Karin,NO,,bergen,,
599,Abrahamsen,Anne L,NO,,tønsberg,,
600,Aase,Hildegunn,NO,,bergen,,
601,Aas,Hans,NO,,tønsberg,,
602,Aas,Turid,NO,,bergen,,
603,Wik,Elisabeth,NO,,bergen,,
604,Akslen,Lars A,NO,,bergen,,
605,Lind,Guro E,NO,,0424 oslo,,
606,Guriby,Marianne,NO,,0424 oslo,,
607,Ahlquist,Terje,NO,,0424 oslo,,
608,Hussain,Israr,NO,,4068 stavanger,,
609,Jeanmougin,Marine,NO,,0424 oslo,,
610,Søreide,Kjetil,NO,,stavanger,,
611,Kørner,Hartwig,NO,,stavanger,,
612,Lothe,Ragnhild A,NO,,0424 oslo,,
613,Nordgård,Oddmund,NO,,4068 stavanger,,
614,Gjersvik,P,NO,,university of oslo,,
615,Lundblad,R,NO,,oslo,,
616,Schiøtz,H,NO,,tønsberg,,
617,Sejersted,O M,NO,o.m.sejersted@ioks.uio.no,oslo,,
618,Osmundsen,Harald,NO,harald.osmundsen@odont.uio.no,oslo,,
619,Nilsson,Göran E,NO,g.e.nilsson@bio.uio.no,n-0316 oslo,,
620,Holte,Harald,NO,,oslo,,
621,Lindahl,A K,NO,,oslo,,
622,Sandvik,Gunhild F,NO,,oslo,,
623,Vanem,Thy T,NO,,oslo,,
624,Rand-Hendriksen,Svend,NO,,oslo,,
625,Cholidis,Symira,NO,,oslo,,
626,Saethre,Marit,NO,,oslo,,
627,Drolsum,Liv,NO,,oslo,,
628,Heldal,Kari Kulvik,NO,kari.heldal@stami.no,0033 oslo,,
629,Bjørnebekk,Astrid,NO,astrid.bjornebekk@psykologi.uio.no,0317 oslo,,
630,Gramstad,Arne,NO,arne.gramstad@haukeland.no,bergen,,
631,Herrero,María-Luz,NO,,ås,,
632,Andersen,Marit Helen,NO,marit.andersen@rikshospitalet.no,oslo,,
633,Bang,Hans J,NO,,n- oslo,,
634,Holm,Sverre,NO,,n- oslo,,
635,Skjæraasen,Jon Egil,NO,jon.skjaeraasen@bio.uib.no,n- bergen,,
636,Nakstad,B,NO,,oslo,,
637,Fenton,Christopher Graham,NO,,tromsø,,
638,Jorde,Rolf,NO,,tromsø,,
639,Paulssen,Ruth Hracky,NO,,tromsø,,
640,McQueen,Caitlin M A,NO,,oslo,,
641,Harding,Stephen E,NO,steve.harding@nottingham.ac.uk.,oslo,,
642,Simpson,Deon,NO,,oslo,,
643,Flodgren,Gerd,NO,,oslo,,
644,Waage,S,NO,steinar.waage@vetinst.no,oslo,,
645,Sagerup,Kjetil,NO,kjetil.sagerup@uit.no,no- tromsø,,
646,Holme,I,NO,ingar.holme@uus.no,n-407 oslo,,
647,Wikan,U,NO,,university of oslo,,
648,Milde,E J,NO,,haugesund,,
649,Thue,E,NO,,university of trondheim,,
650,Bjørnnes,Ann Kristin,NO,,university of oslo,,
651,Lie,Irene,NO,,oslo university hospital,,
652,Fagerland,Morten Wang,NO,,oslo university hospital,,
653,Rustøen,Tone,NO,,university of oslo,,
654,Stubhaug,Audun,NO,,university of oslo,,
655,Leegaard,Marit,NO,,institute of nursing,,
656,Sørmo,E G,NO,eugen.sormo@bio.ntnu.no,no- trondheim,,
657,Haug,Bjørn Helge,NO,,no- tromsø,,
658,Førland,,NO,,bergen,,
659,Rekvig,O P,NO,,tromsø,,
660,Grimsmo,J,NO,jo-grim@online.no,feiring,,
661,Thorstensen,C W,NO,christian.thorstensen@planteforsk.no,as,,
662,Vogt,Rolf David,NO,,oslo,,
663,Mulder,Jan,NO,,ås,,
664,Aure,Miriam Ragle,NO,,oslo,,
665,Vitelli,Valeria,NO,,oslo,,
666,Jernström,Sandra,NO,,oslo,,
667,Kumar,Surendra,NO,,oslo,,
668,Krohn,Marit,NO,,oslo,,
669,Due,Eldri U,NO,,oslo,,
670,Haukaas,Tonje Husby,NO,,oslo,,
671,Vollan,Hans Kristian Moen,NO,,oslo,,
672,Lüders,Torben,NO,,oslo,,
673,Rødland,Einar,NO,,oslo,,
674,Møller,Elen K,NO,,oslo,,
675,Nord,Silje,NO,,oslo,,
676,Giskeødegård,Guro F,NO,,trondheim,,
677,Bathen,Tone Frost,NO,,oslo,,
678,Geisler,Jürgen,NO,,lørenskog,,
679,Bukholm,Ida R K,NO,,oslo,,
680,Naume,Bjørn,NO,,oslo,,
681,Schlichting,Ellen,NO,,oslo,,
682,Sauer,Torill,NO,,oslo,,
683,Kåresen,Rolf,NO,,oslo,,
684,Mælandsmo,Gunhild M,NO,,oslo,,
685,Lingjærde,Ole Christian,NO,,oslo,,
686,Frigessi,Arnoldo,NO,,oslo,,
687,Kristensen,Vessela N,NO,,oslo,,
688,Børresen-Dale,Anne-Lise,NO,,oslo,,
689,Sahlberg,Kristine K,NO,kristine.sahlberg@vestreviken.no.,oslo,,
690,Berg,Torill,NO,,university of oslo oslo,,
691,Leknes,Ingvar L,NO,ingvar.leknes@hisf.no,n- sogndal,,
692,Johnsen,Bjørn Helge,NO,bjoern.johnsen@psysp.uib.no,university of bergen,,
693,Almdahl,S M,NO,,tromsø,,
694,Fladseth,Kristina,NO,,tromsø,,
695,Kristensen,Andreas,NO,,tromsø,,
696,Mannsverk,Jan,NO,,tromsø,,
697,Trovik,Thor,NO,,tromsø,,
698,Schirmer,Henrik,NO,,oslo,,
699,Krontveit,Randi I,NO,randi.krontveit@nvh.no,oslo,,
700,Helsing,Per,NO,per.helsing@rikshospitalet.no,oslo,,
701,Tøndervik,Anne,NO,,n- trondheim,,
702,Dahl,Berit Misund,NO,,ålesund,,
703,Midthjell,K,NO,,verdal,,
704,Er,C,NO,,oslo,,
705,Skjerve,E,NO,,oslo,,
706,Brun,E,NO,,oslo,,
707,Framstad,T,NO,,oslo,,
708,Lium,B,NO,,oslo,,
709,Leithe,Edward,NO,eleithe@rr-research.no,oslo,,
710,Olbjørn,Christine,NO,,lørenskog,,
711,Harboe,Erna,NO,hare@sus.no,stavanger universitetssjukehus,,
712,Fosmo,Andreas L,NO,,oslo,,
713,Skraastad,Øyvind B,NO,,oslo,,
714,Frøen,J Frederik,NO,,bergen,,
715,Amundsen,Brage Høyem,NO,brage.h.amundsen@ntnu.no,trondheim,,
716,Bergersen,L,NO,,university of oslo,,
717,Munthe,E,NO,,oslo,,
718,Johansson,Ann-Katrin,NO,ann-katrin.johansson@iko.uib.no,university of bergen,,
719,Berle,J Ø,NO,,bergen,,
720,Straumfors,Anne,NO,,oslo,,
721,Eduard,Wijnand,NO,,oslo,,
722,Andresen,Knut,NO,,oslo,,
723,Sjaastad,Ann Kristin,NO,,trondheim,,
724,Lundervold,Astri J,NO,astri.lundervold@psych.uib.no,university of bergen,,
725,Kloster,R,NO,,n-,,
726,Stokke,T,NO,,oslo,,
727,Chen,Ying,NO,ying.chen@ahus.no.,tønsberg,,
728,Klingen,Tor A,NO,tor.klingen@siv.no.,tønsberg,,
729,Wik,Elisabeth,NO,elisabeth.wik@k1.uib.no.,bergen,,
730,Aas,Hans,NO,hans.aas@siv.no.,tønsberg,,
731,Vigeland,Einar,NO,einar.vigeland@siv.no.,tønsberg,,
732,Liestøl,Knut,NO,knut@ifi.uio.no.,oslo,,
733,Garred,Øystein,NO,uxysga@ous-hf.no.,oslo,,
734,Mæhlen,Jan,NO,jan.mahlen@medisin.uio.no.,oslo,,
735,Akslen,Lars A,NO,lars.akslen@k1.uib.no.,bergen,,
736,Lømo,Jon,NO,jon.lomo@ous-hf.no.,oslo,,
737,Undheim,Anne Mari,NO,,trondheim,,
738,Rollag,H,NO,,oslo,,
739,Meijer,Hanneke J M,NO,,bergen,,
740,Kristensen,Petter,NO,,oslo,,
741,Pettersen,J,NO,,bergen,,
742,Jacobsson,Bo,NO,,oslo,,
743,Heggdal,Didrik,NO,,lier,,
744,Fosse,Roar,NO,,lier,,
745,Hammer,Jan,NO,,lier,,
746,Frostegård,Åsa,NO,,norwegian university of life sciences aas,,
747,Møller,P,NO,pal.moller@klinmed.uio.no,oslo,,
748,Shammas,E,NO,shammas@online.no,stavanger,,
749,Thorkildsen,,NO,gunnar.thorkildsen@tn.his.no,n- stavanger,,
750,Mellin-Olsen,Jannicke,NO,,sandvika,,
751,Lygren,B,NO,birgitte.lygren@biotek.uio.no,n-0317 oslo,,
752,Smith,Adrian,NO,,oslo,,
753,Elgaaen,Bente Vilming,NO,,oslo,,
754,Straume,Anne Hege,NO,,bergen,,
755,Lønning,Per Eystein,NO,,bergen,,
756,Davidson,Ben,NO,,oslo,,
757,Clancy,Trevor,NO,trevor.clancy@rr-research.no,oslo,,
758,Oland,G,NO,,rauland,,
759,Skorpen,F,NO,frank.skorpen@ntnu.no,trondheim,,
760,Lie,R T,NO,,haukeland hospital,,
761,Kvannli,Line,NO,,bergen,,
762,Krohn,Jørgen,NO,,bergen,,
763,Hannisdal,Kirsten,NO,,oslo,,
764,Bakke,Per,NO,,bergen,,
765,Skaug,Vidar,NO,,oslo,,
766,Zienolddiny,Shanbeh,NO,,oslo,,
767,Haugen,Aage,NO,,oslo,,
768,Hartberg,Cecilie B,NO,c.b.hartberg@medisin.uio.no,university of oslo,,
769,Stoltenberg,Camilla,NO,camilla.stoltenberg@fhi.no,n-0403 oslo,,
770,Ocklenburg,Sebastian,NO,sebastian.ocklenburg@psybp.uib.no,bergen,,
771,Giacoppo,F,NO,,n- oslo,,
772,Hadyńska-Klęk,K,NO,,n- oslo,,
773,Sahin,E,NO,,n- oslo,,
774,Inzoli,I,NO,,trondheim,,
775,Hansen,S,NO,sissel.hansen@chem.uit.no,n- tromso,,
776,Raae,A J,NO,,university of bergen,,
777,Thoresen,M,NO,,oslo,,
778,Wentzel,Alexander,NO,alexander.wentzel@sintef.no.,n- trondheim,,
779,Sletta,Havard,NO,havard.sletta@sintef.no.,n- trondheim,,
780,Ellingsen,Trond E,NO,trond.e.ellingsen@sintef.no.,n- trondheim,,
781,Bruheim,Per,NO,per.bruheim@biotech.ntnu.no.,n- trondheim,,
782,Østlie,Kristin,NO,kristin.ostlie@sykehuset-innlandet.no,ottestad,,
783,Gerhardsson,C,NO,,tromsø,,
784,Lindahl,A K,NO,,oslo,,
785,Stavang,Jon A,NO,,n as,,
786,Jensen,Ida-Johanne,NO,,uit the arctic university of norway,,
787,Vatnar,Solveig Karin Bø,NO,solveig.vatnar@kompetanse-senteret.no,oslo,,
788,Bjørkly,Stål,NO,,molde university college and oslo university hospital,,
789,Dalhus,Bjørn,NO,,no- oslo,,
790,Pang,Kevin,NO,,bergen,,
791,Hejnol,Andreas,NO,,bergen,,
792,Rustoen,Tone,NO,,oslo,,
793,Solberg,Steinar,NO,,oslo,,
794,Henriksen,Kari,NO,,bergen,,
795,Kongerud,Johny Steinar,NO,,oslo,,
796,Molden,Espen,NO,espen.molden@farmasi.uio.no,n-0316 oslo,,
797,Vanky,Eszter,NO,eszter.vanky@medisin.ntnu.no,trondheim,,
798,Goldbeck-Wood,Sandy,NO,,tromsø,,
799,Randsborg,Per-Henrik,NO,,lørenskog,,
800,Fiskerstrand,T,NO,,bergen,,
801,Fosse,E,NO,,ullevaal hospital,,
802,Caugant,Dominique A,NO,,oslo,,
803,Kibsgård,Thomas J,NO,kibsgard@gmail.com,0424 oslo,,
804,Forseth,T,NO,,no- trondheim,,
805,Hancke,Ragnhild,NO,,no- oslo,,
806,D'antonio,Francesco,NO,,tromsø,,
807,Pappas,Dimitrios K,NO,,0315 oslo,,
808,Dyballa,Michael,NO,,0315 oslo,,
809,Kvande,Karoline,NO,,0315 oslo,,
810,Arstad,Bjørnar,NO,,oslo,,
811,Bordiga,Silvia,NO,,0315 oslo,,
812,Olsbye,Unni,NO,,0315 oslo,,
813,Svelle,Stian,NO,,0315 oslo,,
814,Nieder,Carsten,NO,carsten.nieder@nlsh.no,bodø,,
815,Christiansen,Solveig Glestad,NO,solveig.christiansen@fhi.no.,oslo,,
816,Bretteville-Jensen,Anne Line,NO,,oslo,,
817,Toch-Marquardt,Marlen,NO,,trondheim,,
818,Koksvik,Gitte Hanssen,NO,gitte.koksvik@svt.ntnu.no.,norwegian university of science and technology (ntnu),,
819,Eilertsen,Karsten,NO,karsten.eilertsen@radiumhospitalet.no,montebello,,
820,Johnsen,Marianne Bakke,NO,m.b.johnsen@medisin.uio.no.,oslo,,
821,Hellevik,Alf Inge,NO,alf.hellevik@ntnu.no.,oslo,,
822,Baste,Valborg,NO,valborg.baste@uni.no.,bergen,,
823,Furnes,Ove,NO,ove.furnes@helse-bergen.no.,bergen,,
824,Langhammer,Arnulf,NO,arnulf.langhammer@ntnu.no.,levanger,,
825,Flugsrud,Gunnar,NO,gunflu@ous-hf.no.,oslo,,
826,Nordsletten,Lars,NO,lars.nordsletten@medisin.uio.no.,oslo,,
827,Zwart,John Anker,NO,j.a.zwart@medisin.uio.no.,oslo,,
828,Storheim,Kjersti,NO,kjersti.storheim@medisin.uio.no.,oslo,,
829,Woie,L,NO,,stavanger,,
830,Ulanova,Lilia S,NO,,oslo,,
831,Espe,Marit,NO,,5817 bergen,,
832,Araujo,Pedro,NO,,5817 bergen,,
833,Voje,Kjetil L,NO,k.l.voje@ibv.uio.no.,oslo 0316,,
834,Holen,Øistein H,NO,,oslo 0316,,
835,Liow,Lee Hsiang,NO,,oslo 0316,,
836,Stenseth,Nils Chr,NO,n.c.stenseth@ibv.uio.no.,oslo 0316,,
837,Haarstad,H,NO,,regional hospital trondheim,,
838,Ouassou,Jabir Ali,NO,,n- trondheim,,
839,Linder,Jacob,NO,,n- trondheim,,
840,Frost,Petter,NO,petter.frost@imr.no,n-5817 bergen,,
841,Nilssen,A C,NO,arnec@imv.uit.no,university of tromsø,,
842,Hysing,Mari,NO,,n-5020 bergen,,
843,Bye,Anja,NO,anja.bye@ntnu.no,trondheim,,
844,Andersen,G O,NO,,university of oslo,,
845,Grønlien,Heidi K,NO,heidi.k.gronlien@hiof.no,no-0316 oslo,,
846,Glattre,Eystein,NO,eystein.glattre@kreftregisteret.no,oslo,,
847,Elsås,T,NO,,university hospital of trondheim,,
848,Ian,Elena,NO,,trondheim,,
849,Kirkerud,Nicholas H,NO,,trondheim,,
850,Berg,Bente G,NO,,trondheim,,
851,Sigmundsson,H,NO,hermundurs@svt.ntnu.no,trondheim,,
852,Holmøy,T,NO,trygveho@labmed.uio.no,oslo,,
853,Harbo,H F,NO,h.f.harbo@medisin.uio.no,oslo,,
854,Honrado,Carlos,NO,carlos_honrado@hotmail.com.,n-3103 kongsberg,,
855,Dong,Tao,NO,tao.dong@hbv.no.,n-3103 kongsberg,,
856,Azak,Schale,NO,schale.azak@psykologi.uio.no,oslo,,
857,das Neves,Carlos G,NO,carlos.neves@veths.no,no- tromsø,,
858,Turowski,Gitta,NO,,oslo,,
859,Lunden,Lars K,NO,,oslo,,
860,Kleggetveit,Inge P,NO,,oslo,,
861,Røsok,B,NO,,university of bergen,,
862,Hildahl,Jon,NO,jon.hildahl@nvh.no,oslo,,
863,Monge,Odd R,NO,,bergen,,
864,Chen,Jian,NO,,bergen,,
865,Gerhardsen,Gerhard,NO,gerhardt.gerhardsen@gmail.com,oppegård,,
866,Erichsen,C,NO,,oslo,,
867,Kvien,Tore K,NO,,oslo,,
868,Fagernes,Cathrine E,NO,,oslo,,
869,Stensløkken,Kåre-Olav,NO,,oslo,,
870,Røhr,Åsmund K,NO,,oslo,,
871,Ellefsen,Stian,NO,,lillehammer,,
872,Nilsson,Göran E,NO,g.e.nilsson@ibv.uio.no.,oslo,,
873,Bentsen,Signe Berit,NO,signe.bentsen@hsh.no,haugesund,,
874,Sandvig,Kirsten,NO,ksandvig@radium.uio.no,oslo,,
875,Lea,Unni S,NO,,4068 stavanger,,
876,Petersen,Per H,NO,,bergen,,
877,Buanes,T,NO,,bergen,,
878,Bugge,L,NO,,oslo,,
879,Bugge,M K,NO,,oslo,,
880,Cameron,D,NO,,oslo,,
881,Catmore,J R,NO,,oslo,,
882,Dale,O,NO,,bergen,,
883,Eigen,G,NO,,bergen,,
884,Franconi,L,NO,,oslo,,
885,Gjelsten,B K,NO,,oslo,,
886,Gramstad,E,NO,,oslo,,
887,Kastanas,A,NO,,bergen,,
888,Liebig,W,NO,,bergen,,
889,Lipniacka,A,NO,,bergen,,
890,Martin Dit Latour,B,NO,,bergen,,
891,Ould-Saada,F,NO,,oslo,,
892,Pajchel,K,NO,,oslo,,
893,Pedersen,M,NO,,oslo,,
894,Read,A L,NO,,oslo,,
895,Røhne,O,NO,,oslo,,
896,Rosendahl,P L,NO,,bergen,,
897,Sandaker,H,NO,,bergen,,
898,Sjursen,T B,NO,,bergen,,
899,Smestad,L,NO,,bergen,,
900,Stapnes,S,NO,,oslo,,
901,Strandlie,A,NO,,oslo,,
902,Stugu,B,NO,,bergen,,
903,Ugland,M,NO,,bergen,,
904,Vandvik,P O,NO,per.vandvik@start.no,gjøvik,,
905,Haga,M,NO,,trondheim,,
906,Nordheim,Trond,NO,,nordbyhagen,,
907,Rustøen,Tone,NO,,oslo,,
908,Iversen,Per O,NO,,oslo,,
909,Nakstad,Britt,NO,,nordbyhagen,,
910,Jacobsen,Geir W,NO,,trondheim,,
911,Larose,Tricia L,NO,,trondheim,,
912,Mowinckel,Petter,NO,,oslo,,
913,Hovland,Vegard,NO,,oslo,,
914,Håland,Geir,NO,,oslo,,
915,Riiser,Amund,NO,,oslo,,
916,Carlsen,Kai-Håkon,NO,,oslo,,
917,Liu,Ying,NO,karlr@ulrik.uio.no.,n- oslo,,
918,Weydahl,P G,NO,,fredrikstad,,
919,Irgens-Hansen,Kaja,NO,,bergen,,
920,Baste,Valborg,NO,,bergen,,
921,Bråtveit,Magne,NO,,bergen,,
922,Lind,Ola,NO,,bergen,,
923,Koefoed,Vilhelm F,NO,,bergen,,
924,Moen,Bente E,NO,,bergen,,
925,Ruoff,P,NO,,rogaland,,
926,Johannessen,Asgeir,NO,asgeir.johannessen@medisin.uio.no,oslo,,
927,Höglund,Erik,NO,,0316 oslo,,
928,Rismyhr,E,NO,,strømmen,,
929,Ntiako,J,NO,,stavanger,,
930,Dalsgaard,Søren,NO,,kragerø,,
931,Johansen,Vegard,NO,,trondheim,,
932,Flaten,Magne Arve,NO,magnef@psyk.uit.no,tromsø,,
933,Bogsrud,Martin P,NO,,national advisory unit on familial hypercholesterolemia,,
934,Kristensen,Vessela N,NO,,oslo,,
935,Iversen,T H,NO,,university of bergen,,
936,Liu,H,NO,,trondheim,,
937,Berge,Camilla,NO,,trondheim,,
938,Oftebro,H,NO,,oslo,,
939,Kvam,A I,NO,,trondheim,,
940,Manger,Mari S,NO,,bergen,,
941,Lundin,Knut E,NO,,oslo,,
942,Olsen,Inge C,NO,,oslo,,
943,Kvien,Tore K,NO,,oslo,,
944,Jahnsen,Jørgen,NO,,oslo,,
945,Solheim,T,NO,,university of oslo,,
946,Komisarczuk,Anna Z,NO,,bergen,,
947,Hjelmeland,H,NO,,dragvoll,,
948,Hexeberg,S,NO,,university of bergen,,
949,Carter,Tim,NO,tim.sea@doctors.org.uk.,university of bergen,,
950,Gordeladze,J O,NO,,university of oslo,,
951,Meisingset,Ingebrigt,NO,ingebrigt.meisingset@ntnu.no.,trondheim,,
952,Woodhouse,Astrid,NO,astrid.woodhouse@ntnu.no.,trondheim,,
953,Stensdotter,Ann-Katrin,NO,ann.k.stensdotter@hist.no.,trondheim,,
954,Stavdahl,Øyvind,NO,oyvind.stavdahl@itk.ntnu.no.,trondheim,,
955,Lorås,Håvard,NO,havard.w.loras@hist.no.,trondheim,,
956,Gismervik,Sigmund,NO,sigmund.gismervik@ntnu.no.,trondheim,,
957,Andresen,Hege,NO,hege.andresen@ntnu.no.,trondheim,,
958,Austreim,Kristian,NO,kristianaus@hotmail.com.,trondheim,,
959,Vasseljen,Ottar,NO,ottar.vasseljen@ntnu.no.,trondheim,,
960,Larsen,A C,NO,,oslo,,
961,Vollset,Knut Wiik,NO,,bergen,,
962,Røsok,Bård I,NO,,0424 oslo,,
963,Høiseth,Gudrun,NO,gudrun.hoiseth@fhi.no,oslo,,
964,Hagen,Ellen Merete,NO,ellen.merete.hagen@helse-bergen.no,n- bergen,,
965,Berg,Arne,NO,arne.berg@radiumhospitalet.no,university of oslo,,
966,Aabakken,L,NO,,oslo,,
967,Babiak,Igor,NO,igor.babiak@uin.no.,n- bodø,,
968,Margeirsdottir,H D,NO,h.d.margeirsdottir@medisin.uio.no,oslo,,
969,Rudi,Knut,NO,knut.rudi@matforsk.no,as,,
970,Rehn,Marius,NO,,drøbak,,
971,Røislien,Jo,NO,,drøbak,,
972,Lockey,David J,NO,,stavanger,,
973,Lied,L,NO,,trondheim,,
974,Bernhoft,Aksel,NO,aksel.bernhoft@vetinst.no,oslo,,
975,Zubac,Dragomir P,NO,dragomir.zubac@haukeland.no,bergen,,
976,Birketvedt,Grethe S,NO,gsb42nor@aol.com,tromsø,,
977,Odberg,T,NO,,hamar sjukehus,,
978,Hertwich,Edgar G,NO,edgar.hertwich@ntnu.no,trondheim,,
979,Formo,Maja,NO,,oslo,,
980,Halvorsen,Charlotte Marie,NO,,oslo,,
981,Dahlberg,Daniel,NO,,oslo,,
982,Brommeland,Tor,NO,,oslo,,
983,Fredø,Hege,NO,,oslo,,
984,Hald,John,NO,,oslo,,
985,Scheie,David,NO,,oslo,,
986,Langmoen,Iver A,NO,,oslo,,
987,Lied,Bjarne,NO,,oslo,,
988,Helseth,Eirik,NO,,oslo,,
989,Kopperstad,Øyvind,NO,,bergen,,
990,Skogen,Jens Christoffer,NO,,bergen,,
991,Sivertsen,Børge,NO,,bergen,,
992,Tell,Grethe S,NO,,bergen,,
993,Sæther,Solbjørg Makalani Myrtveit,NO,,bergen,,
994,Madssen,Erik,NO,,trondheim,,
995,Rekdal,O,NO,,university of tromsø,,
996,Bjercke,S,NO,,oslo,,
997,Hudecová,Alexandra,NO,,kjeller,,
998,Görbitz,Carl Henrik,NO,c.h.gorbitz@kjemi.uio.no,university of oslo,,
999,Matschiner,Michael,NO,,oslo,,
1000,Barth,Julia M I,NO,,oslo,,
1001,Salzburger,Walter,NO,,oslo,,
1002,Agewall,Stefan,NO,,oslo,,
1003,Aune,Tore K,NO,,nord universitylevanger,,
1004,Aune,Morten A,NO,,nord universitylevanger,,
1005,Ingvaldsen,Rolf P,NO,,nord universitylevanger,,
1006,Vereijken,Beatrix,NO,,norwegian university of science and technologytrondheim,,
1007,Falch,J A,NO,,oslo,,
1008,Haaheim,L R,NO,,university of bergen,,
1009,Skallerud,Bjørn H,NO,,trondheim,,
1010,Vatten,L J,NO,,trondheim,,
1011,Kvale,Reidar,NO,reidar.kvale@helse-bergen.no,n- bergen,,
1012,Skirbekk,Helge,NO,helge.skirbekk@medisin.uio.no.,oslo,,
1013,Lund,Tor M,NO,,oslo,,
1014,Sæbø,A,NO,arne.sabo@bioforsk.no,klepp,,
1015,Kasumacic,Nedim,NO,,n- oslo,,
1016,Lambert,François M,NO,,n- oslo,,
1017,Hellerud,Bernt C,NO,b.c.hellerud@medisin.uio.no,ullevål university hospital and institute of immunology,,
1018,Hara,Karen Walseth,NO,,trondheim,,
1019,Borchgrevink,Petter,NO,,trondheim,,
1020,Busund,Lill-Tove R,NO,ltbusund@tpg.com.au,tromsø,,
1021,Ueland,P M,NO,,university of bergen,,
1022,Ursin,,NO,,bergen,,
1023,Schjølberg,Tore,NO,,oslo,,
1024,Maleki,Atoosa,NO,,n-0315 oslo,,
1025,Skotheim,Siv,NO,,bergen,,
1026,Handeland,Katina,NO,,bergen,,
1027,Kjellevold,Marian,NO,,bergen,,
1028,Øyen,Jannike,NO,,bergen,,
1029,Frøyland,Livar,NO,,bergen,,
1030,Lie,Øyvind,NO,,bergen,,
1031,Eide Graff,Ingvild,NO,,bergen,,
1032,Baste,Valborg,NO,,bergen,,
1033,Stormark,Kjell Morten,NO,,bergen,,
1034,Dahl,Lisbeth,NO,,bergen,,
1035,F Magitta,Ng'weina,NO,,n- bergen,,
1036,Hagen,Knut,NO,knut.hagen@medisin.ntnu.no,trondheim,,
1037,Bongo,Lars Ailo,NO,,tromsø n-,,
1038,Willassen,Nils Peder,NO,,tromsø n-,,
1039,Olsen,A O,NO,,oslo,,
1040,Ellingsen,O,NO,,university of oslo,,
1041,Sunde,Kjetil,NO,kjetil.sunde@medisin.uio.no,n- oslo,,
1042,Schultner,Jannik,NO,jannik.schultner@npolar.no,tromsø,,
1043,Rosting,Cecilie,NO,,university of oslo,,
1044,Boye,Kjetil,NO,,oslo,,
1045,Hall,Kirsten Sundby,NO,,oslo,,
1046,Lobmaier,Ingvild,NO,,oslo,,
1047,Server,A,NO,,oslo,,
1048,Mustad,Axel P,NO,,n-0124 oslo,,
1049,Fleischer,Thomas,NO,,oslo,,
1050,Klajic,Jovana,NO,,oslo,,
1051,Aure,Miriam Ragle,NO,,oslo,,
1052,Pladsen,Arne V,NO,,oslo,,
1053,Ottestad,Lars,NO,,oslo,,
1054,Halvorsen,Ann Rita,NO,,oslo,,
1055,Grenaker Alnæs,Grethe I,NO,,oslo,,
1056,Riis,Margit L H,NO,,lørenskog,,
1057,Helland,Åslaug,NO,,oslo,,
1058,Lønning,Per Eystein,NO,,bergen,,
1059,Naume,Bjørn,NO,,oslo,,
1060,Børresen-Dale,Anne-Lise,NO,,oslo,,
1061,Kristensen,Vessela N,NO,,oslo,,
1062,Risør,Mette Bech,NO,,tromsø,,
1063,Maurstad,Gjertrud,NO,,no- trondheim,,
1064,Elvik,R,NO,,oslo,,
1065,Bryceson,Yenan T,NO,,bergen,,
1066,Njølstad,P R,NO,,university of bergen,,
1067,Dhanasekaran,S,NO,,bergen,,
1068,Jenum,S,NO,,oslo,,
1069,Stavrum,R,NO,,bergen,,
1070,Grewal,H M S,NO,,bergen,,
1071,Albrechtsen,D,NO,,oslo,,
1072,Talstad,I,NO,,oslo,,
1073,Løvholt,F,NO,finn.lovholt@ngi.no.,0316 oslo,,
1074,Pedersen,G,NO,,0316 oslo,,
1075,Harbitz,C B,NO,,0316 oslo,,
1076,Glimsdal,S,NO,,0316 oslo,,
1077,Kim,J,NO,,0316 oslo,,
1078,Lie,Elisabeth,NO,,oslo,,
1079,Kvien,Tore K,NO,,oslo,,
1080,van der Heijde,Désirée,NO,,oslo,,
1081,Uhlig,Till,NO,,oslo,,
1082,Jørstad,Øystein Kalsnes,NO,,oslo,,
1083,Faber,Rowan Thomas,NO,,oslo,,
1084,Moe,Morten Carstens,NO,,oslo,,
1085,Eide,P K,NO,,oslo,,
1086,Ottersen,Ole Petter,NO,,oslo,,
1087,Johansen,O,NO,odd.johansen@ioks.uio.no,oslo,,
1088,Hjermstad,M J,NO,,oslo,,
1089,Kolstad,A,NO,,trondheim,,
1090,Holter,Karl Erik,NO,,oslo,,
1091,Kehlet,Benjamin,NO,,oslo,,
1092,Omholt,Stig W,NO,,trondheim,,
1093,Ottersen,Ole Petter,NO,,oslo,,
1094,Nagelhus,Erlend Arnulf,NO,,oslo,,
1095,Mardal,Kent-André,NO,,n- lysaker,,
1096,Glavin,Kari,NO,kari.glavin@diakonova.no,oslo n-,,
1097,Jayashankar,S,NO,shalinijayashankar@yahoo.com,post box  nordnes 5817 bergen,,
1098,Krause,Kirsten,NO,,tromsø,,
1099,Holter,E,NO,,oslo,,
1100,Lyshol,Heidi,NO,,oslo,,
1101,Litlabø,Rannveig,NO,,bergen,,
1102,Robertsen,Børre,NO,borrer@nfh.uit.no,tromso,,
1103,Røsvik,Janne,NO,janne.rosvik@aldringoghelse.no,oslo,,
1104,Alstadhaug,K B,NO,alstadhaug@operamail.com,nordlandssykehuset bodø,,
1105,Haug,Jon Birger,NO,jon.haug@akersykehus.no,aker  oslo,,
1106,Nilsen,Karin,NO,,bodø,,
1107,Aasland,Olaf Gjerløw,NO,,oslo,,
1108,Klouman,Elise,NO,,tromsø,,
1109,Murvoll,Kari Mette,NO,,no- trondheim,,
1110,Bakke,Ingrid,NO,,tromsø,,
1111,Semb,A G,NO,,oslo,,
1112,Bjørge,T,NO,tone.bjorge@oslo.online.no,oslo n-,,
1113,Skuterud,L,NO,,no- østerås,,
1114,Steinnes,E,NO,,no- trondheim,,
1115,Austarheim,Ingvild,NO,ingvilau@farmasi.uio.no,oslo,,
1116,Berge,Line Iden,NO,,5021 bergen,,
1117,Riise,Trond,NO,,bergen,,
1118,Bertelsen,Randi J,NO,randi.jacobsen.bertelsen@fhi.no,oslo,,
1119,Myhre,H O,NO,,trondheim university clinic,,
1120,Jacob,Havjin,NO,havjin.jacob@uib.no.,bergen,,
1121,Stanisavljevic,Luka,NO,,bergen,,
1122,Storli,Kristian Eeg,NO,,bergen,,
1123,Hestetun,Kjersti E,NO,,bergen,,
1124,Dahl,Olav,NO,,bergen,,
1125,Myklebust,Mette P,NO,,bergen,,
1126,Skromme,Kaia,NO,,bergen,,
1127,Leversen,Katrine Tyborg,NO,,bergen,,
1128,Eide,Geir Egil,NO,,bergen,,
1129,Markestad,Trond,NO,,bergen,,
1130,Halvorsen,Thomas,NO,,bergen,,
1131,Wiger,R,NO,,oslo,,
1132,Waldminghaus,Torsten,NO,,oslo,,
1133,Waldum,Helge Lyder,NO,,trondheim,,
1134,Fossmark,Reidar,NO,,trondheim,,
1135,Pedersen,L M,NO,,oslo,,
1136,Vaskinn,Anja,NO,anja.vaskinn@medisin.uio.no,oslo,,
1137,Richardsen,Elin,NO,elin-ri@live.no.,tromsø,,
1138,Andersen,Sigve,NO,,tromsø,,
1139,Melbø-Jørgensen,Christian,NO,,oslo,,
1140,Rakaee,Mehrdad,NO,,tromsø,,
1141,Ness,Nora,NO,,tromsø,,
1142,Al-Saad,Samer,NO,,tromsø,,
1143,Nordby,Yngve,NO,,tromsø,,
1144,Pedersen,Mona I,NO,,tromsø,,
1145,Dønnem,Tom,NO,,tromsø,,
1146,Bremnes,Roy M,NO,,tromsø,,
1147,Busund,Lill-Tove,NO,,tromsø,,
1148,Simpson,Melanie Rae,NO,,7491 trondheim,,
1149,Rø,Anne Dorthea Bjerkenes,NO,,trondheim,,
1150,Grimstad,Øystein,NO,,tromsö,,
1151,Johnsen,Roar,NO,,trondheim,,
1152,Storrø,Ola,NO,,trondheim,,
1153,Øien,Torbjørn,NO,,trondheim,,
1154,Lien,Lars,NO,,elverum,,
1155,Welander-Vatn,Audun,NO,,oslo,,
1156,Cederbom,Sara,NO,,oslo,,
1157,Bergland,Astrid,NO,,oslo,,
1158,Log,Torgrim,NO,torgrim.log@hvl.no.,haugesund,,
1159,Hegna,Kristinn,NO,kristinn.hegna@nova.no,oslo,,
1160,Sikkeland,Jørgen,NO,jorgen.sikkeland@imbv.uio.no,oslo,,
1161,Heggelund,Julie E,NO,,no-0315 oslo,,
1162,Tufto,Jarle,NO,jarlet@math.ntnu.no,trondheim,,
1163,Sandseter,Ellen Beate Hansen,NO,ebs@dmmh.no.,no- trondheim,,
1164,Melsom,Caroline Bull,NO,,oslo,,
1165,Ørstavik,Øivind,NO,,oslo,,
1166,Osnes,Jan-Bjørn,NO,,oslo,,
1167,Skomedal,Tor,NO,,oslo,,
1168,Levy,Finn Olav,NO,,oslo,,
1169,Krobert,Kurt Allen,NO,,oslo,,
1170,Johansson,Annica E M,NO,annica.johansson@sunnaas.no,nesoddtangen,,
1171,Høgåsen,A K,NO,,oslo,,
1172,Rossow,I,NO,,university of oslo,,
1173,Laeng,Bruno,NO,bruno@psyk.uit.no,university of tromsø,,
1174,Bischof,Richard,NO,richard.bischof@umb.no,n-1432 as,,
1175,Schwermer,Carsten U,NO,,oslo,,
1176,Reinton,Nils,NO,,n- oslo,,
1177,Berner,A,NO,,oslo,,
1178,Hilt,Bjørn,NO,bjorn.hilt@stolav.no,trondheim,,
1179,Holm,Søren,NO,,1 university of oslo,,
1180,Hofmann,Bjørn,NO,,1 university of oslo,,
1181,Håseth,T T,NO,torunn.haseth@animalia.no,n- as,,
1182,Yang,T,NO,,university of tromsø,,
1183,Haug,K,NO,,university of bergen,,
1184,Bissaro,Bastien,NO,,n- aas,,
1185,Isaksen,Ingvild,NO,,n- aas,,
1186,Vaaje-Kolstad,Gustav,NO,,n- aas,,
1187,Eijsink,Vincent G H,NO,,n- aas,,
1188,Røhr,Åsmund K,NO,,n- aas,,
1189,Eliassen,Marianne,NO,,tromsø,,
1190,Henriksen,Nils O,NO,,tromsø,,
1191,Moe,Siri,NO,,tromsø,,
1192,Maehlen,J,NO,,oslo,,
1193,Kopjar,B,NO,,oslo,,
1194,Skorpen,J B,NO,,volda university college,,
1195,Diamantopoulos,Andreas P,NO,,bærum oslo,,
1196,Johannessen,Asgeir,NO,asgeir.johannessen@medisin.uio.no,oslo,,
1197,Molven,O,NO,,university of bergen,,
1198,Ratnaweera,Harsha,NO,,aas,,
1199,Kvaal,Knut,NO,,aas,,
1200,Selset Aandahl,G,NO,,nordbyhagen,,
1201,Bøyum,Arne,NO,,oslo university of oslo,,
1202,Vainio,Kirsti,NO,kirsti.vainio@fhi.no,oslo,,
1203,Thor,Peter,NO,,tromsø,,
1204,Bailey,Allison,NO,,tromsø,,
1205,Halsband,Claudia,NO,,tromsø,,
1206,Fransson,Agneta,NO,,tromsø,,
1207,Zeller,Bernward,NO,bem.zeller@rikshospitalet.no,n- oslo,,
1208,Aadahl,P,NO,,university hospital of trondheim,,
1209,Lund-Johansen,Fridtjof,NO,,oslo,,
1210,Erichsen,Hans Christian,NO,,oslo,,
1211,Tvedt,Tor Henrik,NO,,bergen,,
1212,Bryceson,Yenan T,NO,yenan.bryceson@ki.se.,bergen,,
1213,Edvardsen,Thor,NO,,oslo,,
1214,Buanes,T,NO,,oslo,,
1215,Johannessen,Gro S,NO,gro.johannessen@vetinst.no.,oslo,,
1216,Gutvik,Christian R,NO,christian.gutvik@ntnu.no,trondheim,,
1217,Melien,Oyvind,NO,,oslo,,
1218,Holte,H,NO,hhe@ous-hf.no,oslo,,
1219,Morseth,Bente,NO,,tromsø,,
1220,Løchen,Maja-Lisa,NO,,tromsø,,
1221,Ariansen,Inger,NO,,oslo,,
1222,Myrstad,Marius,NO,,bærum hospital,,
1223,Thelle,Dag S,NO,,university of oslo,,
1224,Wartiainen,Ingvild,NO,,university of tromosø,,
1225,Søreide,Jon Arne,NO,jon.soreide@kir.uib.no,n- stavanger,,
1226,Grotle,Margreth,NO,margreth.grotle@medisin.uio.no,oslo,,
1227,Saebø,Mona,NO,,bø i telemark,,
1228,Opdahl,Anders,NO,,oslo,,
1229,Gjesdal,Ola,NO,,oslo,,
1230,Helle-Valle,Thomas M,NO,,oslo,,
1231,Mishra,V,NO,vinod.mishra@rikshospitalet.no,oslo,,
1232,Frich,Lars,NO,lars.frich@labmed.uio.no,oslo,,
1233,Rwenyonyi,C M,NO,mugisha.rwenyonyi@odont.uib.no,bergen,,
1234,Feng,Tingting,NO,,trondheim,,
1235,Vegard,Malmo,NO,,trondheim,,
1236,Strand,Linn B,NO,,trondheim,,
1237,Laugsand,Lars E,NO,,trondheim,,
1238,Mørkedal,Bjørn,NO,,tønsberg,,
1239,Aune,Dagfinn,NO,,oslo,,
1240,Vatten,Lars,NO,,trondheim,,
1241,Ellekjaer,Hanne,NO,,trondheim,,
1242,Loennechen,Jan P,NO,,trondheim,,
1243,Janszky,Imre,NO,,trondheim,,
1244,Chi,Primus Che,NO,prichi@prio.org.,oslo,,
1245,Urdal,Henrik,NO,henriku@prio.org.,oslo,,
1246,Sundby,Johanne,NO,johanne.sundby@medisin.uio.no.,oslo,,
1247,Nyberg,M K,NO,miriamnyberg@gmail.com,bergen,,
1248,Runge,Claire A,NO,,tromsø,,
1249,Mehlum,Lars,NO,,oslo,,
1250,Wilberg,Theresa,NO,,oslo,,
1251,Dagsvold,Inger,NO,,karasjok,,
1252,Møllersen,Snefrid,NO,,karasjok,,
1253,Stordahl,Vigdis,NO,,karasjok,,
1254,Fossen,Torgils,NO,torgils.fossen@kj.uib.no,university of bergen,,
1255,Stokken,Roar,NO,roarstokken@me.com,trondheim,,
1256,Lundar,Tryggve,NO,tryggve.lundar@ous-hf.no.,oslo,,
1257,Due-Tønnessen,Bernt Johan,NO,,oslo,,
1258,Egge,Arild,NO,,oslo,,
1259,Krossnes,Bård,NO,,oslo,,
1260,Stensvold,Einar,NO,,oslo,,
1261,Due-Tønnessen,Paulina,NO,,oslo,,
1262,Brandal,Petter,NO,,oslo,,
1263,Acharya,Ganesh,NO,,tromsø,,
1264,Flo,Kari,NO,,tromsø,,
1265,Høiberg,M P,NO,mikkelhoiberg@gmail.com.,kristiansand,,
1266,Singh,K,NO,kulbir.singh@ism.uit.no,tromsø,,
1267,Hjetland,R,NO,,bergen,,
