temp_id,lastname,firstname,countries_scope,email,town,role,url
1,Klokk,Tove Irene,NO,toklok@rr-research.no.,oslo,,
2,Kavaliauskiene,Simona,NO,,oslo,,
3,Sandvig,Kirsten,NO,,oslo,,
4,Buanes,T,NO,,bergen,,
5,Bugge,L,NO,,oslo,,
6,Buran,T,NO,,oslo,,
7,Burgess,T,NO,,bergen,,
8,Cameron,D,NO,,oslo,,
9,Czyczula,Z,NO,,oslo,,
10,Eigen,G,NO,,bergen,,
11,Gjelsten,B K,NO,,oslo,,
12,Johansen,L G,NO,,bergen,,
13,Kastanas,A,NO,,bergen,,
14,Liebig,W,NO,,bergen,,
15,Lipniacka,A,NO,,bergen,,
16,Lund,E,NO,,oslo,,
17,Mohn,B,NO,,bergen,,
18,Ould-Saada,F,NO,,oslo,,
19,Øye,O K,NO,,bergen,,
20,Pajchel,K,NO,,oslo,,
21,Pylypchenko,Y,NO,,oslo,,
22,Read,A L,NO,,oslo,,
23,Røhne,O,NO,,oslo,,
24,Rosendahl,P L,NO,,bergen,,
25,Samset,B H,NO,,oslo,,
26,Sandaker,H,NO,,bergen,,
27,Sjursen,T B,NO,,bergen,,
28,Stapnes,S,NO,,oslo,,
29,Strandlie,A,NO,,oslo,,
30,Stugu,B,NO,,bergen,,
31,Taga,A,NO,,oslo,,
32,Tonoyan,A,NO,,bergen,,
33,Ugland,M,NO,,bergen,,
34,Johansen,Venke A,NO,venke.johansen@isf.uib.no,drammen,,
35,Sjaastad,O,NO,,vågåmo,,
36,Naess,H,NO,halvor.naess@haukeland.no,bergen,,
37,Bersvendsen,Hanne Skjerven,NO,,tromsø,,
38,Haugnes,Hege Sagstuen,NO,,tromsø,,
39,Fagerli,Unn-Merete,NO,,trondheim,,
40,Fluge,Øystein,NO,,bergen,,
41,Holte,Harald,NO,,oslo,,
42,Smeland,Knut Bjøro,NO,,oslo,,
43,Wilsgaard,Tom,NO,,tromsø,,
44,Kiserud,Cecilie Essholt,NO,,oslo,,
45,Log,Tomas,NO,,tromsø,,
46,Skurtveit,Svetlana,NO,,oslo,,
47,Tverdal,Aage,NO,,oslo,,
48,Furu,Kari,NO,,tromsø,,
49,Hartz,Ingeborg,NO,,oslo,,
50,Tonheim,Aleksander Nygård,NO,,university of bergen,,
51,Babic,Ankica,NO,,university of bergen,,
52,Primdahl,Karoline Gangestad,NO,anders.vik@farmasi.uio.no.,n-0316 oslo,,
53,Di Remigio,Roberto,NO,roberto.d.remigio@uit.no.,tromsø,,
54,Mozgawa,Krzysztof,NO,roberto.d.remigio@uit.no.,tromsø,,
55,Reine,Simen Sommerfelt,NO,,oslo,,
56,Frediani,Luca,NO,roberto.d.remigio@uit.no.,tromsø,,
57,Thom,E,NO,erling.thom@paraexel.com,lillestrøm,,
58,Albrechtsen,S,NO,,university of bergen,,
59,Stormorken,H,NO,,university of oslo,,
60,Skjærvø,Øystein,NO,leon.reubsaet@farmasi.uio.no.,no-0316 oslo,,
61,Saugstad,O D,NO,o.d.saugstad@klinmed.uio.no,oslo,,
62,Søvik,Signe,NO,signe.sovik@medisin.uio.no.,lørenskog,,
63,Isachsen,Marie Susanna,NO,,oslo,,
64,Nordhuus,Kine Marie,NO,,oslo,,
65,Tveiten,Christine Kooy,NO,,oslo,,
66,Eken,Torsten,NO,,oslo,,
67,Sunde,Kjetil,NO,,oslo,,
68,Brurberg,Kjetil Gundro,NO,,oslo,,
69,Beitland,Sigrid,NO,,oslo,,
70,Friis,Svein,NO,svein.friis@medisin.uio.no,aker,,
71,Lund,Caroline,NO,caroline.lund@epilepsy.no,baerum postterminal,,
72,Clarsen,Benjamin,NO,,oslo,,
73,Moksnes,Håvard,NO,,oslo,,
74,Wangensteen,Arnlaug,NO,,oslo,,
75,Lie,Hanne C,NO,,university of oslo,,
76,Thomassen,Gard O S,NO,,oslo,,
77,Kursula,Petri,NO,,n-5009 bergen,,
78,Hansen,Anlaug Ådland,NO,anlaug.hansen@nofima.no,n- ås,,
79,Wibe,Arne,NO,arne.wibe@ntnu.no,trondheim,,
80,Gerdts,E,NO,,bergen,,
81,Reid,Malcolm J,NO,,oslo,,
82,Thomas,Kevin V,NO,,oslo,,
83,Jacobsson,Bo,NO,,oslo,,
84,Størdal,Ketil,NO,,oslo,,
85,Heiberg,Thomas,NO,,ås,,
86,Hagen,Espen,NO,,ås,,
87,Halnes,Geir,NO,,ås,,
88,Einevoll,Gaute T,NO,,ås,,
89,Bjugn,R,NO,,university of bergen,,
90,Lillevoll,Kjersti R,NO,kjersti.lillevoll@uit.no,tromsø,,
91,Gudbergsson,Sævar Berg,NO,savar.gudbergsson@montebello-senteret.no.,mesnali,,
92,Sørbye,H,NO,half@haukeland.no,bergen,,
93,Wyller,T B,NO,,oslo,,
94,Naseer,U,NO,,oslo,,
95,Wester,A L,NO,,oslo,,
96,Grov,Ellen Karine,NO,ellen.karine.grov@hibu.no,oslo,,
97,Vinje,Hilde,NO,hilde.vinje@nmbu.no.,n- ås,,
98,Liland,Kristian Hovde,NO,kristian.liland@nmbu.no.,n- ås,,
99,Almøy,Trygve,NO,trygve.almoy@nmbu.no.,n- ås,,
100,Snipen,Lars,NO,lars.snipen@nmbu.no.,n- ås,,
101,Norderud Lærum,Birger,NO,,bergen,,
102,Utne,Kristin Kornelia,NO,,grålum,,
103,Wik,Hilde Skuterud,NO,,oslo,,
104,Jelsness-Jørgensen,Lars Petter,NO,,fredrikstad,,
105,Sandset,Per Morten,NO,,oslo,,
106,Ghanima,Waleed,NO,,oslo,,
107,Olsen,K,NO,karina.olsen@unn.no,tromsø,,
108,Herlofson,Bente Brokstad,NO,,oslo,,
109,Fiskaa,Tonje,NO,,university of tromsø,,
110,Tichelaar,Vladimir Y I G,NO,ynse.i.tichelaar@uit.no.,tromsø,,
111,Brodin,Ellen E,NO,,tromsø,,
112,Vik,Anders,NO,,tromsø,,
113,Isaksen,Trond,NO,,tromsø,,
114,Skjeldestad,Finn Egil,NO,,tromsø,,
115,Kumar,Satish,NO,,tromsø,,
116,Trasti,Nora C,NO,,tromsø,,
117,Singh,Kulbir,NO,,tromsø,,
118,Hansen,John-Bjarne,NO,,tromsø,,
119,Schee,Kristina,NO,,oslo,,
120,Sharma,Satya Pal,NO,satya.sharma@uib.no.,bergen,,
121,Moe-Nilssen,Rolf,NO,,bergen,,
122,Kvåle,Alice,NO,,bergen,,
123,Bærheim,Anders,NO,,bergen,,
124,Janák,K,NO,,oslo,,
125,Rydning,S L,NO,,oslo university hospital,,
126,Wedding,I M,NO,,oslo university hospital,,
127,Koht,J,NO,,vestre viken health trust,,
128,Chawla,M,NO,,oslo university hospital,,
129,Øye,A-M,NO,,oslo university hospital and university of oslo,,
130,Sheng,Y,NO,,oslo university hospital and university of oslo,,
131,Vigeland,M D,NO,,oslo university hospital and university of oslo,,
132,Selmer,K K,NO,,oslo university hospital and university of oslo,,
133,Tallaksen,C M E,NO,,oslo university hospital,,
134,Skjulsvik,Anne J,NO,,trondheim university hospital trondheim,,
135,Mørk,Jørgen N,NO,,norwegian university of science and technology (ntnu) trondheim,,
136,Torp,Morten O,NO,,norwegian university of science and technology (ntnu) trondheim,,
137,Torp,Sverre H,NO,,trondheim university hospital trondheim,,
138,Wensaas,A,NO,e-wensaa@online.no,nydalen 0424 oslo,,
139,Rokstad,Anne Marie Mork,NO,,tønsberg,,
140,Døble,Betty Sandvik,NO,,tønsberg,,
141,Engedal,Knut,NO,,tønsberg,,
142,Kirkevold,Øyvind,NO,,tønsberg,,
143,Benth,Jūratė Šaltytė,NO,,oslo,,
144,Selbaek,Geir,NO,,tønsberg,,
145,Stensrud,Mats J,NO,,oslo,,
146,Aalen,John M,NO,,0424 oslo,,
147,Aalen,Odd O,NO,,oslo,,
148,Valberg,Morten,NO,,oslo,,
149,Bollerslev,Jens,NO,,oslo,,
150,Hendrichsen,D K,NO,,trondheim,,
151,Diep,D B,NO,dzung.diep@umb.no,as,,
152,Fossmark,Reidar,NO,reidar.fossmark@ntnu.no,st. olavs hospital,,
153,Nordhaug,M L,NO,,oslo,,
154,Pérez-Ramírez,Javier,NO,javier.perez.ramirez@hydro.com,porsgrunn,,
155,Roaldsnes,Christina,NO,,ostfold hospital,,
156,Holst,René,NO,,ostfold hospital,,
157,Ghanima,Waleed,NO,,ostfold hospital,,
158,Trollvik,A,NO,,elverum,,
159,Salvesen,Bodil,NO,bodil.salvesen@rr-research.no,oslo,,
160,Horn,Anne,NO,,no-0315 oslo,,
161,Ramstad,A,NO,anne.ramstand@veso.no,namsos,,
162,Falk,K,NO,knut.falk@vetinst.no,n-0033 oslo,,
163,Bjørkhaug,Steinar Traae,NO,,oslo,,
164,Skar,Viggo,NO,,oslo,,
165,Medhus,Asle W,NO,,oslo,,
166,Tollisen,Anita,NO,,oslo,,
167,Bramness,Jørgen G,NO,,brumunddal,,
168,Valeur,Jørgen,NO,,oslo,,
169,Ekström,Ulf,NO,,n-0315 oslo,,
170,Bu,Huaitian,NO,,n- oslo,,
171,Nordbø,H,NO,,university of oslo,,
172,Larsen,L N,NO,,university of oslo,,
173,Malla,Nabin,NO,,tromsø,,
174,Tallaksen,Chantal,NO,,oslo,,
175,Bergmo,Trine S,NO,trine.bergmo@telemed.no,tromsø,,
176,Yndestad,Arne,NO,,n- oslo,,
177,Hognestad,Aina,NO,aina.hognestad@klinmed.uio.no,oslo,,
178,Søvde,Bente Egge,NO,,bergen,,
179,Hovland,Gro,NO,,bergen,,
180,Ullebust,Berit,NO,,førde,,
181,Råholm,Maj-Britt,NO,,bergen,,
182,Løchen,Maja-Lisa,NO,,uit the arctic university of norway,,
183,Sviland,Randi,NO,randi.sviland@isf.uib.no,bergen,,
184,Fuglesang,H F S,NO,,oslo,,
185,Flugsrud,G B,NO,,oslo,,
186,Randsborg,P H,NO,,akershus,,
187,Oord,P,NO,,stavanger,,
188,Benth,J Š,NO,,oslo,,
189,Utvåg,S E,NO,,oslo,,
190,Hasle,Gunnar,NO,hasle@reiseklinikken.com,oslo,,
191,Drabløs,Finn,NO,,n- trondheim,,
192,Gaustad,Svein Erik,NO,,trondheim,,
193,Bondevik,H,NO,,oslo,,
194,Fagerström,Lisbeth,NO,,drammen,,
195,Protopapas,Athanassios,NO,athanasios.protopapas@isp.uio.no.,oslo,,
196,Malterud,K,NO,,university of bergen,,
197,Kikuta,Hiroshi,NO,,bergen,,
198,Lossius,R,NO,rasmus.lossius@epilepsy.no,oslo,,
199,Zinn,Thomas,NO,,0315 oslo,,
200,Lund,Reidar,NO,,0315 oslo,,
201,Hak,Sjoerd,NO,sjoerd.hak@ntnu.no,trondheim,,
202,Fladvad,Torill,NO,torill.fladvad@ntnu.no,trondheim,,
203,Håstein,T,NO,,0033 oslo,,
204,Flaatten,H,NO,,førde,,
205,Örtengren,U,NO,,tromsø,,
206,Skrede,Silje,NO,silje.skrede@med.uib.no,hordaland,,
207,Schmidt,Malte,NO,,bergen,,
208,Andvig,Ellen,NO,,3007 drammen,,
209,Syse,Jonn,NO,,3101 tønsberg,,
210,Severinsson,Elisabeth,NO,,3101 tønsberg,,
211,Norheim,Gunnstein,NO,,no-0403 oslo,,
212,Xing,Zhe,NO,,bergen,,
213,Slimestad,Rune,NO,rune@plantchem.com,n- klepp station,,
214,Sapci,Zehra,NO,zehra.sapci@umb.no,ås,,
215,Espevik,Roar,NO,roar.espevik@uib.no.,norway,,
216,Bjugn,Roger,NO,rogbju@ous-hf.no.,no-,,
217,Bergmann,Ørjan,NO,orjanb@ii.uib.no,bergen,,
218,Ringholm,Magnus,NO,,tromsø,,
219,Jonsson,Dan,NO,,tromsø,,
220,Gao,Bin,NO,,tromsø,,
221,Thorvaldsen,Andreas J,NO,,tromsø,,
222,Ekström,Ulf,NO,,0315 oslo,,
223,Helgaker,Trygve,NO,,0315 oslo,,
224,Ruud,Kenneth,NO,,tromsø,,
225,Rognum,T O,NO,,oslo,,
226,Grant,Peter,NO,peter.grant@medisin.uio.no,n- oslo,,
227,Cordara,Gabriele,NO,gabriele.cordara@kjemi.uio.no,0315 oslo,,
228,Labra,Antonieta,NO,antonieta.labra@bio.uio.no,0316 oslo,,
229,Kirkøen,Benedicte,NO,,oslo,,
230,Berstad,Paula,NO,,oslo,,
231,Botteri,Edoardo,NO,,oslo,,
232,Bernklev,Linn,NO,,oslo,,
233,El-Safadi,Badboni,NO,,oslo,,
234,Hoff,Geir,NO,,oslo,,
235,de Lange,Thomas,NO,,oslo,,
236,Bernklev,Tomm,NO,,oslo,,
237,Oxman,Andrew D,NO,,0130 oslo,,
238,Gundersen,K,NO,,university of oslo,,
239,Nesvåg,Ragnar,NO,,oslo,,
240,Reichborn-Kjennerud,Ted,NO,,oslo,,
241,Knudsen,Gun Peggy,NO,,oslo,,
242,Bramness,Jørgen G,NO,,oslo,,
243,Ystrom,Eivind,NO,,oslo,,
244,Rudberg,I,NO,ida.rudberg@diakonsyk.no,oslo,,
245,Rosseland,Leiv A,NO,l.a.rosseland@klinmed.uio.no,oslo,,
246,Henriksen,Tone Eg,NO,,bergen,,
247,Skrede,Silje,NO,,bergen,,
248,Fasmer,Ole B,NO,,bergen,,
249,Schoeyen,Helle,NO,,bergen,,
250,Leskauskaite,Ieva,NO,,valen,,
251,Bjørke-Bertheussen,Jeanette,NO,,stavanger,,
252,Assmus,Jörg,NO,,bergen,,
253,Hamre,Børge,NO,,bergen,,
254,Grønli,Janne,NO,,bergen,,
255,Lund,Anders,NO,,bergen,,
256,Skowronski,Magdalena,NO,,tromsø,,
257,Risør,Mette Bech,NO,,tromsø,,
258,Foss,Nina,NO,,tromsø,,
259,Pritzier,Ellen Cathrine,NO,,stavanger,,
260,Mikkelsen,Carsten Sauer,NO,,stavanger,,
261,Bøe,R,NO,,university of bergen,,
262,Navratilova,Pavla,NO,,bergen,,
263,Danks,Gemma Barbara,NO,,bergen,,
264,Thompson,Eric M,NO,,bergen,,
265,Johansen,Ayna B,NO,ayna.johansen@medisin.uio.no,oslo,,
266,Eriksen,Hege R,NO,hege.eriksen@unifob.uib.no,university of bergen and unifob health,,
267,Eriksen,Willy,NO,,oslo,,
268,Sundet,Jon Martin,NO,,oslo,,
269,Tambs,Kristian,NO,,oslo,,
270,Berstad,A,NO,arnold.berstad@med.haukeland.no,bergen,,
271,Jentoft,H F,NO,hafj@haukeland.no,bergen,,
272,Valeur,Jørgen,NO,,oslo no-,,
273,Puaschitz,Nathalie G,NO,,bergen no-,,
274,Berstad,Arnold,NO,,oslo no-,,
275,Tete,Sarah M,NO,,bergen,,
276,Jul-Larsen,Åsne,NO,,bergen,,
277,Rostami,Sina,NO,,bergen,,
278,Lunde,Turid Helen Felli,NO,,bergen,,
279,Søland,Hanne,NO,,bergen,,
280,Svanevik,Marius,NO,drsvanevik@hotmail.com.,tønsberg,,
281,Gravning,Jørgen,NO,,oslo,,
282,Ettema,Gertjan,NO,gertjan.ettema@ntnu.no.,trondheim,,
283,Øksnes,Magne,NO,,trondheim,,
284,Kveli,Espen,NO,,trondheim,,
285,Sandbakk,Øyvind,NO,,trondheim,,
286,Simonsen,Cecilia Smith,NO,c.s.simonsen@studmed.uio.no.,drammen,,
287,Celius,Elisabeth Gulowsen,NO,,oslo,,
288,Brunborg,Cathrine,NO,,oslo,,
289,Tallaksen,Chantal,NO,,oslo,,
290,Eriksen,Erik Fink,NO,,oslo,,
291,Holmøy,Trygve,NO,,oslo,,
292,Moen,Stine Marit,NO,,oslo,,
293,Zhao,C-M,NO,chun-mei.zhao@ntnu.no,trondheim,,
294,Tveten,Erlend G,NO,,no- trondheim,,
295,Qaiumzadeh,Alireza,NO,,no- trondheim,,
296,Brataas,Arne,NO,,no- trondheim,,
297,Fristad,I,NO,inge.fristad@odont.uib.no,university of bergen,,
298,Plessen,Kerstin J,NO,,bergen,,
299,Engen,Steinar,NO,,trondheim n-,,
300,Maghazachi,A A,NO,azzam.maghazachi@basalmed.uio.no,university of oslo,,
301,Abyholm,T,NO,,university of oslo,,
302,Øyane,Nicolas M,NO,nicolas.oyane@isf.uib.no,bergen,,
303,De Pontieu,B,NO,,oslo,,
304,Carlsson,M,NO,,oslo,,
305,Hansteen,V,NO,,oslo,,
306,Totland,Cecilie,NO,,bergen,,
307,Knudsen,Cathrine Wold,NO,,oslo,,
308,Aaseth,E,NO,,oslo,,
309,Fagerland,M W,NO,,oslo,,
310,Aas,A-M,NO,,oslo,,
311,Hewitt,S,NO,,oslo,,
312,Risstad,H,NO,,oslo,,
313,Kristinsson,J,NO,,oslo,,
314,Bøhmer,T,NO,,oslo,,
315,Mala,T,NO,,oslo,,
316,Aasheim,E T,NO,,oslo,,
317,Tcatchoff,Lionel,NO,,oslo,,
318,Sneve,M,NO,monica.sneve@unn.no,tromsø,,
319,Vinje,N E,NO,nina.eriksen.vinje@fhi.no,oslo,,
320,Hoston,Mari A,NO,,trondheim,,
321,Kolshus,Nora J,NO,,trondheim,,
322,Larsen,Christel E G,NO,,trondheim,,
323,Natasha,Khurshid,NO,,oslo,,
324,Hussain,Akhtar,NO,,oslo,,
325,Bhowmik,Bishwajit,NO,,oslo,,
326,Kalungi,Sam,NO,skalungi@gmail.com,bergen,,
327,Lambrecht,Jan R,NO,,brumunddal,,
328,Fosse,P,NO,per.fosse@eunet.no,melhus,,
329,Bakken,Kjersti S,NO,kjersti.sletten@gmail.com.,drammen,,
330,Stray-Pedersen,Babill,NO,babill.stray-pedersen@medisin.uio.no.,oslo,,
331,Meriç,Gökçe,NO,eystein.ruyter@niom.no,oslo,,
332,Kostov,H,NO,hrisimir.kostov@epilepsy.no,rikshospitalet university hospital oslo,,
333,Haga,H J,NO,,bergen,,
334,Sharma,Satya Pal,NO,satya.sharma@uib.no.,bergen,,
335,Bærheim,Anders,NO,,bergen,,
336,Moe-Nilssen,Rolf,NO,,bergen,,
337,Kvåle,Alice,NO,,bergen,,
338,Staff,A C,NO,,oslo,,
339,Moltu,Sissel J,NO,,oslo,,
340,Stenmark,Håkon,NO,,n- trondheim,,
341,Nordahl,Hans M,NO,,n- trondheim,,
342,Lindeboom,Maarten,NO,,bergen,,
343,Kvig,Erling Inge,NO,,tromsø,,
344,Arslan,A,NO,,university of oslo,,
345,Pettersen,Renate,NO,rrpettersen@yahoo.no,oslo,,
346,Aadland,E,NO,,oslo,,
347,Gasvik,K J,NO,,n- trondheim-nth,,
348,Matthews,J,NO,,oslo,,
349,Rønnestad,Bent R,NO,,lillehammer,,
350,Hansen,Joar,NO,,lillehammer,,
351,Vegge,Geir,NO,,lillehammer,,
352,Johansen,O E,NO,odd.erik.johansen@broadpark.no,rud,,
353,Rostad,B,NO,berit.rostad@medisin.ntnu.no,trondheim,,
354,Midttun,Linda,NO,linda.midttun@sintef.no,no- trondheim,,
355,Skrede,S,NO,,university of oslo,,
356,Abel,Marianne H,NO,,oslo,,
357,Torheim,Liv E,NO,,oslo,,
358,Freuchen,Anne,NO,anne.freuchen@sshf.no.,norway sørlandet hospital,,
359,Grøholt,Berit,NO,,university of oslo,,
360,Eltoft,T,NO,,n- tromsø,,
361,Furnham,Adrian,NO,,oslo,,
362,Kolset,Svein Olav,NO,s.o.kolset@basalmed.uio.no,0316 oslo,,
363,Moberget,T,NO,,oslo,,
364,Doan,N T,NO,,oslo,,
365,Alnæs,D,NO,,oslo,,
366,Kaufmann,T,NO,,oslo,,
367,Córdova-Palomera,A,NO,,oslo,,
368,Lagerberg,T V,NO,,oslo,,
369,Jönsson,E G,NO,,oslo,,
370,Agartz,I,NO,,oslo,,
371,Andreassen,O A,NO,,oslo,,
372,Westlye,L T,NO,,oslo,,
373,Ose,Leiv,NO,leiv.ose@rikshospitalet.no,oslo n-,,
374,Sugulle,Meryam,NO,,0424 oslo,,
375,Kvehaugen,Anne Stine,NO,,0424 oslo,,
376,Staff,Anne Cathrine,NO,,0316 oslo,,
377,van den Tillaar,Roland,NO,,levanger,,
378,Olweus,J,NO,,university of bergen,,
379,Nystad,Wenche,NO,wenche.nystad@fhi.no,oslo,,
380,Jørgensen,Steffen L,NO,,university of bergen bergen,,
381,Zhao,Rui,NO,,university of bergen bergen,,
382,Haugen,Peik,NO,,university of tromsø,,
383,Werner,H M J,NO,,bergen,,
384,Husby,Ingrid Marie,NO,ingridmhusby@gmail.com.,trondheim,,
385,Stray,Kaia Mølbach-Thellefsen,NO,,lillestrøm,,
386,Olsen,Alexander,NO,,trondheim,,
387,Lydersen,Stian,NO,,trondheim,,
388,Indredavik,Marit Sæbø,NO,,trondheim,,
389,Brubakk,Ann-Mari,NO,,trondheim,,
390,Skranes,Jon,NO,,trondheim,,
391,Evensen,Kari Anne I,NO,,trondheim,,
392,Våge,Villy,NO,villy.vage@helse-forde.no,n- førde,,
393,Johansen,J,NO,,university of tromsø,,
394,Watson,Martin M,NO,,stavanger,,
395,Søreide,Kjetil,NO,,stavanger,,
396,Alme,J,NO,,bergen,,
397,Altinpinar,S,NO,,bergen,,
398,Batzing,P C,NO,,oslo,,
399,Djuvsland,Ø,NO,,bergen,,
400,Dordic,O,NO,,oslo,,
401,Erdal,H A,NO,,bergen,,
402,Eyyubova,G,NO,,oslo,,
403,Fehlker,D,NO,,bergen,,
404,Haaland,Ø,NO,,bergen,,
405,Helstrup,H,NO,,bergen,,
406,Hetland,K F,NO,,bergen,,
407,Huang,M,NO,,bergen,,
408,Kileng,B,NO,,bergen,,
409,Kvaerno,H,NO,,oslo,,
410,Langoy,R,NO,,tonsberg,,
411,Lien,J,NO,,tonsberg,,
412,Lindal,S,NO,,oslo,,
413,Loenne,P I,NO,,bergen,,
414,Løvhøiden,G,NO,,oslo,,
415,Nilsson,M S,NO,,oslo,,
416,Nystrand,J,NO,,bergen,,
417,Qvigstad,H,NO,,oslo,,
418,Rehman,A,NO,,bergen,,
419,Richter,M,NO,,oslo,,
420,Røed,K,NO,,oslo,,
421,Röhrich,D,NO,,bergen,,
422,Skaali,T B,NO,,oslo,,
423,Skjerdal,K,NO,,bergen,,
424,Tveter,T S,NO,,oslo,,
425,Ullaland,K,NO,,bergen,,
426,Wagner,B,NO,,bergen,,
427,Wikne,J,NO,,oslo,,
428,Yang,S,NO,,bergen,,
429,Svendsen,Ø S,NO,,bergen,,
430,Farstad,M,NO,,bergen,,
431,Mongstad,A,NO,,bergen,,
432,Haaverstad,R,NO,,bergen,,
433,Husby,P,NO,,bergen,,
434,Kvalheim,V L,NO,,bergen,,
435,Kjøllesdal,Marte K R,NO,,oslo,,
436,Ariansen,Inger,NO,,oslo,,
437,Næss,Øyvind,NO,,oslo,,
438,Bjørge,Tone,NO,tone.bjorge@isf.uib.no,bergen,,
439,Stanghelle,J K,NO,,nesoddtanen,,
440,Aksnes,J,NO,,oslo,,
441,Chaibi,Aleksander,NO,,1474 nordbyhagen,,
442,Benth,Jūratė Šaltytė,NO,,lørenskog,,
443,Russell,Michael Bjørn,NO,,1474 nordbyhagen,,
444,Tengberg,Anders,NO,,bergen,,
445,Darj,Elisabeth,NO,,trondheim,,
446,Berg,Thomas,NO,thomas.berg@fhi.no,oslo,,
447,von Unge,Magnus,NO,,oslo,,
448,Nissen,H,NO,hilde.nissen@matforsk.no,n- as,,
449,Buanes,T,NO,,bergen,,
450,Bugge,L,NO,,oslo,,
451,Bugge,M K,NO,,oslo,,
452,Cameron,D,NO,,oslo,,
453,Catmore,J R,NO,,oslo,,
454,Dale,O,NO,,bergen,,
455,Eigen,G,NO,,bergen,,
456,Franconi,L,NO,,oslo,,
457,Garonne,V,NO,,oslo,,
458,Gjelsten,B K,NO,,oslo,,
459,Gramstad,E,NO,,oslo,,
460,Kastanas,A,NO,,bergen,,
461,Liebig,W,NO,,bergen,,
462,Lipniacka,A,NO,,bergen,,
463,Maeland,S,NO,,bergen,,
464,Martin Dit Latour,B,NO,,bergen,,
465,Morisbak,V,NO,,oslo,,
466,Nilsen,J K,NO,,oslo,,
467,Ould-Saada,F,NO,,oslo,,
468,Pajchel,K,NO,,oslo,,
469,Pedersen,M,NO,,oslo,,
470,Raddum,S,NO,,oslo,,
471,Read,A L,NO,,oslo,,
472,Røhne,O,NO,,oslo,,
473,Rosendahl,P L,NO,,bergen,,
474,Sandaker,H,NO,,bergen,,
475,Sjursen,T B,NO,,bergen,,
476,Smestad,L,NO,,bergen,,
477,Stapnes,S,NO,,oslo,,
478,Strandlie,A,NO,,oslo,,
479,Stugu,B,NO,,bergen,,
480,Ugland,M,NO,,bergen,,
481,Zalieckas,J,NO,,bergen,,
482,Kirkeleit,Jorunn,NO,,bergen,,
483,Hollund,Bjørg Eli,NO,,bergen,,
484,Riise,Trond,NO,,bergen,,
485,Eduard,Wijnand,NO,,oslo,,
486,Bråtveit,Magne,NO,,bergen,,
487,Storaas,Torgeir,NO,,bergen,,
488,Hellesø,Ragnhild,NO,,oslo,,
489,Melby,Line,NO,,oslo,,
490,Hauge,Solveig,NO,,porsgrunn,,
491,Suliman,Fadi,NO,fadi.suliman@umb.no,as,,
492,Ostad,Snorre A,NO,snorre.ostad@isp.uio.no.,oslo,,
493,Reed,W,NO,,oslo,,
494,Kierulf Strømme,Kirsten,NO,,oslo,,
495,Torkildsen,E A,NO,eatorkildsen@hotmail.com,stavanger,,
496,Burns,Margrete Larsen,NO,,oslo,,
497,Kinge,Einar,NO,,sandvika,,
498,Stokke Opdal,Mimi,NO,,oslo,,
499,Johannessen,Svein I,NO,,oslo,,
500,Landmark,Cecilie Johannessen,NO,,oslo,,
501,Bains,R,NO,r.s.bains@klinmed.uio.no,oslo,,
502,Reikerås,Olav,NO,olav.reikeras@rikshospitalet.no,university of oslo,,
503,Lundblad,Marie Wasmuth,NO,marie.w.lundblad@uit.no.,tromsø,,
504,Jacobsen,Bjarne K,NO,,tromsø,,
505,Veruki,Margaret Lin,NO,,n- bergen,,
506,Hordnes,K,NO,,bergen,,
507,Sorteberg,W,NO,wilhelm.sorteberg@rikshospitalet.no,oslo,,
508,Ruland,C M,NO,cornelia.ruland@sykepleievit.uio.no,0317 oslo,,
509,Wu,J Y,NO,,trondheim n-,,
510,Bøhmer,T,NO,,oslo,,
511,Schumacher,A,NO,vssmikro@online.no,tønsberg,,
512,Bø,Kari,NO,kari.bo@nih.no,0806 oslo,,
513,Boitsov,Stepan,NO,stepan@imr.no,n-5817 bergen,,
514,Jorde,Rolf,NO,rolf.jorde@unn.no,tromsø,,
515,Johansson,A,NO,anders.johansson@odont.uib.no,bergen,,
516,Olsen,Rolf-Erik,NO,,trondheim,,
517,Lichtwarck,Bjørn,NO,,ottestad,,
518,Myhre,Janne,NO,,ottestad,,
519,Goyal,Alka R,NO,,ottestad,,
520,Rokstad,Anne Marie Mork,NO,,tønsberg,,
521,Selbaek,Geir,NO,,ottestad,,
522,Kirkevold,Øyvind,NO,,ottestad,,
523,Bergh,Sverre,NO,,ottestad,,
524,Lien,Lars,NO,lars.lien@medisin.uio.no,oslo,,
525,Clarsen,Benjamin,NO,,oslo,,
526,Bahr,Roald,NO,,oslo,,
527,Kvernmo,Trond,NO,trokve@online.no,university of tromsø,,
528,Sandberg,Sverre,NO,,bergen,,
529,Aarsand,Aasne Karine,NO,,bergen,,
530,Sylte,Marit Sverresdotter,NO,,bergen,,
531,Røraas,Thomas,NO,,bergen,,
532,Sølvik,Una Ørvim,NO,,bergen,,
533,Zhao,Chun-Mei,NO,chun-mei.zhao@ntnu.no,trondheim,,
534,Olsen,Ingrid Blø,NO,ingrid.olsen@uni.no.,bergen,,
535,Eriksen,Erlend,NO,,bergen,,
536,Ueland,Thor,NO,,oslo,,
537,Kleveland,Ola,NO,,trondheim,,
538,Michelsen,Annika E,NO,,oslo,,
539,Wiseth,Rune,NO,,trondheim,,
540,Damås,Jan Kristian,NO,,trondheim,,
541,Aukrust,Pål,NO,,oslo,,
542,Gullestad,Lars,NO,,oslo,,
543,Halvorsen,Bente,NO,,oslo,,
544,Yndestad,Arne,NO,,oslo,,
545,Holme,P A,NO,,oslo,,
546,Rutkovskiy,Arkady,NO,arkady.rutkovskiy@medisin.uio.no.,university of oslo,,
547,Sullivan,Gareth,NO,,university of oslo,,
548,Bogdanova,Maria,NO,,university of oslo,,
549,Stensløkken,Kåre-Olav,NO,,university of oslo,,
550,Fiane,Arnt,NO,,university of oslo,,
551,Vaage,Jarle,NO,,university of oslo,,
552,Svartberg,M,NO,,university of trondheim,,
553,Oiestad,Elisabeth L,NO,,oslo,,
554,Strand,Trond-Eirik,NO,trond-eirik.strand@kreftregisteret.no,oslo,,
555,Madssen,Torfinn S,NO,,7491,,
556,Thune,Inger,NO,,oslo,,
557,Flote,Vidar G,NO,,oslo,,
558,Lundgren,Steinar,NO,,7006,,
559,Bertheussen,Gro F,NO,,trondheim,,
560,Frydenberg,Hanne,NO,,oslo,,
561,Wist,Erik,NO,,oslo,,
562,Schlichting,Ellen,NO,,0424,,
563,Fjøsne,Hans E,NO,,7491,,
564,Vettukattil,Riyas,NO,,0318,,
565,Lømo,Jon,NO,,0424,,
566,Bathen,Tone F,NO,,7491,,
567,Giskeødegård,Guro F,NO,guro.giskeodegard@ntnu.no.,7491,,
568,Holmes,Tim D,NO,,bergen,,
569,Bryceson,Yenan T,NO,,bergen,,
570,Haukedal,Thor Arne,NO,,kongsberg,,
571,Reierson,Inger Åse,NO,,kongsberg,,
572,Hedeman,Hanne,NO,,kongsberg,,
573,Bjørk,Ida Torunn,NO,,kongsberg,,
574,Uzdensky,Anatoly,NO,uzd@krinc.ru,oslo,,
575,Kulseth,M A,NO,,agricultural university,,
576,Fretheim,Atle,NO,atle.fretheim@shdir.no,n- oslo,,
577,Waage,Siri,NO,,university of bergen,,
578,Pallesen,Ståle,NO,,university of bergen,,
579,Tjøtta,E,NO,,oslo,,
580,Mosdol,Annhild,NO,,n-0403 oslo,,
581,Ulvestad,Elling,NO,elling.ulvestad@helse-bergen.no,bergen og gades institutt universitetet i bergen,,
582,Engedal,N,NO,,oslo,,
583,Aarås,A,NO,,oslo,,
584,Stølevik,Solvor Berntsen,NO,solvor.berntsen@fhi.no,no- oslo,,
585,Krohg-Sørensen,K,NO,,university of oslo,,
586,Yli-Jama,P,NO,,oslo,,
587,Kristensen,T,NO,,university of oslo,,
588,Vogelsang,C,NO,,oslo,,
589,Prytz,Ø,NO,oystein.prytz@fys.uio.no,oslo,,
590,Rørtveit,Runa,NO,runa.rortveit@nvh.no,oslo,,
591,Hulterström,Anna Karin,NO,anna.karin.hulterstrom@odont.umu.se,haslum,,
592,Bjorvatn,B,NO,,university of bergen,,
593,Sandaa,Ruth-Anne,NO,ruth.sandaa@uib.no.,bergen n-,,
594,Bratbak,Gunnar,NO,gunnar.bratbak@uib.no.,bergen n-,,
595,Lund,Bjarte Aarmo,NO,,tromsø,,
596,Christopeit,Tony,NO,,tromsø,,
597,Guttormsen,Yngve,NO,,tromsø,,
598,Bayer,Annette,NO,,tromsø,,
599,Leiros,Hanna-Kirsti S,NO,,tromsø,,
600,Konijnenberg,Carolien,NO,,oslo,,
601,Fagan,Mark,NO,marfaga@online.no,0318 oslo,,
602,Mørkve,O,NO,,university of bergen,,
603,Wester,Knut,NO,kgwe@helse-bergen.no.,bergen,,
604,Bratland-Sanda,Solfrid,NO,,vikersund,,
605,Nilsson,Merethe Pauline,NO,,oslo,,
606,Sundgot-Borgen,Jorunn,NO,,oslo,,
607,Terjesen,B F,NO,bendik.terjesen@zoo.uib.no,university of bergen,,
608,Breivik,H,NO,harald.breivik@medisin.uio.no,oslo,,
609,Guren,M G,NO,m.g.guren@klinmed.uio.no,oslo,,
610,Haugen,Trine B,NO,,oslo,,
611,Kristiansen,Wenche,NO,,oslo,,
612,Grotmol,Tom,NO,,oslo,,
613,Polder,A,NO,,oslo,,
614,Vassend,Olav,NO,ovassend@odont.uio.no,0317 oslo,,
615,Randeberg,L Lyngsnes,NO,lise.randeberg@iet.ntnu.no,trondheim,,
616,Vik-Mo,H,NO,,university of bergen,,
617,Kristoffersen,Anja B,NO,,oslo,,
618,Celestino,Ricardo,NO,,oslo,,
619,Gullbrå,Frøydis,NO,froydis.gullbra@uib.no.,bergen,,
620,Smith-Sivertsen,Tone,NO,,bergen,,
621,Rortveit,Guri,NO,,bergen,,
622,Anderssen,Norman,NO,,bergen,,
623,Hafting,Marit,NO,,bergen,,
624,Overås,J,NO,,sandnes,,
625,Berg,K,NO,,university of oslo,,
626,Frafjord,K,NO,,oslo,,
627,Zeng,Yingxu,NO,yingxu.zeng@kj.uib.no,bergen,,
628,Hamre,K,NO,,bergen,,
629,Davidson,Ben,NO,,oslo,,
630,Trope,Claes G,NO,,oslo,,
631,Melbostad,E,NO,,oslo,,
632,Kleven,Oddmund,NO,,oslo,,
633,Laskemoen,Terje,NO,,oslo,,
634,Lifjeld,Jan T,NO,,oslo,,
635,Hegbom,Finn,NO,finn.hegbom@ioks.uio.no,oslo,,
636,Olsen,L C,NO,,university of bergen,,
637,Saugstad,Ola D,NO,o.d.saugstad@klinmed.uio.no,oslo,,
638,Ydstebø,A E,NO,,stavanger university hospital,,
639,Bergh,S,NO,,innlandet hospital trust,,
640,Selbæk,G,NO,,innlandet hospital trust,,
641,Benth,J Šaltytė,NO,,innlandet hospital trust,,
642,Lurås,H,NO,,akershus university hospital,,
643,Vossius,C,NO,,stavanger university hospital,,
644,Breivik,Knut,NO,knut.breivik@nilu.no,kjeller,,
645,Thoresen,Sigrid B,NO,,n- oslo,,
646,Campsteijn,Coen,NO,,n- oslo,,
647,Vietri,Marina,NO,,n- oslo,,
648,Schink,Kay O,NO,,n- oslo,,
649,Liestøl,Knut,NO,,n-0373 oslo,,
650,Raiborg,Camilla,NO,,n- oslo,,
651,Stenmark,Harald,NO,,n- oslo,,
652,Ussif,Amin M,NO,aussif@hotmail.com.,nydalen,,
653,Åsberg,Anders,NO,,nydalen,,
654,Halden,Thea Anine Strøm,NO,,nydalen,,
655,Nordheim,Espen,NO,,nydalen,,
656,Hartmann,Anders,NO,,nydalen,,
657,Jenssen,Trond,NO,,nydalen,,
658,Lindemann,K,NO,kristina.lindemann@ahus.no,lørenskog,,
659,Hoff,G,NO,,skien,,
660,Anderson,P,NO,,university of oslo,,
661,Sokolov,A,NO,andrey.sokolov@medisin.uio.no,nydalen 0424 oslo,,
662,Skomsvoll,J F,NO,,university hospital of trondheim,,
663,Liu,Fang,NO,,oslo,,
664,Jacobsen,D,NO,,oslo,,
665,Haugen,Arvid Steinar,NO,arvid.haugen@helse-bergen.no.,bergen,,
666,Davanger,S,NO,,university of oslo,,
667,Fjermestad,Krister,NO,,n-0373 oslo,,
668,Bjelland,Ingvar,NO,,n-5020 bergen,,
669,Gjestad,Rolf,NO,,n- bergen,,
670,Bjaastad,Jon F,NO,,n-4068 stavanger,,
671,Haugland,Bente S M,NO,,n-5008 bergen,,
672,Havik,Odd E,NO,,n-5020 bergen,,
673,Heiervang,Einar,NO,,n-0450 oslo,,
674,Wergeland,Gro Janne,NO,,n-5008 bergen,,
675,Solheim,Olesya,NO,,oslo,,
676,Førsund,Mette,NO,,oslo,,
677,Tropé,Claes G,NO,,oslo,,
678,Kraggerud,Sigrid Marie,NO,,oslo,,
679,Nesland,Jahn M,NO,,oslo,,
680,Davidson,Ben,NO,,oslo,,
681,Sandvig,Ioanna,NO,,trondheim,,
682,Sandvig,Axel,NO,,trondheim,,
683,Solberg,Erik E,NO,,oslo,,
684,Kyte,Jon Amund,NO,jon.amund.kyte@rr-research.no,oslo,,
685,Siqveland,Torill S,NO,torill.siqveland@psykologi.uio.no.,oslo,,
686,Kahnert,Michael,NO,,kjeller,,
687,Osnes,Terje,NO,terje.osnes@klinmed.uio.no,tønsberg,,
688,Rolin,Johannes,NO,,oslo,,
689,Aure,Miriam Ragle,NO,,oslo,,
690,Sahlberg,Kristine Kleivi,NO,,drammen,,
691,Kidane,Alemayehu,NO,,aas,,
692,Øverland,Margareth,NO,,aas,,
693,Mydland,Liv Torunn,NO,,aas,,
694,Prestløkken,Egil,NO,,aas,,
695,Titelman,Josefin,NO,,oslo,,
696,Aksnes,Dag L,NO,,bergen,,
697,Kursula,Petri,NO,petri.kursula@biomed.uib.no.,n-5020 bergen,,
698,Jørgensen,Katarina M,NO,,bergen,,
699,Fossmark,R,NO,reidar.fossmark@ntnu.no,trondheim,,
700,Lorem,Geir F,NO,,tromsø,,
701,Hem,Marit H,NO,,oslo,,
702,Molewijk,Bert,NO,,oslo,,
703,Elvemo,N A,NO,,trondheim,,
704,Landrø,N I,NO,,university of oslo,,
705,Borchgrevink,P C,NO,,trondheim,,
706,Håberg,A K,NO,,trondheim,,
707,Bjørnland,Kristin,NO,kristin.bjornland@medisin.uio.no,oslo,,
708,Mobergslien,Anne,NO,,oslo,,
709,Engedal,Nikolai,NO,,centre for molecular medicine norway (ncmm); nordic embl partnership; university of oslo,,
710,Torgersen,Maria L,NO,,department of biochemistry; institute of basic medical sciences; faculty of medicine; university of oslo,,
711,Guldvik,Ingrid J,NO,,centre for molecular medicine norway (ncmm); nordic embl partnership; university of oslo,,
712,Barfeld,Stefan J,NO,,centre for molecular medicine norway (ncmm); nordic embl partnership; university of oslo,,
713,Simonsen,Anne,NO,,department of biochemistry; institute of basic medical sciences; faculty of medicine; university of oslo,,
714,Mills,Ian G,NO,,norway; department of cancer prevention and department of urology; oslo university hospitals; oslo,,
715,Aschim,E L,NO,,oslo no-,,
716,Oldenburg,J,NO,,oslo no-,,
717,Kristiansen,W,NO,,oslo no-,,
718,Witczak,O,NO,,oslo no-,,
719,Fosså,S D,NO,,oslo no-,,
720,Haugen,T B,NO,trine.b.haugen@hioa.no.,oslo no-,,
721,Sanderud,J,NO,,rikshospitalet,,
722,Khnykin,Denis,NO,,oslo,,
723,Strand,Tor A,NO,,lillehammer,,
724,Mommens,Maren,NO,,trondheim,,
725,Storset,Arne,NO,,trondheim,,
726,Breivik,Harald,NO,,university of oslo,,
727,Johannesen,Tom Børge,NO,,oslo,,
728,Julshamn,K,NO,,bergen,,
729,Brumpton,Ben,NO,,trondheim,,
730,Modalsli,Ellen H,NO,,trondheim,,
731,Vie,Gunnhild Åberge,NO,,trondheim,,
732,Fritsche,Lars G,NO,,trondheim,,
733,Løset,Mari,NO,,trondheim,,
734,Saunes,Marit,NO,,trondheim,,
735,Romundstad,Pål Richard,NO,,trondheim,,
736,Åsvold,Bjørn Olav,NO,,trondheim,,
737,Fjalstad,Jon W,NO,,tromsø,,
738,Eriksson,B G,NO,bengt.eriksson@hihm.no,elverum,,
739,Helbostad,Jorunn Laegdheim,NO,jorunn.helbostad@ntnu.no,olav kyrres g trondheim n-,,
740,Bjørngaard,Johan Håkon,NO,jhb@sintef.no,trondheim,,
741,Guren,Marianne,NO,,oslo university hospital,,
742,Dahl,Olav,NO,,bergen,,
743,Tveit,Kjell Magne,NO,,oslo university hospital,,
744,Wanderås,Eva,NO,,oslo university hospital,,
745,Balteskard,Lise,NO,,tromsö,,
746,Frykholm,Gunilla,NO,,trondheim,,
747,Langvik,Eva,NO,,trondheim,,
748,Dalby,Anne Marie Landmark,NO,,lørenskog,,
749,Ofstad,Eirik Hugaas,NO,,lørenskog,,
750,Gerwing,Jennifer,NO,,lørenskog,,
751,Dahle,Ulf R,NO,ulf.dahle@fhi.no,nasjonalt folkehelseinstitutt,,
752,Møllersen,S,NO,snefrid.mollersen@helse-finnmark.no,kirkenes,,
753,Bahr,Roald,NO,,oslo,,
754,Lingjaerde,O,NO,,oslo,,
755,Roland,Erling,NO,,university of stavanger,,
756,Kildahl-Andersen,Odd,NO,odd.kildahl-andersen@unn.no,universitetssykehuset nord-norge harstad,,
757,Nakstad,B,NO,,oslo,,
758,Major,Ellinor F,NO,ebm@shdir.no,university of oslo/the joint norwegian armed forces medical services,,
759,Ahmed,Aymen,NO,,bergen,,
760,Kittang,Astrid O,NO,,bergen,,
761,Raiborg,Camilla,NO,,montebello,,
762,Campsteijn,Coen,NO,,montebello,,
763,Stenmark,Harald,NO,,montebello,,
764,Holme,Öyvind,NO,oyvind.holme@sshf.no,kristiansand,,
765,Buanes,T,NO,,bergen,,
766,Bugge,L,NO,,oslo,,
767,Burgess,T,NO,,bergen,,
768,Cameron,D,NO,,oslo,,
769,Eigen,G,NO,,bergen,,
770,Gjelsten,B K,NO,,oslo,,
771,Gramstad,E,NO,,oslo,,
772,Kastanas,A,NO,,bergen,,
773,Liebig,W,NO,,bergen,,
774,Lipniacka,A,NO,,bergen,,
775,Lund,E,NO,,oslo,,
776,Ould-Saada,F,NO,,oslo,,
777,Pajchel,K,NO,,oslo,,
778,Pedersen,M,NO,,oslo,,
779,Read,A L,NO,,oslo,,
780,Røhne,O,NO,,oslo,,
781,Rosendahl,P L,NO,,bergen,,
782,Sandaker,H,NO,,bergen,,
783,Sjursen,T B,NO,,bergen,,
784,Smestad,L,NO,,oslo,,
785,Stapnes,S,NO,,oslo,,
786,Strandlie,A,NO,,oslo,,
787,Stugu,B,NO,,bergen,,
788,Tonoyan,A,NO,,bergen,,
789,Ugland,M,NO,,bergen,,
790,Bruu,A L,NO,anne-lise.bruu@folkehelsa.no,oslo,,
791,Arntzen,Magnus Ø,NO,,ås,,
792,Várnai,Anikó,NO,,ås,,
793,Eijsink,Vincent G H,NO,,ås,,
794,Pope,Phillip B,NO,,ås,,
795,Raju,Bina,NO,,bergen,,
796,Krizsan,S J,NO,sophie.krizsan@umb.no,no- as,,
797,Frydenberg,H,NO,h.frydenberg@gmail.com.,oslo,,
798,Thune,I,NO,,oslo,,
799,Lofterød,T,NO,,oslo,,
800,Mortensen,E S,NO,,tromsø,,
801,Eggen,A E,NO,,tromsø,,
802,Risberg,T,NO,,tromsø,,
803,Wist,E A,NO,,oslo,,
804,Flote,V G,NO,,oslo,,
805,Furberg,A-S,NO,,tromsø,,
806,Wilsgaard,T,NO,,tromsø,,
807,Akslen,L A,NO,,bergen,,
808,Nieder,Carsten,NO,carsten.nieder@nlsh.no.,bodø,,
809,Larsson,P G,NO,,sandvika,,
810,Holmøy,Trygve,NO,trygve.holmoy@medisin.uio.no,lørenskog,,
811,Lai,Floriana,NO,floriana.lai@ibv.uio.no.,oslo,,
812,Fagernes,Cathrine E,NO,,oslo,,
813,Jutfelt,Fredrik,NO,,trondheim,,
814,Nilsson,Göran E,NO,,oslo,,
815,Saloranta,Tuomo M,NO,tuomo.saloranta@gmail.com,0301 oslo,,
816,Anda,Erik Eik,NO,,tromsø,,
817,Goetsch,Arntraut,NO,,no- tromsø,,
818,Sandanger,Torkjel M,NO,,9037 tromsø,,
819,Huber,Sandra,NO,,no- tromsø,,
820,Rigó,István Zoltán,NO,,bodø,,
821,Røkkum,Magne,NO,,oslo,,
822,Server,Andrès,NO,a.s.alonso@medisin.uio.no,oslo,,
823,Lorås,Håvard,NO,havard.loras@hist.no,trondheim,,
824,Selbæk,Geir,NO,geir.selbaek@aldringoghelse.no,ottestad,,
825,Haugaasen,Torbjørn,NO,,ås,,
826,Jahr,E,NO,erik.jahr@online.no,akershus,,
827,Magnusson,Andres,NO,andres.magnusson@psykiatri.uio.no,oslo,,
828,Noodt,B B,NO,,oslo,,
829,Kamal,Ziaullah,NO,zika@ulleval.no,ullevål,,
830,Skogen,J C,NO,,helse fonna hf,,
831,Riise,T,NO,trond.riise@isf.uib.no,bergen,,
832,Ramos,O,NO,,n0316 oslo 3,,
833,Vikene,Kjetil,NO,,bergen,,
834,Skeie,Geir-Olve,NO,,bergen,,
835,Specht,Karsten,NO,,bergen,,
836,Lund,Eiliv,NO,,no-9037 tromsø,,
837,Weiderpass,Elisabete,NO,,no-9037 tromsø,,
838,Kvammen,Ole C,NO,,sandefjord,,
839,Gittel,Antje,NO,,bergen,,
840,Eilertsen,Grethe,NO,grethe.eilertsen@hibu.no,drammen,,
841,Niemi,Geir,NO,,oslo,,
842,Breivik,Harald,NO,,oslo,,
843,Andjelkov,Nenad,NO,nenad.andjelkov@fagmed.uit.no,tromsø,,
844,Olsen,Christine,NO,christine.olsen@nmbu.no.,ås,,
845,Pedersen,Ingeborg,NO,,ås,,
846,Bergland,Astrid,NO,,oslo,,
847,Patil,Grete,NO,,ås,,
848,Ihlebaek,Camilla,NO,,ås,,
849,Husvik,Camilla,NO,,oslo,,
850,Paus,Elisabeth,NO,elisabeth.paus@klinmed.uio.no,n- oslo,,
851,Bruserud,Øystein,NO,oystein.bruserud@haukeland.no,n- bergen,,
852,Johnsen,Hanne,NO,,n- tromsø,,
853,Hugdahl,K,NO,hugdahl@psych.uib.no,university of bergen,,
854,Moan,Johan,NO,,oslo,,
855,Eide,Per Kristian,NO,per.kristian.eide@rikshospitalet.no,oslo,,
856,Skaar,Elisabeth,NO,,bergen,,
857,Ranhoff,Anette Hylen,NO,,bergen,,
858,Nordrehaug,Jan Erik,NO,,bergen,,
859,Forman,Daniel E,NO,,bergen,,
860,Schaufel,Margrethe Aase,NO,,bergen,,
861,Laxdal,E,NO,elin.laxdal@helse-bergen.no,bergen,,
862,Lund,W,NO,,oslo 3,,
863,Schanke,Anne-Kristine,NO,,nesoddtangen,,
864,Moen,Anne,NO,,university of oslo,,
865,Walaas,S I,NO,ivar.walaas@basalmed.uio.no,university of oslo,,
866,Myhrer,T,NO,,kjeller,,
867,Gunnarsson,Björn,NO,,drøbak,,
868,Fasting,Sigurd,NO,,trondheim,,
869,Skogvoll,Eirik,NO,,trondheim,,
870,Salvesen,Kjell Å,NO,,trondheim,,
871,Berg,Kristian,NO,,oslo,,
872,Angelsen,A,NO,anders.angelsen@medisin.ntnu.no,university hospital of trondheim,,
873,Vetrhus,M,NO,mvetrhus@chello.no,stavanger,,
874,Haaheim,L R,NO,,university of bergen,,
875,Storesund,Trond,NO,,oslo,,
876,Ertzeid,G,NO,,oslo,,
877,Haukaas,S A,NO,svein.haukaas@kir.uib.no,bergen,,
878,Frette,Vidar,NO,vidar.frette@hsh.no,n- haugesund,,
879,Torgner,I,NO,,university of oslo,,
880,Meuwissen,T H E,NO,,ås,,
881,Halvorsen,Sigrun,NO,,oslo,,
882,Rasheed,Kashif,NO,,tromsø,,
883,Abdulsalam,Ibrahim,NO,,tromsø,,
884,Fismen,Silje,NO,,tromsø,,
885,Grimstad,Øystein,NO,,tromsø,,
886,Sveinbjørnsson,Baldur,NO,,tromsø,,
887,Moens,Ugo,NO,,tromsø,,
888,Olufsen,Marianne,NO,,n trondheim,,
889,Grammes,F,NO,,ås,,
890,Utvåg,S E,NO,,tromsoe,,
891,Alme,J,NO,,bergen,,
892,Altinpinar,S,NO,,bergen,,
893,Arsene,I C,NO,,oslo,,
894,Batzing,P C,NO,,oslo,,
895,Djuvsland,Ø,NO,,bergen,,
896,Dordic,O,NO,,oslo,,
897,Haaland,Ø,NO,,bergen,,
898,Helstrup,H,NO,,bergen,,
899,Hetland,K F,NO,,bergen,,
900,Kileng,B,NO,,bergen,,
901,Langoy,R,NO,,vestfold,,
902,Lien,J,NO,,vestfold,,
903,Lindal,S,NO,,oslo,,
904,Loenne,P I,NO,,bergen,,
905,Mahmood,S M,NO,,oslo,,
906,Milosevic,J,NO,,oslo,,
907,Nystrand,J,NO,,bergen,,
908,Qvigstad,H,NO,,oslo,,
909,Rehman,A,NO,,bergen,,
910,Richter,M,NO,,oslo,,
911,Røed,K,NO,,oslo,,
912,Röhrich,D,NO,,bergen,,
913,Skaali,T B,NO,,oslo,,
914,Tambave,G J,NO,,bergen,,
915,Tveter,T S,NO,,oslo,,
916,Ullaland,K,NO,,bergen,,
917,Velure,A,NO,,bergen,,
918,Wagner,B,NO,,bergen,,
919,Wikne,J,NO,,oslo,,
920,Zhang,H,NO,,bergen,,
921,Zhao,C,NO,,oslo,,
922,Zhou,Z,NO,,bergen,,
923,Zhu,H,NO,,bergen,,
924,Bretteville-Jensen,Anne Line,NO,alb@sirus.no,oslo,,
925,Kolltveit,Kristin M,NO,k.m.kolltveit@odont.uio.no,university of oslo,,
926,Eriksen,Erik F,NO,,oslo university hospital,,
927,Melø,T B,NO,,dragvoll,,
928,Raeder,Sten,NO,sten.rader@medisin.uio.no,oslo,,
929,Hoffart,A,NO,,modum bads nervesanatorium,,
930,Axelsson,Stefan,NO,,blindern,,
931,Hovda,Knut Erik,NO,,ullevaal,,
932,Arøen,Asbjørn,NO,asbjorn.aroen@medisin.uio.no,n- lørenskog,,
933,Haslekås,Camilla,NO,,oslo,,
934,Klinkenberg,G,NO,geir.klinkenberg@chem.sintef.no,trondheim,,
935,Vallittu,P K,NO,pekka.vallittu@utu.fi,haslum,,
936,Slimestad,Rune,NO,rune@plantchem.com,n- klepp station,,
937,Tollersrud,T,NO,tore.tollersrud@vetinst.no,oslo dep.,,
938,Berg,Marie M,NO,,oslo,,
939,Dolva,Anne-Stine,NO,,lillehammer,,
940,Kleiven,Jo,NO,,lillehammer,,
941,Ose,L,NO,,oslo,,
942,Olsen,Christel M,NO,,n-0033 oslo,,
943,Hilland,Magnus,NO,,bergen,,
944,Røksund,Ola Drange,NO,,bergen,,
945,Sandvik,Lorentz,NO,,bergen,,
946,Haaland,Øystein,NO,,bergen,,
947,Aarstad,Hans Jørgen,NO,,bergen,,
948,Halvorsen,Thomas,NO,,bergen,,
949,Heimdal,John-Helge,NO,,bergen,,
950,Farup,P G,NO,,gjøvik county hospital,,
951,Tessem,May-Britt,NO,may-britt.tessem@ntnu.no.,trondheim,,
952,Bathen,Tone F,NO,tone.f.bathen@ntnu.no.,trondheim,,
953,Bertilsson,Helena,NO,helena.bertilsson@ntnu.no.,trondheim,,
954,Angelsen,Anders,NO,anders.angelsen@ntnu.no.,trondheim,,
955,Andreassen,Trygve,NO,trygve.andreassen@ntnu.no.,trondheim,,
956,Lie,Elisabeth,NO,elisabeth_lie@yahoo.no,oslo,,
957,Liu,Yangzhong,NO,,allegt. 41,,
958,Pedersen,W,NO,,oslo,,
959,Oppegaard,Per Arne,NO,,levanger,,
960,Revheim,Mona-Elisabeth,NO,,oslo,,
961,Svindland,Aud,NO,,oslo,,
962,Kasubi,Mabula Joseph,NO,,bergen,,
963,Monceyron,C,NO,,oslo,,
964,Andren-Sandberg,Ake,NO,ake.andren.sandberg@mail.chsa.se,stavanger,,
965,Assev,S,NO,assev@ulrik.uio.no,university of oslo,,
966,Nakken,Ola,NO,ola.nakken@medisin.uio.no.,oslo,,
967,Lindstrøm,Jonas Christoffer,NO,,oslo,,
968,Tysnes,Ole-Bjørn,NO,,bergen,,
969,Holmøy,Trygve,NO,,oslo,,
970,Kasper,J,NO,,tromsø,,
971,Ingebrigtsen,Susanne G,NO,,tromsø,,
972,Solberg,Rønnaug,NO,ronnaug.solberg@medisin.uio.no,n- oslo,,
973,Hamrefors,Viktor,NO,viktor.hamrefors@med.lu.se,malmö,,
974,Vogelsang,C,NO,,n- trondheim,,
975,Rylander,Charlotta,NO,,tromsø,,
976,Sandanger,Torkjel M,NO,,tromsø,,
977,Engeset,Dagrun,NO,,tromsø,,
978,Lund,Eiliv,NO,,tromsø,,
979,Matthews,Jason,NO,,oslo,,
980,Rekdal,Øystein,NO,,oslo,,
981,Welle-Strand,Gabrielle Katrine,NO,,oslo,,
982,Kvamme,Odd,NO,,leirvik,,
983,Andreassen,Andreas,NO,,haugesund,,
984,Ravndal,Edle,NO,,oslo,,
985,Walhovd,Kristine B,NO,kristine@walhovd.com,0317 oslo,,
986,Birch,Stephen,NO,sjbirch@gmail.com.,oslo,,
987,Berild,Dag,NO,dag.berild@medisin.uio.no,n- oslo,,
988,Holmboe-Ottesen,Gerd,NO,,oslo,,
989,van Dommelen,Wim A,NO,wim.van.dommelen@ntnu.no,n- trondheim,,
990,Almli,Valérie Lengard,NO,valerie.almli@nofima.no,n- ås,,
991,Alho,A,NO,,university of oslo,,
992,Eduard,Wijnand,NO,winjaud.eduard@stami.no,oslo,,
993,Hyler,Stefan,NO,,oslo,,
994,Espinoza,Andreas,NO,,oslo,,
995,Skulstad,Helge,NO,,oslo,,
996,Fosse,Erik,NO,,oslo,,
997,Steinar Halvorsen,Per,NO,,oslo,,
998,Overby,Anders,NO,,kongsvinger,,
999,Arstad,Christian,NO,christian.arstad@medisin.uio.no.,oslo,,
1000,Kristensen,Annette Torgunrud,NO,,oslo,,
1001,Giercksky,Karl-Erik,NO,,oslo,,
1002,Ekstrøm,Per Olaf,NO,,oslo,,
1003,Bonsaksen,Tore,NO,tore.bonsaksen@hioa.no.,oslo,,
1004,Heuch,Ingrid,NO,ingrid.heuch@ous-hf.no.,oslo,,
1005,Heuch,Ivar,NO,,bergen,,
1006,Hagen,Knut,NO,,trondheim,,
1007,Zwart,John-Anker,NO,,oslo,,
1008,Eliassen,Wiliam,NO,,levanger,,
1009,Saeterbakken,Atle Hole,NO,,sogndal,,
1010,van den Tillaar,Roland,NO,,levanger,,
1011,Norheim,Arne Johan,NO,arne.johan.norheim@hlkbb.no,universitetet i tromsø,,
1012,Bohlin,Jon,NO,jon.bohlin@fhi.no.,oslo,,
1013,Eldholm,Vegard,NO,,oslo,,
1014,Brynildsrud,Ola,NO,,oslo,,
1015,Petterson,John H-O,NO,,oslo,,
1016,Alfsnes,Kristian,NO,,oslo,,
1017,Krokan,Hans E,NO,hans.krokan@ntnu.no,n- trondheim,,
1018,Bye,Asta,NO,asta.bye@hioa.no,oslo,,
1019,Tynes,Tore,NO,,no- oslo,,
1020,Norum,J,NO,,university hospital of tromsø,,
1021,Sonne,H S,NO,,oslo,,
1022,Sagstad,Solfrid J,NO,,bergen,,
1023,Oveland,Eystein,NO,,bergen,,
1024,Karlsen,Tine V,NO,,bergen,,
1025,Haslene-Hox,Hanne,NO,,bergen,,
1026,Tenstad,Olav,NO,,bergen,,
1027,Wiig,Helge,NO,helge.wiig@biomed.uib.no.,bergen,,
1028,Andreassen,Hege Kristin,NO,,tromsø,,
1029,Wootton,R,NO,,tromso,,
1030,Zanaboni,P,NO,paolo.zanaboni@ehealthresearch.no.,tromso,,
1031,Forsdahl,K,NO,,university of tromsø,,
1032,Hilpüsch,Frank,NO,,harstad,,
1033,Johnsen,Peter Holger,NO,,harstad,,
1034,Goll,Rasmus,NO,,tromsø,,
1035,Valle,Per Christian,NO,,harstad,,
1036,Sørbye,Sveinung Wergeland,NO,,tromsø,,
1037,Abelsen,Birgit,NO,,university hospital of northern norway,,
1038,Kvalvik,Liv G,NO,,bergen,,
1039,Haug,Kjell,NO,,bergen,,
1040,Klungsøyr,Kari,NO,,bergen,,
1041,Morken,Nils-Halvdan,NO,,bergen,,
1042,DeRoo,Lisa A,NO,,bergen,,
1043,Skjaerven,Rolv,NO,,bergen,,
1044,Selmer,R,NO,,oslo,,
1045,Erlenkamp,Sonja,NO,sonja.erlenkamp@hist.no,trondheim,,
1046,Fløisand,Yngvar,NO,,0424 oslo,,
1047,Beiske,Klaus,NO,,0424 oslo,,
1048,Tjønnfjord,Geir Erland,NO,,0424 oslo,,
1049,Heldal,Dag,NO,,0424 oslo,,
1050,Bjerkehagen,Bodil,NO,,0424 oslo,,
1051,Revheim,Mona-Elisabeth,NO,,0424 oslo,,
1052,Heim,Sverre,NO,,0424 oslo,,
1053,Bruland,Oyvind Sverre,NO,,0424 oslo,,
1054,Hall,Kirsten Sundby,NO,,0424 oslo,,
1055,Tierens,Anne,NO,,0424 oslo,,
1056,Delabie,Jan,NO,,0424 oslo,,
1057,Heiberg,Kristi  Elisabeth,NO,k.e.heiberg@medisin.uio.no,oslo,,
1058,Claussen,B,NO,,university of oslo,,
1059,Thrane,Alexander S,NO,,bergen,,
1060,Bakken,Toril,NO,toril.bakken@uit.no.,n-9037 tromsø,,
1061,Braaten,Tonje,NO,tonje.braaten@uit.no.,n-9037 tromsø,,
1062,Lund,Eiliv,NO,eiliv.lund@uit.no.,n-9037 tromsø,,
1063,Skeie,Guri,NO,guri.skeie@uit.no.,n-9037 tromsø,,
1064,Kristoffersen,Laila,NO,laila.kristoffersen@stolav.no,st olav's university hospital,,
1065,Sund,T,NO,torbjorn.sund@telenor.com,fornebu,,
1066,Willumsen,T,NO,tiril@odont.uio.no,university of oslo,,
1067,Uleberg,O,NO,oddvar.uleberg@stolav.no.,trondheim,,
1068,Eidstuen,S C,NO,,trondheim,,
1069,Vangberg,G,NO,,trondheim,,
1070,Skogvoll,E,NO,,trondheim,,
1071,Ingvaldsen,Christoffer Aam,NO,,university of oslo,,
1072,Bosse,Gerhard,NO,,university of oslo,,
1073,Mynarek,Georg Karl,NO,,university of oslo,,
1074,Berg,Thomas,NO,,university of oslo,,
1075,Tindholdt,Tyge Tind,NO,,university of oslo,,
1076,Tønseth,Kim Alexander,NO,,university of oslo,,
1077,Degerud,E,NO,,bergen,,
1078,Hoff,R,NO,,oslo,,
1079,Nygård,O,NO,,bergen,,
1080,Strand,E,NO,,bergen,,
1081,Nilsen,D W,NO,,bergen,,
1082,Nordrehaug,J E,NO,,bergen,,
1083,Midttun,Ø,NO,,bergen,,
1084,Ueland,P M,NO,,bergen,,
1085,de Vogel,S,NO,,bergen,,
1086,Dierkes,J,NO,,bergen,,
1087,Ehrnström,Birgitta,NO,,trondheim,,
1088,Beckwith,Kai Sandvold,NO,,trondheim,,
1089,Yurchenko,Mariia,NO,,trondheim,,
1090,Moen,Siv Helen,NO,,trondheim,,
1091,Kojen,June Frengen,NO,,trondheim,,
1092,Lentini,Germana,NO,,trondheim,,
1093,Damås,Jan Kristian,NO,,trondheim,,
1094,Espevik,Terje,NO,,trondheim,,
1095,Stenvik,Jørgen,NO,,trondheim,,
1096,Bjerke,Soen Eng Yap,NO,eng@online.no,oslo,,
1097,Jorde,Rolf,NO,rolf.jorde@unn.no,tromsø,,
1098,Sandbu,Synne,NO,,oslo,,
1099,Emilsson,Louise,NO,,oslo,,
1100,Haj-Yasein,Nadia Nabil,NO,,oslo,,
1101,Drange,Ole Kristian,NO,ole.kristian.drange@gmail.com.,trondheim,,
1102,Vaaler,Arne Einar,NO,,trondheim,,
1103,Morken,Gunnar,NO,,trondheim,,
1104,Andreassen,Ole Andreas,NO,,oslo,,
1105,Malt,Ulrik Fredrik,NO,,oslo,,
1106,Finseth,Per Ivar,NO,,trondheim,,
1107,Sekiguchi,Osamu,NO,,n-0315 oslo,,
1108,Leren,T P,NO,,ullevål university hospital,,
1109,Carver,Rebecca Bruu,NO,,oslo,,
1110,Nordheim,Espen,NO,,oslo,,
1111,Olafsson Storrø,Monica,NO,,oslo,,
1112,Natvik,Ane Kristine,NO,,oslo,,
1113,Birkeland Kro,Grete,NO,,oslo,,
1114,Midtvedt,Karsten,NO,,oslo,,
1115,Varberg Reisaeter,Anna,NO,,oslo,,
1116,Hagness,Morten,NO,,oslo,,
1117,Fevang,Børre,NO,,oslo,,
1118,Pettersen,Frank O,NO,,oslo,,
1119,Leirskar,J,NO,jakoble@odont.uio.no,university of oslo,,
1120,Ekelund,U,NO,,oslo,,
1121,Lunde,Knut B,NO,,trondheim,,
1122,Berge,Torunn,NO,,n- oslo,,
1123,Moan,J,NO,johan.moan@labmed.uio.no,oslo,,
1124,Bringeland,E A,NO,erling.bringeland@stolav.no,trondheim,,
1125,Røttingen,John-Arne,NO,,oslo,,
1126,Lønning,Per E,NO,,bergen,,
1127,Norderval,Stig,NO,,n- tromsö,,
1128,Bjugn,R,NO,,university of bergen,,
1129,Bergan,T,NO,,n- oslo,,
1130,Svanteson,Mona,NO,,oslo,,
1131,Rollefstad,Silvia,NO,,oslo,,
1132,Kløw,Nils Einar,NO,,oslo,,
1133,Hisdal,Jonny,NO,,oslo,,
1134,Ikdahl,Eirik,NO,,oslo,,
1135,Semb,Anne Grete,NO,,oslo,,
1136,Haig,Ylva,NO,,oslo,,
1137,Moseng,Bera Ulstein,NO,,oslo,,
1138,Bjørnshagen,Vegar,NO,,oslo,,
1139,Bakke,A,NO,,às-nlh,,
1140,Stokke,M,NO,,blindern,,
1141,Haugan,T,NO,tommy.haugan@veths.no,n-0033 oslo,,
1142,Egelandsdal,Bjørg,NO,,n-1430 ås,,
1143,Anschütz,H,NO,,ngi oslo oslo,,
1144,Divine,D,NO,,fram centre tromsø,,
1145,Sinisalo,A,NO,,university of oslo oslo,,
1146,Isaksson,E,NO,,fram centre tromsø,,
1147,Benjaminsen,Espen,NO,,bodø,,
1148,Reigstad,Anne,NO,,bodø,,
1149,Cengija,Vanja,NO,,oslo,,
1150,Lilleby,Vibke,NO,,oslo,,
1151,Carlsson,Maria,NO,,tromsø,,
1152,Mekki,Tone Elin,NO,,bergen,,
1153,Øye,Christine,NO,,bergen,,
1154,Kristensen,Bodil,NO,,hordaland,,
1155,Dahl,Helen,NO,,bergen,,
1156,Haaland,Astrid,NO,,haugesund,,
1157,Nordin,Kristin Aas,NO,,helse stavanger hf,,
1158,Strandos,Marta,NO,,sogn og fjordane,,
1159,Terum,Toril Marie,NO,,bergen,,
1160,Ydstebø,Arnt Egil,NO,,rogaland,,
1161,McCormack,Brendan,NO,,university college of southeast norway,,
1162,Grydeland,Thomas B,NO,thomas.grydeland@med.uib.no,n- bergen,,
1163,Oxman,Andrew D,NO,,n-0130 oslo,,
1164,Rykke,M,NO,,university of oslo,,
1165,Klokk,Tove Irene,NO,,oslo,,
1166,Sandvig,Kirsten,NO,,oslo,,
1167,Holmøy,Trygve,NO,,lørenskog,,
1168,Kleveland,Grethe,NO,,lillehammer,,
1169,Tysnes,Ole-Bjørn,NO,,bergen,,
1170,Eriksen,B O,NO,,university hospital of tromsø,,
1171,Bjordal,Jan Magnus,NO,jmb@hib.no,bergen,,
1172,Vestrheim,Didrik F,NO,didrik.frimann.vestrheim@fhi.no,no-oslo,,
1173,Ueland,T,NO,thor.ueland@rikshospitalet.no,oslo,,
1174,Kjeken,Ingvild,NO,ingvild.kjeken@diakonsyk.no.,n- oslo,,
1175,Tørhaug,T,NO,,trondheim,,
1176,Brurok,B,NO,,trondheim,,
1177,Hoff,J,NO,,trondheim,,
1178,Helgerud,J,NO,,trondheim,,
1179,Leivseth,G,NO,,trondheim,,
1180,Kaale,Bertel Rune,NO,kaale@c2i.net,sandane,,
1181,Vaerøy,H,NO,,reinsvoll,,
1182,Kruse,H,NO,,oslo,,
1183,Melberg,Hans Olav,NO,,oslo,,
1184,Lønning,Kjersti,NO,,oslo,,
1185,Midtvedt,Karsten,NO,,oslo,,
1186,Heldal,Kristian,NO,,oslo,,
1187,Andersen,Marit Helen,NO,,oslo,,
1188,Yang,Runkuan,NO,runkuanyang@gmail.com.,oslo,,
1189,Tonnesseen,Tor Inge,NO,,oslo,,
1190,Johannessen,Hans-Olaf,NO,hansjoha@online.no,oslo,,
1191,Vik,Torstein,NO,,trondheim,,
1192,Børresen,A L,NO,,city of oslo,,
1193,Ebbesson,Lars O E,NO,,bergen,,
1194,Nilsen,Tom O,NO,,bergen,,
1195,Jørgensen,Even H,NO,,tromsø,,
1196,Assev,S,NO,assev@ulrik.uio.no,university of oslo,,
1197,Kilvaer,Thomas K,NO,,tromso,,
1198,Paulsen,Erna-Elise,NO,,tromso,,
1199,Hald,Sigurd M,NO,,tromso,,
1200,Wilsgaard,Tom,NO,,tromso,,
1201,Bremnes,Roy M,NO,,tromso,,
1202,Busund,Lill-Tove,NO,,tromso,,
1203,Donnem,Tom,NO,,tromso,,
1204,Mollnes,Tom Eirik,NO,,oslo,,
1205,Stensvand,A,NO,,n- ås,,
1206,Strømeng,G M,NO,,n- ås,,
1207,Borota,O Casar,NO,olivera.casar.borota@vll.se,oslo,,
1208,Bjerklund Johansen,T E,NO,tebi@sthf.no,porsgrunn,,
1209,Fayers,P M,NO,,trondheim,,
1210,Westlye,Lars T,NO,l.t.westlye@psykologi.uio.no,oslo,,
1211,Skjelland,Mona,NO,,university of oslo,,
1212,Gullestad,Lars,NO,,university of oslo,,
1213,Halvorsen,Bente,NO,,university of oslo,,
1214,Aukrust,Paul,NO,,university of oslo,,
1215,David,R B,NO,,oslo,,
1216,Skipstein,Anni,NO,anni@fhi.no,oslo 0403,,
1217,Strand,Bjørn Heine,NO,heine@fhi.no,oslo,,
1218,Haugen,G,NO,,university of oslo,,
1219,Aarflot,T,NO,,university of oslo,,
1220,Engen,Steinar,NO,,n- trondheim,,
1221,Reimann,Clemens,NO,clemensreimann@yahoo.co.uk,n- trondheim,,
1222,Bingen,B,NO,,trondheim,,
1223,Viola,G,NO,,trondheim,,
1224,Johannessen,Berit,NO,berit.johannessen@uia.no,institute of health and nursing science,,
1225,Høyer,Georg,NO,,n- tromsø,,
1226,Valdersnes,Stig,NO,,n-5817 bergen,,
1227,Solli,Berit,NO,,n-5817 bergen,,
1228,Sele,Veronika,NO,,n-5817 bergen,,
1229,Julshamn,Kåre,NO,,n-5817 bergen,,
1230,Singh,P B,NO,p.b.singh@odont.uio.no,oslo,,
1231,Anderson,Helen,NO,helen.anderson@uit.no.,tromsø,,
1232,Nøst,Torunn Hatlen,NO,,trondheim,,
1233,Steinsbekk,Aslak,NO,,trondheim,,
1234,Bratås,Ola,NO,,trondheim,,
1235,Grønning,Kjersti,NO,,trondheim,,
1236,Brandtzaeg,P,NO,,rikshospitalet,,
1237,von Tetzchner,S,NO,s.v.tetzchner@psychologi.uio.no,university of oslo,,
1238,Tooming-Klunderud,Ave,NO,,oslo,,
1239,Lind,Karianne F,NO,karianne.lind@uit.no,breivika n- tromsø,,
1240,Robsahm,Trude Eid,NO,,oslo,,
1241,Gopinathan,Unni,NO,unni.gnathan@gmail.com,universitetet i oslo,,
1242,Hope,Tuva R,NO,,trondheim,,
1243,Bjørnerud,Atle,NO,,oslo,,
1244,Husebye,Elisabeth E,NO,i.e.e.husebye@medisin.uio.no,ullevaal,,
1245,Odden,J P,NO,,university of oslo,,
1246,Johannessen,Lene,NO,lene.johannessen@ntnu.no,trondheim,,
1247,Dögl,Malin,NO,,trondheim,,
1248,Romundstad,Pål,NO,,trondheim,,
1249,Berntzen,Line Dahlgaard,NO,,oslo,,
1250,Fremgaarden,Oliv Camilla,NO,,elverum,,
1251,Kirial,Katrine,NO,,stavanger,,
1252,Kjøllesdal,Anne Molne,NO,,drammen,,
1253,Nygaard,Benedicte S,NO,,kristiansand,,
1254,Robberstad,Line,NO,,ålesund,,
1255,Steen,Thorbjørn,NO,,oslo,,
1256,Tappert,Christian,NO,,trondheim,,
1257,Torkildsen,Cecilie Fredvik,NO,,haugesund,,
1258,Vaernesbranden,Magdalena R,NO,,østfold hospital trust,,
1259,Vietheer,Alexander,NO,,bergen,,
1260,Heimstad,Runa,NO,,trondheim,,
1261,Sletvold,Olav,NO,olav.sletvold@ntnu.no,university hospital of trondheim,,
1262,Olderøy,Magnus O,NO,,trondheim,,
1263,Sjaastad,O,NO,,trondheim university hospital,,
1264,Bjornland,K,NO,,oslo,,
1265,Leiros,Hanna-Kirsti S,NO,hanna-kirsti.leiros@chem.uit.no,n- tromsø,,
1266,Danielsen,Havard,NO,,oslo,,
1267,Görbitz,Carl Henrik,NO,c.h.gorbitz@kjemi.uio.no,n-0315 oslo,,
1268,Reichborn-Kjennerud,T,NO,,oslo,,
1269,Czajkowski,N,NO,,oslo,,
1270,Ystrøm,E,NO,,oslo,,
1271,Ørstavik,R,NO,,oslo,,
1272,Tambs,K,NO,,oslo,,
1273,Torgersen,S,NO,,oslo,,
1274,Røysamb,E,NO,,oslo,,
1275,Knudsen,G P,NO,,oslo,,
1276,Kittang,Bård R,NO,,bergen,,
1277,Oppegaard,Oddvar,NO,,bergen,,
1278,Bruun,Trond,NO,,bergen,,
1279,Mylvaganam,Haima,NO,,bergen,,
1280,Skrede,Steiner,NO,,bergen,,
1281,Almendingen,K,NO,,university of oslo,,
1282,Dahl,I M,NO,,tromso,,
1283,Lien,S,NO,,as,,
1284,Aukland,K,NO,,university of bergen,,
1285,Karlberg,Anna M,NO,anna.karlberg@stolav.no.,trondheim,,
1286,Sæther,Oddbjørn,NO,oddbjorn.sather@stolav.no.,trondheim,,
1287,Eikenes,Live,NO,live.eikenes@ntnu.no.,trondheim,,
1288,Goa,Pål Erik,NO,pal.e.goa@ntnu.no.,trondheim,,
1289,Rosén,G,NO,,oslo,,
1290,Hinderaker,Sven,NO,,bergen,,
1291,Strand,G V,NO,,university of bergen,,
1292,Søgaard,Anne Johanne,NO,,oslo,,
1293,Omsland,Tone K,NO,,oslo,,
1294,Holvik,Kristin,NO,,oslo,,
1295,Tell,Grethe S,NO,,oslo,,
1296,Dahl,Cecilie,NO,,oslo,,
1297,Schei,Berit,NO,,trondheim,,
1298,Meyer,Haakon E,NO,,oslo,,
1299,Kulseth,Mari Ann,NO,mari.ann.kulseth@oslo-universitetssykehus.no,oslo,,
1300,Krohn,Jørgen,NO,jorgen.krohn@helse-bergen.no,haukeland university hospital,,
1301,Mathiesen,Mette,NO,,n- trondheim,,
1302,Aabakken,L,NO,,oslo,,
1303,Lambert,François M,NO,,oslo,,
1304,Glover,Joel C,NO,,oslo,,
1305,Aandahl,E M,NO,,university of oslo,,
1306,Thoresen,M,NO,,oslo,,
1307,Van Nhiem,Duong,NO,dvnhiem@gmail.com,aas,,
1308,Krokene,Paal,NO,paal.krokene@skogforsk.no,n- as,,
1309,Chen,Duan,NO,,n-7491 trondheim,,
1310,Falch,Ken Vidar,NO,,trondheim,,
1311,Ringdal,Kjetil Gorseth,NO,,tønsberg,,
1312,Hestnes,Morten,NO,,oslo,,
1313,Skaga,Nils Oddvar,NO,,oslo,,
1314,Eken,Torsten,NO,,oslo,,
1315,Brendbekken,Randi,NO,randi.brendbekken@sykehuset-innlandet.no.,ottestad,,
1316,Eriksen,Hege R,NO,,bergen,,
1317,Grasdal,Astrid,NO,,bergen,,
1318,Harris,Anette,NO,,bergen,,
1319,Hagen,Eli M,NO,,ottestad,,
1320,Tangen,Tone,NO,,bergen,,
1321,Qvigstad,E,NO,elisabeth.qvigstad@medisin.ntnu.no,trondheim,,
1322,Sandset,Per Morten,NO,,oslo,,
1323,Ghosh,Abhik,NO,abhik@chem.uit.no,tromsø,,
1324,Størdal,K,NO,ketil.stoerdal@c2i.net,fredrikstad,,
1325,Vik,A,NO,,university of trondheim,,
1326,Mørch,Kristine,NO,,bergen,,
1327,Melinder,Annika,NO,,oslo,,
1328,Geccherle,Eleonora,NO,,oslo,,
1329,Berg,J P,NO,j.p.berg@ioks.uio.no,oslo,,
1330,Steinsland,Hans,NO,hans.steinsland@bio.uib.no,n- bergen,,
1331,Lønning,Per Eystein,NO,,bergen,,
1332,Christy,Alfred A,NO,alfred.christy@uia.no,kristiansand,,
1333,Brede,C,NO,cato.brede@nmt-mrog.rl.no,n- stavanger,,
1334,Giertsen,E,NO,,university of bergen,,
1335,Rostad,Kari,NO,,bergen,,
1336,Erbe,Andreas,NO,,7491 trondheim,,
1337,Lonnée-Hoffmann,Risa A M,NO,risa.hoffmann@stolav.no,trondheim,,
1338,Kristiansen,Håvard Anton,NO,h.a.kristiansen@medisin.uio.no,lørenskog,,
1339,Ellingsen,Jan-Eirik,NO,,oslo,,
1340,Laerum,Even,NO,,n-0217 oslo,,
1341,Olsvik,Pål A,NO,pal.olsvik@nifes.no.,bergen,,
1342,Urke,Henning A,NO,henning.urke@inaq.no.,trondheim,,
1343,Nilsen,Tom O,NO,tom.nilsen@uni.no.,bergen,,
1344,Ulvund,John B,NO,john.birger.ulvund@uin.no.,trondheim,,
1345,Kristensen,Torstein,NO,torstein.kristensen@uin.no.,trondheim,,
1346,D'Antonio,Francesco,NO,,tromsø,,
1347,Iliev,Dimitar B,NO,,n- tromsø,,
1348,Ulvund,M J,NO,,sandnes,,
1349,Glover,Kevin A,NO,kevin.glover@imr.no.,bergen,,
1350,Madhun,Abdullah S,NO,abdullah.madhun@imr.no.,bergen,,
1351,Dahle,Geir,NO,geir.dahle@imr.no.,bergen,,
1352,Sørvik,Anne G E,NO,anneges@imr.no.,bergen,,
1353,Wennevik,Vidar,NO,vidar.wennevik@imr.no.,bergen,,
1354,Skaala,Øystein,NO,oystein.skaala@imr.no.,bergen,,
1355,Morton,H Craig,NO,craig.morton@imr.no.,bergen,,
1356,Hansen,Tom J,NO,tomh@imr.no.,bergen,,
1357,Fjelldal,Per G,NO,pergf@imr.no.,bergen,,
1358,Moe,Ane,NO,,n- oslo,,
1359,Ulven,Arne Johan,NO,ajul@helse-bergen.no,bergen,,
1360,Lazarevic,Bato,NO,,oslo,,
1361,Aabakken,L,NO,larsaa@klinmed.uio.no,oslo,,
1362,Røkke,O,NO,,tromsø university hospital,,
1363,Wilhelmsen,Øivind,NO,,no-7465 trondheim,,
1364,Trinh,Thuat T,NO,,no- trondheim,,
1365,Lervik,Anders,NO,,no- trondheim,,
1366,Tennfjord,Merete Kolberg,NO,,lørenskog,,
1367,Bolstad,A I,NO,,university of bergen,,
1368,Urheim,Stig,NO,stig.urheim@oslo-universitetssykehus.no,rikshospitalet,,
1369,Drogset,Jon Olav,NO,,trondheim,,
1370,Riise,Trond,NO,trond.riise@isf.uib.no,university of bergen,,
1371,Abbandonato,Holly,NO,,tromsø 9037,,
1372,Bergan,Frode,NO,,bø 3800,,
1373,Bråthen,Vegard Sandøy,NO,,trondheim 7491,,
1374,Nilsen,Solveig,NO,,trondheim 7491,,
1375,Paquin,Karolina,NO,,tromsø 9037,,
1376,Svoen,Mildrid Elvik,NO,,oslo 0316,,
1377,Müller,Eike,NO,,svalbard,,
1378,Coulson,Stephen James,NO,,svalbard,,
1379,Helsing,Per,NO,per.helsing@rikshospitalet.no,n- oslo,,
1380,Liow,Lee Hsiang,NO,l.h.liow@bio.uio.no,oslo,,
1381,Landrø,N I,NO,,university of oslo,,
1382,Júlíusson,Pétur Benedikt,NO,,bergen,,
1383,Dietrichs,E,NO,,university of oslo,,
1384,Holmqvist,C,NO,,trondheim,,
1385,Rebnord,Ingrid Keilegavlen,NO,,bergen,,
1386,Sandvik,Hogne,NO,,bergen,,
1387,Mjelle,Anders Batman,NO,,bergen,,
1388,Hunskaar,Steinar,NO,,bergen,,
1389,Kjekshus,Lars,NO,l.e.kjekshus@medisin.uio.no,oslo,,
1390,Ladstein,Rita Grude,NO,,bergen,,
1391,Solbu,Marit D,NO,marit.solbu@fagmed.uit.no,tromsø,,
1392,Debenham,John J,NO,,oslo,,
1393,Tysnes,Kristoffer,NO,,oslo,,
1394,Robertson,Lucy J,NO,,oslo,,
1395,Aukrust,P,NO,,rikshospitalet,,
1396,Berg,J P,NO,,oslo,,
1397,Degirmenci,Naim,NO,,lillehammer,,
1398,Fossum,Ingrid Nesdal,NO,ingrid.nesdal.fossum@sykehuset-innlandet.no.,lillehammer,,
1399,Strand,Tor Arne,NO,,lillehammer,,
1400,Vaktskjold,Arild,NO,,lillehammer,,
1401,Holten-Andersen,Mads Nikolaj,NO,,lillehammer,,
1402,Rangul,Vegar,NO,,trondheim,,
1403,Nauman,Javaid,NO,,trondheim,,
1404,Nes,Bjarne M,NO,,trondheim,,
1405,Dalen,Håvard,NO,,levanger,,
1406,Krokstad,Steinar,NO,,levanger,,
1407,Wisløff,Ulrik,NO,,trondheim,,
1408,Tollefsen,Knut E,NO,,norwegian institute for water research (niva),,
1409,Rappa,G,NO,germanar@labmed.uio.no,oslo,,
1410,Svarverud,Ellen,NO,,kongsberg,,
1411,Gebriel,Mohammed,NO,,stavanger,,
1412,Hansson,Oskar,NO,oskar.hansson@fhi.no.,oslo,,
1413,Egeland,Thore,NO,,oslo,,
1414,Gill,Peter,NO,,oslo,,
1415,Bell,Rae Frances,NO,rae.bell@helse-bergen.no,bergen,,
1416,Seredkina,Natalya,NO,,tromsø,,
1417,Olsen,,NO,odd-arne.olsen@nlh10.nlh.no.,plant molecular biology laboratory department of biotechnological sciences agricultural university of norway p.o. box  n-1432 as,,
1418,Nicolaissen,B,NO,,ullevål hospital,,
1419,Gautestad,Arild O,NO,a.o.gautestad@bio.uio.no,n-0316 oslo,,
1420,Wang,Junbai,NO,junbai.wang@rr-research.no,oslo,,
1421,Sjåvik,Kristin,NO,,tromsø,,
1422,Sagberg,Lisa Millgård,NO,,trondheim,,
1423,Henriksen,Marte Lødemel,NO,,tromsø,,
1424,Gulati,Sasha,NO,,trondheim,,
1425,Solheim,Ole,NO,,trondheim,,
1426,Jakola,Asgeir Store,NO,,trondheim,,
1427,Ulvestad,E,NO,elling.ulvestad@haukeland.no,bergen,,
1428,Andersen,Ole Andreas,NO,,tromso,,
1429,Sonnewald,Ursula,NO,ursula.sonnewald@medisin.ntnu.no,no- trondheim,,
1430,Sivertsen,Børge,NO,borge.sivertsen@fhi.no.,bergen,,
1431,Tell,Grethe S,NO,,bergen,,
1432,Øverland,Simon,NO,,bergen,,
1433,Edén,Ulla,NO,,oslo,,
1434,Rognstad,May-Karin,NO,may-karin.rognstad@su.hio.no,n- oslo,,
1435,Ruohonen,Kari,NO,,sandnes,,
1436,Dahl,O E,NO,,oslo,,
1437,Malterud,Kirsti,NO,kirsti.malterud@isf.uib.no,uni health,,
1438,Verburg,E,NO,,n- oslo,,
1439,Mbawalla,Hawa S,NO,hawa.mbawalla@student.uib.no,bergen,,
1440,Tveraa,Torkild,NO,,tromsoe,,
1441,Fredriksen,Torbjørn A,NO,toafredr@online.no.,trondheim,,
1442,Sjaastad,Ottar,NO,ellhed@online.no.,trondheim,,
1443,Fjeld,Katrine Gahre,NO,,oslo,,
1444,Eide,Hilde,NO,,drammen,,
1445,Mowe,Morten,NO,,oslo,,
1446,Hove,Lene Hystad,NO,,oslo,,
1447,Willumsen,Tiril,NO,,oslo,,
1448,Weimand,B M,NO,bente.weimand@ahus.no.,lørenskog,,
1449,Israel,P,NO,,lørenskog,,
1450,Mon-Williams,Mark,NO,,kongsberg,,
1451,Andersson,Els-Marie,NO,elsmaria@odont.uio.no,university of oslo,,
1452,Haugland,Siri H,NO,siri.h.haugland@ntnu.no.,levanger,,
1453,Træen,Bente,NO,,oslo,,
1454,Laerdahl,Jon K,NO,,no- oslo,,
1455,Pietka,Wojciech,NO,,oslo,,
1456,Khnykin,Denis,NO,,oslo,,
1457,Bertelsen,Vibeke,NO,,oslo,,
1458,Lossius,Astrid Haaskjold,NO,,oslo,,
1459,Stav-Noraas,Tor Espen,NO,,oslo,,
1460,Hol Fosse,Johanna,NO,,oslo,,
1461,Galtung,Hilde Kanli,NO,,oslo,,
1462,Sundnes,Olav,NO,,oslo,,
1463,Tøndel,Camilla,NO,camilla.tondel@med.uib.no,bergen,,
1464,Enmarker,Ingela,NO,,steinkjer,,
1465,Pierre-Jerome,Claude,NO,,lorenskog,,
1466,Jonassen,C M,NO,christmj@embnet.uio.no,oslo,,
1467,Sunde,P T,NO,,oslo,,
1468,Utvik,J K,NO,,university of oslo,,
1469,Johannessen,Lars E F,NO,,oslomet - oslo metropolitan university,,
1470,Reichborn-Kjennerud,Ted,NO,ted.reichborn-kjennerud@fhi.no,oslo,,
1471,Diep,Dzung B,NO,,ås,,
1472,Olsen,Ingrid,NO,ingrid.olsen@vetinst.no,oslo,,
1473,David,Jamil,NO,jamildavid@hotmail.com,bergen,,
1474,Olsen,I,NO,ingrid.olsen@vetinst.no,oslo,,
1475,Holt,Marte,NO,marte.holt@norsvin.no,as,,
1476,Tinnesand,Helga V,NO,,n- bø i telemark,,
1477,Rosell,Frank,NO,,n- bø i telemark,,
1478,Afset,Jan E,NO,jan.afset@stolav.no,n- trondheim,,
1479,Torre,Sissel,NO,,norwegian university of life sciences ås,,
1480,Kraniotis,Dimitrios,NO,,norwegian university of life sciences ås,,
1481,Stiris,Tom,NO,,oslo,,
1482,Solberg,Rønnaug,NO,,rikshospitalet,,
1483,Garberg,Håvard T,NO,,rikshospitalet,,
1484,Huun,Marianne U,NO,,rikshospitalet,,
1485,Saugstad,Ola D,NO,,rikshospitalet,,
1486,Hellebostad,M,NO,,oslo,,
1487,Reikvam,Asmund,NO,asmund.reikvam@labmed.uio.no,n- oslo,,
