temp_id,lastname,firstname,countries_scope,email,town,role,url
1,Labberton,Angela Susan,NO,,oslo,,
2,Thommessen,Bente,NO,,lørenskog,,
3,Rønning,Ole Morten,NO,,oslo,,
4,Dahl,Fredrik A,NO,,oslo,,
5,Barra,Mathias,NO,,lørenskog,,
6,Malterud,K,NO,,university of bergen,,
7,Stray-Pedersen,Asbjorg,NO,,0424 oslo,,
8,Busk,Oyvind L,NO,,skien,,
9,Akdemir,Zeynep Coban,NO,,oslo,,
10,Mosberian-Tanha,P,NO,,aas,,
11,Landsverk,T,NO,,oslo,,
12,Press,C M,NO,,oslo,,
13,Mydland,L T,NO,,aas,,
14,Øverland,M,NO,,aas,,
15,Borge,Finn-Magnus,NO,finnmagnus.borge@modum-bad.no,modum bad,,
16,Klokk,Tove Irene,NO,,oslo,,
17,Sandvig,Kirsten,NO,,oslo,,
18,Vindenes,Vigdis,NO,vigdis.vindenes@fhi.no,nasjonalt folkehelseinstitutt,,
19,Lindseth,Frank,NO,frank.lindseth@sintef.no,trondheim,,
20,Østlie,Kristin,NO,kristin.ostlie@sykehuset-innlandet.no,ottestad,,
21,Popova,S N,NO,,bergen,,
22,Landheim,Anne Signe,NO,anne.landheim@sykehuset-innlandet.no,innlandet hospital trust,,
23,Mehlum,Lars Ivar,NO,lars.mehlum@helse-bergen.no,bergen,,
24,Hov,Johannes R,NO,,oslo,,
25,Devle,Hanne,NO,,as,,
26,Sonesson,A,NO,,oslo,,
27,Sjoeborg,Katrine D,NO,,oestfold hospital trust,,
28,Leiknes,T,NO,torove.leiknes@ntnu.no,n- trondheim,,
29,Priebe,H,NO,hp@nycomed.com,oslo,,
30,Mühlroth,Alice,NO,,trondheim,,
31,Winge,Per,NO,,trondheim,,
32,El Assimi,Aimen,NO,,trondheim,,
33,Hohmann-Marriott,Martin F,NO,,trondheim,,
34,Vadstein,Olav,NO,,trondheim,,
35,Bones,Atle M,NO,atle.m.bones@ntnu.no.,trondheim,,
36,Larsen,Alf I,NO,,stavanger,,
37,Debowski,Jedrzej A,NO,,tonsberg,,
38,Wærp,Cora,NO,,tonsberg,,
39,Kjellevold,Stig A,NO,,tonsberg,,
40,Abedini,Sadollah,NO,,tonsberg,,
41,Ueland,Thor,NO,,oslo,,
42,Gullestad,Lars,NO,,oslo,,
43,Aukrust,Pål,NO,,oslo,,
44,Broughton,Marianne Nordlund,NO,,oslo,,
45,Warren,David J,NO,,oslo,,
46,Bolstad,Nils,NO,,oslo,,
47,Pallesen,S,NO,,bergen,,
48,Torsheim,T,NO,,bergen,,
49,Malm,Siri,NO,siri.malm@ntnu.no,trondheim,,
50,Sørensen,H N,NO,,university of oslo,,
51,Conradie,Jeanet,NO,,n- tromso,,
52,Svane,S,NO,,drammen,,
53,Duane,Gregory S,NO,,5020 bergen,,
54,Griffiths,Silja T,NO,,bergen,,
55,Aukland,Stein Magnus,NO,,bergen,,
56,Eide,Geir Egil,NO,,bergen,,
57,Elgen,Irene B,NO,,bergen,,
58,Gundersen,Hilde,NO,,bergen,,
59,Sandvik,Oddvar M,NO,,bergen,,
60,Søreide,Kjetil,NO,,bergen,,
61,Aukland,K,NO,knut.aukland@fys.uib.no,n- bergen,,
62,Christie,K E,NO,,bergen,,
63,Saeterbakken,Atle H,NO,atle.saeterbakken@hisf.no,sogndal,,
64,Solheim,E,NO,,university of oslo,,
65,Strøm,Ida Frugård,NO,,oslo,,
66,Aakvaag,Helene Flood,NO,,oslo,,
67,Birkeland,Marianne Skogbrott,NO,,oslo,,
68,Thoresen,Siri,NO,,oslo,,
69,Meijer,Hanneke J M,NO,,bergen,,
70,Seip,Kotryna,NO,,oslo,,
71,Jørgensen,Kjetil,NO,,oslo,,
72,Haselager,Marco Vincent,NO,,oslo,,
73,Haugen,Mads Haugland,NO,,oslo,,
74,Egeland,Eivind Valen,NO,,oslo,,
75,Engebraaten,Olav,NO,,oslo,,
76,Mælandsmo,Gunhild Mari,NO,,tromsø,,
77,Nordal,H J,NO,,oslo,,
78,Dyregrov,Kari,NO,kari@krisepsyk.no,oslo,,
79,A-Ranberg,I M,NO,ina.ranberg@ihf.nlh.no,n-1432 as,,
80,Roaldset,John Olav,NO,johnolr@gmail.com,alesund,,
81,Dahl,Alv A,NO,alvd@ulrik.uio.no,oslo,,
82,Jynge,P,NO,,university of trondheim,,
83,Meuskens,Ina,NO,,oslo,,
84,Michalik,Marcin,NO,,oslo,,
85,Chauhan,Nandini,NO,,oslo,,
86,Linke,Dirk,NO,,oslo,,
87,Leo,Jack C,NO,,oslo,,
88,Halse,Johan,NO,johalse@online.no,oslo,,
89,Andrews,B J,NO,,haukeland hospital,,
90,Johannessen,Håkon A,NO,hajn@fhi.no,oslo,,
91,Josefsen,D,NO,,bergen,,
92,Holdaas,Hallvard,NO,,0424 oslo,,
93,Berdinesen,Ronny,NO,,no-1432 ås,,
94,Klingen,Ingeborg,NO,,no- ås,,
95,Berg,Rolf Y,NO,,0318 oslo,,
96,Alnæs,Dag,NO,,oslo,,
97,Mirré,Virginia,NO,,no- oslo,,
98,Bjorå,Charlotte Sletten,NO,,no- oslo,,
99,Brochmann,Christian,NO,,no- oslo,,
100,Popp,Magnus,NO,,no- oslo,,
101,Tschamper,Merete Kristin,NO,,oslo,,
102,Jakobsen,Rita,NO,,oslo,,
103,Oterhals,Kjersti,NO,kjersti.oterhals@helse-bergen.no.,bergen,,
104,Hanssen,Tove Aminda,NO,,tromsø,,
105,Haaverstad,Rune,NO,,bergen,,
106,Nordrehaug,Jan Erik,NO,,stavanger,,
107,Eide,Geir Egil,NO,,bergen,,
108,Norekvål,Tone M,NO,,bergen,,
109,Tveiten,S,NO,sidsel.tveiten@hiak.no,lillestrøm,,
110,Albrektsen,Grethe,NO,,trondheim,,
111,Heuch,Ivar,NO,,university of bergen,,
112,Løchen,Maja-Lisa,NO,,tromsø,,
113,Wilsgaard,Tom,NO,,tromsø,,
114,Njølstad,Inger,NO,,tromsø,,
115,Bønaa,Kaare Harald,NO,,trondheim,,
116,Svarstad,Einar,NO,,bergen,,
117,Midtbust,May Helen,NO,mmi@ntnu.no.,no,,
118,Alnes,Rigmor Einang,NO,,no,,
119,Gjengedal,Eva,NO,,bergen,,
120,Lykkeslet,Else,NO,,molde,,
121,Johannesen,Tom Børge,NO,,n- oslo,,
122,Langseth,Hilde,NO,,n- oslo,,
123,Pedersen,Gabriel Kristian,NO,,university of bergen,,
124,Øie Solbak,Sara Marie,NO,,university of bergen,,
125,Bredholt,Geir,NO,,university of bergen,,
126,Pathirana,Rishi Delan,NO,,university of bergen,,
127,Nøstbakken,Jane Kristin,NO,,university of bergen,,
128,Raae,Arnt Johan,NO,,university of bergen,,
129,Brokstad,Karl Albert,NO,,university of bergen,,
130,Sjursen,Haakon,NO,,n- bergen,,
131,Haugeto,O,NO,ncd@pons.uio.no,n-0317 oslo,,
132,Bjørnerud,Atle,NO,atle.bjornerud@rikshospitalet.no,n- oslo,,
133,Junttila,Olavi,NO,olavi.junttila@uit.no,tromsø,,
134,Frengen,E,NO,efrengen@biotek.uio.no,university of oslo,,
135,Gulbrandsen,N,NO,nina.gulbrandsen@ioks.uio.no,oslo,,
136,Holmboe,Olaf,NO,,oslo,,
137,Iversen,Hilde Hestad,NO,,oslo,,
138,Danielsen,Kirsten,NO,,oslo,,
139,Bjertnaes,Oyvind,NO,,oslo,,
140,Frøen,J Frederik,NO,j.f.froen@klinmed.uio.no,university of oslo,,
141,Lønning,P E,NO,per.lonning@helse-bergen.no,university of bergen,,
142,Wiium,N,NO,nora.wiium@psyhp.uib.no,bergen,,
143,Thorgersen,Ebbe Billmann,NO,,oslo,,
144,Barratt-Due,Andreas,NO,,oslo,,
145,Haugaa,Håkon,NO,,oslo,,
146,Harboe,Morten,NO,,oslo,,
147,Pischke,Søren Erik,NO,,oslo,,
148,Nilsson,Per H,NO,,oslo,,
149,Mollnes,Tom Eirik,NO,,oslo,,
150,Elvik,Rune,NO,re@toi.no,no- oslo,,
151,Bakkebø,Maren,NO,,oslo,,
152,Olsen,L C,NO,,university of bergen,,
153,Langland,Eva,NO,eva.langeland@hib.no.,bergen,,
154,Tuntland,Hanne,NO,hanne.kristin.tuntland@hib.no.,bergen,,
155,Førland,Oddvar,NO,oddvar.forland@hib.no.,bergen,,
156,Aas,Eline,NO,eline.aas@medisin.uio.no.,oslo,,
157,Folkestad,Bjarte,NO,bjarte.folkestad@uni.no.,bergen,,
158,Jacobsen,Frode F,NO,frode.fadnes.jacobsen@hib.no.,bergen,,
159,Kjeken,Ingvild,NO,ingvild.kjeken@diakonsyk.no.,oslo,,
160,Heier,B T,NO,,oslo,,
161,Bye,Asta,NO,asta.bye@hioa.no.,oslo,,
162,Wesseltoft-Rao,Nima,NO,,oslo,,
163,Iversen,Per Ole,NO,,oslo,,
164,Skjegstad,Grete,NO,,oslo,,
165,Holven,Kirsten B,NO,,oslo,,
166,Ulven,Stine,NO,,oslo,,
167,Hjermstad,Marianne J,NO,,oslo,,
168,Harms,Klaus,NO,,tromsø,,
169,Johnsen,Pål J,NO,,tromsø,,
170,Falck,Pål,NO,pal.falck@farmasi.uio.no,oslo,,
171,Gudlaugsson,Einar,NO,,stavanger,,
172,Skaland,Ivar,NO,,stavanger,,
173,Tasdemir,Ilker,NO,,stavanger,,
174,Dalen,Ingvild,NO,,stavanger,,
175,van Diermen,Bianca,NO,,stavanger,,
176,Baak,Jan P A,NO,,5020 bergen,,
177,Janssen,Emiel A M,NO,,stavanger,,
178,Dotterud,L K,NO,,university of tromsø,,
179,Svarstad,E,NO,einar.svarstad@helse-bergen.no,bergen,,
180,Hammer,Karen M,NO,karen.hammer@bio.ntnu.no,trondheim,,
181,Brigtsen,Anne Karin,NO,,oslo,,
182,Hansen,Bjørn Henrik,NO,bjorn.h.hansen@sintef.no,n- trondheim,,
183,Torsheim,Torbjørn,NO,,bergen,,
184,Thomas,Kevin V,NO,kth@niva.no,oslo,,
185,Hallan,E,NO,,oslo,,
186,Skogen,Jens Christoffer,NO,,bergen 5018,,
187,Knapstad,Marit,NO,,bergen 5018,,
188,Overland,Simon,NO,,bergen 5018,,
189,Lönneborg,Anders,NO,anders.lonneborg@diagenic.com,oslo,,
190,Eikenes,Åsmund Husabø,NO,,oslo n-,,
191,Malerød,Lene,NO,,oslo n-,,
192,Lie-Jensen,Anette,NO,,oslo n-,,
193,Sem Wegner,Catherine,NO,,oslo n-,,
194,Brech,Andreas,NO,,oslo n-,,
195,Liestøl,Knut,NO,,oslo n-0316,,
196,Stenmark,Harald,NO,,oslo n-,,
197,Haglund,Kaisa,NO,kaisa.haglund@rr-research.no.,oslo n-,,
198,Bringa,Olav Rand,NO,,the ministry of children and equality,,
199,Os,I,NO,,oslo,,
200,Svennevig,J L,NO,,oslo,,
201,Baksaas-Aasen,K,NO,,oslo university hospital,,
202,Gaarder,C,NO,,oslo university hospital,,
203,Naess,P A,NO,,oslo university hospital,,
204,Bjørnerud,A,NO,abj@nycomed.com,oslo,,
205,Kaale,Anett,NO,anett.kaale@r-bup.no,oslo,,
206,Thoresen,Siri,NO,,oslo,,
207,Ims,R A,NO,,n-0316 oslo 3,,
208,Sagvolden,Terje,NO,terje.sagvolden@medisin.uio.no,university of oslo,,
209,Mellbye,O J,NO,,oslo,,
210,Altmann,Marianne,NO,,lørenskog,,
211,Thommessen,Bente,NO,,lørenskog,,
212,Rønning,Ole Morten,NO,,lørenskog,,
213,Benth,Jūratė Šaltytė,NO,,university of oslo,,
214,Reichenbach,Antje S,NO,,lørenskog,,
215,Fure,Brynjar,NO,,oslo,,
216,Hem,Marit Helene,NO,m.h.hem@helsefag.uio.no,oslo,,
217,Berge,K E,NO,,ullevål university hospital,,
218,Elstrand,Mari Bunkholt,NO,,n- oslo,,
219,Djønne,Berit,NO,,p.box  dep. n-0033 oslo,,
220,Ernstsen,Linda,NO,,trondheim,,
221,Garseth,Å H,NO,ase-helen.garseth@vetinst.no,trondheim,,
222,Eleftheriou,G,NO,,norwegian radiation protection authority,,
223,Ignjatovic,D,NO,,forde,,
224,Matre,D,NO,,oslo,,
225,Andersen,M R,NO,,oslo,,
226,Knardahl,S,NO,,oslo,,
227,Nilsen,K B,NO,,oslo,,
228,Berner,E,NO,,oslo,,
229,Qvigstad,E,NO,,oslo,,
230,Myrvold,A K,NO,,oslo,,
231,Lieng,M,NO,,oslo,,
232,Treusch,Alexander H,NO,,n- bergen,,
233,Bakke,Marit J,NO,,0033 oslo,,
234,Rasinger,Josef D,NO,,5817 bergen,,
235,Ingebrigtsen,Kristian,NO,,0033 oslo,,
236,Grung,Merete,NO,,n- oslo,,
237,Ruus,Anders,NO,,n- oslo,,
238,Berntssen,Marc H G,NO,,5817 bergen,,
239,Trogstad,L,NO,lill.trogstad@fhi.no,oslo,,
240,Öresland,Stina,NO,,drammen,,
241,Friberg,Febe,NO,,stavanger,,
242,Sandal,G M,NO,,university of bergen,,
243,Hartveit,E,NO,,department of neurophysiology,,
244,Horn,Geir,NO,geir.horn@sintef.no,lysaker,,
245,Håvarstein,L S,NO,,as,,
246,Loge,J H,NO,j.h.loge@medisin.uio.no,university of oslo,,
247,Sellevold,Olav F Münter,NO,olav.sellevold@ntnu.no,trondheim,,
248,Jorde,Rolf,NO,rolf.jorde@unn.no,tromsø,,
249,Sanz-Navarro,Carlos F,NO,,trondheim,,
250,Giske,Tove,NO,tove.giske@haraldsplass.no,bergen,,
251,Page,Christian Magnus,NO,,oslo,,
252,Mevik,Bjørn-Helge,NO,,oslo,,
253,Bos,Steffan Daniel,NO,,oslo,,
254,Harbo,Hanne F,NO,,oslo,,
255,Andreassen,Bettina Kulle,NO,,oslo,,
256,Holm Hansen,Elisabeth,NO,,norway; haraldsplass deaconess university college,,
257,Müller,F,NO,,national hospital,,
258,Solberg,S,NO,,university of tromsø,,
259,Agewall,Stefan,NO,,oslo,,
260,Helvik,Anne-Sofie,NO,anne-sofie.helvik@ntnu.no,trondheim,,
261,Llorente,A,NO,,oslo,,
262,Bergersen,Linda,NO,,oslo,,
263,Nygaard,E,NO,nygaard@dis.no,n- oslo,,
264,Dahlberg,Daniel,NO,,oslo,,
265,Ivanovic,Jugoslav,NO,,oslo,,
266,Mariussen,Espen,NO,,kjeller,,
267,Kvinnsland,I,NO,,university of bergen,,
268,Sørlie,Therese,NO,,oslo,,
269,Jahnsen,Frode L,NO,,oslo,,
270,Solbakken,Vilde,NO,,bergen,,
271,Fismen,Anne-Siri,NO,,bergen,,
272,Bostad,Leif,NO,,bergen,,
273,Bjørneklett,Rune,NO,,bergen,,
274,Lindboe,C F,NO,c.lindboe@c2i.net,kristiansand,,
275,Bogen,Inger Lise,NO,,oslo,,
276,Rossebø,Anne B,NO,anne@rossebo.net,n- oslo,,
277,Hatling,Dyveke S,NO,,bergen,,
278,Høgset,Anne,NO,,bergen,,
279,Guttormsen,Anne Berit,NO,,bergen,,
280,Müller,Bernd,NO,,bergen,,
281,Røislien,Jo,NO,,drøbak,,
282,Sollid,Stephen J M,NO,,oslo,,
283,Kjekshus,J,NO,,sandvika,,
284,Havik,Odd E,NO,odd.havik@psykp.uib.no,bergen,,
285,Lynds,Randi,NO,,bergen,,
286,Shi,Xie-Qi,NO,,bergen,,
287,Shi,Tie-Jun Sten,NO,,bergen,,
288,Bjørkedal,Espen,NO,,tromsø,,
289,Mittner,Matthias,NO,matthias.mittner@uit.no.,tromsø,,
290,Melis,Claudia,NO,claudia.melis@bio.ntnu.no,trondheim,,
291,Rokstad,Anne Mari,NO,anne.m.rokstad@ntnu.no,trondheim,,
292,Brorson,Øystein,NO,oystein.brorson@siv.no,tønsberg,,
293,Amundsen,Per-Arne,NO,,tromsø,,
294,Knudsen,Rune,NO,,tromsø,,
295,Isaksson,T,NO,,ås,,
296,Leknes,I L,NO,ingvar.leknes@hisf.no,n- sogndal,,
297,Elvik,Rune,NO,re@toi.no,no- oslo,,
298,Eskerud,J R,NO,,university of oslo,,
299,Brodal,A,NO,,university of oslo,,
300,Skaane,P,NO,,oslo,,
301,Henrichsen,Svein Høegh,NO,shegh@online.no,-oslo,,
302,Christensen,Anne E,NO,,bergen,,
303,Rostrup,M,NO,,university of oslo,,
304,Eri,L M,NO,,oslo,,
305,Tveiten,Helge,NO,,tromsø,,
306,Kjørsvik,Elin,NO,,trondheim,,
307,Rønning,Sissel Beate,NO,,ås,,
308,Andersen,Petter Vejle,NO,,ås,,
309,Pedersen,Mona Elisabeth,NO,,ås,,
310,Hollung,Kristin,NO,,ås,,
311,Ayazi,Touraj,NO,touraj.ayazi@medisin.uio.no.,0318 oslo,,
312,Hollung,K,NO,,university of oslo,,
313,Nygård,Karin,NO,karin.nygard@fhi.no,oslo,,
314,Mahesparan,R,NO,,university of bergen,,
315,Engen,Cathrine Nørstad,NO,c.n.engen@medisin.uio.no.,oslo,,
316,Årøen,Asbjørn,NO,,oslo,,
317,Engebretsen,Lars,NO,,oslo,,
318,Tyssen,Reidar,NO,,oslo,,
319,Liestøl,K,NO,,university of oslo,,
320,Balteskard,L,NO,,tromsø university hospital,,
321,Thaulow,Jens,NO,,n- oslo,,
322,Kommedal,Roald,NO,roald.kommedal@uis.no,stavanger,,
323,Becker-Merok,A,NO,,university of tromsø,,
324,Østbye,Kjartan,NO,kjartan.ostbye@ibv.uio.no.,elverum,,
325,Taugbøl,Annette,NO,,lillehammer,,
326,Ravinet,Mark,NO,,oslo,,
327,Pettersen,Ruben Alexander,NO,,oslo,,
328,Vøllestad,Leif Asbjørn,NO,,oslo,,
329,Roscher,Ingrid,NO,ingrid.roscher@ous-hf.no,rikshospitalet,,
330,Alfnes,E,NO,eli@nve.no,oslo,,
331,Nordby,A,NO,,university of trondheim,,
332,Holte,A,NO,,university of oslo,,
333,Arnoldussen,Yke Jildouw,NO,,oslo,,
334,Nilsen,T I L,NO,,no- trondheim,,
335,Klepstad,Pål,NO,,trondheim,,
336,Haugen,Dagny Faksvåg,NO,,bergen,,
337,Kleiveland,Charlotte R,NO,charlotte.kleiveland@umb.no,aas,,
338,Bondas,Terese,NO,terese.bondas@hibo.no,bodø,,
339,Børrestad,Line Anita Bjørkelund,NO,,gimlemoen,,
340,Skråstad,Ragnhild B,NO,,trondheim,,
341,Tandberg,Bente Silnes,NO,,vestre viken hospital trust,,
342,Frøslie,Kathrine Frey,NO,,rikshospitalet,,
343,Markestad,Trond,NO,,university of bergen,,
344,Grundt,Hege,NO,,haukeland university hospital,,
345,Moen,Atle,NO,,vestre viken hospital trust,,
346,Fasmer,Ole Bernt,NO,,bergen,,
347,Hauge,Erik,NO,,bergen,,
348,Berle,Jan Øystein,NO,,bergen,,
349,Oedegaard,Ketil J,NO,,bergen,,
350,Beisland,Christian,NO,,bergen,,
351,Heir,Trond,NO,trond.heir@medisin.uio.no,oslo,,
352,Thor,Peter,NO,,tromsø,,
353,Bailey,Allison,NO,,tromsø,,
354,Søreide,Janne E,NO,,longyearbyen,,
355,Svensen,Camilla,NO,,tromsø,,
356,King,Andrew L,NO,,bergen,,
357,Bellerby,Richard G J,NO,,bergen,,
358,Saeter,G,NO,,oslo,,
359,Størvold,Gunfrid V,NO,,levanger,,
360,Jahnsen,Reidun B,NO,,oslo,,
361,Evensen,Kari Anne I,NO,,trondheim,,
362,Bratberg,Grete H,NO,,trondheim,,
363,Aure,M R,NO,,oslo,,
364,Leivonen,S-K,NO,,0424 oslo,,
365,Børresen-Dale,A-L,NO,,0424 oslo,,
366,Fosså,S,NO,,oslo,,
367,Haugnes,H S,NO,,tromsø,,
368,Oldenburg,J,NO,,lørenskog,,
369,Tandstad,T,NO,,trondheim,,
370,Rohrlack,Thomas,NO,,ås,,
371,Roll,Ellen Bruzell,NO,,haslum,,
372,Aasarød,K,NO,,university hospital of trondheim,,
373,Pretorius,Mikkel,NO,,oslo,,
374,Heck,Ansgar,NO,,oslo,,
375,Bjelland,Elisabeth Krefting,NO,,lørenskog,,
376,Altin,Dag,NO,,n-,,
377,Størseth,Trond R,NO,,trondheim n-,,
378,Hansen,Bjørn Henrik,NO,,trondheim n-,,
379,Crampton,Viv O,NO,viv.crampton@ewos.com.,dirdal,,
380,Bratland,Ase,NO,,oslo,,
381,Bjørneboe,A,NO,,university hospital,,
382,Saksvik-Lehouillier,Ingvild,NO,,norwegian university of science and technology,,
383,Waagboe,R,NO,,bergen,,
384,Torvik,A,NO,,oslo,,
385,Schröder,Agneta,NO,,gjövik,,
386,Valim,Valéria,NO,val.valim@gmail.com.,university of bergen,,
387,Gerdts,Eva,NO,,university of bergen,,
388,Jonsson,Roland,NO,,university of bergen,,
389,Brokstad,Karl Albert,NO,,university of bergen,,
390,Brun,Johan G,NO,,bergen,,
391,Midtbø,Helga,NO,,bergen,,
392,Mydel,Piotr Mateusz,NO,,university of bergen,,
393,Ringen,P A,NO,,n- oslo,,
394,Aarsland,Dag,NO,daa@sir.no,4095 stavanger,,
395,Solheim,S,NO,s-sohl@online.no,oslo,,
396,Tveiten,Øystein Vesterli,NO,,bergen,,
397,Goplen,Frederik K,NO,,bergen,,
398,Lund-Johansen,Morten,NO,,bergen,,
399,Spetalen,Signe,NO,signe.spetalen@ulleval.no,oslo,,
400,Jonassen,A A,NO,alfarne.jonassen@uus.no,oslo,,
401,Werner,Erik L,NO,loewern@online.no,bergen,,
402,Dalekos,G N,NO,,fredrikstad,,
403,Berge,K,NO,,haukeland university hospital,,
404,Wilson,Steven Ray,NO,,no-0315 oslo,,
405,Espeland,Ansgar,NO,ansgar.espeland@helse-bergen.no,bergen,,
406,Aven,Terje,NO,terje.aven@tn.his.no,university of stavanger,,
407,Pathak,Meeta,NO,meeta.pathak@medisin.uio.no.,oslo,,
408,Diep,Phoi Phoi,NO,,oslo,,
409,Lai,Xiaoran,NO,,oslo,,
410,Brinch,Lorentz,NO,,oslo,,
411,Ruud,Ellen,NO,,oslo,,
412,Drolsum,Liv,NO,,oslo,,
413,Rud,A Kongsgaard,NO,,oslo,,
414,Vogt,Henrik,NO,,trondheim,,
415,Grill,Valdemar,NO,,trondheim,,
416,Åsvold,Bjørn Olav,NO,,trondheim,,
417,Vindas,Marco A,NO,,oslo,,
418,Madaro,Angelico,NO,,matredal,,
419,Fraser,Thomas W K,NO,,oslo,,
420,Höglund,Erik,NO,,oslo,,
421,Olsen,Rolf E,NO,,trondheim,,
422,Øverli,Øyvind,NO,,oslo,,
423,Kristiansen,Tore S,NO,,matredal,,
424,Hilli,Yvonne,NO,,oslo,,
425,Rønning,O M,NO,ole.morten.ronning@ahus.no,lørenskog,,
426,Rubino,Stefano,NO,,oslo,,
427,Gude,Einar,NO,,oslo,,
428,Haugen,O A,NO,,department of pathology/university of trondheim,,
429,Nestvold,Torunn Kristin,NO,,bodø,,
430,Skotheim,Rolf I,NO,,oslo,,
431,Overgaard,Hans J,NO,,ås,,
432,Bakken,Lars R,NO,,n-,,
433,Frostegård,Åsa,NO,,n-,,
434,Tolla,Mieraf Taddesse,NO,,bergen,,
435,Norheim,Ole Frithjof,NO,,bergen,,
436,Memirie,Solomon Tessema,NO,,bergen,,
437,Strand,Kirsten,NO,,bergen,,
438,Johansson,Kjell Arne,NO,,bergen,,
439,Lund,Cathrine,NO,cathrlu@gmail.com,oslo university hospital ullevaal,,
440,Bjørneklett,Rune,NO,rune.bjoerneklett@helse-bergen.no,bergen,,
441,Selmer,Kaja K,NO,,oslo,,
442,Nakken,Karl O,NO,,oslo,,
443,Iversen,Per O,NO,,oslo,,
444,Taubøll,Erik,NO,,oslo,,
445,Cavalcanti,Leide P,NO,leide.cavalcanti@gmail.com.,kjeller,,
446,Kalantzopoulos,Georgios N,NO,,oslo,,
447,Knudsen,Kenneth D,NO,,kjeller,,
448,Fossum,Jon Otto,NO,jon.fossum@ntnu.no.,trondheim,,
449,Pedersen,Ine-Therese,NO,itp@nilu.no,tromso,,
450,Balikuddembe,Michael S,NO,,bergen,,
451,Tylleskär,Thorkild,NO,,bergen,,
452,Lygren,Hildegunn,NO,,bergen,,
453,Andersen,Jan Terje,NO,j.t.andersen@imbv.uio.no,oslo,,
454,Bjerkås,H,NO,,university of bergen,,
455,Clarke-Jenssen,John,NO,johcla@getmail.no.,oslo,,
456,Nohr,Lise Anett,NO,,university of oslo,,
457,Haug,K,NO,,university of bergen,,
458,Haugland,Kari Straume,NO,kshau@broadpark.no,haukeland university hospital,,
459,Andresen,Vibeke,NO,vibeke.andresen@k2.uib.no.,bergen,,
460,Lønning,Per Eystein,NO,per.lonning@helse-bergen.no,bergen,,
461,Skålhegg,B S,NO,,university of oslo,,
462,Kjeldsen,S E,NO,,oslo,,
463,Holmsen,H,NO,,university of bergen,,
464,Jansson,Pär,NO,,n- tromsø,,
465,Ferré,Bénédicte,NO,,n- tromsø,,
466,Storvik,Geir,NO,,oslo,,
467,Gill,Peter,NO,,oslo,,
468,Pamies,Ramón,NO,,n-0315 oslo,,
469,Johansen,Venke A,NO,venke.a.johansen@helse-bergen.no,buskerud,,
470,Nordby,Halvor,NO,,oslo,,
471,Totland,G K,NO,geir.totland@zoo.uib.no,university of bergen,,
472,Westlye,Lars T,NO,,oslo,,
473,Smerud,Knut T,NO,,oslo,,
474,Andreassen,Ole A,NO,,oslo,,
475,Djupesland,Per G,NO,,oslo,,
476,Haldorsen,Ingfrid S,NO,ingfrid.haldorsen@helse-bergen.no,bergen,,
477,Young,Victoria Solveig,NO,,oslo,,
478,Qvigstad,Erik,NO,,oslo,,
479,Sagen,Jørn V,NO,,n- bergen,,
480,Abebe,Dawit Shawel,NO,dawit.s.abebe@nova.hioa.no.,no-,,
481,Tøge,Anne Grete,NO,,oslo,,
482,Dahl,Espen,NO,,oslo,,
483,Barlindhaug,Grete,NO,,uit the arctic university of norway,,
484,Emaus,Nina,NO,,uit the arctic university of norway,,
485,Büyükyilmaz,T,NO,,university of oslo,,
486,Raastad,M,NO,,university of oslo,,
487,Haugan,GØrill,NO,,norwegian university of science and technology,,
488,Lillefjell,Monica,NO,,norwegian university of science and technology,,
489,Espnes,Geir A,NO,,norwegian university of science and technology,,
490,Andersen,Lars Bo,NO,,campus sogndal,,
491,Svanemyr,Joar,NO,joars@cmi.no.,bergen,,
492,Indrebø,A,NO,,n-0033 oslo,,
493,Dale,Bjørg,NO,,grimstad,,
494,Jørgensen,A,NO,anders.jorgensen@vetinst.no,oslo,,
495,Hauer-Jensen,M,NO,,university of oslo,,
496,Collas,P,NO,,oslo,,
497,Lystad,E,NO,,n-0318 oslo,,
498,Calvo,Ana C,NO,ana.calvo@biomed.uib.no,bergen,,
499,Jacobsson,Bo,NO,,oslo,,
500,Skog,E B,NO,,university of tromsø,,
501,Wolff,Silje A,NO,silje.wolff@ciris.no.,n- trondheim,,
502,Kittang Jost,Ann-Iren,NO,a.i.kittang.jost@ciris.no.,n- trondheim,,
503,Pierre-Jerome,C,NO,,tromso,,
504,Misund,A,NO,,trondheim,,
505,Søviknes,Anne Mette,NO,,n- bergen,,
506,Stuen,S,NO,snorre.stuen@veths.no,sandnes,,
507,Raeder,,NO,,bergen,,
508,Reigstad,Hallvard,NO,hallvard.reigstad@helse-bergen.no.,bergen,,
509,Woldseth,Berit,NO,,oslo,,
510,Yousaf,M,NO,mybhatti@ciitlahore.edu.pk,n-1432 ås,,
511,Ranheim,Trine,NO,trine.ranheim@rikshospitalet.no,oslo,,
512,Gulliksrud,Kristine,NO,,oslo university hospital,,
513,Søndenaa,E,NO,erikson@ntnu.no,trondheim,,
514,Larheim,T A,NO,,university of oslo,,
515,Fogstad,Helga,NO,,norad oslo,,
516,Steen,V M,NO,,university of bergen,,
517,Svinndal,Elisabeth Vigrestad,NO,,rauland,,
518,Jensen,Chris,NO,,rauland,,
519,Rise,Marit By,NO,,trondheim,,
520,Nsangi,Allen,NO,nsallen2000@yahoo.com.,oslo,,
521,Semakula,Daniel,NO,,oslo,,
522,Oxman,Andrew D,NO,,oslo,,
523,Oxman,Matthew,NO,,oslo,,
524,Rosenbaum,Sarah,NO,,oslo,,
525,Austvoll-Dahlgren,Astrid,NO,,oslo,,
526,Fretheim,Atle,NO,,oslo,,
527,Wang,Zhihui,NO,,oslo university hospital and university of oslo,,
528,Haug,Tone Tangen,NO,tone.haug@psyk.uib.no,bergen,,
529,Mommens,Maren,NO,igor.babiak@hibo.no.,n- bodø,,
530,Narahara,N,NO,,university of oslo,,
531,Brown,J E,NO,,østerås,,
532,Dowdall,M,NO,,østerås,,
533,Ofte,Sonja H,NO,sonja.ofte@statped.no,university of bergen,,
534,Ødbehr,Liv S,NO,,oslo,,
535,Hauge,Solveig,NO,,porsgrunn,,
536,Danbolt,Lars J,NO,,ottestad,,
537,Kvigne,Kari,NO,,nesna,,
538,Aaseth,Jan,NO,,brumunddal,,
539,Buechner,J,NO,,tromsø,,
540,Bø,Kari,NO,kari.bo@nih.no,0806 oslo,,
541,Lukkarinen,O A,NO,,hammerfest sykehus,,
542,Knappskog,Stian,NO,,university of bergen,,
543,Deksnyte,Aušra,NO,,bodø,,
544,Aranauskas,Ramūnas,NO,,bodø,,
545,Page,Christian M,NO,,oslo,,
546,Aaserud,Stein,NO,,oslo,,
547,Bassarova,Assia,NO,,oslo,,
548,Jacobsen,Kari D,NO,,oslo,,
549,Helsing,Per,NO,,asker,,
550,Robsahm,Trude E,NO,,oslo,,
551,Dantzer,Francoise,NO,,oslo,,
552,Song,Fei,NO,,trondheim,,
553,Wells,Justin W,NO,,trondheim,,
554,Saxegaard,Magne,NO,,trondheim,,
555,Wahlström,Erik,NO,,trondheim,,
556,Randen,I,NO,,oslo,,
557,Brautaset,Trygve,NO,trygve.brautaset@biotech.ntnu.no,n-7043 trondheim,,
558,Stojanovic,Aleksandar,NO,,troms,,
559,Zhou,Wen,NO,,troms,,
560,Utheim,Tor Paaske,NO,,oslo,,
561,Wasserstrom,J A,NO,ja-wasserstrom@northwestern.edu,oslo,,
562,Larsen,Simon,NO,,tromsø,,
563,Conradie,Jeanet,NO,conradj@ufs.ac.za.,tromsø,,
564,Ghosh,Abhik,NO,abhik.ghosh@uit.no.,tromsø,,
565,Utne,Inger,NO,inger@oslomet.no.,oslo,,
566,Småstuen,Milada Cvancarova,NO,,oslo,,
567,Nyblin,Ulla,NO,,drammen,,
568,Morild,I,NO,,bergen,,
569,Malterud,K,NO,,university of bergen,,
570,Kravdal,O,NO,,oslo,,
571,Bjørke-Monsen,Anne-Lise,NO,almo@helse-bergen.no,bergen,,
572,Henriksen,T,NO,,university of oslo,,
573,Berg,Kristin S,NO,,trondheim,,
574,Wahba,Alexander,NO,,trondheim,,
575,Røe,Kathrine,NO,,oslo,,
576,Nester,Marit,NO,,n-4068 stavanger,,
577,Hansen,Britt Sætre,NO,,university college in southwest norway,,
578,Wijffels,Rene H,NO,,bodø,,
579,Sachse,Daniel,NO,daniel.sachse@medisin.uio.no,oslo,,
580,Ulvik,N M,NO,,bergen,,
581,Vietri,Marina,NO,,n- oslo,,
582,Gutzkow,Kristine B,NO,,oslo,,
583,Wollen Steen,Kristian,NO,kristee@stud.ntnu.no,trondheim,,
584,Amrutkar,Manoj,NO,manoj.amrutkar@medisin.uio.no.,0316 oslo,,
585,Gladhaug,Ivar P,NO,i.p.gladhaug@medisin.uio.no.,0318 oslo,,
586,Bryceson,Yenan T,NO,,bergen,,
587,Sundfør,K,NO,,oslo,,
588,Melø,Torun M,NO,,trondheim,,
589,Rosef,Olav,NO,,4828 mjåvatn,,
590,Leirdal,S,NO,stig.leirdal@svt.ntnu.no,trondheim,,
591,Zedrosser,Andreas,NO,andreas.zedrosser@umb.no,as,,
592,Gautun,Heidi,NO,,oslo,,
593,Lønning,Per Eystein,NO,per.lonning@helse-bergen.no,n- bergen,,
594,Werner,Anne,NO,,lørenskog,,
595,Grytten,J,NO,,university of oslo,,
596,Dyregrov,Atle,NO,,bergen,,
597,Hjörleifsson,Stefan,NO,,bergen,,
598,Fossum,Ingrid Nesdal,NO,,university of bergen,,
599,Wiiger,Merete Thune,NO,,oslo,,
600,Hansen,T W,NO,t.w.r.hansen@klinmed.uio.no,university of oslo,,
601,Ho,Tung Si,NO,,oslo,,
602,Moan,A,NO,,university of oslo,,
603,Khodabandeloo,Babak,NO,,no- trondheim,,
604,Landrø,Martin,NO,,no- trondheim,,
605,Veyhe,Anna Sofía,NO,anna.sofia.veyhe@uit.no,tromsø,,
606,Straumfors,A,NO,,national hospital,,
607,Kalager,Mette,NO,mkalager@hsph.harvard.edu,oslo,,
608,Ring,Avi,NO,avi.ring@ffi.no.,kjeller,,
609,Awan,Z A,NO,zaheer.ahmed@studmed.uio.no,ullevål,,
610,Sørensen,R J,NO,rune.sorensen@bi.no,sandvika,,
611,Bakke,P S,NO,,university of bergen,,
612,Kjeldsen,S E,NO,,oslo,,
613,Heljasvaara,Ritva,NO,,bergen n-,,
614,Kursula,Petri,NO,,bergen n-,,
615,Askeland,Georgina,NO,,oslo,,
616,Kuśnierczyk,Anna,NO,,trondheim,,
617,Bjørås,Magnar,NO,,oslo,,
618,Nesse,Gaute,NO,,oslo,,
619,Klungland,Arne,NO,,oslo,,
620,Eide,Lars,NO,lars.eide@medisin.uio.no.,oslo,,
621,Buanes,T,NO,,bergen,,
622,Bugge,M K,NO,,oslo,,
623,Cameron,D,NO,,oslo,,
624,Catmore,J R,NO,,oslo,,
625,Dale,O,NO,,bergen,,
626,Eigen,G,NO,,bergen,,
627,Feigl,S,NO,,oslo,,
628,Franconi,L,NO,,oslo,,
629,Garonne,V,NO,,oslo,,
630,Gjelsten,B K,NO,,oslo,,
631,Gramstad,E,NO,,oslo,,
632,Kastanas,A,NO,,bergen,,
633,Liebig,W,NO,,bergen,,
634,Lipniacka,A,NO,,bergen,,
635,Maeland,S,NO,,bergen,,
636,Martin Dit Latour,B,NO,,bergen,,
637,Morisbak,V,NO,,oslo,,
638,Nilsen,J K,NO,,oslo,,
639,Ould-Saada,F,NO,,oslo,,
640,Pajchel,K,NO,,oslo,,
641,Pedersen,M,NO,,oslo,,
642,Raddum,S,NO,,oslo,,
643,Read,A L,NO,,oslo,,
644,Røhne,O,NO,,oslo,,
645,Sandaker,H,NO,,oslo,,
646,Sjursen,T B,NO,,bergen,,
647,Smestad,L,NO,,bergen,,
648,Stapnes,S,NO,,oslo,,
649,Strandlie,A,NO,,oslo,,
650,Stugu,B,NO,,bergen,,
651,Yang,Z,NO,,bergen,,
652,Zalieckas,J,NO,,bergen,,
653,Johannessen,K A,NO,,bergen,,
654,Freiesleben de Blasio,Birgitte,NO,,oslo,,
655,Lund,Eiliv,NO,eiliv.lund@uit.no.,tromsø,,
656,Myrvold,H E,NO,,department of surgery,,
657,Weiderpass,Elisabete,NO,,tromsø,,
658,Skeie,Guri,NO,,tromsø,,
659,Borch,Kristin Benjaminsen,NO,,tromsø,,
660,Helle,Siri,NO,,university of bergen,,
661,Løberg,Else-Marie,NO,,university of bergen,,
662,Gjestad,Rolf,NO,,bergen,,
663,Holmboe,Laila,NO,laila.holmboe@uus.no,oslo,,
664,Rud,Ane Kongsgaard,NO,,oslo,,
665,Jensen,J L,NO,,university of oslo,,
666,Jusufovic,Mirza,NO,,oslo,,
667,Busk,Øyvind L,NO,,ås,,
668,Xu,B Q,NO,,oslo,,
669,Fjeld,T O,NO,,oslo,,
670,Ringvold,A,NO,,oslo,,
671,Kahlke,Tim,NO,tim.kahlke@uit.no,tromsø,,
672,Dalgard,Olav,NO,odalgard@ulrik.uio.no,oslo,,
673,Dahle,Torbjørg,NO,torbjorg.dahle@student.uib.no,bergen,,
674,Meuwissen,Theo H E,NO,theo.meuwissen@umb.no,as,,
675,Rustøen,Tone,NO,tone.rustoen@su.hio.no,oslo,,
676,Panja,Debabrata,NO,,bergen,,
677,Vedeler,Anni,NO,,bergen,,
678,Wibrand,Karin,NO,,bergen,,
679,Hasselberg,Nina,NO,nina.hasselberg@ahus.no,lørenskog,,
680,Wilhelmsen-Langeland,Ane,NO,,bergen,,
681,Jetlund,O,NO,,trondheim,,
682,Karlsen,Emil,NO,,trondheim,,
683,Schulz,Christian,NO,,trondheim,,
684,Almaas,Eivind,NO,eivind.almaas@ntnu.no.,trondheim,,
685,Amundsen,Tina,NO,,trondheim,,
686,Strømmen,Magnus,NO,,trondheim,,
687,Martins,Catia,NO,catia.martins@ntnu.no.,trondheim,,
688,Løbersli,E M,NO,,dragvoll,,
689,Hysing,Mari,NO,,haugesund,,
690,Jenssen,Guttorm L,NO,,bergen,,
691,Qu,H,NO,,trondheim,,
692,Aarstad,Jarle,NO,,5020 bergen,,
693,Pettersen,Inger Beate,NO,,5020 bergen,,
694,Jakobsen,Stig-Erik,NO,,5020 bergen,,
695,Kryeziu,Kushtrim,NO,,oslo,,
696,Bruun,Jarle,NO,,oslo university hospital,,
697,Guren,Tormod K,NO,,oslo,,
698,Sveen,Anita,NO,,oslo,,
699,Gorunova,Ludmila,NO,,oslo,,
700,Bjerkehagen,Bodil,NO,,oslo,,
701,Lobmaier,Ingvild,NO,,oslo,,
702,Heim,Sverre,NO,,oslo,,
703,Fuglerud,Bettina M,NO,,oslo,,
704,Ledsaak,Marit,NO,,oslo,,
705,Rogne,Marie,NO,,oslo,,
706,Eskeland,Ragnhild,NO,,oslo,,
707,Gabrielsen,Odd S,NO,o.s.gabrielsen@ibv.uio.no.,oslo,,
708,Lunde,Ida Gjervold,NO,,oslo,,
709,Svendsen,E,NO,,gade institute,,
710,Bjørkkjaer,Tormod,NO,tbj@nifes.no,n-5817 bergen,,
711,Johansen,Merete Selsbakk,NO,,oslo,,
712,Strand,Janne M,NO,,oslo,,
713,Skinnes,Ragnhild,NO,,oslo,,
714,Scheffler,Katja,NO,,oslo,,
715,Rootvelt,Terje,NO,,oslo,,
716,Woldseth,Berit,NO,,oslo,,
717,Bjørås,Magnar,NO,,oslo,,
718,Hofstad,B,NO,,oslo,,
719,Tønnessen,T,NO,,university of oslo,,
720,Bjorklund,Geir,NO,,mo i rana,,
721,Albandar,J M,NO,,university of oslo,,
722,Haldorsen,Ingfrid S,NO,,bergen,,
723,Woie,Kathrine,NO,,bergen,,
724,Skattebo,Ø,NO,,oslo,,
725,Hallén,J,NO,,oslo,,
726,Rønnestad,B R,NO,,lillehammer,,
727,Losnegard,T,NO,,oslo,,
728,Sandvik,A K,NO,,trondheim,,
729,Jaakola,Laura,NO,,bioforsk nord holt tromsø,,
730,Toska,Ketil,NO,,bergen,,
731,Edenberg,Jan,NO,,lillehammer,,
732,Gløersen,Kaja,NO,,lillehammer,,
733,Osman,Herzi Abdi,NO,,lillehammer,,
734,Dimmen,Magne,NO,,lillehammer,,
735,Berg,Geir V,NO,,lillehammer,,
736,Stavelin,Anne,NO,,bergen,,
737,Sandberg,Sverre,NO,,bergen,,
738,Cumming,P,NO,,oslo,,
739,Aahlin,E K,NO,,tromsø,,
740,Tranø,G,NO,,trondheim,,
741,Horn,A,NO,,bergen,,
742,Søreide,J A,NO,,stavanger,,
743,Revhaug,A,NO,,tromsø,,
744,Lassen,K,NO,,tromsø,,
745,Risöe,C,NO,,university of oslo,,
746,Wik Leiss,Lina,NO,,bergen,,
747,Richardsen,Elin,NO,elin.richardsen@unn.no,tromsø,,
748,Czochrowska,Ewa M,NO,,oslo,,
749,Bø,Kari,NO,,oslo,,
750,Jamtvedt,Gro,NO,grj@nokc.no,0103 oslo,,
751,Fiane,A E,NO,,university of oslo,,
752,Akerkar,Rupali,NO,,bergen,,
753,Ebbing,Marta,NO,,bergen,,
754,Sulo,Gerhard,NO,,bergen,,
755,Ariansen,Inger,NO,,oslo,,
756,Igland,Jannicke,NO,,bergen,,
757,Tell,Grethe S,NO,,bergen,,
758,Egeland,Grace M,NO,,bergen,,
759,Ersdal,C,NO,,oslo,,
760,Sand,T,NO,,university of trondheim,,
761,Pryme,I F,NO,ian.pryme@pki.uib.no,university of bergen,,
762,Poleszynski,Dag Viljen,NO,viljen@powertech.no,jar,,
763,Liaset,Bjørn,NO,,bergen,,
764,Oksefjell,H,NO,,oslo,,
765,Waldum,Helge L,NO,helge.waldum@ntnu.no,no- trondheim,,
766,Bauer,A,NO,anette.bauer@veths.no,oslo,,
767,Lien,Nanna,NO,,oslo,,
768,Skudal,Kjersti Eeg,NO,,oslo,,
769,Midtvedt,Karsten,NO,karsten.midtvedt@rikshospitalet.no.,oslo,,
770,Hammer,Hilde Berner,NO,hbham@online.no,oslo,,
771,Buanes,T,NO,,bergen,,
772,Bugge,L,NO,,oslo,,
773,Bugge,M K,NO,,oslo,,
774,Cameron,D,NO,,oslo,,
775,Catmore,J R,NO,,oslo,,
776,Dale,O,NO,,bergen,,
777,Eigen,G,NO,,bergen,,
778,Franconi,L,NO,,oslo,,
779,Garonne,V,NO,,oslo,,
780,Gjelsten,B K,NO,,oslo,,
781,Gramstad,E,NO,,oslo,,
782,Kastanas,A,NO,,bergen,,
783,Liebig,W,NO,,bergen,,
784,Lipniacka,A,NO,,bergen,,
785,Maeland,S,NO,,bergen,,
786,Martin Dit Latour,B,NO,,bergen,,
787,Morisbak,V,NO,,oslo,,
788,Nilsen,J K,NO,,oslo,,
789,Ould-Saada,F,NO,,oslo,,
790,Pajchel,K,NO,,oslo,,
791,Pedersen,M,NO,,oslo,,
792,Raddum,S,NO,,oslo,,
793,Read,A L,NO,,oslo,,
794,Røhne,O,NO,,oslo,,
795,Rosendahl,P L,NO,,bergen,,
796,Sandaker,H,NO,,bergen,,
797,Sjursen,T B,NO,,bergen,,
798,Smestad,L,NO,,bergen,,
799,Stapnes,S,NO,,oslo,,
800,Strandlie,A,NO,,oslo,,
801,Stugu,B,NO,,bergen,,
802,Ugland,M,NO,,bergen,,
803,Zalieckas,J,NO,,bergen,,
804,Kjaerheim,V,NO,,university of oslo,,
805,Oleke,C,NO,christopheroleke@yahoo.com,bergen,,
806,Caugant,D A,NO,,oslo,,
807,Delmar,Charlotte,NO,,tromsø,,
808,Hafstad,Anne D,NO,,tromsø,,
809,Aasum,Ellen,NO,,tromsø,,
810,Höie,Ole,NO,,arendal,,
811,Singh,Bal Ram,NO,balram.singh@umb.no,n-1432 ås,,
812,Haavet,Ole R,NO,o.r.haavet@medisin.uio.no,university of oslo,,
813,Berg,K,NO,,oslo,,
814,Sørlie,Tore,NO,tore.sorlie@unn.no.,tromsø,,
815,Sørgaard,Knut W,NO,ksorgaa@online.no.,tromsø,,
816,Bratlid,Trond,NO,trond.bratlid@unn.no.,tromsø,,
817,Rezvy,Grigory,NO,grigory.rezvy@nlsh.no.,tromsø,,
818,Jakobsen,A,NO,,oslo,,
819,Nilssen,A C,NO,arnec.nilssen@tmu.uit.no,tromsø,,
820,Helland,D E,NO,,university of bergen,,
821,Hovland,Anders,NO,anders.w.hovland@gmail.com,bodø,,
822,Bodd,Michael,NO,,oslo,,
823,Sollid,Ludvig M,NO,,oslo,,
824,Nieder,Carsten,NO,,9037 tromsø,,
825,Angelo,Kent,NO,,tromsø,,
826,Dalhaug,Astrid,NO,,9037 tromsø,,
827,Pawinski,Adam,NO,,bodø,,
828,Aandahl,Gro,NO,,bodø,,
829,Haukland,Ellinor,NO,,bodø,,
830,Engljähringer,Kirsten,NO,,bodø,,
831,Hellebostad,M,NO,,oslo,,
832,Aasen,T B,NO,,university of bergen,,
833,Bolann,B J,NO,bjorn.bolann@med.uib.no,university of bergen,,
834,Lamb,Jacob,NO,,trondheim,,
835,Forfang,Kristin,NO,,trondheim,,
836,Hohmann-Marriott,Martin,NO,,trondheim,,
837,Brinchmann,Bendik C,NO,,oslo,,
838,Skuland,Tonje,NO,,oslo,,
839,Rambøl,Mia H,NO,,oslo,,
840,Szoke,Krisztina,NO,,oslo,,
841,Brinchmann,Jan E,NO,,oslo,,
842,Schwarze,Per E,NO,,oslo,,
843,Låg,Marit,NO,,oslo,,
844,Refsnes,Magne,NO,,oslo,,
845,Øvrevik,Johan,NO,,oslo,,
846,Holme,Jørn A,NO,jorn.holme@fhi.no.,oslo,,
847,Thomsen,Jørn Bo,NO,,skien,,
848,Gunnarsson,Gudjon Leifur,NO,,skien,,
849,Foss,Brynjar,NO,brynjar.foss@uis.no,university of stavanger,,
850,Moe,Cathrine,NO,,bodø,,
851,Brinchmann,Berit Støre,NO,,bodø,,
852,Orning,M Pontus A,NO,,trondheim,,
853,Lien,Egil,NO,,trondheim,,
854,Christy,Alfred A,NO,alfred.christy@uia.no,kristiansand,,
855,Iversen,Bjørn G,NO,,oslo,,
856,Giglio,Anna M,NO,,0317 oslo,,
857,Roth,Kjetil,NO,kjetil.roth@gmail.com.,ålesund,,
858,Eagan,Tomas,NO,tomas.eagan@k2.uib.no.,bergen,,
859,Hardie,Jon,NO,jon.hardie@k2.uib.no.,bergen,,
860,Helgeland,Espen,NO,,bergen,,
861,Dahle,Ida Marie,NO,,bergen,,
862,Leira,Jan Inge,NO,,aalesund,,
863,Loro,Lado Lako,NO,,aalesund,,
864,Zachariassen,K E,NO,,trondheim,,
865,Dietrichs,E,NO,,university of oslo,,
866,Kaminski,Michal F,NO,,oslo,,
867,Näsholm,Sven Peter,NO,,kjeller,,
868,Engstad,C S,NO,,university of tromsø,,
869,Bjerga,Gro Elin Kjæreng,NO,gro.bjerga@uni.no.,n- tromsø,,
870,Danielsen,Kjersti Karoline,NO,kjersti.k.danielsen@uia.no.,oslo,,
871,Sundgot-Borgen,Jorunn,NO,,oslo,,
872,Rugseth,Gro,NO,,oslo,,
873,Tsinkalovsky,Oleg,NO,oleg.tsinkalovsky@gades.uib.no,bergen,,
874,Voelckel,Wolfgang G,NO,,stavanger,,
875,Schöchl,Herbert,NO,,stavanger,,
876,Dale,Maria Teresa Grønning,NO,,oslo,,
877,Magnus,Per,NO,,oslo,,
878,Brevik,Asgeir,NO,asgeir.brevik@fhi.no,oslo,,
879,Sonnewald,U,NO,,trondheim,,
880,Schubert,Thomas W,NO,,oslo,,
881,Zickfeld,Janis H,NO,,oslo,,
882,Seibt,Beate,NO,,oslo,,
883,Gilboe,I M,NO,,diakonhjemmet hospital,,
884,Clancy,Trevor,NO,,oslo,,
885,Hovig,Eivind,NO,,oslo,,
886,Diehl,Heinz,NO,,bergen,,
887,Lund,Hans,NO,,bergen,,
888,Dietrichs,Erik Sveberg,NO,,tromsø,,
889,Håheim,Brage,NO,,tromsø,,
890,Kondratiev,Timofei,NO,,tromsø,,
891,Traasdahl,Erik,NO,,tromsø,,
892,Tveita,Torkjel,NO,,tromsø,,
893,Bonsaksen,Tore,NO,tore.bonsaksen@hioa.no.,oslo,,
894,Krohn,M,NO,,oslo,,
895,Pahnke,J,NO,,oslo,,
896,Molund,Marius,NO,mariusmolund@hotmail.com.,grålum,,
897,Lapinskas,Saulius Rytas,NO,,orkdal,,
898,Nilsen,Fredrik Andre,NO,,grålum,,
899,Hvaal,Kjetil Harald,NO,,oslo,,
900,Rannestad,T,NO,,university of bergen,,
901,Haaland,A K,NO,,oslo,,
902,Bangstad,Hans-Jacob,NO,,oslo,,
903,Hellandsjø Bu,E T,NO,,bergen,,
904,Tøien,Ø,NO,,university of oslo,,
905,Zakariassen,Erik,NO,,bergen,,
906,Hunskaar,Steinar,NO,,bergen,,
907,Suthaparan,A,NO,,ås,,
908,Stensvand,A,NO,,ås,,
909,Andenæs,Kine,NO,,oslo,,
910,Lunde,Ida G,NO,,oslo,,
911,Mohammadzadeh,Naiyereh,NO,,oslo,,
912,Dahl,Christen P,NO,,oslo,,
913,Aronsen,Jan Magnus,NO,,oslo,,
914,Strand,Mari E,NO,,oslo,,
915,Palmero,Sheryl,NO,,oslo,,
916,Sjaastad,Ivar,NO,,oslo,,
917,Christensen,Geir,NO,,oslo,,
918,Engebretsen,Kristin V T,NO,,oslo,,
919,Tønnessen,Theis,NO,,oslo,,
920,Hansen,Thomas F,NO,thomas.hansen@bio.uio.no,0316 oslo,,
921,Kloster,R,NO,,tønsberg,,
922,Xavier,Joana R,NO,,bergen,,
923,Tonby,Kristian,NO,kristian.tonby@medisin.uio.no.,oslo,,
924,Wergeland,Ida,NO,,bergen,,
925,Lieske,Nora V,NO,,oslo,,
926,Kvale,Dag,NO,,oslo,,
927,Tasken,Kjetil,NO,,oslo,,
928,Dyrhol-Riise,Anne M,NO,,oslo,,
929,Nygård,Yngve,NO,,haukeland university hospital,,
930,Odden,Ane,NO,ane.odden@nmbu.no.,sandnes,,
931,Vatn,Synnøve,NO,,oslo,,
932,Robertson,Lucy Jane,NO,,oslo,,
933,Enemark,Heidi Larsen,NO,,oslo,,
934,Nes,Silje Katrine,NO,,sandnes,,
935,Tømmerberg,Vibeke,NO,,oslo,,
936,Stuen,Snorre,NO,,sandnes,,
937,Skulstad,S M,NO,svein.skulstad@uib.no,bergen,,
938,Longva,Karianne E,NO,,oslo,,
939,Winderen,M,NO,,oslo,,
940,Følling,I,NO,,regional hospital,,
941,Busk,Øyvind L,NO,,n-1432 ås,,
942,Wiik,Anne Caroline,NO,,oslo,,
943,McNamara,Courtney L,NO,,trondheim,,
944,Koldingsnes,W,NO,wenche.koldingsnes@unn.no,tromsø,,
945,Tornes,O,NO,,n  stavanger,,
946,Müller,Gerdt,NO,,ås,,
947,Kalyani,Dayanand Chandrahas,NO,,ås,,
948,Horn,Svein Jarle,NO,,ås,,
949,Dyb,Grete,NO,,oslo,,
950,Jensen,Tine K,NO,,oslo,,
951,Skrbic,Biljana,NO,,oslo,,
952,Engebretsen,Kristin V T,NO,,oslo,,
953,Strand,Mari E,NO,,oslo,,
954,Herum,Kate M,NO,,oslo,,
955,Marstein,Henriette S,NO,,oslo,,
956,Sjaastad,Ivar,NO,,oslo,,
957,Lunde,Per K,NO,,oslo,,
958,Carlson,Cathrine R,NO,,oslo,,
959,Christensen,Geir,NO,,oslo,,
960,Bjørnstad,Johannes L,NO,,oslo,,
961,Schultz,Nina Haagenrud,NO,,n-0424 oslo,,
962,Tran,Hoa Thi Tuyet,NO,,n-0424 oslo,,
963,Bjørnsen,Stine,NO,,n-0424 oslo,,
964,Henriksson,Carola Elisabeth,NO,,n-0424 oslo,,
965,Sandset,Per Morten,NO,,n-0424 oslo,,
966,Holme,Pål Andre,NO,,n-0424 oslo,,
967,Tandberg,E,NO,,stavanger,,
968,Dahle,M G,NO,,oslo,,
969,Dick,Øystein B,NO,,1432 ås,,
970,Gobakken,Terje,NO,,1432 ås,,
971,Totland,Ørjan,NO,,1432 ås,,
972,Lian,Øystein,NO,,oslo,,
973,Opdahl,Anders,NO,anders.opdahl@rr-research.no.,oslo,,
974,Schuller,A A,NO,schuller@odont.uio.no,blindern,,
975,Johansen,T,NO,,university of oslo,,
976,Oy,Geir Frode,NO,,oslo,,
977,Hauge,I H R,NO,ingrid-helen.ryste-hauge@hf.hio.no,no- oslo,,
978,Reichborn-Kjennerud,T,NO,,oslo,,
979,Ystrom,E,NO,,oslo,,
980,Torvik,F A,NO,,oslo,,
981,Rosenström,T H,NO,,oslo,,
982,Knudsen,G P,NO,,oslo,,
983,Czajkowski,N O,NO,,oslo,,
984,Nordal,E,NO,,tromsø,,
985,Rygg,M,NO,,trondheim,,
986,Halvorsen,Sigrun,NO,,oslo,,
987,Atar,Dan,NO,,oslo,,
988,Østrem,Liv,NO,,hellevik i fjaler,,
989,Larsen,Arild,NO,,ridabu,,
990,Marum,Petter,NO,,ridabu,,
991,Rognli,Odd A,NO,,ås,,
992,Kløvstad,Hilde,NO,hilde.klovstad@fhi.no,oslo,,
993,Roten,L T,NO,linda.tommerdal@ntnu.no,trondheim,,
994,Gossmann,Toni I,NO,,university of bergen,,
995,Fjellbirkeland,A,NO,anne.fjellbirkeland@mbi.uib.no,university of bergen,,
996,Friberg,Ingrid K,NO,,oslo,,
997,Demissie,Taye B,NO,,n- tromsø,,
998,Hansen,Jørn H,NO,,n- tromsø,,
999,Søyseth,Vidar,NO,,lørenskog,,
1000,Einvik,Gunnar,NO,,lørenskog,,
1001,Bakke,Berit,NO,,oslo,,
1002,Kongerud,Johny,NO,,oslo,,
1003,Hunskaar,S,NO,,university of bergen,,
1004,Blix,I J,NO,iblix@odont.uio.no,blindern,,
1005,Olsson,S,NO,,haslum,,
1006,Negahdar,Maria,NO,,bergen,,
1007,Molnes,Janne,NO,,bergen,,
1008,Solheim,Marie H,NO,,bergen,,
1009,Johansson,Bente B,NO,,bergen,,
1010,Sagen,Jørn V,NO,,bergen,,
1011,Dahl-Jørgensen,Knut,NO,,oslo,,
1012,Søvik,Oddmund,NO,,bergen,,
1013,Flatmark,Torgeir,NO,,bergen,,
1014,Bjørkhaug,Lise,NO,,bergen,,
1015,Reimers,Arne,NO,arne.reimers@legemidler.no,trondheim,,
1016,Jensen,Jørgen,NO,jorgen.jensen@nih.no,n-0033 oslo,,
1017,Reichelt,K L,NO,,university of oslo,,
1018,Mustafa,A S,NO,,oslo,,
1019,Dembic,Z,NO,zlatko.dembic@labmed.uio.no,university of oslo,,
1020,Gittel,Antje,NO,,bergen,,
1021,Torsvik,Vigdis L,NO,,bergen,,
1022,Börset,M,NO,magneb@mtsrv.mtfs.unit.no,university of trondheim,,
1023,Skålhegg,Bjørn Steen,NO,b.s.skalhegg@medisin.uio.no.,0316 oslo,,
1024,Miller,Glenn B S,NO,einar.uggerud@kjemi.uio.no.,n-0315 oslo,,
1025,Sæther,Sverre Georg,NO,sverrege@gmail.com.,trondheim,,
1026,Schou,Morten,NO,,trondheim,,
1027,Kondziella,Daniel,NO,,trondheim,,
1028,Natarajan,V,NO,,blindern,,
1029,Szodoray,Peter,NO,,oslo,,
1030,Tadiso,Tariku Markos,NO,tariku.tadiso@bio.uib.no,university of bergen,,
1031,Kim,Jana,NO,,trondheim,,
1032,van Wamel,Annemieke,NO,,trondheim,,
1033,Kim,Eugene,NO,,trondheim,,
1034,Snipstad,Sofie,NO,,trondheim,,
1035,Vidic,Igor,NO,,trondheim,,
1036,Grimstad,Ingeborg Hovde,NO,,trondheim,,
1037,Widerøe,Marius,NO,,trondheim,,
1038,Torp,Sverre H,NO,,trondheim,,
1039,Lundgren,Steinar,NO,,trondheim,,
1040,de Lange Davies,Catharina,NO,,trondheim,,
1041,Hetland,Thea Eline,NO,,oslo,,
1042,Olafsen,Monica,NO,,oslo,,
1043,Iversen,Per Ole,NO,p.o.iversen@medisin.uio.no.,oslo,,
1044,Andreassen,Bård A,NO,,oslo,,
1045,Jøsendal,Ola,NO,ola.josendal@helse-bergen.no,university of bergen,,
1046,Brekke,O H,NO,,university of oslo,,
1047,Møller,Pål,NO,moller.pal@gmail.com,n- oslo,,
1048,Haug,Line S,NO,line.smastuen.haug@fhi.no,no-0403 oslo,,
1049,Mork,Paul Jarle,NO,,trondheim,,
1050,Bach,Kerstin,NO,,trondheim,,
1051,Espnes,Marte Gravseth,NO,,bergen,,
1052,Andresen,Marianne S,NO,,oslo,,
1053,Aandstad,Anders,NO,anders.aandstad@nih.no,oslo,,
1054,Nieder,Carsten,NO,,bodø,,
1055,Ringdal,G I,NO,,department of psychiatry and behavioural medicine,,
1056,Andoh-Arthur,Johnny,NO,,trondheim,,
1057,Laukvik,Lene Baagøe,NO,,no- grimstad,,
1058,Mølstad,Kathy,NO,,oslo,,
1059,Roalkvam,Irene,NO,,university of bergen bergen,,
1060,Schjøtt,J,NO,,university of trondheim,,
1061,Lindstedt,B A,NO,bjorn.a.lindstedt@stami.no,oslo,,
1062,Lajunen,Timo,NO,,trondheim,,
1063,Wekre,Liv Johanne,NO,liv.j.wekre@ntnu.no,trondheim,,
1064,Granerud,Arild,NO,arild.granerud@hse.hihm.no,elverum,,
1065,Weiderpass,Elisabete,NO,elisabete.weiderpass.vainio@ki.se.,tromsø,,
1066,Almaas,Vibeke Marie,NO,,oslo,,
1067,Jørgensen,Steffen L,NO,,bergen,,
1068,Zhao,Rui,NO,,bergen,,
1069,Horntvedt,May-Elin T,NO,may-elin.t.horntvedt@hbv.no.,buskerud and vestfold university college,,
1070,Romøren,Maria,NO,,university of oslo and vestfold hospital trust,,
1071,Solvoll,Betty-Ann,NO,,oslo and akershus university college of applied sciences,,
1072,Peters,Glen P,NO,glen.peters@cicero.uio.no,n- oslo,,
1073,Holm,Søren,NO,soren.holm@manchester.ac.uk.,oslo,,
1074,Wang,Inger J,NO,,university of bergen,,
1075,Gjengedal,Eva,NO,,university of bergen,,
1076,Larsen,Torill,NO,,university of bergen,,
1077,Svartdal,Frode,NO,frodes@psyk.uit.no,university of tromsø,,
1078,Carlsen,S M,NO,,university hospital of trondheim,,
1079,Asimakopoulos,Alexandros G,NO,,7491 trondheim,,
1080,Nustad,Haakon E,NO,,oslo,,
1081,Page,Christian M,NO,,oslo,,
1082,Reiner,Andrew H,NO,,oslo,,
1083,Zucknick,Manuela,NO,,oslo,,
1084,LeBlanc,Marissa,NO,,oslo,,
1085,Hesstvedt,Liv,NO,liv.hesstvedt@oslo-universitetssykehus.no,oslo,,
1086,Yang,T,NO,,university of tromsø,,
1087,Aaraas,I,NO,,university of tromsø,,
1088,Fæste,Christiane Kruse,NO,christiane.faste@vetinst.no.,oslo,,
1089,Ivanova,Lada,NO,,oslo,,
1090,Sayyari,Amin,NO,,oslo,,
1091,Hansen,Ulrik,NO,,oslo,,
1092,Sivertsen,Tore,NO,,oslo,,
1093,Uhlig,Silvio,NO,,oslo,,
1094,Haaland,Øystein A,NO,,bergen,,
1095,Sie,I,NO,ins@diakonova.no,oslo,,
1096,Olafsson,S,NO,,bergen,,
1097,Bjerkan,Tonje M,NO,,n- trondheim,,
1098,Hennig,Toril,NO,,sandvika,,
1099,Hæhre,Liv,NO,,sandvika,,
1100,Hornburg,Vivian Tryving,NO,,sandvika,,
1101,Mowinckel,Petter,NO,,oslo,,
1102,Norli,Ellen Sauar,NO,,sandvika,,
1103,Kjeken,Ingvild,NO,,oslo,,
1104,Røssberg,J I,NO,j.i.rxssberg@psykiatri.uio.no,oslo,,
1105,Tuv,Silja Skogstad,NO,,0403 oslo,,
1106,Øiestad,Elisabeth Leere,NO,,0403 oslo,,
1107,Vindenes,Vigdis,NO,,0403 oslo,,
1108,Rollefstad,S,NO,,oslo,,
1109,Ikdahl,E,NO,,oslo,,
1110,Hisdal,J,NO,,oslo,,
1111,Olsen,I C,NO,,oslo,,
1112,Holme,I,NO,,oslo,,
1113,Hammer,H B,NO,,oslo,,
1114,Smerud,K T,NO,,oslo,,
1115,Pedersen,T R,NO,,oslo,,
1116,Kvien,T K,NO,,oslo,,
1117,Semb,A G,NO,,oslo,,
1118,Jenssen,Bjørn M,NO,,trondheim,,
1119,Arukwe,Augustine,NO,,trondheim,,
1120,Røsjø,Helge,NO,,lørenskog,,
1121,Mohn,Cathrine H,NO,,oslo,,
1122,Blix,Hege Salvesen,NO,,oslo,,
1123,Halvorsen,Jon Anders,NO,,oslo,,
1124,Nafstad,Per,NO,,oslo,,
1125,Valberg,Morten,NO,,oslo,,
1126,Lagerløv,Per,NO,,oslo,,
1127,Vasset,Frøydis,NO,,alesund university college,,
1128,Hossain,Jubayer A,NO,,bergen,,
1129,Ystaas,Lars Rømo,NO,,bergen,,
1130,Mrdalj,Jelena,NO,,bergen,,
1131,Välk,Kristjan,NO,,bergen,,
1132,Bjerkvig,Rolf,NO,,bergen,,
1133,Grønli,Janne,NO,,bergen,,
1134,Miletic,Hrvoje,NO,hrvoje.miletic@uib.no.,bergen,,
1135,Casar-Borota,Olivera,NO,olivera.casar.borota@medbio.umu.se,oslo,,
1136,Skancke,Jørgen,NO,,trondheim,,
1137,Brandvik,Per Johan,NO,,trondheim,,
1138,Havik,Odd,NO,,bergen,,
1139,Nordgreen,Tine,NO,,bergen,,
1140,Kjekshus,J,NO,,sandvika,,
1141,Dalgard,Olav,NO,,oslo,,
1142,Bjøro,Kristian,NO,,oslo,,
1143,Hauser,Ingrid,NO,ingrid.hauser@ntnu.no,trondheim,,
1144,Bjørge,L,NO,line.bjorge@gades.uib.no,bergen,,
1145,Kaminski,Michal F,NO,,oslo,,
1146,Bretthauer,Michael,NO,,oslo,,
1147,Hoff,Geir,NO,,oslo,,
1148,Garborg,Kjetil,NO,,oslo,,
1149,Seip,Birgitte,NO,,tønsberg,,
1150,Meltzer,H M,NO,,university of oslo,,
1151,Florholmen,J,NO,,university hospital of tromsø,,
1152,Islam,M Ashraful,NO,,ås,,
1153,Kulkarni,Amod D,NO,,bodø,,
1154,Caipang,Christopher M A,NO,,bodø,,
1155,Fernandes,Jorge M O,NO,,bodø,,
1156,Brinchmann,Monica F,NO,,bodø,,
1157,Paulsen,Julie,NO,,trondheim,,
1158,Askim,Åsa,NO,,trondheim,,
1159,Mohus,Randi Marie,NO,,trondheim,,
1160,Mehl,Arne,NO,,nord-trøndelag hospital trust,,
1161,Solligård,Erik,NO,,trondheim,,
1162,Damås,Jan Kristian,NO,,trondheim,,
1163,Åsvold,Bjørn O,NO,,trondheim,,
1164,McClusky,Leon Mendel,NO,leon.mcclusky@uit.no.,narvik,,
1165,Laerum,Birger,NO,,nesttun,,
1166,Lehman,Sverre,NO,,bergen,,
1167,Andersen,L F,NO,andersen@epi.umn.edu,oslo,,
1168,Taffa,Negussie,NO,negussie.tafa@samfunnsmed.uio.no,oslo,,
1169,Storesund,Anette,NO,astoresu@yahoo.com,bergen,,
1170,Dolven-Jacobsen,Kari,NO,kdj@ous-hf.no.,oslo,,
1171,Reisse,Claudius H,NO,clarei@ous-hf.no.,oslo,,
1172,Dahl,A,NO,arve.dahl@rikshospitalet.no,oslo,,
1173,Kang,Ronghua,NO,,no-1432 ås,,
1174,Mulder,Jan,NO,,no-1432 ås,,
1175,Larssen,Thorjørn,NO,,oslo,,
1176,Saugstad,Ola Didrik,NO,odsaugstad@rr-research.no,oslo,,
1177,Prata,A J,NO,,lysaker,,
1178,Moriano,D,NO,,lysaker,,
1179,Bernardo,C,NO,,lysaker,,
1180,Vogel,A,NO,,university of oslo,,
1181,Thomas,H E,NO,,lysaker,,
1182,Breivik,Knut,NO,kbr@nilu.no,no- kjeller,,
1183,Laake,K,NO,knut.laake@ioks.uio.no,oslo,,
1184,Bjerkan,Tonje M,NO,,n- trondheim,,
1185,Bjerga,Gro Elin Kjæreng,NO,,university of tromsø,,
1186,Hjerde,Erik,NO,,university of tromsø,,
1187,Williamson,Adele Kim,NO,,university of tromsø,,
1188,Smalås,Arne Oskar,NO,,university of tromsø,,
1189,Willassen,Nils Peder,NO,,university of tromsø,,
1190,Altermark,Bjørn,NO,,university of tromsø,,
1191,Noodt,B B,NO,,oslo,,
1192,Biong,A S,NO,,university of oslo,,
1193,Hollan,Ivana,NO,,lillehammer,,
1194,Halvorsen,O,NO,odd.halvorsen@toyen.uio.no,university of oslo,,
1195,Thomas,Kevin V,NO,,n- oslo,,
1196,Tollefsen,Knut Erik,NO,,n-1432 ås,,
1197,Andreassen,A K,NO,,oslo,,
1198,Gude,E,NO,,oslo,,
1199,Solbu,D,NO,,oslo,,
1200,Arora,S,NO,,oslo,,
1201,Gullestad,L,NO,,oslo,,
1202,Lie,Silje S,NO,,stavanger,,
1203,Karlsen,Bjørg,NO,,stavanger,,
1204,Graue,Marit,NO,,bergen,,
1205,Oftedal,Bjørg,NO,,stavanger,,
1206,Birkeland,Nils-Kåre,NO,,n-5020 bergen,,
1207,Strømme,P,NO,petter-stromme@adelaide.edu.au,oslo,,
1208,Almdahl,S M,NO,,university hospital of tromsø,,
1209,Zhu,Liang,NO,,oslo,,
1210,Nilsen,Linn H,NO,,trondheim,,
1211,Olsen,Esben Moland,NO,,his,,
1212,Rudi,K,NO,knut.rudi@bio.uio.no,university of oslo,,
1213,Nilsen,G,NO,,oslo-3,,
1214,Andresen,Per Arne,NO,per.arne.andresen@rikshospitalet.no,oslo,,
1215,Svendsen,Mette,NO,mette.svendsen@uus.no,oslo,,
1216,Holtedahl,K,NO,knut.holtedahl@ism.uit.no,university of tromsø,,
1217,Hussain,Akhtar,NO,,n-0317 oslo,,
1218,Strønen,Erlend,NO,,oslo,,
1219,Yang,Weiwen,NO,,oslo,,
1220,Böschen,Maxi-Lu,NO,,oslo,,
1221,Lund-Johansen,Fridtjof,NO,,oslo,,
1222,Rasmussen,K,NO,,forensic psychiatric unit,,
1223,Halstensen,T S,NO,,university of oslo,,
1224,Jensen,John Beck,NO,,n- tromsø,,
1225,Caugant,Dominique A,NO,,oslo,,
1226,Rudi,Knut,NO,knut.rudi@nofima.no,as,,
1227,Nordeng,H,NO,h.m.e.nordeng@farmasi.uio.no,oslo,,
1228,Bjørklund,Geir,NO,bjorklund@conem.org.,mo i rana,,
1229,Maleckar,Mary M,NO,,oslo,,
1230,Mumm,F,NO,mumm@phys.ntnu.no,n- trondheim,,
1231,Grundvold,Irene,NO,,ullevaal,,
1232,Boldingh,Anne Marthe,NO,,lørenskog,,
1233,Kramer-Johansen,Jo,NO,,oslo,,
1234,Calisch,Tor Einar,NO,,oslo,,
1235,Nakstad,Britt,NO,,lørenskog,,
1236,Olasveengen,Theresa M,NO,,oslo,,
1237,Bakken,A M,NO,,university hospital haukeland,,
1238,Lewin,Simon,NO,,oslo,,
1239,Amundsen,Erik K,NO,,oslo,,
1240,Hagen,S,NO,,oslo,,
1241,Heiervang,Einar R,NO,,bergen,,
1242,Gøthesen,Øystein,NO,,haugesund,,
1243,Søfteland,Eirik,NO,eirik.softeland@biomed.uib.no,n- bergen,,
1244,Hognestad,Aina,NO,aina.hognestad@klinmed.uio.no,oslo,,
1245,Brantsaeter,A L,NO,anne.lise.brantsaeter@fhi.no,oslo,,
1246,Abrahamsen,Bente,NO,,oslo,,
1247,Bustnes,J O,NO,,tromsø,,
1248,Moe,B,NO,,n-7485 trondheim,,
1249,Hanssen,S A,NO,,tromsø,,
1250,Herzke,D,NO,,n- tromsø,,
1251,Gabrielsen,G W,NO,,n- tromsø,,
1252,Verboven,N,NO,,n- tromsø,,
1253,Andersen,Bjørg Marit,NO,bjorgmarit.andersen@ulleval.no,oslo,,
1254,Teig,E,NO,,university of oslo,,
1255,Götestam Skorpen,Carina,NO,,ålesund,,
1256,Østensen,Monika,NO,,trondheim,,
1257,Nordbotten,Bernt J,NO,,oslo,,
1258,Dawson,Ian,NO,,bodo,,
1259,Albert,Anastasia,NO,,tromsø,,
1260,Eksteen,J Johannes,NO,,tromsø,,
1261,Isaksson,Johan,NO,,tromsø,,
1262,Sengee,Myagmarsuren,NO,,tromsø,,
1263,Hansen,Terkel,NO,,tromsø,,
1264,Vasskog,Terje,NO,,tromsø,,
1265,Hansen,Thomas F,NO,thomas.hansen@bio.fsu.edu,trondheim,,
1266,Pettersen,E,NO,eirikpettersen@sensewave.com,6 oslo,,
1267,Kumar,Gopalakrishnan,NO,,4036 stavanger,,
1268,Arntzen,Cathrine,NO,,the arctic university of norway,,
1269,Hoff,Mari,NO,mari.hoff@ntnu.no,trondheim,,
1270,Kristoffersen,Kristian E,NO,k.e.kristoffersen@iln.uio.no,department of linguistics and scandinavian studies,,
1271,Tran,Anh Thi,NO,,oslo,,
1272,Bakke,Åsne,NO,,stavanger,,
1273,Berg,Tore J,NO,,oslo,,
1274,Gjelsvik,Bjørn,NO,,oslo,,
1275,Mdala,Ibrahimu,NO,,oslo,,
1276,Nøkleby,Kjersti,NO,,oslo,,
1277,Shakil Rai,Anam,NO,,kristiansand,,
1278,Cooper,John G,NO,,stavanger,,
1279,Claudi,Tor,NO,,bodø,,
1280,Løvaas,Karianne,NO,,bergen,,
1281,Thue,Geir,NO,,bergen,,
1282,Sandberg,Sverre,NO,,bergen,,
1283,Jenum,Anne K,NO,,oslo,,
1284,Westberg,Marianne,NO,,oslo,,
1285,Røise,Olav,NO,,0318 oslo,,
1286,Storeggen,Stein Arne Øvre,NO,,tynset,,
1287,Bere,Tone,NO,,oslo,,
1288,Silberg,Ingunn,NO,,oslo,,
1289,Madsen,Jan Erik,NO,,0318 oslo,,
1290,Kisa,Sezer,NO,,oslo,,
1291,Kisa,Adnan,NO,,oslo,,
1292,Erchinger,Friedemann,NO,,voss,,
1293,Øvre,Anne Kristine N,NO,,bergen,,
1294,Aarseth,Marita Malene,NO,,bergen,,
1295,Engjom,Trond,NO,,bergen,,
1296,Brønstad,Ingeborg,NO,,bergen,,
1297,Dimcevski,Georg,NO,,bergen,,
1298,Gudbrandsen,Oddrun Anita,NO,,bergen,,
1299,Tjora,Erling,NO,,bergen,,
1300,Donnem,Tom,NO,tom.donnem@uit.no,tromso,,
1301,Hellebust,T P,NO,,oslo,,
1302,Haugen,John-Erik,NO,,ås,,
1303,Gottås,A,NO,,0403 oslo,,
1304,Ripel,Å,NO,,0403 oslo,,
1305,Boix,F,NO,,0403 oslo,,
1306,Vindenes,V,NO,,0403 oslo,,
1307,Mørland,J,NO,,0403 oslo,,
1308,Rosness,Tor Atle,NO,,university of oslo,,
1309,Strand,Bjørn Heine,NO,,university of oslo,,
1310,Engedal,Knut,NO,,tønsberg,,
1311,Bjertness,Espen,NO,,university of oslo,,
1312,Jellum,E,NO,,oslo,,
1313,Moxnes,John F,NO,,trondheim,,
1314,Daehlin,L,NO,,university of bergen,,
1315,Korkmaz,K S,NO,,university of oslo,,
1316,Melbye,Hasse,NO,hasse.melbye@ism.uit.no,tromso,,
1317,Solheim,T,NO,,university of oslo,,
1318,Brønstad,Aurora,NO,aurora.bronstad@ffhs.uib.no,bergen,,
1319,Paulssen,E J,NO,,university of oslo,,
1320,Romundstad,P,NO,pr@kreftreg.no,oslo,,
1321,Bergsholm,Per,NO,per.bergsholm@helse-forde.no,førde,,
1322,Jensenius,M,NO,mogens.jensenius@ioks.uio.no,oslo,,
1323,Ringø,Einar,NO,,tromsø,,
1324,Svanes,C,NO,cecilie.svanes@med.uib.no,university of bergen,,
1325,Ruland,C M,NO,cornelia.m.ruland@dartmouth.edu,university of oslo,,
1326,Pedersen,Per Bernhard,NO,per.pedersen@unimed.sintef.no,trondheim,,
1327,Skulstad,Svein Magne,NO,svein.skulstad@uib.no,bergen,,
1328,de Miguel,Rodrigo,NO,demiguel@iet.ntnu.no,trondheim,,
1329,Høvding,G,NO,,university of bergen,,
1330,Mulugeta,Mesay,NO,,n-0315 oslo,,
1331,Giertsen,J C,NO,,gade institute,,
1332,Bautz-Holter,E,NO,,oslo,,
1333,Lossius,Morten Ingvar,NO,morten.lossius@epilepsy.no,lorenskog,,
1334,Sørlie,Torunn Marie,NO,,oslo,,
1335,Larssen,K W,NO,,trondheim,,
1336,Moghen,A,NO,,trondheim,,
1337,Haugum,K,NO,,trondheim,,
1338,Steen,T W,NO,,city of oslo,,
1339,Jørgensen,S B,NO,,lørenskog,,
1340,Aamot,H V,NO,,lørenskog,,
1341,Wien,Tale Norbye,NO,,oslo,,
1342,Jönsson,Sofia,NO,sofia.jonsson@vgregion.se,trondheim,,
1343,Knivsberg,A M,NO,ann-mari.knivsberg@slf.his.no,stavanger university college,,
1344,Berntsen,R F,NO,,university hospital of tromsø,,
1345,Yoccoz,Nigel G,NO,nigel.yoccoz@uit.no,n- tromsø,,
1346,Klungsoyr,Kari,NO,,university of bergen,,
1347,Solberg,Monica F,NO,monica.solberg@imr.no,bergen,,
1348,Arstad,Bjørnar,NO,bjornar.arstad@sintef.no,n-0315 oslo,,
1349,Grong,E,NO,eivind.grong@ntnu.no.,trondheim,,
1350,Arbo,I B,NO,,trondheim,,
1351,Kulseng,B E,NO,,trondheim,,
1352,Mårvik,R,NO,,trondheim,,
1353,Müller,T B,NO,,trondheim,,
1354,Jacobsen,B K,NO,,university of tromsø,,
1355,Ørstavik,Øivind,NO,,oslo,,
1356,Manfra,Ornella,NO,,oslo,,
1357,Andressen,Kjetil Wessel,NO,,oslo,,
1358,Andersen,Geir Øystein,NO,,oslo,,
1359,Skomedal,Tor,NO,,oslo,,
1360,Osnes,Jan-Bjørn,NO,,oslo,,
1361,Levy,Finn Olav,NO,,oslo,,
1362,Krobert,Kurt Allen,NO,,oslo,,
1363,Røe,Oluf Dimitri,NO,,no,,
1364,Christensen,Ekaterina,NO,ekaterina.christensen@norconsult.com,1303 sandvika,,
1365,Nilsen,Vegard,NO,,n-1432 aas,,
1366,Håkonsen,Tor,NO,,sandvika,,
1367,Heistad,Arve,NO,,n-1432 aas,,
1368,Brackman,Damien,NO,,bergen,,
1369,Eik,Lars Olav,NO,,1432 aas,,
1370,Perminow,Gøri,NO,gori.perminow@medisin.uio.no,oslo,,
1371,Alseth,Ingrun,NO,,oslo,,
1372,Dalhus,Bjørn,NO,,oslo,,
