temp_id,lastname,firstname,countries_scope,email,town,role,url
1,Ellingsen,Dag G,NO,dag.ellingsen@stami.no.,oslo,,
2,Seljeflot,Ingebjørg,NO,,ullevål,,
3,Thomassen,Yngvar,NO,,oslo,,
4,Thomassen,Magny,NO,,ås,,
5,Bakke,Berit,NO,,oslo,,
6,Ulvestad,Bente,NO,,oslo,,
7,Moldal,Elena Regine,NO,elena.moldal@nmbu.no.,oslo,,
8,Nødtvedt,Ane,NO,,oslo,,
9,Thallinger,Monica,NO,,oslo,,
10,Ersdal,Hege Langli,NO,,stavanger,,
11,Eilevstjønn,Joar,NO,,stavanger,,
12,Størdal,Ketil,NO,,oslo,,
13,Hinderaker,S G,NO,,bergen,,
14,Bendvold,E,NO,,oslo,,
15,Saugstad,Ola Didrik,NO,,oslo,,
16,Solberg,Rønnaug,NO,,oslo,,
17,Ciesielski,Tomasz,NO,,trondheim,,
18,Flaten,Trond Peder,NO,,trondheim,,
19,Gjerde,Janne L,NO,janne.gjerde@cih.uib.no,bergen,,
20,Reas,Deborah L,NO,d.l.reas@medisin.uio.no,oslo,,
21,Nordgård,Ståle,NO,stale.nordgard@rit.no,trondheim,,
22,Husebekk,Anne,NO,anne.husebekk@unn.no,university hospital north norway,,
23,Bang,Berit E,NO,,tromsø,,
24,Aasmoe,Lisbeth,NO,,tromsø,,
25,Egeberg,Per Kr,NO,per.k.egeberg@hia.no,kristiansand,,
26,Lehmann,Ulrike,NO,jutta.dierkes@med.uib.no.,n-5020 bergen,,
27,Prydz,Kristian,NO,kristian.prydz@imbv.uio.no,oslo,,
28,Lindstedt,B A,NO,bjorn-arne.lindstedt@folkehelsa.no,n- oslo,,
29,Wibe,Asa Espmark,NO,asa.wibe@akvaforsk.nlh.no,trondheim,,
30,Vintermyr,O K,NO,,university of bergen,,
31,Fluge,Øystein,NO,oystein.fluge@gmail.com,n- bergen,,
32,Dumeaux,Vanessa,NO,,institute of community medicine,,
33,Nylenna,M,NO,magne.nylenna@legeforeningen.no,the journal of the norwegian medical association p.o. box  sentrumon. n-0107 oslo,,
34,Kolltveit,K M,NO,,university of oslo,,
35,Lium,Jan-Tore,NO,jantore@lium.no,norwegian university of science and technology (ntnu),,
36,Shammas,F V,NO,shammas@online.no,stavanger,,
37,Eikefjord,E,NO,eli.eikefjord@hib.no,bergen,,
38,van Dulmen,Sandra,NO,,drammen,,
39,Collas,Philippe,NO,,oslo,,
40,Tøien,Kirsti,NO,kirsti.toien@uus.no,no-0424 oslo,,
41,Sørensen,Vigdis,NO,,university of oslo,,
42,Mercer,J B,NO,,university of tromsø,,
43,Msuya,Sia E,NO,siamsuya@hotmail.com,oslo,,
44,Larsen,Marie Hamilton,NO,m.h.larsen@medisin.uio.no.,oslo,,
45,Hagen,Kåre Birger,NO,,oslo,,
46,Wahl,Astrid Klopstad,NO,,oslo,,
47,Enemark,H L,NO,,oslo,,
48,Klevan,Are,NO,,0316 oslo,,
49,Slagstad,Rune,NO,rune.slagstad@hioa.no,høgskolen i oslo og akershus,,
50,Glad,S B,NO,solveig.bergliot.glad@helse-bergen.no,bergen,,
51,Harding,Thomas,NO,thomas.harding@hibu.no,drammen,,
52,Stubhaug,Audun,NO,,oslo,,
53,Aabakken,Lars,NO,,oslo,,
54,Rossow,I,NO,ingeborg.m.rossow@sifa.no,oslo,,
55,Haugeberg,Glenn,NO,,trondheim,,
56,Ghiasvand,Reza,NO,,oslo,,
57,Rueegg,Corina S,NO,,oslo,,
58,Weiderpass,Elisabete,NO,,tromsø,,
59,Lund,Eiliv,NO,,tromsø,,
60,Veierød,Marit B,NO,,oslo,,
61,Bjørnetrø,Tonje,NO,,lørenskog,,
62,Redalen,Kathrine Røe,NO,,lørenskog,,
63,Meltzer,Sebastian,NO,,lørenskog,,
64,Thusyanthan,Nirujah Sivarajah,NO,,lørenskog,,
65,Handeland,Karianne Risberg,NO,,lørenskog,,
66,Ree,Anne Hansen,NO,,lørenskog,,
67,Tollan,A,NO,,university of tromsø,,
68,Zhao,Xi,NO,xi.zhao@medisin.uio.no,oslo,,
69,Aasen,T,NO,torbjorn@aasens.net,bergen,,
70,Strandenes,Geir,NO,geir@docfish.no,bergen,,
71,Grimholt,T K,NO,tinegrim@yahoo.no.,oslo,,
72,Jacobsen,D,NO,uxdaja@ous-hf.no.,oslo,,
73,Haavet,O R,NO,o.r.haavet@medisin.uio.no.,oslo,,
74,Sandvik,L,NO,uxledv@ous.hf.no.,oslo,,
75,Jorgensen,T,NO,trond.g.jorgensen@ahus.no.,akershus,,
76,Norheim,A B,NO,astridberge.norheim@diakonsyk.no.,eastern norway,,
77,Ekeberg,O,NO,uxoiek@ous-hf.no.,oslo,,
78,Elholm,M,NO,,n- bergen,,
79,Benestad,H B,NO,,oslo,,
80,Sand,K L,NO,,oslo,,
81,Bruusgaard,J C,NO,,oslo,,
82,Kongerud,Johny,NO,,loerenskog,,
83,Henriksen,Eva,NO,eva.henriksen@telemed.no,n- tromsø,,
84,Borchel,Andreas,NO,,5008 bergen,,
85,Wyller,T B,NO,t.b.wyller@ioks.uio.no,oslo,,
86,Daulaire,Nils,NO,,oslo,,
87,Flatmark,Kjersti,NO,kjersti.flatmark@rr-research.no,oslo,,
88,Nirea,Kahsay G,NO,kahsay.nirea@umb.no,ås,,
89,Husby,P,NO,,haukeland sykehus,,
90,Bo,Kari,NO,kari.bo@nih.no.,oslo,,
91,Totland,Christian,NO,,n- bergen,,
92,Nerdal,Willy,NO,,n- bergen,,
93,Steinkopf,Signe,NO,,bergen,,
94,Lie,Arve,NO,arve.lie@stami.no,0033 oslo,,
95,Sørskaar,D,NO,,oslo,,
96,Erikson,Arne,NO,arne.erikson@phys.ntu.no,trondheim,,
97,Søreide,Jon Arne,NO,jon.soreide@kir.uib.no,trondheim,,
98,Magnussen,Elisabeth Balstad,NO,elisabeth.b.magnussen@ntnu.no,n- trondheim,,
99,Holefors,Anna,NO,,n-1432 as,,
100,Øie,Merete,NO,,university of oslo,,
101,Hovik,Kjell Tore,NO,,lillehammer,,
102,Andersen,Per Normann,NO,,4 lillehammer university college,,
103,Czajkowski,Nikolai Olavi,NO,,university of oslo,,
104,Skogli,Erik Winther,NO,,lillehammer,,
105,Skrede,S,NO,,university of oslo,,
106,Øye,Christian R,NO,christian.oye@ntnu.no.,trondheim,,
107,Holen,Ketil J,NO,,trondheim,,
108,Foss,Olav A,NO,,trondheim,,
109,Klein,Joern,NO,jkle@dfvf.dk,n- tromsø,,
110,Ho,Giang Thanh Thi,NO,g.t.t.ho@farmasi.uio.no.,0316 oslo,,
111,Nguyen,Thi Kim Yen,NO,anna_2391@hotmail.com.,0316 oslo,,
112,Kase,Eili Tranheim,NO,margey.tadesse@farmasi.uio.no.,0316 oslo,,
113,Tadesse,Margey,NO,hilde.barsett@farmasi.uio.no.,0316 oslo,,
114,Barsett,Hilde,NO,helle.wangensteen@farmasi.uio.no.,0316 oslo,,
115,Wangensteen,Helle,NO,e.t.kase@farmasi.uio.no.,0316 oslo,,
116,Thorvaldsen,Tor Espen,NO,,oslo,,
117,Pedersen,Nina Marie,NO,,oslo,,
118,Wenzel,Eva Maria,NO,,oslo,,
119,Stenmark,Harald,NO,,oslo,,
120,Martinussen Tandstad,N,NO,,oslo,,
121,Wethe Rognlien,V,NO,,oslo,,
122,Bjertnaes,Lars J,NO,,tromsoe,,
123,Kirov,Mikhail Y,NO,,tromsoe,,
124,Ellingsen,Øyvind,NO,,trondheim,,
125,Latz,E,NO,,trondheim,,
126,Bukholm,G,NO,,university of oslo,,
127,Øverland,Simon,NO,,university of bergen,,
128,Rudebeck,Carl E,NO,,tromsö university,,
129,Danbolt,Niels Christian,NO,,oslo,,
130,Capelli,Carlo,NO,,oslo,,
131,Kure,Cathrine Finne,NO,,as,,
132,Berg,Siv Hilde,NO,,stavanger,,
133,Rørtveit,Kristine,NO,,stavanger,,
134,Walby,Fredrik A,NO,,oslo,,
135,Aase,Karina,NO,,stavanger,,
136,Forsaa,Vegard A,NO,,bergen,,
137,Olstad,Kristin,NO,,oslo,,
138,Moan,J,NO,,oslo,,
139,Briseid,K,NO,,university of oslo,,
140,Måseide,Per,NO,per.maaseide@hibo.no,bodø regional university,,
141,Flottorp,Signe,NO,,oslo,,
142,Aabakken,L,NO,larsaa@klinmed.uio.no,oslo,,
143,Korsvold,Gro E,NO,,oslo,,
144,Oftung,Fredrik,NO,,oslo,,
145,Knudsen,Rune,NO,,n tromsø,,
146,Kuhn,Jesper A,NO,,n tromsø,,
147,Henriksen,Eirik H,NO,,n tromsø,,
148,Siwertsson,Anna,NO,,n tromsø,,
149,Amundsen,Per-Arne,NO,,n tromsø,,
150,Buanes,Trond A,NO,,n- oslo,,
151,Ottem,Karl F,NO,karl.ottem@bio.uib.no,bergen,,
152,Aaseth,Jan,NO,,brumunddal,,
153,Puzo,Q,NO,,oslo,,
154,Mehlum,L,NO,,oslo,,
155,Qin,P,NO,,oslo,,
156,Glosli,Heidi,NO,,oslo,,
157,Saetern,Ann Mari,NO,annmari@farmasi.uit.no,n- tromsø,,
158,Andreasen,Camilla,NO,,tromsø,,
159,Solberg,Lene B,NO,,oslo,,
160,Basso,Trude,NO,,trondheim,,
161,Borgen,Tove T,NO,,drammen,,
162,Dahl,Cecilie,NO,,oslo,,
163,Wisløff,Torbjørn,NO,,oslo,,
164,Hagen,Gunhild,NO,,oslo,,
165,Apalset,Ellen M,NO,,bergen,,
166,Gjertsen,Jan-Erik,NO,,bergen,,
167,Figved,Wender,NO,,bærum,,
168,Hübschle,Lars M,NO,,drammen,,
169,Stutzer,Jens M,NO,,molde,,
170,Elvenes,Jan,NO,,tromsø,,
171,Joakimsen,Ragnar M,NO,,tromsø,,
172,Syversen,Unni,NO,,trondheim,,
173,Eriksen,Erik F,NO,,oslo,,
174,Nordsletten,Lars,NO,,oslo,,
175,Frihagen,Frede,NO,,oslo,,
176,Omsland,Tone K,NO,,oslo,,
177,Bjørnerem,Åshild,NO,,tromsø,,
178,Chourrout,Daniel,NO,,bergen n-,,
179,Leutgeb,Jill K,NO,,no- trondheim,,
180,Riise,T,NO,tove.riise@rito.no,university hospital of tromsø,,
181,Eagan,T M L,NO,tomas.eagan@med.uib.no,bergen,,
182,Oxman,Andrew D,NO,oxman@online.no,oslo,,
183,Vassend,O,NO,,university of oslo,,
184,Saugstad,Letten F,NO,kari_horn@hotmail.com,0317 oslo,,
185,Kirkevold,M,NO,,university of oslo,,
186,Davey,Marie L,NO,,ås,,
187,Aadland,Katrine N,NO,,bergen,,
188,Aadland,Eivind,NO,,bergen,,
189,Andersen,John R,NO,,bergen,,
190,Lervåg,Arne,NO,,bergen,,
191,Moe,Vegard F,NO,,bergen,,
192,Resaland,Geir K,NO,,bergen,,
193,Ommundsen,Yngvar,NO,,oslo,,
194,Henjum,Sigrun,NO,sigrun.henjum@hioa.no.,oslo,,
195,Lilleengen,Anne Marie,NO,anne.marie.lilleengen@hioa.no.,oslo,,
196,Aakre,Inger,NO,inger.aakre@hioa.no.,oslo,,
197,Dudareva,Anna,NO,annamoguciha@mail.com.,oslo,,
198,Gjengedal,Elin Lovise Folven,NO,elin.gjengedal@nmbu.no.,aas,,
199,Meltzer,Helle Margrete,NO,hellemargrete.meltzer@fhi.no.,oslo,,
200,Brantsæter,Anne Lise,NO,annelise.brantsaeter@fhi.no.,oslo,,
201,Halvorsen,Peder Andreas,NO,,tromsø,,
202,Midtvedt,Karsten,NO,,oslo,,
203,Axéll,T,NO,,university of oslo,,
204,Hoff-Olsen,P,NO,,oslo,,
205,Mevåg,B,NO,,oslo,,
206,Ofstad,Eirik H,NO,,lorenskog,,
207,Frich,Jan C,NO,,oslo,,
208,Schei,Edvin,NO,,bergen,,
209,Gulbrandsen,Pål,NO,,lorenskog,,
210,Haye,R,NO,,oslo,,
211,Døsen,L K,NO,,oslo,,
212,Tarangen,M,NO,,oslo,,
213,Shiryaeva,O,NO,,oslo,,
214,Louch,William E,NO,w.e.louch@medisin.uio.no,oslo,,
215,Haram,Kjell,NO,kjell.haram@broadpark.no,bergen,,
216,Mwangala,Sheila,NO,,bergen,,
217,Moland,Karen M,NO,,bergen,,
218,Fylkesnes,Knut,NO,,bergen,,
219,Straand,Torbjørg,NO,,telemark hospital,,
220,Tanbo,Tom,NO,,oslo,,
221,Mellembakken,Jan,NO,,oslo,,
222,Bjercke,Sverre,NO,,oslo,,
223,Ring,Eva,NO,,oslo,,
224,Åbyholm,Thomas,NO,,oslo,,
225,Fedorcsak,Peter,NO,,oslo,,
226,Moller,Bjorn,NO,,oslo,,
227,Johnsen,Synnøve Lian,NO,synnove.johnsen@helse-bergen.no,n- bergen,,
228,Glenner,Henrik,NO,henrik.glenner@uib.bio.no,n-5020 bergen,,
229,Broen,Anne Nordal,NO,a.n.broen@medisin.uio.no,0317 oslo,,
230,Pedersen-Bjergaard,Stig,NO,stig.pedersen-bjergaard@farmasi.uio.no,oslo,,
231,Bruun,Jack-Ansgar,NO,,university of tromsø  tromsø,,
232,Keilegavlen,Håvard,NO,hkei@helse-bergen.no,bergen,,
233,Diep,Phuong Phuong,NO,phuong2diep@yahoo.no,university of oslo,,
234,Qin,Yan,NO,,lysaker,,
235,Nyheim,Hilde,NO,,lysaker,,
236,Haram,Else Marie,NO,,lysaker,,
237,Hustvedt,Svein Olaf,NO,svein.olaf.hustvedt@basf.com.,lysaker,,
238,Litlekalsoy,Jorunn,NO,jorunn.litlekalsoy@k1.uib.no.,bergen,,
239,Rostad,Kari,NO,,bergen,,
240,Kalland,Karl-Henning,NO,,bergen,,
241,Hostmark,Jens G,NO,,bergen,,
242,Laerum,Ole Didrik,NO,,bergen,,
243,Wisloff,Ulrik,NO,,trondheim,,
244,Aarås,A,NO,,oslo,,
245,Aarø,Leif Edvard,NO,leif.aaro@psych.uib.no,oslo,,
246,Jensen,Tine K,NO,tine.jensen@psykologi.uio.no.,oslo,,
247,Holt,Tonje,NO,,oslo,,
248,Ormhaug,Silje M,NO,,oslo,,
249,Weldingh,Nina Mickelson,NO,,0403 oslo,,
250,Jørgensen-Kaur,Lena,NO,,0403 oslo,,
251,Becher,Rune,NO,,0403 oslo,,
252,Holme,Jørn A,NO,,0403 oslo,,
253,Bodin,Johanna,NO,,0403 oslo,,
254,Nygaard,Unni C,NO,,0403 oslo,,
255,Bølling,Anette Kocbach,NO,,0403 oslo,,
256,Utvoll,Jørgen,NO,jorgenutvoll@yahoo.no,oslo,,
257,Karlsson,Malin R,NO,malin.karlsson@labmed.uio.no,n- oslo,,
258,Trosvik,Pål,NO,,as,,
259,Rounge,Trine B,NO,,oslo,,
260,Weiderpass,Elisabete,NO,,tromsø,,
261,Wiig,S,NO,,n- stavanger,,
262,Gjestsen,Martha Therese,NO,,stavanger,,
263,Wiig,Siri,NO,,stavanger,,
264,Testad,Ingelin,NO,,stavanger,,
265,Solemdal,Kirsten,NO,kirsso@odont.uio.no,oslo,,
266,Gasior-Chrzan,B,NO,,university of tromsø,,
267,Smedsrød,B,NO,,university of tromsø,,
268,Marques da Silva,Rafael,NO,rafaels@odont.uio.no,university of oslo,,
269,Jensen,C,NO,,n- trondheim,,
270,Baghestan,E,NO,,bergen,,
271,Eckner,Karl F,NO,,n- oslo,,
272,Høgåsen,Helga R,NO,,n- oslo,,
273,Begum,Mumtaz,NO,,n- oslo,,
274,Økland,Marianne,NO,,n- oslo,,
275,Cudjoe,Kofitsyo S,NO,,n- oslo,,
276,Johannessen,Gro S,NO,gro.johannessen@vetinst.no.,n- oslo,,
277,Langebrekke,Anton,NO,anton.langebrekke@uus.no,oslo,,
278,Goncearenco,Alexander,NO,,bergen,,
279,Martinsen,A,NO,,trondheim-nth,,
280,Saugstad,O D,NO,o.d.saugstad@medisin.uio.no,oslo,,
281,Andersen,Garrett Newton,NO,garrett.andersen@gmail.com,levanger,,
282,Kasumacic,Nedim,NO,,n-0317 oslo,,
283,Gjengedal,Eva,NO,,bergen,,
284,Skrondal,Torill,NO,,molde,,
285,Storjord,May-Britt,NO,,molde,,
286,Winkler,Andrea S,NO,,oslo,,
287,DeRoo,Lisa,NO,,bergen,,
288,Lie,Rolv T,NO,,bergen,,
289,Bjøro,T,NO,,oslo,,
290,Cooil,S P,NO,,n- trondheim,,
291,Mazzola,F,NO,,n- trondheim,,
292,Hunvik,K W B,NO,,n- trondheim,,
293,Wells,J W,NO,,n- trondheim,,
294,Hanvold,Therese Nordberg,NO,tno@stami.no.,0033 oslo,,
295,Stenrød,Marianne,NO,marianne.stenrod@bioforsk.no,ås,,
296,White,Richard A,NO,,oslo,,
297,Bjørneraas,Kari,NO,kari.bjorneraas@bio.ntnu.no,trondheim,,
298,Wang,Yun Yong,NO,,oslo,,
299,Bjørnstad,G,NO,gro.bjornstad@veths.no,oslo,,
300,Ha,L,NO,lisa.ha@so-hf.no,fredrikstad,,
301,Kristiansen,A B,NO,,university of bergen,,
302,Berlinger,Balázs,NO,,n-0033 oslo,,
303,Thomassen,Yngvar,NO,,n-0033 oslo,,
304,Reisaeter,Anna Varberg,NO,,rikshospitalet,,
305,De Grandis,Giovanni,NO,giovanni.de.grandis@ntnu.no.,trondheim,,
306,Halgunset,Vidar,NO,,trondheim,,
307,Lien,E A,NO,,university of bergen,,
308,Aurlien,Dag,NO,auda@sus.no,stavanger,,
309,Buanes,T,NO,,bergen,,
310,Bugge,M K,NO,,oslo,,
311,Cameron,D,NO,,oslo,,
312,Catmore,J R,NO,,oslo,,
313,Dale,O,NO,,bergen,,
314,Eigen,G,NO,,bergen,,
315,Feigl,S,NO,,oslo,,
316,Franconi,L,NO,,oslo,,
317,Garonne,V,NO,,oslo,,
318,Gjelsten,B K,NO,,oslo,,
319,Gramstad,E,NO,,oslo,,
320,Liebig,W,NO,,bergen,,
321,Lipniacka,A,NO,,bergen,,
322,Maeland,S,NO,,bergen,,
323,Martin Dit Latour,B,NO,,bergen,,
324,Morisbak,V,NO,,oslo,,
325,Nilsen,J K,NO,,oslo,,
326,Ould-Saada,F,NO,,oslo,,
327,Pajchel,K,NO,,oslo,,
328,Pedersen,M,NO,,oslo,,
329,Raddum,S,NO,,oslo,,
330,Read,A L,NO,,oslo,,
331,Røhne,O,NO,,oslo,,
332,Sandaker,H,NO,,oslo,,
333,Serfon,C,NO,,oslo,,
334,Smestad,L,NO,,bergen,,
335,Stapnes,S,NO,,oslo,,
336,Strandlie,A,NO,,oslo,,
337,Stugu,B,NO,,bergen,,
338,Yang,Z,NO,,bergen,,
339,Zalieckas,J,NO,,bergen,,
340,Dalen,Håvard,NO,havard.dalen@ntnu.no,nord-trøndelag health trust,,
341,Schillinger,Anne-Sophie,NO,,n-5020,,
342,Fuglebakk,Edvin,NO,,n-5020,,
343,Chen,Xiangjun,NO,,oslo,,
344,Stojanovic,Aleksandar,NO,,tromsø,,
345,Eidet,Jon Roger,NO,,oslo,,
346,Utheim,Tor Paaske,NO,,oslo,,
347,Hofmann,Bjørn,NO,b.m.hofmann@medetikk.uio.no,university of oslo,,
348,Aqrawi,Lara A,NO,,bergen,,
349,Skarstein,Kathrine,NO,,bergen,,
350,Vang,Torkel,NO,,n-0317 oslo,,
351,Foss,A,NO,,university of oslo,,
352,Brubakk,Alf O,NO,,trondheim,,
353,Leiros,H K,NO,,university of tromsø,,
354,Fjordbakk,C T,NO,,oslo,,
355,Rødahl,E,NO,,university of trondheim,,
356,Malmberg,Karl-Johan,NO,k.j.malmberg@medisin.uio.no.,oslo,,
357,Goodridge,Jodie P,NO,,oslo,,
358,Nordrum,I,NO,ivar.nordrum@medisin.ntnu.no,tromso,,
359,Gundersen,Lise-Lotte,NO,l.l.gundersen@kjemi.uio.no,blindern,,
360,Falck,Mari,NO,,oslo,,
361,Ruud,Karine Wabø,NO,,oslo,,
362,Adolfsson,Ulf,NO,,0317 oslo,,
363,Tangugsorn,V,NO,vivatt@yahoo.com,university of oslo,,
364,Pedersen,Willy,NO,willy.pedersen@sosgeo.uio.no,institutt for sosiologi og samfunnsgeografi universitetet i oslo,,
365,Haug,Tonje,NO,tonje.haug@rikshospitalet.no,oslo,,
366,Holand,Øystein,NO,,1432 ås,,
367,Gjerset,G M,NO,gunhild.maria.gjerset@radiumhospitalet.no,oslo,,
368,Clarsen,B,NO,,oslo,,
369,Bahr,R,NO,,oslo,,
370,Engedahl,M,NO,,oslo,,
371,Midtsundstad,G,NO,,oslo,,
372,Rosenlund,L,NO,,oslo,,
373,Thorsen,G,NO,,oslo,,
374,Myklebust,G,NO,,oslo,,
375,Larsson,Sara,NO,sara.larsson@medisin.uio.no,oslo,,
376,Söderberg,T A,NO,,stavanger,,
377,Friberg,Morten Langfeldt,NO,,bergen,,
378,Harris,Anette,NO,anette.harris@uib.no,bergen,,
379,Gronningsaeter,A,NO,aageg@unimed.sintef.no,trondheim,,
380,Laerum,O D,NO,,university of bergen,,
381,Geisler,J,NO,,bergen,,
382,Steigen,Sonja E,NO,,tromsø,,
383,Heldal,Einar,NO,einar.heldal@gmail.com.,oslo,,
384,Tropé,C,NO,,oslo,,
385,Moan,Johan,NO,johan.moan@labmed.uio.no,oslo,,
386,Flaatten,Hans,NO,,bergen,,
387,Andersen,Finn H,NO,,ålesund,,
388,Holst,Dorthe,NO,dholst@odont.uio.no,university of oslo,,
389,Odoch,Terence,NO,odoch@covab.mak.ac.ug.,oslo,,
390,Wasteson,Yngvild,NO,,oslo,,
391,L'Abée-Lund,Trine,NO,,oslo,,
392,Nyakarahuka,Luke,NO,,oslo,,
393,Skjerve,Eystein,NO,,oslo,,
394,Suo,Zhenhe,NO,,kristiansand,,
395,Hellum,Christian,NO,christian.hellum@medisin.uio.no,oslo,,
396,Arukwe,Augustine,NO,arukwe@bio.ntnu.no,trondheim,,
397,Laake,J H,NO,j.h.laake@basalmed.uio.no,oslo,,
398,Ayuda-Durán,Pilar,NO,,oslo,,
399,Hjorth-Hansen,Henrik,NO,,trondheim,,
400,Enserink,Jorrit M,NO,,oslo,,
401,van der Want,Johannes,NO,,trondheim,,
402,Helgerud,J,NO,,dragvoll,,
403,Hofmann,Bjørn,NO,b.m.hofmann@medisin.uio.no,oslo,,
404,Mikkelsen,J,NO,janmik@rr-research.no,forskningsvn. oslo,,
405,Hov,Håkon,NO,hakonhov@ntnu.no,trondheim,,
406,Pedersen,Willy,NO,,oslo,,
407,Suhrke,Pål,NO,,oslo,,
408,Zahl,Per-Henrik,NO,,oslo,,
409,Blekesaune,Morten,NO,,kristiansand,,
410,Martínez-Espín,Juan S,NO,,oslo,,
411,Morten,Magnus,NO,,oslo,,
412,Olsbye,Unni,NO,,oslo,,
413,Røssberg,J I,NO,j.i.rxssberg@psykiatri.uio.no,oslo,,
414,Andersson,Stein,NO,stein.andersson@rikshospitalet.no,oslo,,
415,Løken,Katrine V,NO,katrine.loken@econ.uib.no,university of bergen,,
416,Timmerhaus,Gerrit,NO,,ås,,
417,Sveberg Røste,L,NO,line.s.roste@rikshospitalet.no,university of oslo,,
418,Mørch-Johnsen,Lynn,NO,,oslo,,
419,Nerland,Stener,NO,,oslo,,
420,Jørgensen,Kjetil N,NO,,oslo,,
421,Osnes,Kåre,NO,,oslo,,
422,Hartberg,Cecilie B,NO,,oslo,,
423,Andreassen,Ole A,NO,,oslo,,
424,Melle,Ingrid,NO,,oslo,,
425,Nesvåg,Ragnar,NO,,oslo,,
426,Agartz,Ingrid,NO,,oslo,,
427,Labori,Knut Jørgen,NO,uxknab@ous-hf.no.,department of hepato-pancreato-biliary surgery oslo university hospital oslo,,
428,Simonsen,Gunnar S,NO,,n- tromsø,,
429,Afseth,Nils Kristian,NO,nils.kristian.afseth@matforsk.no,n- as,,
430,Hystad,Marit,NO,,oslo,,
431,Jamtvedt,G,NO,gro.jamtvedt@kunnskapssenteret.no,0031 oslo,,
432,Söderlund,Göran B W,NO,,sogndal,,
433,Steen,R E,NO,,oslo,,
434,Drevon,Christian A,NO,,oslo,,
435,Hansen,Kari S,NO,kari.schroder.hansen@helse-bergen.no,bergen,,
436,Dumitrescu,Alexandrina L,NO,alexandrina.dumitrescu@uit.no,university of tromso,,
437,Olssøn,Ingrid,NO,ingrid.olsson@sykehuset-innlandet.no,n- hamar,,
438,Frostad,STEIN,NO,,haukeland hospital,,
439,Kvellestad,Agnar,NO,agnar.kvellestad@vetinst.no,oslo,,
440,Waldum,Helge L,NO,helge.waldum@medisin.ntnu.no,n- trondheim,,
441,Pedersen,Terje R,NO,t.r.pedersen@medisin.uio.no,and university of oslo,,
442,Fernø,Johan,NO,,bergen,,
443,Krogsrud,Stine K,NO,,university of oslo,,
444,Simm,Roger,NO,,oslo,,
445,Albandar,J M,NO,,university of oslo,,
446,Lund,A,NO,,university of bergen,,
447,Nizzetto,Luca,NO,luca.nizzetto@niva.no,oslo,,
448,Bolstad,Anne Isine,NO,anne.bolstad@odont.uib.no,n- bergen,,
449,He,Jianying,NO,jianying.he@ntnu.no.,trondheim,,
450,Kvalheim,Olav M,NO,,bergen,,
451,Bergstrøm,Roald,NO,roald.bergstrom@kith.no,trondheim,,
452,Hovland,Anders,NO,anders.w.hovland@gmail.com,n- bodø,,
453,Akslen,L A,NO,,bergen,,
454,Lönneborg,Anders,NO,,oslo,,
455,Sjögren,Magnus,NO,,oslo,,
456,Berge,Eivind,NO,,tromsø,,
457,Uglem,Martin,NO,martin.uglem@ntnu.no.,trondheim,,
458,Omland,Petter Moe,NO,,trondheim,,
459,Stjern,Marit,NO,,trondheim,,
460,Gravdahl,Gøril Bruvik,NO,,trondheim,,
461,Sand,Trond,NO,,trondheim,,
462,Wijmenga,Cisca,NO,,university of oslo,,
463,Benneche,T,NO,,university of oslo,,
464,Frenvik,Janne Olsen,NO,,oslo,,
465,Dyrstad,Knut,NO,,oslo,,
466,Kristensen,Solveig,NO,,oslo,,
467,Ryan,Olav B,NO,,oslo,,
468,Mjör,I A,NO,,haslum,,
469,Nordgarden,Hilde,NO,hilde.nordgaren@tako.dep.no,oslo,,
470,Cuypers,Jochem,NO,jochem.cuypers@med.uib.no,bergen,,
471,Myklebost,Ola,NO,,oslo,,
472,Finsberg,Henrik,NO,,oslo,,
473,Funke,Simon,NO,,oslo,,
474,Håland,Trine F,NO,,oslo,,
475,Hopp,Einar,NO,,oslo,,
476,Sundnes,Joakim,NO,,oslo,,
477,Wall,Samuel,NO,,oslo,,
478,Rognes,Marie E,NO,,oslo,,
479,Linder,D,NO,,oslo,,
480,Eckhoff,Christian,NO,,tromsø,,
481,Straume,Bjørn,NO,,tromsø,,
482,Kvernmo,Siv,NO,,tromsø,,
483,Małecki,Jędrzej,NO,,oslo,,
484,Dahl,Helge-André,NO,,oslo,,
485,Moen,Anders,NO,,oslo,,
486,Davydova,Erna,NO,,oslo,,
487,Falnes,Pål Ø,NO,pal.falnes@ibv.uio.no.,oslo,,
488,Spigt,Mark,NO,,tromso,,
489,Heegaard,Einar,NO,einar.heegaard@bot.uib.no,bergen,,
490,Eide,Per Kristian,NO,per.kristian.eide@rikshospitalet.no,university of oslo,,
491,Mjelva,Øistein Rønneberg,NO,,bergen,,
492,Svingen,Gard F T,NO,,bergen,,
493,Pedersen,Eva K R,NO,,bergen,,
494,Seifert,Reinhard,NO,,bergen,,
495,Kvaløy,Jan Terje,NO,,stavanger,,
496,Midttun,Øivind,NO,,bergen,,
497,Ueland,Per M,NO,,bergen,,
498,Nordrehaug,Jan E,NO,,bergen,,
499,Nygård,Ottar,NO,,bergen,,
500,Nilsen,Dennis W T,NO,,bergen,,
501,Munkhaugen,John,NO,john@munkhaugen.org,trondheim,,
502,Engeset,Dagrun,NO,,tromsø,,
503,Skeie,Guri,NO,,tromsø,,
504,Asli,Lene A,NO,,tromsø,,
505,Badian,Reza A,NO,,kongsberg,,
506,Utheim,Tor Paaske,NO,,kongsberg,,
507,Bernklev,Tomm,NO,,tønsberg,,
508,Martinsen,K,NO,,høvik,,
509,Eide,M,NO,,høvik,,
510,Endresen,Ø,NO,,høvik,,
511,Kaarbøe,Oddvar M,NO,,oslo,,
512,Leitges,Michael,NO,,oslo,,
513,Keles,Serap,NO,,oslo,,
514,Olseth,Asgeir Røyrhus,NO,,oslo,,
515,Idsøe,Thormod,NO,,oslo,,
516,Sørlie,Mari-Anne,NO,,oslo,,
517,Fuglset,Tone Seim,NO,,oslo,,
518,Landrø,Nils Inge,NO,,oslo,,
519,Reas,Deborah Lynn,NO,,oslo,,
520,Rø,Øyvind,NO,,oslo,,
521,Rosén,Annika,NO,,bergen,,
522,Shi,Tie-Jun,NO,,bergen,,
523,Engen,Stian André,NO,,oslo,,
524,Valen Rukke,Håkon,NO,,oslo,,
525,Blix,Inger Johanne,NO,,oslo,,
526,Petersen,Fernanda Cristina,NO,,oslo,,
527,Schenck,Karl,NO,,oslo,,
528,Bjerklund Johansen,Truls E,NO,trulesbj@frisurf.no,porsgrunn,,
529,Lie,Mons,NO,uxmoli@ous-hf.no,ullevål,,
530,Azak,Schale,NO,schale.azak@psykologi.uio.no,oslo,,
531,Karlsen,Tom H,NO,,oslo,,
532,Ness-Jensen,Eivind,NO,,levanger,,
533,Hveem,Kristian,NO,,levanger,,
534,Qasim,Syed Saad Bin,NO,,oslo,,
535,Moe,Elin,NO,,n- tromsø,,
536,Monsvold,Toril,NO,toril.monsvold@stolav.no,trondheim,,
537,Kjeldsen,Sverre E,NO,,oslo,,
538,Smeland,S,NO,,university of oslo,,
539,Wilson,Maria,NO,,university of oslo oslo,,
540,Dölle,Christian,NO,,bergen,,
541,Aamodt,A,NO,,trondheim university hospital,,
542,Basedow,Sünnje L,NO,,tromsø,,
543,Danielsen,Kristine Grimen,NO,,oslo,,
544,Dahl-Michelsen,Tone,NO,,oslo,,
545,Håkonsen,Elin,NO,,oslo,,
546,Haugstad,Gro Killi,NO,,oslo,,
547,Farooq,Umer,NO,,n- trondheim,,
548,Ribicic,Deni,NO,,n- trondheim,,
549,Netzer,Roman,NO,,n- trondheim,,
550,Andresen,Steinar,NO,,oslo,,
551,Bjune,Gunnar,NO,,university of oslo,,
552,da Silva,G J,NO,geraldo.silva@phys.ntnu.no,n- trondheim,,
553,Aqrawi,L A,NO,lara.aqrawi@gades.uib.no,bergen,,
554,Holmøy,Trygve,NO,trygve.holmoy@medisin.uio.no,oslo,,
555,Omland,T,NO,torbjorn.omland@medisin.uio.no,university of oslo,,
556,Skarsfeldt,Torben,NO,,oslo,,
557,Steiness,Eva,NO,,oslo,,
558,Kale,Emine,NO,emine.kale@nakmi.no,oslo,,
559,Solbakk,Jan Helge,NO,j.h.solbakk@medetikk.uio.no,oslo,,
560,Årøen,Asbjørn,NO,,oslo,,
561,Røtterud,Jan Harald,NO,,lørenskog,,
562,Sivertsen,Einar Andreas,NO,,lørenskog,,
563,Lied,Line,NO,,trondheim,,
564,Borchgrevink,Grethe E,NO,,trondheim,,
565,Finsen,Vilhjalmur,NO,,trondheim,,
566,Hussain,A,NO,,haukeland hospital,,
567,Huseby,S,NO,,bergen,,
568,Bernersen,B,NO,,university hospital of tromsø,,
569,Røsæg,Magnus Vikan,NO,,kverva,,
570,Lund,Morten,NO,,oslo,,
571,Nyman,Ingvild Berg,NO,,oslo,,
572,Markussen,Turhan,NO,,oslo,,
573,Aspehaug,Vidar,NO,,ålesund,,
574,Sindre,Hilde,NO,,oslo,,
575,Dahle,Maria Krudtaa,NO,,oslo,,
576,Djupesland,P G,NO,,oslo,,
577,Lillenes,Meryl S,NO,,oslo,,
578,Støen,Mari,NO,,oslo,,
579,Riaz,Tahira,NO,,oslo,,
580,Misaghian,Dorna,NO,,oslo,,
581,Møllersen,Linda,NO,,oslo,,
582,Esbensen,Ying,NO,,lørenskog,,
583,Günther,Clara-Cecilie,NO,,oslo,,
584,Selnes,Per,NO,,lørenskog,,
585,Stenset,Vidar T V,NO,,lørenskog,,
586,Fladby,Tormod,NO,,lørenskog,,
587,Tønjum,Tone,NO,tone.tonjum@medisin.uio.no.,oslo,,
588,Sandnes,Frode Eika,NO,,oslo,,
589,Mjørud,Marit,NO,,tønsberg,,
590,Sperger,Christian A,NO,,trondheim,,
591,Christiansen,Bjørg,NO,bjorg.christiansen@su.hio.no,oslo,,
592,Biancarosa,Irene,NO,,bergen,,
593,Liland,Nina S,NO,,bergen,,
594,Araujo,Pedro,NO,,bergen,,
595,Bruckner,Christian G,NO,,bodø,,
596,Waagbø,Rune,NO,,bergen,,
597,Torstensen,Bente E,NO,,bergen,,
598,Lock,Erik-Jan,NO,,bergen,,
599,Amlund,Heidi,NO,,bergen,,
600,Jørum,Ellen,NO,,rikshospitalet,,
601,Berntsen,Erik Magnus,NO,,trondheim,,
602,Rasmussen,Inge-Andre,NO,,trondheim,,
603,Samuelsen,Petter,NO,,trondheim,,
604,Xu,Jian,NO,,trondheim,,
605,Haraldseth,Olav,NO,,trondheim,,
606,Kringen,Marianne Kristiansen,NO,,oslo,,
607,Bente Foss Haug,Kari,NO,,oslo,,
608,Heringstad,B,NO,,n-1432 ås,,
609,Osterås,Håvard,NO,,trondheim,,
610,Garnæs,Kirsti Krohn,NO,,trondheim,,
611,Augestad,Liv Berit,NO,,trondheim,,
612,Pedersen,T R,NO,,oslo,,
613,Myhre,A K,NO,arne.k.myhre@medisin.ntnu.no,trondheim,,
614,Toska,Karin,NO,ktoska@basalmed.uio.no,n- oslo,,
615,Salvesen,R,NO,rolf.salvesen@nlsh.no,tromso,,
616,Bostadløkken,Ingvild,NO,ingvild.bostadloekken@gmail.com,lørenskog,,
617,Ali-Masri,Hadil Y,NO,,0424 oslo,,
618,Zimmo,Kaled M,NO,,0424 oslo,,
619,Zimmo,Mohammed W,NO,,0424 oslo,,
620,Fosse,Erik,NO,,0424 oslo,,
621,Vikanes,Åse,NO,,0424 oslo,,
622,Laine,Katariina,NO,,oslo,,
623,Storm,H,NO,hanne.storm@klinmed.uio.no,oslo,,
624,Bekkelund,Mattis,NO,,oslo,,
625,Sangnes,Dag A,NO,,bergen,,
626,Gunnar Hatlebakk,Jan,NO,,bergen,,
627,Aabakken,Lars,NO,,oslo,,
628,Hansen,Brage B,NO,brage.b.hansen@ntnu.no,trondheim,,
629,Mørkved,Siv,NO,siv.morkved@medisin.ntnu.no,trondheim,,
630,Rudolph,T,NO,mokum99@online.no,stavanger,,
631,Samant,Yogindra,NO,,trondheim,,
632,Shrestha,Sanjaya,NO,,university of bergen,,
633,Shrestha,Jasmin,NO,,university of bergen,,
634,Bodhidatta,Ladaporn,NO,,university of bergen,,
635,Olstad,Elisabeth,NO,,trondheim,,
636,Koppang,Erling Olaf,NO,,oslo,,
637,Aakhus,A M,NO,,oslo,,
638,Herder,Marit,NO,marit.herder@uit.no,n- tromsø,,
639,Bogen,B,NO,,university of oslo,,
640,Hanson,Erik,NO,,bergen,,
641,Eikefjord,Eli,NO,,bergen,,
642,Rørvik,Jarle,NO,,bergen,,
643,Andersen,Erling,NO,,bergen,,
644,Lundervold,Arvid,NO,,bergen,,
645,Moen,A,NO,,oslo,,
646,Lagunova,Zoya,NO,zoya.lagunova@rr-research.no,oslo,,
647,Engeset,Jorun,NO,jorun.engeset@gmail.com.,no- kristiansand,,
648,Geisler,Jürgen,NO,,bergen,,
649,Rasmussen,Anne-Marie,NO,annemra@rr-research.no,oslo,,
650,Ghosh,Abhik,NO,abhik@chem.uit.no,tromsø,,
651,Brenk,Ruth,NO,,bergen,,
652,Brantsæter,A L,NO,anne.lise.brantsaeter@fhi.no,no-0403 oslo,,
653,Haldorsen,I S,NO,ingfrid.haldorsen@helse-bergen.no,bergen,,
654,Skogseth,Ragnhild,NO,,bergen,,
655,Hjermstad,Marianne J,NO,m.j.hjermstad@basalmed.uio.no,oslo,,
656,Olsen,Øystein Erlend,NO,oeol@start.no,bergen,,
657,Das,Mrinal K,NO,,oslo,,
658,Ahmed,M Shakil,NO,,university of oslo,,
659,Attramadal,Håvard,NO,,university of oslo,,
660,Tran,T N,NO,t.n.tran@labmed.uio.no,oslo,,
661,Sagbakken,Mette,NO,,the norwegian centre for migration and minority health (nakmi),,
662,Spilker,Ragnhild Storstein,NO,,the norwegian centre for migration and minority health (nakmi),,
663,Ingebretsen,Reidun,NO,,oslo,,
664,Rustøen,Tone,NO,,university of oslo,,
665,Sandvik,Leiv,NO,,oslo,,
666,Jacobsen,Morten,NO,,aas,,
667,Valeberg,Berit T,NO,,oslo,,
668,Florholmen,G,NO,,oslo,,
669,Schreurs,Olav,NO,schreurs@odont.uio.no.,oslo,,
670,Karatsaidis,Andreas,NO,,oslo,,
671,Schenck,Karl,NO,,oslo,,
672,Bjørshol,Conrad Arnfinn,NO,bjco@sus.no,stavanger,,
673,Strand-Amundsen,Runar J,NO,,oslo,,
674,Reims,Henrik M,NO,,oslo,,
675,Reinholt,Finn P,NO,,oslo,,
676,Ruud,Tom E,NO,,oslo,,
677,Yang,Runkuan,NO,,oslo,,
678,Høgetveit,Jan O,NO,,oslo,,
679,Tønnessen,Tor I,NO,,oslo,,
680,Berg,Rigmor C,NO,,oslo,,
681,Mulder,Jan,NO,,ås 1430,,
682,Breivik,Torbjørn,NO,,oslo,,
683,Heier,T,NO,,oslo,,
684,Melsom,M N,NO,,university of oslo,,
685,O'Hara,Robert B,NO,,trondheim,,
686,Jensen,Henrik,NO,,trondheim,,
687,Hagen,Ingerid J,NO,,trondheim,,
688,Lundregan,Sarah,NO,,trondheim,,
689,Wannebo,Wenche,NO,,bodø,,
690,Devik,Siri Andreassen,NO,,bodø,,
691,Uhrenfeldt,Lisbeth,NO,,bodø,,
692,Torgersen,Gerald R,NO,,oslo,,
693,Morken,Nils-Halvdan,NO,,bergen,,
694,Arvidsson,Linda Z,NO,,oslo,,
695,Kirkhus,Eva,NO,,oslo,,
696,Larheim,Tore A,NO,,oslo,,
697,Lundervold,Arvid,NO,arvid.lundervold@biomed.uib.no.,n- bergen,,
698,Eide,A L,NO,,university of oslo,,
699,Wegner,Catherine S,NO,catherine.sem.wegner@rr-research.no.,oslo,,
700,Gaustad,Jon-Vidar,NO,,oslo,,
701,Andersen,Lise Mari K,NO,,oslo,,
702,Simonsen,Trude G,NO,,oslo,,
703,Rofstad,Einar K,NO,,oslo,,
704,Johnson,E,NO,,university hospital of trondheim,,
705,Haugaa,Kristina H,NO,,oslo,,
706,Edvardsen,Thor,NO,,oslo,,
707,Hungnes,O,NO,,oslo,,
708,Rieck,Åshild E,NO,ashild.rieck@gmail.com.,bergen,,
709,Dauge,Franck R,NO,,kjeller,,
710,Schneider,Philipp,NO,,kjeller,,
711,Vogt,Matthias,NO,,kjeller,,
712,Bartonova,Alena,NO,,kjeller,,
713,Gran,Jon M,NO,,university of oslo,,
714,Aalen,Odd O,NO,,university of oslo,,
715,Korsnes,K,NO,kjetil.korsnes@hibo.no,bergen,,
716,Berntsen,Sveinung,NO,sveinung.berntsen@uia.no.,no- kristiansand,,
717,Edvardsen,Elisabeth,NO,elisabeth.edvardsen@nih.no.,oslo,,
718,Gerbi,Shlomi,NO,gerbishlomi@gmail.com.,no- kristiansand,,
719,Kolsgaard,Magnhild L,NO,uxpoma@ous-hf.no.,oslo,,
720,Anderssen,Sigmund A,NO,s.a.anderssen@nih.no.,oslo,,
721,Rasmussen,Magnhild,NO,,oslo,,
722,Brunvand,Leif,NO,leifbrunvand@hotmail.com.,oslo,,
723,Fugelseth,Drude,NO,,oslo,,
724,Stensaeth,Knut Håkon,NO,,trondheim,,
725,Dahl-Jørgensen,Knut,NO,,oslo,,
726,Margeirsdottir,Hanna Dis,NO,,nordbyhagen,,
727,Seynnes,O R,NO,,oslo,,
728,Jørgensen,Sven Martin,NO,,oslo,,
729,Naess,V,NO,,university of bergen,,
730,Lehne,G,NO,,university of oslo,,
731,Langmoen,I A,NO,,university of oslo,,
732,Holm,R,NO,ruth.holm@radiumhospitalet.no,oslo,,
733,Brix,O,NO,,university of bergen,,
734,Opsahl-Sorteberg,Hilde-Gunn,NO,hilde-gunn.sorteberg@nmbu.no.,ås,,
735,Ausen,K,NO,,trondheim,,
736,Fossmark,R,NO,,trondheim,,
737,Spigset,O,NO,,trondheim,,
738,Pleym,H,NO,,trondheim,,
739,Falkum,Erik,NO,erik.falkum@medisin.uio.no.,oslo,,
740,Klungsøyr,Ole,NO,,oslo,,
741,Lystad,June Ullevoldsæter,NO,,oslo,,
742,Bull,Helen Christine,NO,,oslo,,
743,Evensen,Stig,NO,,oslo,,
744,Martinsen,Egil W,NO,,oslo,,
745,Friis,Svein,NO,,oslo,,
746,Ueland,Torill,NO,,oslo,,
747,Seim,A,NO,,rissa primary health care center,,
748,Saarem,K,NO,,university of oslo,,
749,Hinderaker,Sven Gudmund,NO,,bergen,,
750,Lie,S A,NO,,bergen,,
751,Høglend,P,NO,,university of oslo,,
752,Sørbye,Sveinung Wergeland,NO,,tromsø,,
753,Pedersen,Mette Kristin,NO,,lørenskog,,
754,Ekeberg,Bente,NO,,lørenskog,,
755,Williams,Merete E Johansen,NO,,lørenskog,,
756,Sauer,Torill,NO,,lørenskog,,
757,Chen,Ying,NO,,lørenskog,,
758,Kristensen,Vessela,NO,,1478 lørenskog,,
759,Alnæs,Grethe I Grenaker,NO,,0450 oslo,,
760,Borresen-Dale,Anne-Lise,NO,,0450 oslo,,
761,Nord,Silje,NO,,0450 oslo,,
762,Aas,Vigdis,NO,vigdisaa@farmasi.uio.no,university of oslo,,
763,Molven,O,NO,,university of bergen,,
764,Mok,Kam-Ming,NO,,oslo,,
765,Uri,Lina,NO,l.l.uri@fys.uio.no,n-0316 oslo,,
766,Blika,S,NO,,university of trondheim,,
767,Lønning,Per E,NO,per.lonning@helse-bergen.no,n- bergen,,
768,Aarsland,Dag,NO,,stavanger,,
769,Husebye,Elisabeth Ellingsen,NO,,oslo,,
770,Bråten,M,NO,,trondheim,,
771,Rosta,Judith,NO,judith.rosta@legeforeningen.no,oslo,,
772,Krohg-Sørensen,K,NO,,department of vascular surgery,,
773,Gjesdal,Clara Gram,NO,clara.gjesdal@isf.uib.no,bergen,,
774,Ahluwalia,Balpreet Singh,NO,balpreet.singh.ahluwalia@uit.no,tromsø n-,,
775,Skranes,Jon,NO,jon.skranes@ntnu.no,trondheim,,
776,Seidel,H,NO,,trondheim,,
777,Breivik,Harald,NO,,oslo,,
778,Rosell,Frank,NO,frank.rosell@hit.no,bø i,,
779,Kiserud,T,NO,,trondheim,,
780,Midtvedt,Karsten,NO,,oslo,,
781,Gauslaa,Yngvar,NO,yngvar.gauslaa@umb.no,no-1432 ås,,
782,Bekkelund,S I,NO,svein.ivar.bekkelund@unn.no,tromsø,,
783,Sletvold,Jon,NO,j-sle@online.no.,oslo,,
784,Sunde,Kjetil,NO,,oslo,,
785,Solem,Stein Tore,NO,steins@nfh.uit.no,n- tromsø,,
786,Fossum,Jon Otto,NO,,trondheim,,
787,Belmonte,R,NO,,bergen,,
788,Wendel,C C,NO,cato.wendel@umb.no,n-1432 aas,,
789,Kvåle,Gunnar,NO,gunnar.kvale@cih.uib.no,university of bergen,,
790,Heyeraas,K J,NO,,bergen,,
791,Hjartardottir,Sigurbjörg,NO,,oslo,,
792,Cornelissen,Gerard,NO,,ås,,
793,Nizzetto,Luca,NO,,oslo,,
794,Farstad,Marit,NO,,bergen,,
795,Stedal,Kristin,NO,kristin.stedal@ulleval.no,oslo university hospital ullevål,,
796,Telle-Hansen,Vibeke H,NO,,0317 oslo,,
797,Narverud,Ingunn,NO,,0317 oslo,,
798,Retterstøl,Kjetil,NO,,0424 oslo,,
799,Wesseltoft-Rao,Nima,NO,,0317 oslo,,
800,Mosdøl,Annhild,NO,,oslo,,
801,Granlund,Linda,NO,,0506 oslo,,
802,Christiansen,Kirsti Forstrøm,NO,,0506 oslo,,
803,Lamglait,Amandine,NO,,0506 oslo,,
804,Halvorsen,Bente,NO,,0424 oslo,,
805,Holven,Kirsten B,NO,,0317 oslo,,
806,Ulven,Stine M,NO,,oslo,,
807,Skisland,Anne,NO,anne.skisland@uia.no,kristiansand and grimstad,,
808,Wyller,Torgeir Bruun,NO,t.b.wyller@ioks.uio.no,oslo,,
809,Lervik,Anders,NO,anders.lervik@chem.ntnu.no,trondheim,,
810,Strand,Arne H,NO,a.h.strand@medisin.uio.no,oslo,,
811,Klepstad,Pål,NO,,trondheim,,
812,Bahr,R,NO,,oslo,,
813,Rosenvinge,J H,NO,,university of oslo,,
814,Söderlund,Göran,NO,,sogndal,,
815,Opdahl,S,NO,signe.opdahl@ntnu.no,trondheim n-,,
816,Oyen,A S,NO,asoyen@online.no,oslo,,
817,Patel,Deepti Manjari,NO,,bodø,,
818,Brinchmann,Monica F,NO,,bodø,,
819,Tellnes,Gunnar,NO,gunnar.tellnes@medisin.uio.no,university of oslo,,
820,Wie,H,NO,,university of oslo,,
821,Furmanek,Tomasz,NO,,5817 bergen,,
822,Jentoft,Sissel,NO,,4604 kristiansand,,
823,Meier,Sonnich,NO,,5817 bergen,,
824,Edvardsen,Rolf B,NO,,5817 bergen,,
825,Vestrum,Ragnhild I,NO,,trondheim,,
826,Attramadal,Kari J K,NO,,trondheim,,
827,Winge,Per,NO,,trondheim,,
828,Li,Keshuai,NO,,trondheim,,
829,Olsen,Yngvar,NO,,trondheim,,
830,Bones,Atle M,NO,,trondheim,,
831,Vadstein,Olav,NO,,trondheim,,
832,Bakke,Ingrid,NO,,trondheim,,
833,Vanky,E,NO,eszter.vanky@ntnu.no,trondheim university hospital,,
834,Kirkeby,O J,NO,,rikshospitalet,,
835,Aune,Dagfinn,NO,dagfinn.aune@medisin.uio.no,university of oslo,,
836,Kongsgaard,U E,NO,,oslo,,
837,Djurhuus,R,NO,,university of bergen,,
838,Baz-Lomba,Jose Antonio,NO,,0316 oslo,,
839,Ryu,Yeonsuk,NO,,0316 oslo,,
840,Larsen,I,NO,,levanger,,
841,Sannerud,Ragna,NO,,n- bergen,,
842,Lu,Jinmei,NO,,tromsø,,
843,Jacobsen,Bjarne K,NO,bjarne.jacobsen@ism.uit.no,university of tromsø,,
844,Haldorsen,Tor,NO,tor.haldorsen@kreftregisteret.no,oslo,,
845,Godal,Tore,NO,tore.godal@mfa.no,n- oslo,,
846,Carling,Cheryl L L,NO,cheryl.carling@kunnskapssenteret.no,oslo,,
847,Elvevåg,Brita,NO,,tromsø,,
848,Mysterud,Atle,NO,,oslo,,
849,Lie,Benedicte A,NO,,oslo,,
850,Førre,Øystein,NO,,oslo,,
851,Hansen,Inger Myrnes,NO,,mo i rana,,
852,Heiervang,Kristin Sverdvik,NO,k.s.heiervang@psykologi.uio.no,oslo,,
853,Neteland,Ingrid,NO,ingrid.neteland@student.uib.no,universitetet i bergen,,
854,Karlsbakk,Egil,NO,egil.karlsbakk@imr.no,bergen,,
855,Skaug,Vidar,NO,,oslo,,
856,Zienolddiny,Shanbeh,NO,,oslo,,
857,Haugen,Aage,NO,,oslo,,
858,Mylvaganam,H,NO,,bergen,,
859,Kittang,B R,NO,,bergen,,
860,Rolseth,Veslemøy,NO,,oslo,,
861,Urbaniak,Anna Maria,NO,anna.m.urbaniak@gmail.com.,oslo,,
862,Strøm,Bjørn Oddvar,NO,,oslo,,
863,Krontveit,Randi,NO,,oslo,,
864,Svanqvist,Kristin Helene,NO,,oslo,,
865,Rundén-Pran,Elisa,NO,,kjeller,,
866,Elje,Elisabeth,NO,,kjeller,,
867,Nicolaissen,Bjørn,NO,,oslo,,
868,Berg,Kristiane Haug,NO,,oslo,,
869,Collins,Andrew R,NO,,oslo,,
870,Evandt,Jorunn,NO,,oslo,,
871,Oftedal,Bente,NO,,oslo,,
872,Hjertager Krog,Norun,NO,,oslo,,
873,Nafstad,Per,NO,,oslo,,
874,Schwarze,Per E,NO,,oslo,,
875,Marit Aasvang,Gunn,NO,,oslo,,
876,Drevon,Christian A,NO,,oslo,,
877,Holand,Håkon,NO,,trondheim,,
878,Jensen,Henrik,NO,,trondheim,,
879,Tufto,Jarle,NO,,trondheim,,
880,Pärn,Henrik,NO,,trondheim,,
881,Sæther,Bernt-Erik,NO,,trondheim,,
882,Ringsby,Thor Harald,NO,,trondheim,,
883,Gjone,Helene,NO,helene.gjone@rikshospitalet.no,oslo,,
884,Strenalyuk,Tatyana,NO,,0315 oslo,,
885,Ulvestad,Elling,NO,,bergen,,
886,Wyller,Vegard Bruun,NO,,lørenskog,,
887,Kristensen,Pål,NO,pal.kristensen@nkvts.unirand.no,oslo,,
888,Johannessen,Svein I,NO,svein.johannessen@epilepsy.no,sandvika,,
889,Becher,R,NO,,oslo,,
890,Lie,Elisabeth,NO,,oslo,,
891,Kvien,Tore K,NO,,oslo,,
892,Lund-Johansen,F,NO,,haukeland hospital,,
893,Berg,A,NO,,oslo,,
894,Werner,Johannes P,NO,,bergen,,
895,Jones,Krista L,NO,kljones@ucdavis.edu.,elverum,,
896,Evans,Alina L,NO,alina.evans@hihm.no.,elverum,,
897,Arnemo,Jon M,NO,jon.arnemo@hihm.no.,elverum,,
898,Swenson,Jon E,NO,jon.swenson@nmbu.no.,ås,,
899,Drozd,Filip,NO,,oslo,,
900,Klevar,S,NO,siv.klevar@vetinst.no,n-0033 oslo,,
901,Melien,O,NO,oyvind.melien@labmed.uio.no,oslo,,
902,Rudi,Knut,NO,knut.rudi@matforsk.no,as,,
903,Solligård,Erik,NO,erik.sollegard@ntnu.no,n- trondheim,,
904,Dankel,Simon N,NO,,bergen,,
905,Holzapfel,Gerhard A,NO,,trondheim,,
906,Aune,S,NO,,bergen,,
907,Vajeeston,P,NO,ponniahv@kjemi.uio.no,n-0315 oslo,,
908,Karseth,Berit,NO,berit.karseth@ped.uio.no,oslo,,
909,Vollset,K W,NO,knut.vollset@uni.no.,bergen,,
910,Mahlum,S,NO,,bergen,,
911,Davidsen,J G,NO,,trondheim,,
912,Skoglund,H,NO,,bergen,,
913,Barlaup,B T,NO,,bergen,,
914,Wik,L,NO,lars@nakos.org,n- oslo,,
915,Brekke,M,NO,mebrekke@online.no,university of oslo,,
916,Lilledahl,Magnus B,NO,magnus.b.lilledahl@iet.ntnu.no,trondheim,,
917,Johnsen,Erik,NO,erij@helse-bergen.no.,sandviken,,
918,Vervaeke,Koen,NO,,n-0317 oslo,,
919,Kuśnierczyk,Anna,NO,,trondheim,,
920,Lorberau,Kelsey Erin,NO,k.e.lorberau@gmail.com.,oslo,,
921,Botnen,Synnøve Smebye,NO,,oslo,,
922,Mundra,Sunil,NO,,oslo,,
923,Aas,Anders Bjørnsgaard,NO,,oslo,,
924,Eidesen,Pernille Bronken,NO,,longyearbyen,,
925,Kauserud,Håvard,NO,,oslo,,
926,Kristiansen,Håvard Anton,NO,h.a.kristiansen@medisin.uio.no,lørenskog,,
927,Farkas,Julia,NO,jfa@niva.no,oslo,,
928,Dalgard,Olav,NO,,oslo,,
929,Midgard,Havard,NO,,oslo,,
930,Staff,Anne Cathrine,NO,annetine.staff@uus.no,ulleval,,
931,Patel,H R H,NO,,tromsø,,
932,Rehnsfeldt,Arne,NO,,western norway university of applied sciences,,
933,Nilssen,D E,NO,,oslo,,
934,Kvifte,Gunnar Mikalsen,NO,gkvifte@purdue.edu.,n-5040 bergen,,
935,Elvik,Rune,NO,re@toi.no,no- oslo,,
936,Gulsvik,Anne K,NO,a.k.gulsvik@medisin.uio.no,university of oslo,,
937,Opheim,Arve,NO,arvei.opheim@sunnaas.no,nesoddtangen,,
938,Jørgensen,Sven Martin,NO,sven.martin.jorgensen@akvaforsk.no,1432 as,,
939,Olsen,Elisabeth K,NO,elisabeth.k.olsen@uit.no,tromsø,,
940,Hoff,Jan,NO,jan.hoff@medisin.ntnu.no,n- trondheim,,
941,Godal,Aslak,NO,ag@photocure.no,oslo,,
942,Temte,Vidar,NO,,oslo,,
943,Kjeldstadli,Kari,NO,,oslo,,
944,Bruun,Lina Dorthea,NO,,oslo,,
945,Birdal,Morris,NO,,oslo,,
946,Bachs,Liliana,NO,,oslo,,
947,Karinen,Ritva,NO,,oslo,,
948,Middelkoop,Gerrit,NO,,oslo,,
949,Øiestad,Elisabeth,NO,,oslo,,
950,Høiseth,Gudrun,NO,,oslo,,
951,Hoffart,A,NO,,vikersund,,
952,Vange,Pål,NO,,trondheim,,
953,Bruland,Torunn,NO,,trondheim,,
954,Doseth,Berit,NO,,trondheim,,
955,Fossmark,Reidar,NO,,trondheim,,
956,Sousa,Mirta M L,NO,,trondheim,,
957,Beisvag,Vidar,NO,,trondheim,,
958,Sørdal,Øystein,NO,,trondheim,,
959,Qvigstad,Gunnar,NO,,trondheim,,
960,Waldum,Helge L,NO,,trondheim,,
961,Sandvik,Arne K,NO,,trondheim,,
962,Bakke,Ingunn,NO,,trondheim,,
963,Ronsen,Ola,NO,,lysaker,,
964,Tvedt,Tor Henrik Anderson,NO,thetve@helse-bergen.no.,bergen,,
965,Melve,Guro K,NO,guro.kristin.melve@helse-bergen.no.,bergen,,
966,Tsykunova,Galina,NO,glts@helse-bergen.no.,bergen,,
967,Ahmed,Aymen Bushra,NO,abah@helse-bergen.no.,bergen,,
968,Brenner,Annette K,NO,annette.brenner@uib.no.,bergen,,
969,Bruserud,Øystein,NO,brus@helse-bergen.no.,bergen,,
970,Steinmoen,Hilde,NO,,n- as,,
971,Bjørnland,K,NO,,oslo,,
972,Hellberg,H,NO,hege.hellberg@vetinst.no,oslo,,
973,Kindberg,Grete Mørk,NO,grete.mork.kindberg@amersham.com,oslo,,
974,von Lueder,Thomas G,NO,,oslo,,
975,Wester,K,NO,,haukeland hospital,,
976,Paus,Elisabeth,NO,elisabeth.paus@klinmed.uio.no,oslo,,
977,Westheim,A,NO,,oslo,,
978,Gjesdal,Ola,NO,,oslo,,
979,Hansen,Torbjørn,NO,torbjorn.hansen@gades.uib.no,university of bergen,,
980,Lie,Stein Atle,NO,stein.lie@smis.uib.no,n- bergen,,
981,Skretteberg,Per Torger,NO,torger.skretteberg@gmail.com,ullevaal,,
982,Tollisen,Anita,NO,,oslo,,
983,Selvaag,Anne M,NO,,oslo,,
984,Aulie,Hanne A,NO,,oslo,,
985,Lilleby,Vibke,NO,,oslo,,
986,Aasland,Astrid,NO,,oslo,,
987,Lerdal,Anners,NO,,oslo,,
988,Flatø,Berit,NO,,oslo,,
989,Bassøe,Carl-Fredrik,NO,,bergen,,
990,Eriksen,W,NO,,university of oslo,,
991,Berg,Torill,NO,torill.berg@basalmed.uio.no,oslo,,
992,Kruszewski,P,NO,,trondheim university hospital,,
993,Wetting,Hilde Ljones,NO,,tromsø,,
994,Vikenes,Kjell,NO,kjell.vikenes@helse-bergen.no,bergen no-,,
995,Jacobsson,Bo,NO,,oslo,,
996,Henjum,Sigrun,NO,sigrun.henjum@hioa.no.,oslo,,
997,Aakre,Inger,NO,inger.aakre@hioa.no.,oslo,,
998,Lilleengen,Anne Marie,NO,annemarie.lilleengen@hioa.no.,oslo,,
999,Garnweidner-Holme,Lisa,NO,lisa.garnweidner-holme@hioa.no.,oslo,,
1000,Borthne,Sandra,NO,sborthne@gmail.com.,oslo,,
1001,Pajalic,Zada,NO,zada.pajalic@hioa.no.,oslo,,
1002,Blix,Ellen,NO,ellen.blix@hioa.no.,oslo,,
1003,Gjengedal,Elin Lovise Folven,NO,elin.gjengedal@nmbu.no.,aas,,
1004,Brantsæter,Anne Lise,NO,annelise.brantsaeter@fhi.no.,oslo,,
1005,Florholmen,G,NO,geir.florholmen@medisin.uio.no,oslo,,
1006,Kristensen,Gunnar,NO,,oslo,,
1007,Bjørge,Line,NO,,bergen,,
1008,Fayers,Peter M,NO,,trondheim,,
1009,Madsen,Lise,NO,,bergen,,
1010,Johansen,Odd Erik,NO,,asker,,
1011,Hansen,Siri Helland,NO,,oslo,,
1012,Gützkow,Kristine Bjerve,NO,,oslo,,
1013,Olsen,Ann-Karin,NO,,oslo,,
1014,Brunborg,Gunnar,NO,,oslo,,
1015,Holmen,Oddgeir L,NO,,trondheim,,
1016,Langhammer,Arnulf,NO,,levanger,,
1017,Mathiesen,Ellisiv B,NO,,tromsø,,
1018,Platou,Carl,NO,,levanger,,
1019,Dalen,Håvard,NO,,7600 levanger,,
1020,Hveem,Kristian,NO,,levanger,,
1021,Ruud,E,NO,ellen.ruud@rikshospitalet.no,oslo,,
1022,Wang,Jian,NO,,5009 bergen,,
1023,Collins,Andrew R,NO,a.r.collins@medisin.uio.no.,oslo,,
1024,Laeng,Bruno,NO,,oslo,,
1025,Oughton,D H,NO,deborah.oughton@umb.no,no-1432 aas,,
1026,Kommisrud,E,NO,elisabeth.kommisrud@geno.no,hamar,,
1027,Lund-Johansen,P,NO,,bergen,,
1028,Hersoug,Anne Grete,NO,a.g.hersoug@medisin.uio.no,university of oslo,,
1029,Vandvik,Per Olav,NO,,oppland,,
1030,Jensen,Ingvill,NO,ingvill.jensen@nofima.no,9291 tromsø,,
1031,Enger,O,NO,oivind.enger@im.uib.no,university of bergen,,
1032,Klausen,O G,NO,,bergen,,
1033,Refsnes,M,NO,,university of oslo,,
1034,Bjertnæs,Lars J,NO,,tromsø,,
1035,Larsen,Laila N,NO,l.n.larsen@medisin.uio.no,university of oslo,,
1036,Aakhus,Svend,NO,,trondheim,,
1037,El-Salhy,Magdy,NO,magdy.el-salhy@helse-fonna.no.,n- stord,,
1038,Janszky,Imre,NO,,trondheim,,
1039,Løvlie,R,NO,roger.lovlie@pedi.uib.no,bergen,,
1040,Skule,Cecilie,NO,,oslo,,
1041,Dallavara Lending,Hilde,NO,,oslo,,
1042,Ulleberg,Pål,NO,,oslo,,
1043,Berge,Torkil,NO,,oslo,,
1044,Egeland,Jens,NO,,oslo,,
1045,Landrø,Nils Inge,NO,,oslo,,
1046,Lieng,Marit,NO,m.lieng@online.no,oslo,,
1047,Ørbo,Anne,NO,anne.orbo@fagmed.uit.no,tromsø,,
1048,Skodvin,Brita,NO,,bergen,,
1049,Aase,Karina,NO,,stavanger,,
1050,Brekken,Anita Løvås,NO,,stavanger,,
1051,Lindemann,Paul Christoffer,NO,,bergen,,
1052,Smith,Ingrid,NO,,bergen,,
1053,Henriksen,Viggo,NO,viggo.henriksen@sintef.no,no- trondheim,,
1054,Kristo,Cybèle,NO,cybele.kristo@rikshospitalet.no,oslo,,
1055,Eide,Per Kristian,NO,per.kristian.eide@rikshospitalet.no,oslo,,
