temp_id,lastname,firstname,countries_scope,email,town,role,url
1,Sveberg Røste,Line,NO,line.sveberg.roste@rikshospitalet.no,oslo,,
2,Geir Møller,Simon,NO,mollers@stjohns.edu.,stavanger,,
3,Dagfinrud,Hanne,NO,,oslo,,
4,Brenn,T,NO,tormod@ism.uit.no,university of tromsø,,
5,van Dulmen,Sandra,NO,,drammen,,
6,Jammer,Ib,NO,,bergen,,
7,Skauli,K S,NO,kirsten.sanna.skauli@nrpa.no,osterås,,
8,Oftung,Fredrik,NO,,oslo,,
9,Korsvold,Gro Ellen,NO,,oslo,,
10,Weber,Clemens,NO,,trondheim,,
11,Rao,Vidar,NO,,trondheim,,
12,Gulati,Sasha,NO,,trondheim,,
13,Kvistad,Kjell A,NO,,trondheim,,
14,Nygaard,Øystein P,NO,,trondheim,,
15,Lønne,Greger,NO,,lillehammer,,
16,Steen,V M,NO,,bergen,,
17,Opsjøn,S L,NO,,university hospital of trondheim,,
18,Schirmer-Mikalsen,Kari,NO,kari.schirmer-mikalsen@ntnu.no.,trondheim,,
19,Vik,Anne,NO,,trondheim,,
20,Skogvoll,Eirik,NO,,trondheim,,
21,Moen,Kent Gøran,NO,,trondheim,,
22,Solheim,Ole,NO,,trondheim,,
23,Klepstad,Pål,NO,,trondheim,,
24,Heldal,Kari Kulvik,NO,kari.heldal@stami.no.,oslo,,
25,Ellingsen,Dag G,NO,,oslo,,
26,Brustad,Magritt,NO,magritt.brustad@ism.uit.no,tromsø,,
27,Gustafsson,Ove,NO,ove.gustafsson@hist.no,n- trondheim,,
28,Sørensen,V,NO,,oslo,,
29,Rosendahl,K,NO,,bergen,,
30,Raiborg,Camilla,NO,,montebello,,
31,Tekin,Nuriye B,NO,,oslo,,
32,van der Want,Johannes J L,NO,,trondheim,,
33,Chaudhry,Farrukh A,NO,,oslo,,
34,Eikje,L S,NO,,n-0201 oslo,,
35,Naesse,E P,NO,,oslo,,
36,Hartveit,F,NO,,university of bergen,,
37,Hessen,Erik,NO,erik.hessen@nevropsykologi.no,akershus,,
38,Gundersen,Vidar,NO,,oslo,,
39,Justad-Berg,Ragnhild T,NO,,lørenskog,,
40,Eskild,Anne,NO,,lørenskog,,
41,Strøm-Roum,Ellen M,NO,,lørenskog,,
42,Mehmeti,Ibrahim,NO,,n- ås,,
43,Al-Hebshi,N N,NO,nezar.al.hebeshi@student.uib.no,university of bergen,,
44,Jensen,Kristin,NO,,oslo,,
45,Gimse,R,NO,,university of trondheim,,
46,Kusche-Gullberg,Marion,NO,,n- bergen,,
47,Mori,Amani Thomas,NO,pax_amani@yahoo.com.,bergen,,
48,Kampata,Linda,NO,,bergen,,
49,Musonda,Patrick,NO,,bergen,,
50,Johansson,Kjell Arne,NO,,bergen,,
51,Robberstad,Bjarne,NO,,bergen,,
52,Sandøy,Ingvild,NO,,bergen,,
53,Hermans,Espen,NO,,sogndal,,
54,Andersen,Vidar,NO,,sogndal,,
55,Saeterbakken,Atle Hole,NO,,sogndal,,
56,Frøen,J Frederik,NO,j.f.froen@klinmed.uio.no,university of oslo,,
57,Froud,R,NO,rob.froud@kristiania.no.,oslo,,
58,Meza,T J,NO,,oslo,,
59,Ernes,K O,NO,,oslo,,
60,Hansen,M H,NO,,oslo,,
61,Moksnes,Håvard,NO,havard.moksnes@olympiatoppen.no.,oslo,,
62,Engebretsen,Lars,NO,,oslo,,
63,Severinsson,Elisabeth,NO,,tønsberg,,
64,Tjensvoll,Kjersti,NO,kjersti.tjensvoll@bio.uib.no,bergen,,
65,Edvardsen,Kåre,NO,kare.edvardsen@nilu.no,tromsø,,
66,Aakvaag,Helene Flood,NO,,oslo,,
67,Thoresen,Siri,NO,,oslo,,
68,Wentzel-Larsen,Tore,NO,,oslo,,
69,Dyb,Grete,NO,,oslo,,
70,Landmark,Tormod,NO,,trondheim,,
71,Woodhouse,Astrid,NO,,trondheim,,
72,Borchgrevink,Petter C,NO,,trondheim,,
73,Stiles,Tore C,NO,,trondheim,,
74,Sugulle,Meryam,NO,,0424 oslo,,
75,Kvehaugen,Anne Stine,NO,,0424 oslo,,
76,Staff,Anne Cathrine,NO,,0316 oslo,,
77,Braaen,Stine,NO,,oslo,,
78,Olsen,Christel Moræus,NO,,oslo,,
79,Rimstad,Espen,NO,,oslo,,
80,Brodwall,Kristoffer,NO,kristoffer.brodwall@gmail.com,alesund sjukehus,,
81,Moldal,Elena R,NO,elena.moldal@nvh.no,oslo,,
82,Nylaende,M,NO,marthe@nylaende.com,oslo,,
83,Bjørkhaug,L,NO,,n-,,
84,Semakula,Daniel,NO,,oslo,,
85,Nsangi,Allen,NO,,oslo,,
86,Oxman,Matt,NO,,oslo,,
87,Austvoll-Dahlgren,Astrid,NO,,oslo,,
88,Rosenbaum,Sarah,NO,,oslo,,
89,Morelli,Angela,NO,,oslo,,
90,Glenton,Claire,NO,,oslo,,
91,Fretheim,Atle,NO,,oslo,,
92,Kristoffersen,Doris Tove,NO,,oslo,,
93,Anensen,Nina,NO,nina.anensen@med.uib.no,bergen,,
94,Melberg,Tor,NO,meto@sus.no,4068 stavanger,,
95,Kirkhorn,J,NO,,trondheim,,
96,Scheie,A A,NO,,university of oslo,,
97,Lundervold,A J,NO,,oslo,,
98,Reine,Trine M,NO,,oslo,,
99,Lanzalaco,Francesca,NO,,oslo,,
100,Kristiansen,Oddrun,NO,,oslo,,
101,Enget,Anne Randi,NO,,oslo,,
102,Jenssen,Trond G,NO,,oslo,,
103,Kolset,Svein O,NO,,oslo,,
104,Berthelsen,Mona,NO,,national institute of occupational health,,
105,Busund,Marit,NO,,tromsø,,
106,Bugge,Nora S,NO,,tromsø,,
107,Braaten,Tonje,NO,,tromsø,,
108,Waaseth,Marit,NO,,tromsø,,
109,Rylander,Charlotta,NO,,tromsø,,
110,Lund,Eiliv,NO,,tromsø,,
111,Wright,David M,NO,dmw@cam.ac.uk,jonas lies vei 91  bergen,,
112,Heiaas,Harald Hasle,NO,,oslo,,
113,Tollefsen,Knut Erik,NO,,oslo,,
114,Aalen,Odd O,NO,o.o.aalen@medisin.uio.no,oslo,,
115,Andersen,P,NO,,university of oslo,,
116,Asten,Pamela,NO,pamela.asten@tako.no.,oslo,,
117,Hansen,Britt Saetre,NO,habs@sus.no,university of stavanger,,
118,Schultz,Jon-Håkon,NO,,tromsø,,
119,Langballe,Ase,NO,,oslo,,
120,Raundalen,Magne,NO,,bergen,,
121,Jelle,Bjørn Petter,NO,bjorn.petter.jelle@sintef.no,no- trondheim,,
122,Grut,Lisbet,NO,,sintef,,
123,Braathen,Stine Hellum,NO,,sintef,,
124,Ingstad,Benedicte,NO,,university of oslo,,
125,Karlsson,M R,NO,,rikshospitalet,,
126,Kjeldby,Snorre B,NO,,n- trondheim,,
127,Ostrup,Esben,NO,esostrup@gmail.com,0317 oslo,,
128,Poghosyan,Lianna,NO,,bergen,,
129,Wijmenga,Cisca,NO,,oslo 0027,,
130,Orbo,A,NO,,university hospital of tromsø,,
131,Hadders,Hans,NO,,trondheim,,
132,Holdaas,H,NO,,oslo,,
133,Knoop,Siri Tandberg,NO,,bergen,,
134,Skrede,Steinar,NO,,bergen,,
135,Langeland,Nina,NO,,bergen,,
136,Flaatten,Hans Kristian,NO,,bergen,,
137,Wells,Justin W,NO,,n- trondheim,,
138,Bogen,B,NO,bjarne.bogen@medisin.uio.no,oslo,,
139,Ma,L,NO,ma.li-wei@labmed.uio.no,oslo,,
140,Pripp,Are H,NO,,0424 oslo,,
141,Smith,Hans-Jørgen,NO,,0424 oslo,,
142,Knudsen,F R,NO,,n-0316 oslo,,
143,Le Moine Bauer,Sven,NO,,5020 bergen,,
144,Roalkvam,Irene,NO,,5020 bergen,,
145,Steen,Ida Helene,NO,,5020 bergen,,
146,Dahle,Håkon,NO,,5020 bergen,,
147,Ersvær,Elisabeth,NO,,university of bergen,,
148,Workneh,Mahteme Haile,NO,,oslo,,
149,Bjune,Gunnar Aksel,NO,,oslo,,
150,Yimer,Solomon Abebe,NO,,oslo,,
151,Moe-Nilssen,Rolf,NO,rolf.moe-nilssen@isf.uib.no,bergen,,
152,Prestmo,Anders,NO,,trondheim,,
153,Saltvedt,Ingvild,NO,ingvild.saltvedt@ntnu.no.,trondheim,,
154,Helbostad,Jorunn L,NO,,trondheim,,
155,Taraldsen,Kristin,NO,,trondheim,,
156,Thingstad,Pernille,NO,,trondheim,,
157,Lydersen,Stian,NO,,trondheim,,
158,Sletvold,Olav,NO,,trondheim,,
159,Halvorsen,Ann Rita,NO,,oslo,,
160,Brustugun,Odd Terje,NO,,oslo,,
161,Solberg,Steinar K,NO,,oslo,,
162,Helland,Aslaug,NO,,oslo,,
163,Reinsch,Helge,NO,,oslo,,
164,Lillerud,Karl Petter,NO,,oslo,,
165,Nicolaisen,Magnhild,NO,,oslo,,
166,Husum,Hans,NO,hhusus@enitel.no,tromsoe mine victim resource center,,
167,Eilertsen,Espen Moen,NO,,oslo,,
168,Gjerde,Line C,NO,,oslo,,
169,Reichborn-Kjennerud,Ted,NO,,oslo,,
170,Ystrom,Eivind,NO,,oslo,,
171,Jenum,Synne,NO,,bergen,,
172,Ose,Leiv,NO,leiv.ose@klinmed.uio.no,oslo,,
173,McCallum,Simon,NO,simon.mccallum@hig.no,gjovik university college,,
174,Olsen,Ingrid,NO,ingrid.olsen@vetinst.no,oslo,,
175,Vandvik,Per O,NO,,gjøvik,,
176,Stenmark,H,NO,stenmark@ulrik.uio.no,n- oslo,,
177,Brendbekken,Randi,NO,randi.brendbekken@sykehuset-innlandet.no.,ottestad,,
178,Harris,Anette,NO,,bergen,,
179,Ursin,Holger,NO,,bergen,,
180,Eriksen,Hege R,NO,,bergen,,
181,Tangen,Tone,NO,,bergen,,
182,Hassel,Bjørnar,NO,bjornar.hassel@ffi.no,kjeller,,
183,Murberg,Terje A,NO,terje.a.murberg@uis.no,stavanger,,
184,Kehlet,Karsten,NO,kakehlet@gmail.com.,tromsø,,
185,Aaraas,Ivar J,NO,ivar.aaraas@uit.no.,tromsø,,
186,Zotchev,Sergey B,NO,sergey.zotchev@chembio.ntnu.no,n- trondheim,,
187,Skalpe,I O,NO,,oslo,,
188,Catalan-Serra,Ignacio,NO,ignacio.catalan@ntnu.no.,levanger,,
189,Bruland,Torunn,NO,,trondheim,,
190,Sandvik,Arne Kristian,NO,,trondheim,,
191,Grimolizzi,Franco,NO,,uit - the arctic university of norway,,
192,Arranz,Lorena,NO,lorena.arranz@uit.no.,uit - the arctic university of norway,,
193,Røttingen,John-Arne,NO,,oslo,,
194,Ekstrøm,Per O,NO,peroe@radium.uio.no,oslo,,
195,Ellingsen,D M,NO,,university of oslo,,
196,Leknes,S,NO,,university of oslo,,
197,Czochrowska,E,NO,,university of oslo,,
198,Pfuhl,Gerit,NO,,tromsø,,
199,Berge,T I,NO,,haukeland university hospital,,
200,Soncini,A,NO,alessandro.soncini@kjemi.uio.no,n-0315 oslo,,
201,Booth,Andy M,NO,,trondheim no,,
202,Lerdal,Anners,NO,,university of oslo,,
203,Naess,Halvor,NO,,haukeland university hospital,,
204,Nyland,Harald,NO,,university of bergen,,
205,Sekse,Camilla,NO,,oslo,,
206,Rossow,I,NO,ingeborg.m.rossow@sifa.no,oslo,,
207,Mariussen,E,NO,espen.mariussen@ffi.no,kjeller,,
208,Berge,Elisabet O,NO,,n- bergen,,
209,Tømmeraas,K,NO,kt@chembio.ntnu.no,trondheim,,
210,Sjo,Ole H,NO,ole.h.sjo@c2i.net,oslo,,
211,Acquarone,Mario,NO,,tromsø,,
212,Nordøy,Erling,NO,,tromsø,,
213,Folkow,Lars P,NO,,tromsø,,
214,Øksnes,Marianne,NO,marianne.oksnes@med.uib.no,n- bergen,,
215,Valderhaug,Tone Gretland,NO,tone.gretland@netcom.no,university of oslo,,
216,Olstad,Elisabeth,NO,,trondheim,,
217,Morrison,Ellen,NO,ellen.morrison@vetinst.no,n-0033 oslo,,
218,Vestrheim,Didrik F,NO,didrik.frimann.vestrheim@fhi.no,oslo,,
219,Lingjaerde,Ole Christian,NO,ole@ifi.uio.no,n-0316 oslo,,
220,Moum,T,NO,,university of tromsø,,
221,Underland,Vigdis,NO,,oslo,,
222,Selnes,A,NO,,university of tromsø,,
223,Eliassen,Bent-Martin,NO,bent-martin.eliassen@uit.no,tromsø n-,,
224,Kinn Rød,Anne Marie,NO,anne.kinn@uib.no.,bergen,,
225,Harkestad,Nina,NO,,bergen,,
226,Jellestad,Finn Konow,NO,,bergen,,
227,Murison,Robert,NO,,bergen,,
228,Anagnostopoulou,A,NO,,university of bergen,,
229,Helgerud,Jan,NO,jan.helgerud@ntnu.no,trondheim,,
230,Beitnes,J O,NO,,rikshospitalet,,
231,Ottersen,O P,NO,,oslo,,
232,Ovrum,E,NO,,rikshospitalet,,
233,Sandanger,T M,NO,torkjel.sandanger@nilu.no,tromsø,,
234,Mulic,A,NO,,oslo,,
235,Fredriksen,Ø,NO,,oslo,,
236,Jacobsen,I D,NO,,oslo,,
237,Tveit,A B,NO,,oslo,,
238,Espelid,I,NO,,oslo,,
239,Crossner,C G,NO,,oslo,,
240,Mamelund,Svenn-Erik,NO,,oslo,,
241,Smedsrød,B,NO,,university of tromsø,,
242,Stiris,Tom,NO,,oslo,,
243,Lehmann,Sjur,NO,,bergen,,
244,Baghestan,Elham,NO,,bergen,,
245,Børdahl,Per E,NO,,bergen,,
246,Irgens,Lorentz M,NO,,bergen,,
247,Rasmussen,Svein,NO,,bergen,,
248,Nilsson,Lars N G,NO,,oslo,,
249,Langkaas,Tomas Formo,NO,,university of oslo and modum bad,,
250,Øktedalen,Tuva,NO,,university of oslo and modum bad,,
251,Ulvenes,Pål G,NO,,modum bad,,
252,de Weerd,Louis,NO,,tromsø,,
253,Eide,Per K,NO,per.kristian.eide@rikshospitalet.no,oslo,,
254,Kongshaug,Kjell Ove,NO,,n-0315 oslo,,
255,Bentdal,O H,NO,,university of oslo,,
256,Dickstein,Kenneth,NO,kenneth.dickstein@med.uib.no.,stavanger,,
257,Normand,Camilla,NO,,stavanger,,
258,Bogale,Nigussie,NO,,stavanger,,
259,Almenningen,Stian,NO,martin.ferno@uib.no.,university of bergen,,
260,Aas,I H,NO,,oslo,,
261,Diskus,Madeleine,NO,,oslo,,
262,Zucknick,Manuela,NO,,university of oslo,,
263,Lossius,Rasmus,NO,rasmus.lossius@ous-hf.no,oslo universitetssykehus,,
264,Kristiansen,Håvard Anton,NO,,lillehammer,,
265,Spetalen,Signe,NO,,oslo,,
266,Fløisand,Yngvar,NO,,0424 oslo,,
267,Heldal,Dag,NO,,0424 oslo,,
268,Nesse,Harald,NO,,bergen,,
269,Ulstein,Dina Mari Åkervik,NO,,bergen,,
270,Vaage,Malene Myhre,NO,,bergen,,
271,Dankel,Simon N,NO,,5020 bergen,,
272,Mellgren,Gunnar,NO,,bergen,,
273,Nilsen,B M,NO,,blindern,,
274,Praebel,K,NO,,tromsø,,
275,Helle,S I,NO,,bergen,,
276,Steen-Olsen,Kjartan,NO,kjartan.steen-olsen@ntnu.no,trondheim,,
277,Fayers,P M,NO,,trondheim,,
278,Oymar,K,NO,,stavanger,,
279,Skarstad,K,NO,kirsten.skarstad@labmed.uio.no,institute for cancer research,,
280,Fluge,G,NO,,bergen,,
281,Dahl,Kari Elisabeth,NO,k.e.dahl@odont.uio.no,university of oslo,,
282,Smeland,E B,NO,,oslo,,
283,Ulvund,M J,NO,,sandnes,,
284,Lier,Marius E,NO,,trondheim,,
285,Rød,Siri Malene,NO,,trondheim,,
286,Vestby,Pia Fiskaa,NO,,trondheim,,
287,Melf,Klaus,NO,,troms,,
288,Endreseth,Birger H,NO,,trondheim,,
289,Salvesen,Øyvind,NO,,trondheim,,
290,Wibe,Arne,NO,,trondheim,,
291,Bolkan,Håkon Angell,NO,,trondheim,,
292,Møller,Pål,NO,,oslo,,
293,Nakken,Sigve,NO,,oslo,,
294,Hovig,Eivind,NO,,oslo,,
295,Rødland,Einar Andreas,NO,,oslo,,
296,Tharmaratnam,Kukatharmini,NO,,oslo,,
297,Skeie,M S,NO,marit.skie@odont.uib.no,bergen,,
298,Andersen,K I,NO,,university of oslo,,
299,Skar,V,NO,,university of oslo,,
300,Overgaard,Hans J,NO,,ås,,
301,Gustavsen,Ingebjørg,NO,,n-0424 oslo,,
302,Øiestad,Elisabeth Leere,NO,,n-0316 oslo,,
303,Øiestad,Åse Marit Leere,NO,,n-0424 oslo,,
304,Høiseth,Gudrun,NO,,n-0315 oslo,,
305,Mørland,Jørg,NO,,n-0316 oslo,,
306,Nalwoga,Hawa,NO,,bergen,,
307,Arukwe,Augustine,NO,,trondheim,,
308,Ahlstrøm,O,NO,oystein.ahlstrom@ihf.nlh.no,as,,
309,Berg,Torill,NO,,oslo,,
310,Jacobsen,Ellisiv L,NO,ellisiv.jacobsen@hioa.no.,oslo,,
311,Bye,Asta,NO,,oslo,,
312,Aass,Nina,NO,,oslo,,
313,Fosså,Sophie D,NO,,oslo,,
314,Grotmol,Kjersti S,NO,,oslo,,
315,Kaasa,Stein,NO,,oslo,,
316,Loge,Jon Håvard,NO,,oslo,,
317,Moum,Torbjørn,NO,,oslo,,
318,Hjermstad,Marianne J,NO,,oslo,,
319,Jensen,Torstein,NO,torstein.jensen@medisin.uio.no,department of haematology,,
320,Wiig,Ingrid,NO,ingrid.wiig@ous-hf.no.,oslo,,
321,Tryland,M,NO,,trømso,,
322,Midtsundstad,Tove I,NO,,oslo,,
323,Thompson,Sarah S,NO,,longyearbyen,,
324,Benn,Douglas I,NO,,longyearbyen,,
325,Mertes,Jordan R,NO,,longyearbyen,,
326,Nilsen,H,NO,,n- trondheim,,
327,Nordbø,Emma Charlott Andersson,NO,emma.charlott.andersson.nordbo@nmbu.no.,ås,,
328,Aamodt,Geir,NO,,ås,,
329,Ihlebæk,Camilla Martha,NO,,ås,,
330,Osterås,Olav,NO,olav.osteras@veths.no,as,,
331,Winkler,M,NO,,no- bergen,,
332,Myrseth,V,NO,,no- bergen,,
333,Harnes,J,NO,,no- bergen,,
334,Børve,K J,NO,,no- bergen,,
335,Urdal,P,NO,,oslo,,
336,Berg,K,NO,,university of oslo,,
337,Nysaeter,Tor E,NO,tor.nysater@svt.ntnu.no,trondheim,,
338,Mollnes,Tom Eirik,NO,,trondheim,,
339,Søland,Tine M,NO,tinehe@odont.uio.no,oslo,,
340,Orning,M Pontus A,NO,,trondheim,,
341,Lien,Egil,NO,,trondheim,,
342,Beneventi,Harald,NO,,university of bergen,,
343,Kumar,Surendra,NO,surendra.kumar@bio.uio.no,n- oslo,,
344,Dahle,Jostein,NO,jostein.dahle@rr-research.no,oslo,,
345,Dahle,Dag Olav,NO,,oslo,,
346,Haug,L S,NO,,university of oslo,,
347,Wallenius,M,NO,marianne.wallenius@ntnu.no,trondheim,,
348,Engedal,K,NO,,oslo,,
349,Sollid,L M,NO,l.m.sollid@labmed.uio.no,university of oslo,,
350,Gilbert,M Thomas P,NO,,trondheim,,
351,Pedersen,Terje,NO,,oslo,,
352,Kanhema,Tambudzai,NO,,bergen,,
353,Lundin,K E,NO,,oslo,,
354,Lamark,Trond,NO,,tromsø,,
355,Johansen,Terje,NO,,tromsø,,
356,Bellika,Johan Gustav,NO,johan.gustav.bellika@telemed.no,no- tromsø,,
357,Gravdal,Karsten,NO,,bergen,,
358,Engedal,Knut,NO,,oslo,,
359,Naik,Mala,NO,,bergen,,
360,Selbaek,Geir,NO,geir.selbaek@aldringoghelse.no,ottestad,,
361,Flagstad,G,NO,,gjøvik,,
362,Helgeland,H,NO,,gjøvik,,
363,Markestad,T,NO,,gjøvik,,
364,Sanner,Tore,NO,,oslo,,
365,Gaustad,P,NO,,oslo,,
366,Sand,T,NO,,blindern,,
367,Araujo,Pedro,NO,pedro.araujo@nifes.no,bergen,,
368,Trieu,Mai-Chi,NO,,bergen,,
369,Jul-Larsen,Åsne,NO,,bergen,,
370,Sævik,Marianne,NO,,bergen,,
371,Zhou,Fan,NO,,bergen,,
372,Skrede,Steinar,NO,,bergen,,
373,Cox,Rebecca Jane,NO,,bergen,,
374,Hanevik,Kurt,NO,kurt.hanevik@med.uib.no,bergen n-,,
375,Smidesang,Ingeborg,NO,,trondheim,,
376,Talstad,I,NO,,bergen,,
377,Karlsson,Bengt,NO,bengt.karlsson@hibu.no.,kongsberg,,
378,Mathisen,Sven R,NO,svenross@online.no,sihf-hamar,,
379,Lusher,Amy,NO,,oslo,,
380,Zeller,Bernward,NO,,oslo,,
381,Mathiesen,E B,NO,ellisiv.mathiesen@ism.uit.no,tromsø,,
382,Haugland,Bente Storm Mowatt,NO,,bergen,,
383,Ivarsson,Tord,NO,,oslo,,
384,Lilleby,V,NO,,oslo,,
385,Bardal,E M,NO,,trondheim,,
386,Henjum,Sigrun,NO,,oslo,,
387,Terragni,Laura,NO,,oslo,,
388,Torheim,Liv Elin,NO,,oslo,,
389,Omland,T,NO,,university of bergen medical school,,
390,Røkholt,Eline Grelland,NO,,lørenskog,,
391,Schultz,Jon-Håkon,NO,,tromsø,,
392,Langballe,Åse,NO,,oslo,,
393,Halvorsen,Ann Rita,NO,,oslo,,
394,Hovland,R,NO,,university of bergen,,
395,Jonassen,T O,NO,,oslo,,
396,Enger,Rune,NO,,0317 oslo,,
397,Vindedal,Gry Fluge,NO,,0317 oslo,,
398,Jensen,Vidar,NO,,0317 oslo,,
399,Johannes Helm,P,NO,,oslo,,
400,Odeen,Magnus,NO,,bergen,,
401,Moseby Berge,Hilde,NO,,oslo,,
402,Clarsen,Ben,NO,,oslo,,
403,Heikal,Adam,NO,,oslo,,
404,Økstad,Ole Andreas,NO,,oslo,,
405,Fröhlich,Christopher,NO,,tromsø,,
406,Samuelsen,Ørjan,NO,,tromsø,,
407,Lauksund,Silje,NO,,tromsø,,
408,Larsen,Atle Noralf,NO,,university of tromsø,,
409,Hellesø,Ragnhild,NO,ragnhild.helleso@medisin.uio.no,university of oslo,,
410,Mellembakken,Jan Roar,NO,,oslo,,
411,Ervik,Torunn Kringlen,NO,torunn.ervik@stami.no.,oslo,,
412,Weinbruch,Stephan,NO,,oslo,,
413,Skogstad,Asbjørn,NO,,oslo,,
414,Thomassen,Yngvar,NO,,oslo,,
415,Ellingsen,Dag G,NO,,oslo,,
416,Berlinger,Balázs,NO,,oslo,,
417,Westin,Andreas A,NO,andreas.westin@legemidler.no,n- trondheim,,
418,Hazekamp,Johan T,NO,hazekamp@online.no,oslo,,
419,Ingul,Jo Magne,NO,,levanger,,
420,Luan,Tu,NO,tu.luan@nmbu.no.,n-,,
421,Yu,Xijiang,NO,xijiang.yu@nmbu.no.,n-,,
422,Meuwissen,Theo He,NO,theo.meuwissen@nmbu.no.,n-,,
423,Fjalstad,Jon Widding,NO,,tromsø,,
424,Wootton,Richard,NO,,tromsø,,
425,Sundholm,Dage,NO,,n- oslo,,
426,Skårderud,Finn,NO,finns@online.no,universitetet i oslo,,
427,Hartvigsen,Gunnar,NO,,university of tromsø - the arctic university of norway,,
428,Kim,Eugene,NO,eugene.kim@ntnu.no.,trondheim,,
429,Tunset,Hanna Maja,NO,hanna.m.tunset@ntnu.no.,trondheim,,
430,Cebulla,Jana,NO,jana.cebulla@ntnu.no.,trondheim,,
431,Vettukattil,Riyas,NO,muhammad.r.vettukattil@ntnu.no.,trondheim,,
432,Helgesen,Heidi,NO,heidihelges@gmail.com.,trondheim,,
433,Feuerherm,Astrid Jullumstrø,NO,astrid.j.feuerherm@bio.ntnu.no.,trondheim,,
434,Engebråten,Olav,NO,olav.engebraten@rr-research.no.,0424,,
435,Mælandsmo,Gunhild Mari,NO,gunhild.mari.malandsmo@rr-research.no.,0424,,
436,Johansen,Berit,NO,berit.johansen@ntnu.no.,trondheim,,
437,Moestue,Siver Andreas,NO,siver.a.moestue@ntnu.no.,trondheim,,
438,Fosså,S D,NO,,oslo,,
439,Hamilton,Jill,NO,jill.hamilton@sickkids.ca,oslo,,
440,Karlsson,Sten,NO,sten.karlsson@nina.no,ås,,
441,Steen,Nils Eiel,NO,,oslo,,
442,Aas,Monica,NO,,oslo,,
443,Simonsen,Carmen,NO,,oslo,,
444,Dieset,Ingrid,NO,,oslo,,
445,Tesli,Martin,NO,,oslo,,
446,Nerhus,Mari,NO,,oslo,,
447,Gardsjord,Erlend,NO,,oslo,,
448,Mørch,Ragni,NO,,oslo,,
449,Agartz,Ingrid,NO,,oslo,,
450,Melle,Ingrid,NO,,oslo,,
451,Ueland,Torill,NO,,oslo,,
452,Spigset,Olav,NO,,trondheim,,
453,Andreassen,Ole A,NO,,oslo,,
454,Skaugset,Nils Petter,NO,nps@stami.no.,n-0033 oslo,,
455,Bøvelstad,H M,NO,hegembo@math.uio.no,university of oslo,,
456,Danielsen,T E,NO,,porsgrunn,,
457,Eide,K,NO,,oslo,,
458,Winsvold,Bendik,NO,,oslo,,
459,Røtterud,Jan Harald,NO,janhrot@medisin.uio.no.,lørenskog,,
460,Steinunn Steingrimsdottir,Hanna,NO,hannasteinunn@simnet.is,lillestrom,,
461,Wang,N J,NO,,oslo,,
462,Wester,Astrid Louise,NO,,oslo,,
463,Müller,Lil-Sofie Ording,NO,,oslo,,
464,Avenarius,Derk F M,NO,,tromsø,,
465,Rosendahl,Karen,NO,karen.rosendahl@helse-bergen.no.,bergen,,
466,Flaten,Magne Arve,NO,magnef@psyk.uit.no,tromsø,,
467,Tho,Ingunn,NO,ingunn.tho@farmasi.uio.no,oslo,,
468,Madsen,Christian,NO,christian.madsen@fhi.no,no-0403,,
469,Mørkved,Siv,NO,siv.morkved@medisin.ntnu.no,trondheim,,
470,Krøkje,A,NO,,university of trondheim,,
471,Fosså,Sophie D,NO,s.d.fossa@klinmed.uio.no,oslo,,
472,Selvaag,E,NO,,university of oslo,,
473,Nemes,A,NO,,ås,,
474,Broström,Anders,NO,,bergen,,
475,Thomas,Kevin V,NO,,oslo,,
476,Reid,Malcolm J,NO,,oslo,,
477,Dullerud,R,NO,,oslo,,
478,Andersen,Jack Gunnar,NO,,oslo university hospital ullevaal,,
479,Frengen,Eirik,NO,,oslo,,
480,Misceo,Doriana,NO,,oslo,,
481,Pedurupillay,Christeen Ramane J,NO,,oslo,,
482,Stromme,Petter,NO,,oslo,,
483,Lægreid,Inger Karin,NO,inger.k.lagreid@ntnu.no,trondheim,,
484,Srinivasan,Saurabh,NO,,oslo,,
485,Bettella,Francesco,NO,,oslo,,
486,Hassani,Sahar,NO,,oslo,,
487,Wang,Yunpeng,NO,,oslo,,
488,Witoelar,Aree,NO,,oslo,,
489,Melle,Ingrid,NO,,oslo,,
490,Djurovic,Srdjan,NO,,oslo,,
491,Andreassen,Ole A,NO,,oslo,,
492,Saugstad,Letten F,NO,,oslo,,
493,Fredly,Hanne,NO,,bergen,,
494,Van Belle,Werner,NO,werner@sigtrans.org,university of tromsø,,
495,Due-Tønnessen,Bernt Johan,NO,,n- oslo,,
496,Agewall,Stefan,NO,,oslo,,
497,Hagemo,Petter S,NO,petter.hagemo@rikshospitalet.no,oslo,,
498,Kristensen,Pål,NO,pal.kristensen@nkvts.unirand.no,oslo,,
499,Lautrup,Sofie,NO,,oslo,,
500,Caponio,Domenica,NO,,oslo,,
501,Fang,Evandro F,NO,e.f.fang@medisin.uio.no.,oslo,,
502,Rodríguez,Marta,NO,,oslo,,
503,Wilsgaard,T,NO,tom.wilsgaard@ism.uit.no,n- tromso,,
504,Vahokoski,Juha,NO,,bergen,,
505,Kursula,Inari,NO,,bergen,,
506,Johansson,Ann-Katrin,NO,ann-katrin.johansson@iko.uib.no.,bergen,,
507,Johansson,Anders,NO,anders.johansson@iko.uib.no.,bergen,,
508,Norring,Claes,NO,claes.norring@ki.se.,bergen,,
509,Åstrøm,Anne Nordrehaug,NO,anne.aastrom@iko.uib.no.,bergen,,
510,Tschudi-Madsen,Hedda,NO,hedda.tschudi-madsen@medisin.uio.no,blindern n-0318 oslo,,
511,Mollnes,Tom E,NO,t.e.mollnes@labmed.uio.no,university of oslo,,
512,Elvevåg,Brita,NO,,tromsø,,
513,Holmlund,Terje B,NO,,tromsø,,
514,Wik,H S,NO,,oslo,,
515,Borfecchia,Elisa,NO,,0315 oslo,,
516,Sørbye,Liv Wergeland,NO,,oslo,,
517,Øyen,Ole,NO,ole.oyen@rikshospitalet.no,oslo,,
518,Chioqueta,Andrea P,NO,andrea.chioqueta@svt.ntnu.no,trondheim,,
519,Unsgård,Geirmund,NO,geirmund.unsgard@ntnu.no.,trondheim,,
520,Rao,Vidar,NO,,trondheim,,
521,Solheim,Ole,NO,,trondheim,,
522,Lindseth,Frank,NO,,trondheim,,
523,Norseth,T,NO,,oslo,,
524,Zucknick,Manuela,NO,,oslo,,
525,Lüders,Torben,NO,,n-1432 as,,
526,Rzeppa,Sebastian,NO,,oslo,,
527,Hemmersbach,Peter,NO,,oslo,,
528,Schwennicke,Arne,NO,,haugesund,,
529,Nieder,Carsten,NO,,bodo,,
530,Reinvang,I,NO,,university of oslo,,
531,Hartmann,E,NO,,university of oslo,,
532,Holm,Ruth,NO,ruth.holm@oslo-universitetssykehus.no.,oslo,,
533,Avenarius,Derk F M,NO,,tromsø,,
534,Ording Müller,Lil-Sofie,NO,,oslo,,
535,Rosendahl,Karen,NO,,bergen,,
536,Tzoulis,C,NO,,bergen,,
537,Steinberger,Bernhard,NO,,oslo,,
538,Fasmer,Ole Bernt,NO,,bergen,,
539,Mjeldheim,Kristin,NO,,hafrsfjord,,
540,Førland,Wenche,NO,,stavanger,,
541,Hansen,Anita L,NO,,bergen,,
542,Oedegaard,Ketil J,NO,,bergen,,
543,Berle,Jan Øystein,NO,,bergen,,
544,Eide,A H,NO,arne.h.eide@unimed.sintef.no,oslo,,
545,Nyquist,Nicole F,NO,nicole.nyquist@umb.no,ås 1432,,
546,Johnsen,Kristin Ormen,NO,kristin.ormen.johnsen@hibu.no,drammen,,
547,Janvin,Carmen Cristea,NO,caj@sir.no,stavanger,,
548,Stensvold,Dorth,NO,dorthe.stensvold@ntnu.no,trondheim,,
549,Sandven,Irene,NO,sair@uus.no,oslo,,
550,Gude,Tore,NO,tore.gude@medisin.uio.no,university of oslo,,
551,Våpenstad,Cecilie,NO,cecilie.vapenstad@sintef.no,trondheim,,
552,Gustavsen,Alice,NO,,oslo,,
553,Baz-Lomba,Jose Antonio,NO,,oslo,,
554,Ryu,Yeonsuk,NO,,oslo,,
555,Clausen,O P,NO,,university of oslo,,
556,Sakwari,Gloria,NO,gsakwari@yahoo.com,bergen,,
557,Thuen,Marte,NO,marte.thuen@ntnu.no,trondheim,,
558,Tjora,Aksel,NO,akselht@svt.ntnu.no,n- trondheim,,
559,Seljeflot,I,NO,,oslo,,
560,Heringstad,B,NO,bjorg.heringstad@umb.no,n-1432 as,,
561,Stalsberg,H,NO,,tromsø university hospital,,
562,Poughias,L,NO,,trondheim,,
563,Ravndal,Edle,NO,er@sirus.no,oslo,,
564,Haavik,J,NO,,university of bergen,,
565,Elvevoll,Edel O,NO,edel.elvevoll@nfh.uit.no,university of tromsø,,
566,Deraas,Trygve S,NO,trygve.deraas@ism.uit.no,tromsø,,
567,Hagen,K B,NO,,oslo,,
568,Blanchet,Marie-Anne,NO,,tromsø,,
569,Primicerio,Raul,NO,,tromsø,,
570,Smalås,Aslak,NO,,tromsø,,
571,Aschan,Michaela,NO,,tromsø,,
572,Larsen,Tor K,NO,tklarsen@online.no,n-4068 stavanger,,
573,Ernst,Rie,NO,,fredrikstad,,
574,Larsen,Sveinung,NO,sveinung.larsen@hotmail.com,elverum,,
575,Vogelsang,Petra,NO,,bergen,,
576,Søreide,Kjetil,NO,ksoreide@mac.com,stavanger,,
577,Vamnes,J S,NO,,university of bergen,,
578,Binde,C D,NO,,oslo,,
579,Tvete,I F,NO,,oslo,,
580,Gåsemyr,J,NO,,oslo,,
581,Natvig,B,NO,,oslo,,
582,Klemp,M,NO,,oslo,,
583,Hetmann,F,NO,,oslo,,
584,Qin,Ping,NO,,oslo,,
585,Håberg,Siri E,NO,siri.haberg@fhi.no,oslo,,
586,Tollefsen,K-E,NO,knut.erik.tollefsen@niva.no,n-0316 oslo,,
587,Leira,Håkon Lasse,NO,hakon.lasse.leira@stolav.no,st. olavs hospital,,
588,Bruusgaard,Dag,NO,dag.bruusgaard@medisin.uio.no,blindern 0318 oslo,,
589,Nakstad,P H,NO,perhjalmar.nakstad@ulleval.no,oslo,,
590,Kjer,J J,NO,,oslo,,
591,Gould,Kristian,NO,,fornebu,,
592,Taskén,K,NO,,oslo,,
593,Fylkesnes,Knut,NO,knut.fylkesnes@cih.uib.no,bergen,,
594,Watanabe,K,NO,,bergen,,
595,Taule,T,NO,,bergen,,
596,Kapperud,G,NO,,oslo,,
597,Skraastad,O,NO,,oslo,,
598,Green,M H,NO,,university of oslo,,
599,Akram,M Nadeem,NO,mna@hive.no,n tønsberg,,
600,Li,Nan,NO,,oslo and akershus university college of applied science,,
601,Chen,Weiqin,NO,,oslo and akershus university college of applied science,,
602,Iversen,Per Ole,NO,,oslo,,
603,Jensen,Stig Rune,NO,,n- tromsø,,
604,Frediani,Luca,NO,,n- tromsø,,
605,Aastveit,K,NO,,vollebekk,,
606,Xu,Xiang Ming,NO,,university of stavanger,,
607,Kalantzopoulos,Georgios N,NO,,oslo,,
608,Lundvall,Fredrik,NO,,oslo,,
609,Lind,Anna,NO,,oslo,,
610,Wragg,David S,NO,,oslo,,
611,Fjellvåg,Helmer,NO,,oslo,,
612,Arstad,Bjørnar,NO,,oslo,,
613,Moen,S M,NO,s.m.moen@medisin.uio.no,oslo,,
614,Zhu,Kaizheng,NO,,0315 oslo,,
615,Nyström,Bo,NO,,0315 oslo,,
616,Ueland,Per Magne,NO,per.ueland@ikb.uib.no,bergen,,
617,Dragland,Steinar,NO,,n- nes,,
618,Hummelvoll,J K,NO,,hedmark college,,
619,Trosvik,Pål,NO,,oslo n-,,
620,Brynildsrud,Ola,NO,,oslo,,
621,Snipen,Lars-Gustav,NO,,oslo,,
622,Bohlin,Jon,NO,,oslo,,
623,Itkonen,Harri M,NO,,oslo,,
624,Gorad,Saurabh S,NO,,trondheim,,
625,Barkovskaya,Anna,NO,,trondheim,,
626,Bathen,Tone F,NO,,trondheim,,
627,Moestue,Siver A,NO,,trondheim,,
628,Mills,Ian G,NO,,oslo,,
629,Holla,Ø L,NO,,oslo,,
630,Laake,J H,NO,j.h.laake@basalmed.uio.no,oslo,,
631,Myhrer,Trond,NO,trond.myhrer@ffi.no,kjeller,,
632,Levsen,A,NO,,n- bergen,,
633,Fekjær,Silje Bringsrud,NO,,0301 oslo,,
634,Pedersen,Willy,NO,,blindern,,
635,Serebruany,Victor L,NO,,university of oslo,,
636,Hole,Kristine,NO,,bergen,,
637,Størdal,Ketil,NO,,fredrikstad,,
638,Ottem,Ernst,NO,ernst.ottem@statped.no,oslo,,
639,Knutsen,Gunnar,NO,gunnar.knutsen@unn.no.,tromsø,,
640,Drogset,Jon Olav,NO,,trondheim,,
641,Engebretsen,Lars,NO,,oslo,,
642,Grøntvedt,Torbjørn,NO,,trondheim,,
643,Ludvigsen,Tom C,NO,,oslo,,
644,Løken,Sverre,NO,,oslo,,
645,Solheim,Eirik,NO,,bergen,,
646,Strand,Torbjørn,NO,,bergen,,
647,Johansen,Oddmund,NO,,tromsø,,
648,Aursnes,Ivar,NO,i.a.aursnes@medisin.uio.no,oslo,,
649,Reichborn-Kjennerud,Ted,NO,ted.reichborn-kjennerud@fhi.no.,n-0403 oslo,,
650,Rosseland,A R,NO,a-rossel@online.no,nordbyhagen,,
651,Thue,Geir,NO,geir.thue@isf.uib.no,bergen,,
652,Sambraus,F,NO,,matredal,,
653,Fjelldal,P G,NO,,matredal,,
654,Remø,S C,NO,,bergen,,
655,Hevrøy,E M,NO,,dirdal,,
656,Nilsen,T O,NO,,bergen,,
657,Thorsen,A,NO,,bergen,,
658,Hansen,T J,NO,,matredal,,
659,Waagbø,R,NO,,bergen,,
660,Wollscheid,Sabine,NO,swo@nokc.no,oslo,,
661,Berger,Ola,NO,,trondheim,,
662,Grønberg,Bjørn Henning,NO,,trondheim,,
663,Loge,Jon Håvard,NO,,oslo,,
664,Kaasa,Stein,NO,,trondheim,,
665,Sand,Kari,NO,kari.sand@ntnu.no.,trondheim,,
666,Weiderpass,Elisabete,NO,,tromsø,,
667,Skeie,Guri,NO,,tromsø,,
668,Aune,Dagfinn,NO,,oslo,,
669,Braaten,Tonje,NO,,tromsø,,
670,Falk,K,NO,,oslo,,
671,Aamot,Hege Vangstein,NO,hege.vangstein.aamot@ahus.no,lørenskog,,
672,Stray-Pedersen,Arne,NO,arne.stray-pedersen@medisin.uio.no,oslo,,
673,Ougland,Rune,NO,,no- oslo,,
674,Bentsen,B S,NO,,oslo,,
675,Lundbom,Jan,NO,,trondheim,,
676,Haglerød,C,NO,,0317 oslo,,
677,Ignjatovic,Dejan,NO,,lorenskog,,
678,Kristoffersen,Espen Saxhaug,NO,,lørenskog,,
679,Seljebotn,Per Helge,NO,,stavanger,,
680,Skage,Ingrid,NO,,stavanger,,
681,Riskedal,Anette,NO,,stavanger,,
682,Olsen,Marta,NO,,stavanger,,
683,Kvalø,Silje Eikanger,NO,,stavanger,,
684,Dyrstad,Sindre M,NO,,stavanger,,
685,Stensrud,Kjetil Juul,NO,kstensru@ous-hf.no,oslo,,
686,Rieucau,Guillaume,NO,guillaume.rieucau@imr.no,bergen,,
687,Pettersen,Kaare Torgny,NO,kaare.t.pettersen@hiof.no,halden,,
688,Mishra,V,NO,vinod.mishra@rikshospitalet.no,oslo,,
689,Henriksen,L,NO,lena.henriksen@hioa.no.,oslo,,
690,Garnweidner-Holme,L M,NO,,oslo,,
691,Thorsteinsen,K K,NO,,oslo,,
692,Lukasse,M,NO,,oslo,,
693,Oftedal,Bente,NO,,oslo,,
694,Krog,Norun Hjertager,NO,,oslo,,
695,Aasvang,Gunn Marit,NO,,oslo,,
696,Torvik,Fartein Ask,NO,fartein.torvik@fhi.no,oslo,,
697,Espallargas,N,NO,,n- trondheim,,
698,Hov,J R,NO,,oslo,,
699,Nygård,S,NO,,oslo,,
700,Moum,B,NO,,oslo,,
701,Gilja,O H,NO,,bergen,,
702,Boberg,K M,NO,,oslo,,
703,Røsjø,H,NO,,oslo,,
704,Karlsen,T H,NO,,oslo,,
705,Vesterhus,M,NO,,oslo,,
706,Moe,Bjørn G,NO,georg.sager@fagmed.uit.no.,n- tromsø,,
707,Martinsen,E W,NO,,førde,,
708,Bråtas,Ola,NO,,trondheim,,
709,Espnes,Geir Arild,NO,,trondheim,,
710,Maslechko,Anastasiia,NO,enrico.riccardi@ntnu.no.,trondheim,,
711,Ostgaard,Hege,NO,,stord,,
712,Knudsen,Anne Kari,NO,anne.k.knudsen@ntnu.no,no- trondheim,,
713,Bo,Kari,NO,,oslo,,
714,Dahle,U R,NO,ulf.dahle@fhi.no,n-0403 oslo,,
715,Rund,B R,NO,,university of oslo,,
716,Breivold,Kristin,NO,,bergen,,
717,Hjaelmhult,Esther,NO,,bergen,,
718,Hallström,Inger Kristensson,NO,,bergen,,
719,Dahm,A E A,NO,,oslo,,
720,Tanbo,T,NO,,university of oslo,,
721,Bang Jensen,Britt,NO,,oslo,,
722,Jacobsen,Ellisiv L,NO,ellisiv.jacobsen@hioa.no.,oslo,,
723,Bye,Asta,NO,,oslo,,
724,Aass,Nina,NO,,oslo,,
725,Fosså,Sophie D,NO,,oslo,,
726,Grotmol,Kjersti S,NO,,oslo,,
727,Kaasa,Stein,NO,,oslo,,
728,Loge,Jon Håvard,NO,,oslo,,
729,Moum,Torbjørn,NO,,oslo,,
730,Hjermstad,Marianne J,NO,,oslo,,
731,Haukenes,G,NO,,bergen,,
732,Saether,Oddbjørn,NO,oddbjorn.sather@medisin.ntnu.no,trondheim,,
733,Thelle,D S,NO,,oslo,,
734,Hermansen,Stig Eggen,NO,stig.eggen.hermansen@unn.no,university of tromsø,,
735,Rasmussen,H,NO,henrik.rasmussen@amersham.com,oslo,,
736,Mustafa,Tehmina,NO,tehmina.mustafa@cih.uib.no,bergen,,
737,Assev,S,NO,,university of oslo,,
738,Moens,Ugo,NO,ugo.moens@uit.no,tromsø,,
739,Falkum,Erik,NO,erik.falkum@medisin.uio.no,oslo,,
740,Nakken,Karl Otto,NO,,sandvika,,
741,Bernhoft,A,NO,aksel.bernhoft@vetinst.no,no- oslo,,
742,Nilsen,Line B,NO,line.nilsen2@rr-research.no,oslo,,
743,Hove,L M,NO,,bergen,,
744,Freyd,Thibaud,NO,,tromsø,,
745,Sylte,Ingebrigt,NO,,tromsø,,
746,Gabrielsen,Mari,NO,,tromsø,,
747,Lygre,Gunvor Bentung,NO,gunvor.lygre@odont.uib.no,bergen,,
748,Munthe,E,NO,,oslo,,
749,Fredriksen,Lasse,NO,,aas,,
750,Dagfinrud,Hanne,NO,,oslo,,
751,Kvien,Tore K,NO,,oslo,,
752,Bremer,Sara,NO,,university of oslo,,
753,Heiervang,E,NO,,bergen,,
754,Skaalvik,Mari Wolff,NO,,tromsø,,
755,Gaski,Margrete,NO,,tromsø,,
756,Norbye,Bente,NO,,tromsø,,
757,Jusufovic,Mirza,NO,,oslo,,
758,Brandsdal,B O,NO,bjoerno@chem.uit.no,university of tromsø,,
759,Østhus,Ståle,NO,,oslo,,
760,Brunborg,Geir Scott,NO,,oslo,,
761,Nordtug,Trond,NO,,n- trondheim,,
762,Throne-Holst,Mimmi,NO,,n- trondheim,,
763,Skjaerven,R,NO,,bergen,,
764,Romundstad,L B,NO,,trondheim,,
765,Åstrøm,Anne Nordrehaug,NO,,bergen,,
766,Grabež,V,NO,,n-1432 aas,,
767,Bjelanovic,M,NO,,n-1432 aas,,
768,Slinde,E,NO,,n-1432 aas,,
769,Olsen,K,NO,,n-1432 aas,,
770,Langsrud,O,NO,,n- aas,,
771,Phung,V T,NO,,n-1432 aas,,
772,Haug,A,NO,,n-1432 aas,,
773,Oostindjer,M,NO,,n-1432 aas,,
774,Egelandsdal,B,NO,,n-1432 aas,,
775,Ueland,Per M,NO,,bergen,,
776,Hall,C,NO,,university of oslo,,
777,Moen,O,NO,,ullevaål hospital,,
778,Røssberg,J I,NO,j.i.rxssberg@psykiatri.uio.no,oslo,,
779,Smedal,Tori,NO,,bergen,,
780,Beiske,Antonie Giæver,NO,,hakadal,,
781,Karlsen,Tom H,NO,t.h.karlsen@klinmed.uio.no,oslo,,
782,Nguyen,Nga,NO,,oslo,,
783,Fashing,Peter J,NO,,oslo,,
784,Remen,Vebjørn Mack,NO,vebjornmackremen@mac.com,trondheim,,
785,Varughese,Jobin Kotakkathu,NO,jobinv@gmail.com,bergen,,
786,Holmaas,Tor Helge,NO,,bergen,,
787,Monstad,Karin,NO,,bergen,,
788,Hetlevik,Øystein,NO,,bergen,,
789,Westlye,Lars T,NO,l.t.westlye@psykologi.uio.no,oslo,,
790,Skeie,Eirik Johan,NO,,bergen,,
791,Borge,Jan Arve,NO,,bergen,,
792,Stray-Pedersen,Asbjørg,NO,,oslo,,
793,Pedersen,Ida Benedikte,NO,,0424 oslo,,
794,Helgesen,Emily,NO,,0424 oslo,,
795,Flåtten,Ingvild,NO,,0424 oslo,,
796,Fossum-Raunehaug,Solveig,NO,,0424 oslo,,
797,Skarstad,Kirsten,NO,,0424 oslo,,
798,Vogt,Rolf D,NO,rolf.vogt@kjemi.uio.no,no-0315 oslo,,
799,Reimers,Arne,NO,,trondheim,,
800,Dalmo,Roy A,NO,roy.dalmo@uit.no.,norwegian college of fishery science  tromsø,,
801,Ghosh,Abhik,NO,,n- tromsø,,
802,Heinrich,Daniel,NO,,lørenskog,,
803,Meshram,Archana R,NO,,university centre in svalbardlongyearbyen,,
804,Vader,Anna,NO,,university centre in svalbardlongyearbyen,,
805,Kristiansen,Svein,NO,,uit the arctic university of norwaytromso,,
806,Gabrielsen,Tove M,NO,,university centre in svalbardlongyearbyen,,
807,Maelandsmo,G M,NO,,oslo,,
808,Imdorf,Christian,NO,,trondheim,,
809,Nordstoga,A B,NO,nordstoga@vetinst.no,oslo,,
810,Vikøren,T,NO,,oslo,,
811,Wagstaff,Anthony S,NO,anthony.wagstaff@flymed.uio.no,oslo,,
812,Puchades,Maja A,NO,,oslo,,
813,Bjaalie,Jan G,NO,,oslo,,
814,Ettema,Gertjan,NO,,trondheim,,
815,Rognstad,Asgeir Bakken,NO,,trondheim,,
816,Hoset,Martin,NO,,trondheim,,
817,Sandbakk,Øyvind,NO,,trondheim,,
818,Pettersen,Renate,NO,rrpettersen@yahoo.no,oslo,,
819,Andersen,Irene,NO,,oslo,,
820,Egeland,Torstein,NO,,oslo,,
821,Lie,Benedicte A,NO,,oslo,,
822,Viken,Marte K,NO,,oslo,,
823,Leinan,Paul R,NO,paul.leinan@ntnu.no.,trondheim,,
824,Kiserud,Torvid,NO,,bergen,,
825,Hellevik,Leif R,NO,,trondheim,,
826,Laerum,Hallvard,NO,hallvard.lerum@rikshospitalet.no,trondheim,,
827,Rollefstad,S,NO,,oslo,,
828,Ikdahl,E,NO,,oslo,,
829,Semb,A G,NO,,oslo,,
830,Edvardsen,Hege,NO,hege.edvardsen@rr-research.no,oslo,,
831,Braaten,Tonje,NO,tonje.braaten@ism.uit.no,university of tromsoe,,
832,Johansen,Jeanette Schultz,NO,,tromsø,,
833,Havnes,Kjerstin,NO,,tromsø,,
834,Halvorsen,Kjell H,NO,,tromsø,,
835,Haustreis,Stine,NO,,tromsø,,
836,Skaue,Lillann Wilsgård,NO,,tromsø,,
837,Kamycheva,Elena,NO,,tromsø,,
838,Mathiesen,Liv,NO,,oslo,,
839,Viktil,Kirsten K,NO,,oslo,,
840,Granås,Anne Gerd,NO,,oslo,,
841,Garcia,Beate H,NO,,tromsø,,
842,Bartnes,Kristian,NO,kristian.bartnes@unn.no,tromsø,,
843,Stoltenberg,L,NO,,oslo,,
844,Støa-Birketvedt,G,NO,,university of tromsø,,
845,Mola-Yudego,Blas,NO,,ås,,
846,Eriksen,Rune,NO,,ås,,
847,Star,Bastiaan,NO,,oslo,,
848,Nederbragt,Alexander J,NO,,oslo,,
849,Hansen,Marianne H S,NO,,oslo,,
850,Skage,Morten,NO,,oslo,,
851,Gilfillan,Gregor D,NO,,oslo,,
852,Stenseth,Nils Chr,NO,,oslo,,
853,Jakobsen,Kjetill S,NO,,oslo,,
854,Jentoft,Sissel,NO,,oslo,,
855,Gran,J T,NO,,university hospital of tromsø,,
856,Hvidsten,Torgeir R,NO,,ås,,
857,Johansen,S,NO,,university of tromsø,,
858,Drevon,C A,NO,,university of oslo,,
859,Olsen,Cathrine Elisabeth,NO,,oslo,,
860,Sellevold,Simen,NO,,oslo,,
861,Theodossiou,Theodossis,NO,,oslo,,
862,Patzke,Sebastian,NO,,oslo,,
863,Rocca,Elena,NO,,ås,,
864,Reigstad,Laila Johanne,NO,laila.reigstad@bio.uib.no,bergen,,
865,Gullestad,Lars,NO,lars.gullestad@medisin.uio.no,n- oslo,,
866,Goodridge,Jodie P,NO,,oslo,,
867,Reimers,Arne,NO,arne.reimers@legemidler.no,st. olavs hospital,,
868,Myhre,A G,NO,anne.myhre@med.uib.no,bergen,,
869,Kjeldsen,S E,NO,,oslo,,
870,Eilertsen,Heidi,NO,heidi.eilertsen@hioa.no,lorenskog,,
871,Kent,Matthew P,NO,,ås,,
872,Hansen,Berit Hjelde,NO,berit.hjelde.hansen@r-bup.no,oslo,,
873,Olsen,A K,NO,,stavanger,,
874,Løhre,Audhild,NO,,department of social work and health sciences,,
875,Lygre,H,NO,,university of bergen,,
876,Hanssen-Bauer,Audun,NO,marit.otterlei@ntnu.no.,n- trondheim,,
877,Nieder,Carsten,NO,,bodø,,
878,Bjørnebekk,Gunnar,NO,,oslo,,
879,Andersen,Bjørg Marit,NO,bjorgmarit.andersen@ulleval.no,oslo,,
880,Johansen,K M,NO,,university of tromsø,,
881,Haugaard,K,NO,katrine.haugaard@umb.no,n-1432 ås,,
882,Rasouli,Omid,NO,,trondheim,,
883,Fors,Egil A,NO,,trondheim,,
884,Vasseljen,Ottar,NO,,trondheim,,
885,Stensdotter,Ann-Katrin,NO,,trondheim,,
886,Steffen,Kathrin,NO,kathrin.steffen@nih.no,oslo,,
887,Aniceto,Ana Sofia,NO,,tromsø,,
888,Biuw,Martin,NO,,tromsø,,
889,Daase,Malin,NO,,tromsø,,
890,Falk-Petersen,Stig,NO,,tromsø,,
891,Leu,Eva,NO,,oslo,,
892,Ottesen,Camilla A M,NO,,tromsø,,
893,Sagerup,Kjetil,NO,,tromsø,,
894,Camus,Lionel,NO,,tromsø,,
895,Tønnessen,Espen,NO,,oslo,,
896,Sylta,Øystein,NO,,kristiansand,,
897,Haugen,Thomas A,NO,,oslo,,
898,Hem,Erlend,NO,,oslo,,
899,Seiler,Stephen,NO,,kristiansand,,
900,Carlsen,Kai-Håkon,NO,,oslo,,
901,Bakken,Inger Johanne,NO,inger.bakken@sintef.no,n- trondheim,,
902,Akerjordet,Kristin,NO,,stavanger,,
903,Furunes,Trude,NO,,stavanger,,
904,Haver,Annie,NO,,stavanger,,
905,Hansen,John-Bjarne,NO,,tromsø,,
906,Latijnhouwers,Maita,NO,,stavanger,,
907,Skeie,Guri,NO,guri.skeie@uit.no,tromsø,,
908,Kjeldsen,Sverre E,NO,,oslo,,
909,Øvreås,Lise,NO,,bergen,,
910,Nyhus,Paul Anders Fronth,NO,,oslo,,
911,Karlsen,Hans Erik,NO,,drøbak,,
912,Kristoffersen,Simen M,NO,,0316 oslo,,
913,Johannessen,Asgeir,NO,asgeir.johannessen@medisin.uio.no,oslo,,
914,Ihle,Ø,NO,,oslo,,
915,Hailu,Fikadu Balcha,NO,,oslo,,
916,Hjortdahl,Per,NO,,oslo,,
917,Moen,Anne,NO,,oslo,,
918,Roness,A,NO,atle.roness@helse-bergen.no,bergen,,
919,Larsen,Roy H,NO,roy.larsen@algeta.com,n- oslo,,
920,Repnik,Urska,NO,,oslo,,
921,Nesset,Cecilie Kåsi,NO,,oslo,,
922,Griffiths,Gareth,NO,,oslo,,
923,Stubberöd,A,NO,,värnamo hospital,,
924,Roscher,Ingrid,NO,,oslo,,
925,Falk,Ragnhild S,NO,,oslo,,
926,Vos,Linda,NO,,oslo,,
927,Clausen,Ole P F,NO,,oslo,,
928,Helsing,Per,NO,,oslo,,
929,Gjersvik,Petter,NO,,oslo,,
930,Robsahm,Trude E,NO,,oslo,,
931,Carlsson,Pernilla,NO,pernillac@unis.no,no- tromsø,,
932,Pradhan,Srutarshi,NO,pradham.srutarshi@phys.ntnu.no,n- trondheim,,
933,Qu,H,NO,,n- trondheim,,
934,Kveberg,L,NO,,oslo,,
935,Vaage,J T,NO,,oslo,,
936,Rotegård,Ann Kristin,NO,ann.kristin.rotegard@rr-research.no,oslo university hospital and university of oslo,,
937,Solstad,Terese,NO,tereses@nrh.uit.no,n- tromsø,,
938,Foyn,Håvard,NO,,n- bergen,,
939,Småbrekke,Arvid,NO,smaabrekke@hammerfest-sykehus.no,no- hammerfest,,
940,Bergan,T,NO,,oslo,,
941,Nagarajan,Archana,NO,archana.nagarajan@uis.no.,stavanger,,
942,Solberg,Nina Therese,NO,nina.therese.solberg@rr-research.no.,oslo,,
943,Melheim,Maria,NO,maria.melheim@rr-research.no.,oslo,,
944,Strand,Martin Frank,NO,martinfrank.strand@kristiania.no.,0107 oslo,,
945,Olsen,Petter Angell,NO,petter.angell.olsen@rr-research.no.,oslo,,
946,Krauss,Stefan,NO,stefan.krauss@rr-research.no.,oslo,,
947,Robinson,Hilde Stendal,NO,h.s.robinson@medisin.uio.no,n-0318 oslo,,
948,Saeterbakken,Atle H,NO,atle.saeterbakken@hisf.no,sogn og fjordane university college,,
949,Scheie,D,NO,david.scheie@rikshospitalet.no,oslo,,
950,Koppang,E O,NO,,oslo,,
951,Johannessen,Håkon A,NO,hajo@stami.no.,oslo,,
952,Sterud,Tom,NO,,oslo,,
953,Flom-Halvorsen,H I,NO,,oslo,,
954,Lamb,Jacob J,NO,,trondheim,,
955,Hohmann-Marriott,Martin F,NO,,trondheim,,
956,Meling,Torstein R,NO,torsteinrmeling@mailcity.com,oslo,,
957,Martinsen,Jan Ivar,NO,,oslo,,
958,Weiderpass,Elisabete,NO,,oslo,,
959,Kjærheim,Kristina,NO,,oslo,,
960,Vandvik,Per Olav,NO,per.vandvik@gmail.com.,oslo,,
961,Myhrvold,Trine,NO,trine.myhrvold@su.hio.no,oslo,,
962,Bølling,Anette Kocbach,NO,anette.kocbach@gmail.com,oslo,,
963,Grimsrud,Tom K,NO,tom.k.grimsrud@kreftregisteret.no,n- oslo,,
964,Bjerre,Anna,NO,a.k.bjerre@ioks.uio.no,oslo,,
965,Larsson,H B W,NO,,trondheim,,
966,Krokstad,Steinar,NO,steinar.krokstad@ntnu.no.,levanger,,
967,Krajci,Peter,NO,,nydalen,,
968,Nikpey,Elham,NO,,bergen,,
969,Tenstad,Olav,NO,,bergen,,
970,Wiig,Helge,NO,,bergen,,
971,Høiskar,Britt Ann K,NO,bak@nilu.no,kjeller,,
972,Ulvestad,E,NO,elling.ulvestad@haukeland.no,n- bergen,,
973,Holte,O,NO,,university of oslo,,
974,Nygaard,O P,NO,,university hospital of trondheim,,
975,Brustugun,Jørgen,NO,jorgen.brustugun@sykehusapotekene.no,oslo,,
976,Hoff,G,NO,hofg@online.no,n- oslo,,
977,Flatmark,Kjersti,NO,,oslo,,
978,Nirea,Kahsay G,NO,,norwegian university of life sciences,,
979,Pérez de Nanclares,Marta,NO,,norwegian university of life sciences,,
980,Skugor,Adrijana,NO,,norwegian university of life sciences,,
981,Afseth,Nils K,NO,,fisheries and aquaculture research,,
982,Meuwissen,Theodorus H E,NO,,norwegian university of life sciences,,
983,Hansen,Jon Ø,NO,,norwegian university of life sciences,,
984,Mydland,Liv T,NO,,norwegian university of life sciences,,
985,Øverland,Margareth,NO,,norwegian university of life sciences,,
986,Svagård,Ingrid,NO,,oslo,,
987,Myklebust,Grethe,NO,grethe.myklebust@nih.no,oslo,,
988,Kristiansen,V M,NO,veronica.kristiansen@nvh.no,oslo,,
989,Winje,D,NO,,haukeland university hospital,,
990,Molund,Marius,NO,,grålum,,
991,Hvaal,Kjetil H,NO,,oslo,,
992,Wensaas,Knut-Arne,NO,knut-arne.wensaas@isf.uib.no,bergen,,
993,Amundsen,E J,NO,,oslo,,
994,Schneider,Susanne C,NO,,oslo,,
995,Moe,Therese Fosholt,NO,,oslo,,
996,Ballot,Andreas,NO,,oslo,,
997,Nielsen,Morten Birkeland,NO,morten.nielsen@stami.no.,oslo,,
998,Pallesen,Ståle,NO,,bergen,,
999,Harris,Anette,NO,,bergen,,
1000,Einarsen,Ståle Valvatne,NO,,bergen,,
1001,Ghaderi,Sara,NO,,norges teknisk-naturvitenskapelige universitet,,
1002,Hagen,E M,NO,,bergen,,
1003,Tiwari,A,NO,,n- trondheim,,
1004,Fosen,Jan Toralf,NO,,0424 oslo,,
1005,Enger,Asle,NO,,oslo,,
1006,Mørland,Jørg,NO,,0318 oslo,,
1007,Høiseth,Gudrun,NO,,0424 oslo,,
1008,Tandstad,Torgrim,NO,torgrim.tandstad@stolav.no.,trondheim,,
1009,Bremer,J,NO,,oslo,,
1010,Djupesland,Per G,NO,,oslo,,
1011,Popa,Mihaela,NO,,bergen,,
1012,McCormack,Emmet,NO,,bergen,,
1013,Nielsen,Kaare M,NO,,university of tromsø,,
1014,Kymre,Ingjerd Gåre,NO,ingjerd.gare.kymre@uin.no,bodø,,
1015,Augustine,Starrlight,NO,,tromsø,,
1016,Amlie,Jan P,NO,jan.peder.amlie@rikshospitalet.no,rikshospitalet oslo,,
1017,Tveiten,D,NO,datveite@online.no,gjettum,,
1018,Bjørnland,Kristin,NO,,oslo university hospital and university of oslo,,
1019,Emblem,Ragnhild,NO,,oslo university hospital and university of oslo,,
1020,Almaas,Runar,NO,,oslo university hospital,,
1021,Ersvær,Elin,NO,,oslo,,
1022,Kildal,Wanja,NO,,oslo,,
1023,Hveem,Tarjei Sveinsgjerd,NO,,oslo,,
1024,Pradhan,Manohar,NO,,oslo,,
1025,Olsen,A K,NO,,stavanger,,
1026,Eriksen,Bjørn Odvar,NO,,tromsø,,
1027,Melsom,Toralf,NO,,tromsø,,
1028,Nezvalová-Henriksen,K,NO,k.n.henriksen@farmasi.uio.no,oslo,,
1029,Nilvebrant,Nils-Olof,NO,,sarpsborg,,
1030,Moutte,Svein-Denis,NO,svein.moutte@gmail.com.,bergen,,
1031,Brudvik,Christina,NO,christina.brudvik@uib.no.,bergen,,
1032,Morken,Tone,NO,tone.morken@uni.no.,bergen,,
1033,Thelle,Dag Steinar,NO,d.s.thelle@medisin.uio.no,oslo,,
1034,Schei,Edvin,NO,edvin.schei@isf.uib.no,bergen,,
1035,Ruano,Ana Lorena,NO,ana.lorena.ruano@cih.uib.no.,bergen,,
1036,Støer,Nathalie C,NO,nathalcs@math.uio.no,oslo,,
1037,Petersen,Kjell,NO,,n- bergen,,
1038,Westheim,A,NO,,university of oslo,,
1039,Sørensen,Monica,NO,,oslo,,
1040,Korsmo-Haugen,Henny-Kristine,NO,,oslo,,
1041,Aukrust,Pål,NO,pal.aukrust@rikshospitalet.no,n- oslo,,
1042,Ellertsen,B,NO,,university of bergen,,
1043,Terjesen,T,NO,,no-0424,,
1044,Wang,Eivind,NO,eivind.wang@ntnu.no.,trondheim,,
1045,Andoh-Arthur,Johnny,NO,,trondheim,,
1046,Jokstad,A,NO,,university of oslo,,
1047,Weiderpass,Elisabete,NO,,tromsø,,
1048,Liu,Binbin,NO,binbin.liu@umb.no,as,,
1049,Øiestad,Britt Elin,NO,,oslo metropolitan university,,
1050,Faerevik,Hilde,NO,hilde.ferevik@sintef.no,trondheim,,
1051,Holmøy,Trygve,NO,,lørenskog,,
1052,Tysnes,Ole-Bjørn,NO,,bergen,,
1053,Ribu,Elisabeth,NO,lis.ribu@su.hio.no,oslo,,
1054,Wangen,Helge,NO,,brumunddal,,
1055,Vincent,M B,NO,,trondheim university hospital,,
1056,Christ,Liliane,NO,,n- oslo,,
1057,Wenzel,Eva M,NO,,n- oslo,,
1058,Liestøl,Knut,NO,,n-0373 oslo,,
1059,Raiborg,Camilla,NO,,n- oslo,,
1060,Nistelberger,H M,NO,,no-0316,,
1061,Star,B,NO,,no-0316,,
1062,Boessenkool,S,NO,,no-0316,,
1063,Sørbye,Sveinung Wergeland,NO,,tromsø,,
1064,Hovland,Siri,NO,,klokkarstua,,
1065,Falang,Bente Marie,NO,,klokkarstua,,
1066,Engan,T,NO,,university hospital of trondheim,,
1067,Høye,Johan S,NO,johan.hoye@ntnu.no,n- trondheim,,
1068,Kuipers,B,NO,,oslo,,
1069,Ekanger,R,NO,,university of bergen,,
1070,Sletten,E,NO,,university of bergen,,
1071,Vøllestad,L A,NO,asbjorn.vollestad@bio.uio.no,university of oslo,,
1072,Besada,Emilio,NO,emilio.besada@uit.no.,tromsø,,
1073,Balasuriya,Chandima N D,NO,,trondheim,,
1074,Evensen,Kari Anne I,NO,,trondheim,,
1075,Mosti,Mats P,NO,,trondheim,,
1076,Brubakk,Ann-Mari,NO,,trondheim,,
1077,Jacobsen,Geir W,NO,,trondheim,,
1078,Indredavik,Marit S,NO,,trondheim,,
1079,Schei,Berit,NO,,trondheim,,
1080,Stunes,Astrid Kamilla,NO,,trondheim,,
1081,Syversen,Unni,NO,,trondheim,,
1082,Lind-Landström,Tove,NO,,trondheim,,
1083,Haga,H J,NO,,bergen,,
1084,Gjerstad,J,NO,,university of bergen,,
1085,Gjelsvik,Runhild,NO,,no- østerås,,
1086,Jenum,P A,NO,,oslo,,
1087,Zhao,Yong,NO,,trondheim,,
1088,Hellum,Bent Håvard,NO,,trondheim,,
1089,Nilsen,Odd Georg,NO,,trondheim,,
1090,Smith,Erin N,NO,,tromsø,,
1091,Flaa,Arnljot,NO,,oslo,,
1092,Krauklis,Andrey E,NO,andrejs.krauklis@ntnu.no.,trondheim,,
1093,Gagani,Abedin I,NO,abedin.gagani@ntnu.no.,trondheim,,
1094,Echtermeyer,Andreas T,NO,andreas.echtermeyer@ntnu.no.,trondheim,,
1095,Agasøster,T,NO,,university of oslo,,
1096,Molmen,Harald Edvard,NO,haraldedvard@gmail.com,trondheim,,
1097,Kittang,Bård R,NO,,bergen,,
1098,Klevjer,T A,NO,,5817 bergen,,
1099,Kaartvedt,S,NO,,0316 oslo,,
1100,Thrane,Gyrd,NO,gyrd.thrane@uit.no.,no- tromsø,,
1101,Wiig,Helge,NO,,bergen,,
1102,Reisinger,Veronika,NO,,stavanger,,
1103,Trondsen,E,NO,,akerhus central hospital,,
1104,Biringer,Eva,NO,eva.biringer@helse-fonna.no,5504 haugesund,,
1105,Polder,A,NO,anuschka.polder@veths.no,no-0033 oslo,,
1106,Theodossiou,Theodossis A,NO,,oslo,,
1107,Deng,Wei,NO,,bergen,,
1108,Gorfe,A A,NO,,university of tromsø,,
1109,Lindstrøm,C A,NO,,oslo,,
1110,Adli,E,NO,,oslo,,
1111,Sjobak,K N,NO,,oslo,,
1112,Grjibovski,Andrej M,NO,andrei.grjibovski@fhi.no,oslo,,
1113,Nostdahl,T,NO,,skien,,
1114,Fredheim,O M,NO,,trondheim,,
1115,Bernklev,T,NO,,tønsberg,,
1116,Doksrod,T S,NO,,skien,,
1117,Mohus,R M,NO,,trondheim,,
1118,Raeder,J,NO,,oslo,,
1119,Agartz,Ingrid,NO,,oslo,,
1120,Alnæs,Dag,NO,,oslo,,
1121,Bøen,Erlend,NO,,oslo,,
1122,Doan,Nhat Trung,NO,,oslo,,
1123,Elvsåshagen,Torbjørn,NO,,oslo,,
1124,Kaufmann,Tobias,NO,,oslo,,
1125,Lagerberg,Trine V,NO,,oslo,,
1126,Malt,Ulrik F,NO,,oslo,,
1127,Westlye,Lars T,NO,,oslo,,
1128,Andreassen,Ole A,NO,,oslo,,
1129,Gulbrandsen,Pål,NO,pal.gulbrandsen@ahus.no,lørenskog,,
1130,Strand,Marianne,NO,,ålesund,,
1131,Haugstvedt,Anne,NO,,bergen,,
1132,Dashtimoghadam,Erfan,NO,,oslo,,
1133,Nyström,Bo,NO,,oslo,,
1134,Våbenø,Jon,NO,,no- tromsø,,
1135,Haug,Bengt Erik,NO,,no- bergen,,
1136,Shaikh,F,NO,,oslo,,
1137,Hussain,A,NO,,oslo,,
1138,Clausen,T,NO,,bergen,,
1139,Haugan,A,NO,,university of bergen,,
1140,Ytrehus,B,NO,bjornar.ytrehus@veths.no,0033 oslo,,
1141,Rivedal,E,NO,,oslo,,
1142,Håland,Erna,NO,erna.haland@svt.ntnu.no,trondheim,,
1143,Amlund,Heidi,NO,,n- bergen,,
1144,Sæle,Øystein,NO,,n- bergen,,
1145,Ellingsen,Ståle,NO,,n- bergen,,
1146,Skjaerven,Kaja H,NO,,n- bergen,,
1147,Barkhatov,Leonid,NO,,oslo,,
1148,Edwin,Bjorn,NO,,oslo,,
1149,Engh,John Abel,NO,,tønsberg,,
1150,Andersen,Eivind,NO,,university college of southeast norway,,
1151,Andreassen,Ole Andreas,NO,,oslo,,
1152,Martinsen,Egil Wilhelm,NO,,oslo,,
1153,Bigseth,Therese Torgersen,NO,,tønsberg,,
1154,Bang-Kittilsen,Gry,NO,,tønsberg,,
1155,Egeland,Jens,NO,,oslo,,
1156,Llorente,Alicia,NO,,oslo,,
1157,Skotland,Tore,NO,,oslo,,
1158,Sandvig,Kirsten,NO,,oslo,,
1159,Müller,Anita,NO,anitamu@nfh.uit.no,tromsø,,
1160,Wiig,J N,NO,johan.wiig@radiumhospitalet.no,oslo,,
1161,Tankéré,S P C,NO,sophie.muller@im.uib.no,university of bergen,,
1162,Vefring,Hege,NO,vehe@ext.sir.no,stavanger,,
1163,Monzón,Arnulfo J,NO,arnulfo.monzon@una.edu.ni,n- as,,
1164,Sandvik,A,NO,anders.sandvik@medisin.uio.no,oslo,,
1165,Martinsen,Elin Håkonsen,NO,,norway; vestre viken hospital trust,,
1166,Weimand,Bente M,NO,,akershus university hospital,,
1167,Pedersen,Reidar,NO,,university of oslo,,
1168,Norvoll,Reidun,NO,,norway; oslo and akershus university college of applied sciences,,
1169,Nygaard,Peter,NO,pn@sirus.no,oslo,,
1170,Lien,B,NO,,oslo,,
1171,Berge,K E,NO,,oslo,,
1172,Langkilde,A R,NO,annikal@magnet.drcmr.dk,copenhagen,,
1173,Araujo,Pedro,NO,pedro.araujo@nifes.no,n-5817 bergen,,
1174,Degerud,E,NO,,n-0403 oslo,,
1175,Ystrom,E,NO,,n-0403 oslo,,
1176,Tambs,K,NO,,n-0403 oslo,,
1177,Ariansen,I,NO,,n-0403 oslo,,
1178,Mørland,J,NO,,n-0403 oslo,,
1179,Magnus,P,NO,,n-0403 oslo,,
1180,Næss,Ø,NO,,n-0403 oslo,,
1181,Bækkedal,Cecilie,NO,,a department of chemistry ; the norwegian structural biology center (norstruct) and center for bioinformatics (sfb); uit - the arctic university of norway ; tromsø,,
1182,Haugen,Peik,NO,,a department of chemistry ; the norwegian structural biology center (norstruct) and center for bioinformatics (sfb); uit - the arctic university of norway ; tromsø,,
1183,Berg,Bente G,NO,,trondheim,,
1184,Zhang,Yan,NO,yanzhang@ieee.org.,oslo,,
1185,Molla,Mitike,NO,,5020,,
1186,Kraft,P,NO,,oslo,,
1187,Norderval,S,NO,stig.norderval@unn.no.,tromsø,,
1188,Buntzen,S,NO,,tromsø,,
1189,Weum,S,NO,,tromsø,,
1190,de Weerd,L,NO,,tromsø,,
1191,Samson,Heidi,NO,heidi.samson@iko.uib.no,bergen,,
1192,Hameed,Ibrahim A,NO,,ålesund,,
1193,Seidu,Razak,NO,,institute of marine operations and civil engineering,,
1194,Mazur,Sebastian,NO,,n-2849 kapp,,
1195,Nes,Arnfinn,NO,,n- kapp,,
1196,Skrede,Grete,NO,,n- aas,,
1197,Baban,Jamil,NO,,n-1432 as,,
1198,Klepstad,Pål,NO,pal.klepstad@medisin.ntnu.no,n- trondheim,,
1199,Msuya,S E,NO,siamsuya@hotmail.com,blindern 0318,,
1200,Halvorsen,F A,NO,,drammen,,
1201,Vandvik,Per Olav,NO,,oppland,,
1202,Eskeland,Øystein,NO,,lørenskog,,
1203,Danielsen,Kjell Arild,NO,,lørenskog,,
1204,Dahl,Fredrik,NO,,lørenskog,,
1205,Fridrich,Katrin,NO,,lørenskog,,
1206,Orszagh,Vivian Cecilie,NO,,lørenskog,,
1207,Bachmann-Harildstad,Gregor,NO,,lørenskog,,
1208,Burum-Auensen,Espen,NO,,lørenskog,,
1209,Omland,E,NO,,university of oslo,,
1210,Waldum,H L,NO,helge.waldum@ntnu.no.,trondheim,,
1211,Hauso,Ø,NO,,trondheim,,
1212,Fossmark,R,NO,,trondheim,,
1213,Kroksveen,Ann C,NO,,n-5021 bergen,,
1214,Opsahl,Jill A,NO,,n-5021 bergen,,
1215,Guldbrandsen,Astrid,NO,,n-5009 bergen,,
1216,Myhr,Kjell-Morten,NO,,5021 bergen,,
1217,Oveland,Eystein,NO,,n-5021 bergen,,
1218,Torkildsen,Øivind,NO,,5021 bergen,,
1219,Magelssen,H,NO,henriette.magelssen@radiumhospitalet.no,oslo,,
1220,Johnsen,R,NO,,university of tromsø,,
1221,Bast-Pettersen,Rita,NO,,n-0033 oslo,,
1222,Johnsen,O,NO,,høgskoleveien 12,,
1223,Laine,Katariina,NO,,oslo,,
1224,Frediani,Luca,NO,,n- tromsø,,
1225,Steindal,Arnfinn Hykkerud,NO,,n- tromsø,,
1226,Longva,Karianne E,NO,,n- oslo,,
1227,Juuhl-Langseth,Monica,NO,juuhllangseth@gmail.com,oslo,,
1228,Lønning,Per E,NO,,bergen,,
1229,Sjurseth,Siri Kulberg,NO,,oslo,,
1230,Gjerset,Britt,NO,,oslo,,
1231,Bragstad,Karoline,NO,,oslo,,
1232,Hungnes,Olav,NO,,oslo,,
1233,Wisløff,Helene,NO,,oslo,,
1234,Er,Chiek,NO,,oslo,,
1235,Valheim,Mette,NO,,oslo,,
1236,Løtvedt,Siri M,NO,,brumunddal,,
1237,David,Bruce,NO,,oslo,,
1238,Hanssen,Skjalg A,NO,,oslo,,
1239,Hauge,Siri H,NO,,oslo,,
1240,Hofshagen,Merete,NO,,oslo,,
1241,Buanes,T,NO,,bergen,,
1242,Bugge,L,NO,,oslo,,
1243,Buran,T,NO,,oslo,,
1244,Burgess,T,NO,,bergen,,
1245,Cameron,D,NO,,oslo,,
1246,Eigen,G,NO,,bergen,,
1247,Gjelsten,B K,NO,,oslo,,
1248,Gramstad,E,NO,,oslo,,
1249,Kastanas,A,NO,,bergen,,
1250,Liebig,W,NO,,bergen,,
1251,Lipniacka,A,NO,,bergen,,
1252,Lund,E,NO,,oslo,,
1253,Ould-Saada,F,NO,,oslo,,
1254,Pajchel,K,NO,,oslo,,
1255,Pedersen,M,NO,,oslo,,
1256,Read,A L,NO,,oslo,,
1257,Røhne,O,NO,,oslo,,
1258,Rosendahl,P L,NO,,bergen,,
1259,Sandaker,H,NO,,bergen,,
1260,Sjursen,T B,NO,,bergen,,
1261,Smestad,L,NO,,oslo,,
1262,Stapnes,S,NO,,oslo,,
1263,Strandlie,A,NO,,oslo,,
1264,Stugu,B,NO,,bergen,,
1265,Tonoyan,A,NO,,bergen,,
1266,Ugland,M,NO,,bergen,,
1267,Stavem,Knut,NO,knut.stavem@klinmed.uio.no,lørenskog,,
1268,Nagelhus,T A,NO,,university of trondheim,,
1269,Gillooly,D J,NO,,oslo,,
1270,Reichelt,Wenche H,NO,w.h.reichelt@klinmed.uio.no,n- oslo,,
1271,Hussain,S,NO,,oslo,,
1272,Ringsevjen,H,NO,,oslo,,
1273,Hvalby,Ø,NO,,oslo,,
1274,Jensen,V,NO,,oslo,,
1275,Davanger,S,NO,svend.davanger@medisin.uio.no.,oslo,,
1276,Dhanasiri,Anusha K S,NO,,bodø,,
1277,Gudmundsdottir,S L,NO,,trondheim,,
1278,Szodoray,Peter,NO,,oslo,,
1279,Frantzen,F,NO,,mørkved,,
1280,Hagen,Ingerid J,NO,ingerid.hagen@bio.ntnu.no,trondheim,,
1281,Quivey,M,NO,,city of oslo,,
1282,Ulimoen,Sara R,NO,sara.ulimoen@gmail.com,rud,,
1283,Eldhuset,Toril D,NO,toril.eldhuset@skogoglandskap.no,po box 115 n- as,,
1284,Nilsson,Per H,NO,,oslo,,
1285,Mollnes,Tom Eirik,NO,,oslo,,
1286,Sandnes,D,NO,,university of oslo,,
1287,Kummervold,Per Egil,NO,peregil@norut.no,tromsø,,
1288,Øyen,T B.,NO,,blindern,,
1289,Gilja,Odd Helge,NO,,university of bergen,,
1290,Medvedev,A E,NO,,trondheim,,
1291,Ræder,Hanna,NO,,oslo,,
1292,Henriksen,Christine,NO,,university of oslo,,
1293,Bøhn,Siv Kjølsrud,NO,,university of oslo,,
1294,O de Fey Vilbo,Anne-Rikke,NO,,university of oslo,,
1295,Henriksen,Hege Berg,NO,,university of oslo,,
1296,Kværner,Ane Sørlie,NO,,oslo,,
1297,Rolid,Katrine,NO,,oslo,,
1298,Paur,Ingvild,NO,,university of oslo,,
1299,Smeland,Sigbjørn,NO,,oslo,,
1300,Methlie,Paal,NO,,bergen,,
1301,Lorentzen,Steinar,NO,,oslo,,
1302,Dieset,Ingrid,NO,,oslo,,
1303,Aas,Monica,NO,,oslo,,
1304,Nerhus,Mari,NO,,oslo,,
1305,Haram,Marit,NO,,oslo,,
1306,Agartz,Ingrid,NO,,oslo,,
1307,Melle,Ingrid,NO,,oslo,,
1308,Berg,Jens P,NO,,oslo,,
1309,Andreassen,Ole A,NO,,oslo,,
1310,Helset,E,NO,,university of tromsø,,
1311,Skjeie,Holgeir,NO,,oslo,,
1312,Brekke,Mette,NO,,oslo,,
1313,Knudsen,Stine,NO,,ullevål,,
1314,Langberg,C W,NO,,oslo,,
1315,Kvåle,G,NO,,university of bergen,,
1316,Johnsen,N M,NO,,oslo,,
1317,Skaret,Erik,NO,erik.skaret@odont.uib.no,bergen,,
1318,Krefting,Einar Andreas,NO,,tromsø,,
1319,Hennig,R,NO,,university hospital of tromsø,,
1320,Reigstad,Ole,NO,olereig@frisurf.no,rud,,
1321,Diep,Chieu B,NO,,oslo,,
1322,Mikkelsen,Gustav,NO,,trondheim,,
1323,Åsberg,Arne,NO,,trondheim,,
1324,Hov,Gunhild Garmo,NO,,trondheim,,
1325,Eid,J,NO,jeid@sksk.mil.no,n- bergen,,
1326,Mwansasu,Andwele,NO,,bergen,,
