temp_id,lastname,firstname,countries_scope,email,town,role,url
1,Fosså,Sophie D,NO,sdf@radiumhospitalet.no,oslo,,
2,Österholm,Cecilia,NO,,bergen,,
3,Svendsen,Kristin O,NO,,oslo,,
4,Ervik,Torunn Kringlen,NO,torunn.ervik@stami.no.,no-0304 oslo,,
5,Thomassen,Yngvar,NO,torunn.ervik@stami.no.,no-0304 oslo,,
6,Ellingsen,Dag G,NO,torunn.ervik@stami.no.,no-0304 oslo,,
7,Berlinger,Balázs,NO,torunn.ervik@stami.no.,no-0304 oslo,,
8,Jensdottir,Thorbjörg,NO,jensdottir@throg.no,stavanger,,
9,Stensvold,I,NO,,oslo 1,,
10,Bjørnland,Tore,NO,,university of oslo,,
11,Sørland,Geir H,NO,,n- harstad,,
12,Østlie,Kristin,NO,kristin.ostlie@sykehuset-innlandet.no,ottestad,,
13,Elgjo,K,NO,,national hospital (rikshospitalet) oslo,,
14,Kauserud,Håvard,NO,haavarka@bio.uio.no,n-0316 oslo,,
15,Jetne,Vidar,NO,vidar.jetne@radiumhospitalet.no,oslo,,
16,Nicolaissen,B,NO,,university of oslo,,
17,Hallan,Stein I,NO,stein.hallan@ntnu.no,trondheim,,
18,Meling,Torstein R,NO,torsteinrmeling@gmail.com.,oslo,,
19,Da Broi,Michele,NO,,oslo,,
20,Helseth,Eirik,NO,,oslo,,
21,Gilja,O H,NO,,bergen,,
22,Ghosh,A,NO,abhik@chem.uit.no,university of tromsø,,
23,Hegen,Anja,NO,,n- bergen,,
24,Høiseth,Gudrun,NO,gudrun.hoiseth@diakonsyk.no,diakonhjemmet sykehus,,
25,Khan,Aziz,NO,aziz.khan@ncmm.uio.no.,oslo,,
26,Mathelier,Anthony,NO,anthony.mathelier@ncmm.uio.no.,oslo,,
27,Solberg,Erik Ekker,NO,erik.solberg@diakonsyk.no,oslo,,
28,Dotterud,L K,NO,,university of tromsø,,
29,Bjorvatn,Bjørn,NO,,university of bergen,,
30,Eide,Kristiane Tislevoll,NO,,bergen,,
31,Norheim,Ole Frithjof,NO,,bergen,,
32,Lindtjørn,Bernt,NO,,bergen,,
33,Chen,Weiqin,NO,,oslo,,
34,Hoel,Tore,NO,,oslo,,
35,Dotterud,L K,NO,,university of tromsø,,
36,Sommerli,Erle Lysfjord,NO,,universitetet i tromsø,,
37,Fosså,S D,NO,s.d.fossa@klinmed.uio.no,oslo,,
38,Vegusdal,A,NO,anne.vegusdal@akvaforsk.nlh.no,no- as,,
39,Holm,K,NO,,oslo,,
40,Jørgensen,K K,NO,,lørenskog,,
41,Vatn,M H,NO,,oslo,,
42,Karlsen,T H,NO,,oslo,,
43,Hov,J R,NO,,oslo,,
44,Sundseth,J,NO,jsundset@ous-hf.no.,oslo,,
45,Kolstad,F,NO,,oslo,,
46,Johnsen,L G,NO,,trondheim,,
47,Pripp,A H,NO,,oslo,,
48,Nygaard,O P,NO,,trondheim,,
49,Andresen,H,NO,,trondheim,,
50,Fredriksli,O A,NO,,trondheim,,
51,Myrseth,E,NO,,bergen,,
52,Züchner,M,NO,,oslo,,
53,Zwart,J A,NO,,oslo,,
54,Abu-samha,M,NO,knut.borve@kj.uibno,university of bergen,,
55,Bekkelund,S I,NO,,tromsö,,
56,Pettersen,Viggo,NO,viggo.pettersen@uis.no,stavanger,,
57,Mahande,Michael J,NO,,bergen,,
58,Kleffelgaard,Ingerid,NO,,oslo,,
59,Soberg,Helene Lundgaard,NO,,oslo,,
60,Tamber,Anne-Lise,NO,,oslo,,
61,Bruusgaard,Kari Anette,NO,,oslo,,
62,Pripp,Are Hugo,NO,,oslo,,
63,Sandhaug,Maria,NO,,oslo,,
64,Langhammer,Birgitta,NO,,oslo,,
65,Bollerslev,Jens,NO,jens.bollerslev@medisin.uio.no,oslo,,
66,Westerhausen,René,NO,,university of oslo,,
67,Huang,Ruixia,NO,,oslo,,
68,Li,Xiaoran,NO,,oslo,,
69,Holm,Ruth,NO,,oslo,,
70,Trope,Claes G,NO,,oslo,,
71,Nesland,Jahn M,NO,,oslo,,
72,Suo,Zhenhe,NO,,oslo,,
73,Laake,K,NO,,ullevål,,
74,Seljeflot,I,NO,,ullevål,,
75,Myhre,P,NO,,ullevål,,
76,Tveit,A,NO,,rud,,
77,Norseth,J,NO,,rud,,
78,Arnesen,H,NO,,ullevål,,
79,Solheim,S,NO,,ullevål,,
80,Ganz,Jeremy C,NO,jcganz@gmail.com,bergen,,
81,Haugland,Gyri Teien,NO,,no- bergen,,
82,Larsen,Sandra,NO,,university of oslo,,
83,Haavaldsen,Camilla,NO,,lørenskog,,
84,Eskild,Anne,NO,,lørenskog,,
85,Edin,Nina Jeppesen,NO,n.f.j.edin@fys.uio.no,oslo,,
86,Andenaes,S,NO,,oslo,,
87,Rayyan,S,NO,,university of bergen,,
88,Tylleskar,Ida,NO,,trondheim,,
89,Skulberg,Arne Kristian,NO,,trondheim,,
90,Skarra,Sissel,NO,,trondheim,,
91,Nilsen,Turid,NO,,trondheim,,
92,Dale,Ola,NO,ola.dale@ntnu.no.,trondheim,,
93,Lygre,Stein Håkon Låstad,NO,stein.lygre@helse-bergen.no,bergen,,
94,Eide,A H,NO,arne.h.eide@unimed.sintef.no,oslo,,
95,Wang,Mao,NO,,trondheim,,
96,Zhang,Zhiliang,NO,,trondheim,,
97,He,Jianying,NO,,trondheim,,
98,Liang,Xiao,NO,,university of bergen,,
99,Osman,Tarig Al-Hadi,NO,,university of bergen,,
100,Sapkota,Dipak,NO,,university of bergen,,
101,Neppelberg,Evelyn,NO,,bergen,,
102,Lybak,Stein,NO,,bergen,,
103,Liavaag,Per Gunnar,NO,,bergen,,
104,Johannessen,Anne Christine,NO,,bergen,,
105,Jacobsen,Hege Karine,NO,,university of bergen,,
106,Enger,Per Øyvind,NO,,bergen,,
107,Costea,Daniela Elena,NO,,university of bergen,,
108,Øgaard,B,NO,bogaard@odont.uio.no,university of oslo,,
109,Seip,Knut Fredrik,NO,,oslo,,
110,Storm,Hanne,NO,hanne.storm@medisin.uio.no,oslo,,
111,Williamson,Adele,NO,,tromsø,,
112,Hjerde,Erik,NO,,tromsø,,
113,Lillehagen,Ida,NO,,oslo,,
114,Fasmer,O B,NO,ole.fasmer@psyk.uib.no,bergen,,
115,Aakre,Inger,NO,,oslo,,
116,Strand,Tor A,NO,,bergen,,
117,Barikmo,Ingrid,NO,,oslo,,
118,Henjum,Sigrun,NO,,oslo,,
119,Rodríguez-Aranda,Claudia,NO,claudia.rodriguez-aranda@uit.no,university of tromsø,,
120,Pettersson,John H-O,NO,,oslo,,
121,Jacobsson,Bo,NO,,oslo,,
122,Rylander,Charlotta,NO,charlotta.rylander@uit.no,tromsø,,
123,Fosse,Roar,NO,rfosse@hms.harvard.edu,oslo,,
124,Tran,The Trung,NO,bernd.thiede@ibv.uio.no.,university of oslo,,
125,Bollineni,Ravi Chand,NO,bernd.thiede@ibv.uio.no.,university of oslo,,
126,Koehler,Christian Jeffrey,NO,bernd.thiede@ibv.uio.no.,university of oslo,,
127,Thiede,Bernd,NO,bernd.thiede@ibv.uio.no.,university of oslo,,
128,Starrfelt,Jostein,NO,jostein.starrfelt@niva.no,n- oslo,,
129,Baumann,Oliver,NO,oliver.baumann@psychologie.uni-regensburg.de,oslo,,
130,Hurlen,Petter,NO,petter@hurlen.no,akershus universitetssykehus,,
131,Kvistad,C E,NO,,bergen,,
132,Myrmel,T,NO,,university of tromsø,,
133,Helland,Arne,NO,,trondheim,,
134,Haugen,Ida K,NO,haugen_ida@hotmail.com,oslo,,
135,Gjessing,Mona Cecilie,NO,mona.gjessing@vetinst.no,n- oslo,,
136,Bergland,Astri Marie Glosli,NO,,oslo,,
137,Tveit,Bodil,NO,,oslo,,
138,Gonzalez,Marianne Thorsen,NO,,oslo,,
139,Jørgensen,T,NO,,oslo,,
140,Holland,Petter,NO,,oslo,,
141,Simonsen,Anne,NO,,oslo,,
142,Brudvik,Christina,NO,christina.brudvik@kir.uib.no,5838 bergen,,
143,Sundlisaeter,Eirik,NO,,oslo university hospital,,
144,Weum,Sven,NO,,and department of plastic surgery university hospital of north norway tromsø,,
145,Bjørgo,E,NO,,university of bergen,,
146,Søraas,Arne,NO,,oslo,,
147,Buechner,Jochen,NO,,oslo,,
148,Gedde-Dahl,Tobias,NO,,oslo,,
149,Søraas,Camilla Lund,NO,,oslo,,
150,Dahl,John Arne,NO,,oslo,,
151,Foss,Christina,NO,cfoss@ulrik.uio.no,n-0317 oslo,,
152,Skjerve,Eystein,NO,,n-0033 oslo,,
153,Bergh,Claus,NO,,n- finnsnes,,
154,Nesbakken,Truls,NO,,n-0033 oslo,,
155,Dahle,Jostein,NO,jostein.dahle@labmed.uio.no,oslo,,
156,Næss,Sigrid,NO,,oslo,,
157,Waruhari,Philomena,NO,,university of bergen,,
158,Babic,Ankica,NO,,university of bergen,,
159,Krossbakken,Elfrid,NO,,bergen,,
160,Torsheim,Torbjørn,NO,,bergen,,
161,Mentzoni,Rune Aune,NO,,bergen,,
162,Bjorvatn,Bjørn,NO,,bergen,,
163,Lorvik,Ingjerd Meen,NO,,skien,,
164,Pallesen,Ståle,NO,,bergen,,
165,Martinsen,Jan Ivar,NO,,oslo,,
166,Weiderpass,Elisabete,NO,,oslo,,
167,Kjaerheim,Kristina,NO,,oslo,,
168,Faeste,Christiane K,NO,christiane.faste@vetinst.no,n-0033 oslo,,
169,Ostensen,M,NO,,university hospital of trondheim,,
170,Bjørnstad,H,NO,,university of tromsø,,
171,Oie,E,NO,,oslo,,
172,Gjengedal,Eva,NO,,molde,,
173,Rosland,Jan Henrik,NO,,bergen,,
174,Ree,Eline,NO,eline.ree@uni.no.,bergen,,
175,El-Khairy,L,NO,lina.el-khairy@smis.uib.no,university of bergen,,
176,Grytten,J,NO,,university of oslo,,
177,Schjønsby,H,NO,,oslo,,
178,Rokstad,Ingrid S,NO,,haukeland university hospital,,
179,Beyer,Mona K,NO,bemk@sus.no,n-4068 stavanger,,
180,Talsnes,Ove,NO,ove.talsnes@sykehuset-innlandet.no,elverum,,
181,Christiansen,Bjørg,NO,bjorg.christiansen@su.hio.no,oslo,,
182,Osterud,B,NO,,university of tromsø,,
183,Norgård,G,NO,,bergen,,
184,Haugstvedt,Karen Therese Sulheim,NO,karen.therese.haugstvedt@ahus.no,university of oslo,,
185,Andersen,Ingrid S,NO,,oslo,,
186,Lillemoen,Lillian,NO,lillian.lillemoen@medisin.uio.no,oslo,,
187,Saloranta,Tuomo M,NO,tuomo.saloranta@niva.no,n- oslo,,
188,Andershed,Birgitta,NO,,gjövik,,
189,Skovdal,Morten,NO,,bergen,,
190,Daniel,Marguerite,NO,,bergen,,
191,Moghaddam,A,NO,amirmo@affitech.com,n- oslo,,
192,Huszthy,Peter C,NO,peter.huszthy@biomed.uib.no,bergen,,
193,Fosså,Sophie,NO,,oslo,,
194,Ruud,Ellen,NO,,oslo,,
195,Goscinski,Mariusz Adam,NO,,oslo,,
196,Huang,Ruixia,NO,,oslo,,
197,Li,Yaqing,NO,,oslo,,
198,Larsen,Stein Gunnar,NO,,oslo,,
199,Giercksky,Karl-Erik,NO,,oslo,,
200,Nesland,Jahn Marthin,NO,,oslo,,
201,Suo,Zhenhe,NO,,oslo,,
202,Draget,Kurt Ingar,NO,,no- trondheim,,
203,Bahr,Roald,NO,,oslo,,
204,Kjeken,R,NO,,university of oslo,,
205,Kang,Ronghua,NO,,aas,,
206,Mulder,Jan,NO,,aas,,
207,Dörsch,Peter,NO,,aas,,
208,Lund,Kaja,NO,,no- oslo,,
209,Seterdal,Kristina Erikstad,NO,,no-0315 oslo,,
210,Solheim,Stian,NO,,no-0315 oslo,,
211,Vehus,Tore,NO,,no-0315 oslo,,
212,Solberg,Nina,NO,,no- oslo,,
213,Krauss,Stefan,NO,,no- oslo,,
214,Lundanes,Elsa,NO,,no-0315 oslo,,
215,Wilson,Steven Ray,NO,,no-0315 oslo,,
216,Bjaalie,J G,NO,,oslo,,
217,Hansen,E L,NO,,østerås,,
218,Lind,O C,NO,,ås,,
219,Oughton,D H,NO,,ås,,
220,Salbu,B,NO,,ås,,
221,Eliassen,Sigrunn,NO,,bergen,,
222,Jørgensen,Christian,NO,,bergen,,
223,Rehn,Tommy Aune,NO,,trondheim,,
224,Rivedal,Edgar,NO,edgarr@rr-research.no,oslo,,
225,Bruserud,O,NO,,bergen,,
226,Larsen,Jan Petter,NO,,stavanger,,
227,Dalen,Ingvild,NO,ingvild.dalen@sus.no.,stavanger,,
228,Pedersen,Kenn Freddy,NO,,stavanger,,
229,Tysnes,Ole-Bjørn,NO,,bergen,,
230,Swärd-Nordmo,M,NO,,university of oslo,,
231,Haukvik,Unn Kristin,NO,,oslo,,
232,Melle,Ingrid,NO,,oslo,,
233,Røssberg,Jan Ivar,NO,,oslo,,
234,Ueland,Thor,NO,,oslo,,
235,Hope,Sigrun,NO,,oslo,,
236,Djurovic,Srdjan,NO,,oslo,,
237,Aukrust,Pål,NO,,oslo university hospital rikshospitalet,,
238,Agartz,Ingrid,NO,,oslo,,
239,Andreassen,Ole A,NO,,oslo,,
240,Aas,Andreas Lumbe,NO,andreas.aas@idi.ntnu.no,no- trondheim,,
241,Humerfelt,S,NO,,university of bergen,,
242,Aleksandersen,M,NO,,oslo,,
243,Høye,Anne,NO,anne.hoye@unn.no,northern norway regional health authority,,
244,Otterå,H,NO,,bergen,,
245,Skilbrei,O T,NO,,bergen,,
246,Bonsaksen,Tore,NO,,oslo,,
247,Lindvall,Jessica M,NO,,oslo,,
248,Lingjaerde,O,NO,,n- oslo,,
249,Thomassen,L,NO,,haukeland hospital,,
250,Moshina,Nataliia,NO,,oslo,,
251,Hoff,Solveig Roth,NO,,aalesund,,
252,Akslen,Lars A,NO,,bergen,,
253,Roman,Marta,NO,,oslo,,
254,Sebuødegård,Sofie,NO,,oslo,,
255,Hofvind,Solveig,NO,,oslo,,
256,Westad,Frank,NO,frank.westad@online.no,n-0401 oslo,,
257,Skjeldal,S,NO,,oslo,,
258,Stene,Lise Eilin,NO,lise.e.stene@ntnu.no,trondheim,,
259,van Son,M,NO,,hamar,,
260,Agarwal,R,NO,,ås,,
261,Kent,M P,NO,,ås,,
262,Grove,H,NO,,ås,,
263,Grindflek,E,NO,,hamar,,
264,Lien,S,NO,,ås,,
265,Einum,S,NO,sigurd.einum@ninatrd.ninaniku.no,trondheim,,
266,Stavrum,Ruth,NO,harleen.grewal@gades.uib.no.,n- bergen,,
267,Busund,R,NO,,tromsø university hospital,,
268,Berg,E,NO,,university of bergen,,
269,Skarstad,K,NO,,oslo,,
270,Nissen,Ulla Vig,NO,,oslo,,
271,d'Errico,Francesco,NO,,bergen,,
272,Skovlund,Eva,NO,,oslo,,
273,Handal,Marte,NO,,oslo,,
274,Selmer,Randi,NO,,oslo,,
275,Brandlistuen,Ragnhild Eek,NO,,oslo,,
276,Skurtveit,Svetlana,NO,,oslo,,
277,Sexton,H,NO,,levanger,,
278,Kjaergaard,Marie,NO,marie.kjaergaard@unn.no,tromsø,,
279,Braekken,Ingeborg Hoff,NO,ingeborg.brekken@nih.no,0806 oslo,,
280,Johansen,Torild,NO,,bergen 5020,,
281,He,Chun-Bo,NO,,trondheim,,
282,Retterstøl,K,NO,kjetil.retterstol@labmed.uio.no,rikshospitalet,,
283,Eldholm,Vegard,NO,,oslo,,
284,Hjälmhult,Esther,NO,ehj@hib.no,n- bergen,,
285,Tryland,M,NO,,tromsø,,
286,Brautaset,T,NO,,university of trondheim,,
287,Kapelrud,André,NO,,no- trondheim,,
288,Alnaes,R,NO,,no- bergen,,
289,Cockerell,Ine,NO,ine.cockerell@epilepsy.no,oslo,,
290,Stakkestad,J A,NO,,haugesund,,
291,Eskedal,L T,NO,leif.eskedal@sshf.no,kristiansand,,
292,Ali,R W,NO,,university of bergen,,
293,Nordal,E J,NO,eli.nordal@ulleval.no,tromsø,,
294,Rostoft,Siri,NO,,oslo,,
295,Rustøen,T,NO,tone.rustoen@su.hioslo.no,oslo,,
296,Rohde,Gudrun E,NO,,kristiansand,,
297,Hesse,M,NO,,bergen,,
298,Strømsøe,K,NO,,university of oslo,,
299,Zaikova,O,NO,olga.zaikova@radiumhospitalet.no,oslo,,
300,Bakken,Lars R,NO,,n-1432 ås,,
301,Drolsum,Liv,NO,liv.drolsum@ulleval.no,oslo,,
302,Håkonsen,Helle,NO,helle.hakonsen@farmasi.uio.no.,oslo,,
303,Sinigaglia,Chiara,NO,,bergen,,
304,McGhie,David,NO,david.mcghie@svt.ntnu.no,trondheim,,
305,Al-Jaderi,Zaidoon,NO,al-jaderi@medisin.uio.no.,oslo n-0317,,
306,Rakaee,Mehrdad,NO,,tromso,,
307,Martinez,Inigo,NO,,tromso,,
308,Richardsen,Elin,NO,,tromso,,
309,Al-Saad,Samer,NO,,tromso,,
310,Paulsen,Erna-Elise,NO,,tromso,,
311,Blix,Egil Støre,NO,,tromso,,
312,Kilvaer,Thomas,NO,,tromso,,
313,Andersen,Sigve,NO,,tromso,,
314,Busund,Lill-Tove,NO,,tromso,,
315,Bremnes,Roy M,NO,,tromso,,
316,Donnem,Tom,NO,,tromso,,
317,Gheorghe,Marius,NO,,oslo,,
318,Mathelier,Anthony,NO,,oslo,,
319,Fossdal,Carl Gunnar,NO,carl.fossdal@skogforsk.no,as,,
320,Riiser,Amund,NO,,campus sogndal,,
321,Andersen,Vidar,NO,,campus sogndal,,
322,Pettersen,Svein Arne,NO,,tromsoe,,
323,Saeterbakken,Atle,NO,,campus sogndal,,
324,Froyd,Christian,NO,,campus sogndal,,
325,Ylvisaker,Einar,NO,,campus sogndal,,
326,Naess Kjosnes,Terje,NO,,trondheim,,
327,Fusche Moe,Vegard,NO,,campus sogndal,,
328,Markestad,T,NO,,university of bergen,,
329,Haugen,Thomas,NO,,kristiansand,,
330,Hummelvoll,J K,NO,,n- elverum,,
331,Hegvold,A B,NO,,university of oslo,,
332,Piene,H,NO,,trondheim,,
333,Myrvoll,E A,NO,elin.myrvoll@unn.no,tromsø,,
334,Gerland,Sebastian,NO,sebastian.gerland@nrpa.no,tromsø,,
335,Bulla,Jan,NO,,bergen,,
336,Sundt,R C,NO,,bergen high-technology centre,,
337,Schumacher,A,NO,vssmikro@online.no,tonsberg,,
338,Clausen,Thomas,NO,,oslo,,
339,Holst,D,NO,,university of oslo,,
340,Hjemdal,Odin,NO,odin.hjemdal@svt.ntnu.no,n- trondheim,,
341,Hanssen,Kine Ø,NO,,n- tromsø,,
342,Fosså,Sophie D,NO,s.d.fossa@medisin.uio.no,n- oslo,,
343,Steinsbø,Øyvind,NO,,oslo,,
344,Mesin,Luka,NO,,oslo,,
345,Lundin,Knut E A,NO,,oslo,,
346,Jahnsen,Jørgen,NO,,lørenskog,,
347,Sollid,Ludvig M,NO,,oslo,,
348,Reikerås,O,NO,,oslo,,
349,Refsdal,Nils O,NO,,oslo,,
350,Roiha,I S,NO,,bergen,,
351,Howe,Emilie I,NO,emilie.howe@medisin.uio.no.,oslo,,
352,Langlo,Knut-Petter S,NO,,oslo,,
353,Terjesen,Hans Christoffer Aargaard,NO,,oslo,,
354,Røe,Cecilie,NO,,oslo,,
355,Schanke,Anne-Kristine,NO,,oslo,,
356,Søberg,Helene L,NO,,oslo,,
357,Sveen,Unni,NO,,oslo,,
358,Aas,Eline,NO,,oslo,,
359,Enehaug,Heidi,NO,,oslo,,
360,Alves,Daniele E,NO,,oslo,,
361,Klethagen,Pål,NO,,oslo,,
362,Sagstad,Kjersti,NO,,oslo,,
363,Moen,Christine M,NO,,oslo,,
364,Torsteinsbrend,Karin,NO,,oslo,,
365,Linnestad,Anne-Margrethe,NO,,nesoddtangen,,
366,Nordenmark,Tonje Haug,NO,,oslo,,
367,Rismyhr,Birte Sand,NO,,oslo,,
368,Wangen,Grete,NO,,oslo,,
369,Ugelstad,Helene,NO,,oslo,,
370,Spjelkavik,Øystein,NO,,oslo,,
371,Løvstad,Marianne,NO,,oslo,,
372,Andelic,Nada,NO,,oslo,,
373,Karlskås,Ingrid Lea,NO,,n-1432 ås,,
374,Saleihan,Zhian,NO,,n-1432 ås,,
375,Holo,Helge,NO,,n-1432 ås,,
376,Mathiesen,Geir,NO,,n-1432 ås,,
377,Eijsink,Vincent G H,NO,vincent.eijsink@nmbu.no.,n-1432 ås,,
378,Eichele,Tom,NO,tom.eichele@psybp.uib.no,n- bergen,,
379,Habimana,O,NO,,ås,,
380,Anderssen,Sigmund A,NO,,oslo,,
381,Ekelund,Ulf,NO,,oslo,,
382,Steene-Johannessen,Jostein,NO,,oslo,,
383,Hansen,Bjørge H,NO,,oslo,,
384,Larsen,Alf Inge,NO,,stavanger,,
385,Søreide,Eldar,NO,,stavanger,,
386,Erichsen,Martina M,NO,mmer@helse-bergen.no,n- bergen,,
387,Rabben,Stein Inge,NO,s.i.rabben@klinmed.uio.no,oslo,,
388,Guttormsen,A B,NO,,university of bergen,,
389,Sandal,T,NO,,university of bergen,,
390,Stordal,Ketil,NO,,oslo,,
391,Gilja,O H,NO,,university of bergen,,
392,Brembu,Tore,NO,,n- trondheim,,
393,Gill,Peter,NO,,oslo,,
394,Dehli,Trond,NO,trond.dehli@unn.no,tromsø,,
395,Mathiesen,E B,NO,,tromsø,,
396,Schirmer,H,NO,,tromsø,,
397,Fossum,Mariann,NO,,grimstad,,
398,Slettebø,Åshild,NO,,grimstad,,
399,Søyseth,V,NO,,ardal aluminium plant,,
400,Linnell,John D C,NO,,7485 trondheim,,
401,Brøseth,Henrik,NO,,7485 trondheim,,
402,Odden,John,NO,,7485 trondheim,,
403,Swenson,Jon E,NO,,1432 ås,,
404,Wabakken,Petter,NO,,koppang,,
405,Elvik,Rune,NO,re@toi.no,no- oslo,,
406,Balcells,David,NO,,oslo,,
407,Hughes,Juliana Bentes,NO,,oslo,,
408,Samuelsen,Jan T,NO,jts@niom.no,oslo,,
409,Eikefjord,Eli,NO,,5021 bergen,,
410,Andersen,Erling,NO,,5021 bergen,,
411,Hodneland,Erlend,NO,,bergen,,
412,Svarstad,Einar,NO,,bergen,,
413,Lundervold,Arvid,NO,,5021 bergen,,
414,Rørvik,Jarle,NO,,5021 bergen,,
415,Baker,Felicity A,NO,,oslo,,
416,Geretsegger,Monika,NO,,bergen,,
417,Gold,Christian,NO,,bergen,,
418,Debesay,Jonas,NO,jonas.debesay@su.hio.no,oslo,,
419,Steingrímsdóttir,Olöf Anna,NO,olofast@online.no,oslo,,
420,Danielsen,R,NO,,university of bergen,,
421,Paulsen,Berit Smestad,NO,b.s.paulsen@farmasi.uio.no,university of oslo,,
422,Grønberg,Bjørn Henning,NO,,7491 trondheim,,
423,Rostoft,Siri,NO,,0424 oslo,,
424,Jordhøy,Marit S,NO,,2326 hamar,,
425,Nygaard,Gyrid,NO,,bergen,,
426,Herfindal,Lars,NO,,bergen,,
427,Asrud,Kathrine S,NO,,bergen,,
428,Bjørnstad,Ronja,NO,,bergen,,
429,Kopperud,Reidun K,NO,,bergen,,
430,Oveland,Eystein,NO,,bergen,,
431,Berven,Frode S,NO,,bergen,,
432,Myhren,Lene,NO,,bergen,,
433,Hoivik,Erling A,NO,,bergen,,
434,Lunde,Turid Helen Felli,NO,,bergen,,
435,Bakke,Marit,NO,,bergen,,
436,Døskeland,Stein O,NO,,bergen,,
437,Selheim,Frode,NO,frode.selheim@uib.no.,bergen,,
438,Seternes,T,NO,torese@fagmed.uit.no,n- tromsø,,
439,Hol,Johanna,NO,,oslo,,
440,Stav-Noraas,Tor Espen,NO,,oslo,,
441,Haraldsen,Guttorm,NO,,oslo,,
442,Araujo,Pedro,NO,,nifes,,
443,Sissener,Nini H,NO,,nifes,,
444,Rosenlund,Grethe,NO,,stavanger,,
445,Waagbø,Rune,NO,,nifes,,
446,Haugstvedt,T K,NO,,university of bergen,,
447,Berg,John E,NO,john@pong.no,oslo,,
448,Ekelund,Ulf,NO,ulf.ekelund@mrc-epid.cam.ac.uk.,oslo,,
449,Pedersen,Kenn Freddy,NO,kenfrp@online.no,stavanger,,
450,Hammer,K,NO,,university of oslo,,
451,Granum,Vigdis,NO,vigdis.granum@su.hio.no,oslo university college,,
452,Stea,Tonje Holte,NO,,kristiansand,,
453,Tveter,Eline Tønnesson,NO,,kristiansand,,
454,Te Velde,Saskia J,NO,,kristiansand,,
455,Vik,Frøydis Nordgård,NO,,kristiansand,,
456,Klepp,Knut-Inge,NO,,oslo,,
457,Bere,Elling,NO,,kristiansand,,
458,Distante,S,NO,,oslo,,
459,Heskestad,Stig,NO,stig.heskestad@lyse.net,bryne,,
460,Hølmebakk,Toto,NO,toto.holmebakk@ous-hf.no.,oslo,,
461,Molven,Anders,NO,anders.molven@gades.uib.no,universitetet i bergen og avdeling for patologi haukeland universitetssykehus  bergen,,
462,Nortvedt,Per,NO,p.nortvedt@medisin.uio.no,oslo,,
463,Ekeberg,D,NO,,n-1432 as,,
464,Foshaug,Mats,NO,,stokke,,
465,Vandbakk-Rüther,Maria,NO,,tønsberg,,
466,Skaare,Dagfinn,NO,,tønsberg,,
467,Grude,Nils,NO,,tønsberg,,
468,Lindbæk,Morten,NO,,university of oslo,,
469,Arteaga-Marrero,Natalia,NO,,bergen,,
470,Mainou-Gomez,Jose F,NO,,bergen,,
471,Brekke Rygh,Cecilie,NO,,bergen,,
472,Roehrich,Dieter,NO,,bergen,,
473,Reed,Rolf K,NO,,bergen,,
474,Olsen,Dag R,NO,,bergen,,
475,Dyrstad,K,NO,krd@nycomed.com,oslo,,
476,Suo,Zhenhe,NO,,oslo,,
477,Nordgård,Lise,NO,,tromsø,,
478,Sunde,A,NO,,university hospital of trondheim,,
479,Skare,O C,NO,,university of bergen,,
480,Nordheim,Kristoffer,NO,,oslo university hospital,,
481,Walderhaug,Espen,NO,,oslo university hospital,,
482,Alstadius,Ståle,NO,,oslo university hospital,,
483,Kern-Godal,Ann,NO,,oslo university hospital,,
484,Arnevik,Espen,NO,,norway; university of oslo,,
485,Duckert,Fanny,NO,,university of oslo,,
486,Wampold,Bruce E,NO,,vikersund,,
487,Wilhelmsen,Øivind,NO,,no- trondheim,,
488,Bedeaux,Dick,NO,,no- trondheim,,
489,Kjelstrup,Signe,NO,,no- trondheim,,
490,Asp,T N,NO,tone.asp@veths.no,0033 oslo,,
491,Rønning,J A,NO,,tromso,,
492,Glaum,Julia,NO,,trondheim,,
493,Whist,Jon Ole,NO,jon.ole.whist@legeforeningen.no,0107 oslo,,
494,Chauvigné,François,NO,,bergen,,
495,Finn,Roderick Nigel,NO,,bergen,,
496,Martins,C,NO,catia.martins@ntnu.no,trondheim,,
497,Eidhammer,Ingvar,NO,,bergen,,
498,Ganot,Philippe,NO,,n- bergen,,
499,Sejersted,O M,NO,,oslo,,
500,Stubberud,Jan,NO,jan.stubberud@sunnaas.no,nesoddtangen,,
501,Telle-Hansen,Vibeke H,NO,,oslo,,
502,Bjørnland,Kristin,NO,,oslo,,
503,Hinna,Maren,NO,,oslo,,
504,Aksnes,Gunnar,NO,,oslo,,
505,Stensrud,Kjetil Juul,NO,,oslo,,
506,Ertresvåg,Kjetil,NO,,oslo,,
507,Bjørnstad-Østensen,Anniken,NO,,oslo,,
508,Sanengen,Truls,NO,,oslo,,
509,Line,Pål-Dag,NO,,oslo,,
510,Aagenæs,Ingegerd,NO,,oslo,,
511,Aabakken,Lars,NO,,oslo,,
512,Emblem,Ragnhild,NO,,oslo,,
513,Almaas,Runar,NO,,oslo,,
514,Steifetten,Øyvind,NO,oyvind.steifetten@hit.no,bø i telemark,,
515,Kinge,Jonas Minet,NO,jonas.minet.kinge@fhi.no.,oslo,,
516,Balcells,David,NO,,0315 oslo,,
517,Rasmussen,S,NO,svein.rasmussen@k2.uib.no.,bergen,,
518,Flåøyen,A,NO,,oslo,,
519,Manzetti,Sergio,NO,,vangsnes,,
520,Stray-Pederson,Babil,NO,,00 27 oslo,,
521,Aasly,Jan O,NO,,st. olav's hospitaltrondheim,,
522,Berge,Tone,NO,tone.berge@medisin.uio.no.,oslo,,
523,Sivertsen,Gunnar,NO,,oslo,,
524,Langøien,Lars Jørun,NO,,oslo,,
525,Lien,Nanna,NO,,oslo,,
526,Terragni,Laura,NO,,oslo,,
527,Roos,Gun,NO,,oslo,,
528,Kristoffersen,A B,NO,,oslo,,
529,Opdahl,Signe,NO,,stjørdal,,
530,Romundstad,Liv Bente,NO,,trondheim,,
531,Skjærven,Rolv,NO,,bergen,,
532,Strøm,Agnete,NO,agnetest@online.no,bergen,,
533,Baerheim,A,NO,,university of bergen,,
534,Mack,Asbjørn,NO,,oslo,,
535,Jacobsen,M B,NO,,oslo,,
536,Ostensen,Monika,NO,monika.ostensen@gmail.com,trondheim,,
537,Aas,Eline,NO,,oslo,,
538,Hultin Jäderlund,K,NO,,oslo,,
539,Marjara,Inderjit S,NO,,n-0033 oslo,,
540,Danielsen,R,NO,,university of bergen,,
541,Rodríguez-Aranda,Claudia,NO,claudia@psyk.uit.no,tromsø,,
542,Andreassen,Trine Naalsund,NO,trine.n.andreassen@ntnu.no,trondheim,,
543,Samuelsen,Ole Bent,NO,ole.samuelsen@imr.no,5817 bergen,,
544,Petzold,Christiane,NO,christiane.petzold@odont.uio.no,oslo,,
545,Vindenes,Yngvild,NO,,no-0316 oslo,,
546,Langangen,Øystein,NO,,no-0316 oslo,,
547,Vøllestad,Leif Asbjørn,NO,,no-0316 oslo,,
548,Dong,Bo,NO,,n- bergen,,
549,Gilhus,Nils Erik,NO,nils.gilhus@helse-bergen.no,bergen,,
550,Landmark,Cecilie Johannessen,NO,,oslo university hospital,,
551,Johannessen,Svein I,NO,,oslo university hospital,,
552,Mardal,Kent-Andre,NO,,fornebu,,
553,Reif,Bjørn Anders Pettersson,NO,,kjeller,,
554,Ree,Anne Hansen,NO,a.h.ree@medisin.uio.no,lørenskog,,
555,Jacobsen,A B,NO,,oslo,,
556,Johne,B,NO,,oslo,,
557,Bjørnerem,Åshild,NO,ashild.bjornerem@uit.no,university of tromsø,,
558,Haugland,Toril,NO,tori.haugland@kj.uib.no,n- trondheim,,
559,Damsgård,Elin,NO,elin.damsgard@uit.no,tromsø,,
560,Moen,Kåre,NO,,university of oslo,,
561,Strand,Line,NO,,oslo,,
562,Kralova,Iva,NO,iva.kralova@chemeng.ntnu.no,n- trondheim,,
563,Refsum,H E,NO,,oslo,,
564,Wacker,Sebastian,NO,,trondheim,,
565,Leon,David A,NO,,tromsø,,
566,Hansen,Elisabeth Holm,NO,elisabeth.holm-hansen@isf.uib.no,no- bergen,,
567,Arntzen,A,NO,,oslo,,
568,Skaare,J U,NO,,n-0033 oslo,,
569,Solheim,E,NO,,university of oslo,,
570,Liaimer,A,NO,,tromsø,,
571,Jensen,J B,NO,,tromsø,,
572,Gerdes,Martin,NO,,kristiansand,,
573,Gallefoss,Frode,NO,,kristiansand,,
574,Fensli,Rune Werner,NO,,kristiansand,,
575,Romundstad,Solfrid,NO,,trondheim,,
576,Borge,Christine Råheim,NO,christineraaheim.borge@lds.no,oslo,,
577,Hopp,E,NO,einar.hopp@rikshospitalet.no,oslo,,
578,Arntzen,Cathrine,NO,,tromsø,,
579,Moe,Siri,NO,,tromsø,,
580,Lenhard,Boris,NO,,bergen,,
581,Totland,Orjan,NO,,no-1432 ås,,
582,Uran,Steinar,NO,,n- oslo,,
583,Frie,Anne Kristine,NO,,5817 bergen,,
584,Omvik,P,NO,,school of medicine,,
585,Saugstad,O D,NO,o.d.saugstad@klinmed.uio.no,university of oslo,,
586,Robertson,L J,NO,lucy.robertson@veths.no,oslo,,
587,Hangoma,Peter,NO,,bergen,,
588,Aakvik,Arild,NO,,bergen,,
589,Robberstad,Bjarne,NO,,bergen,,
590,Grotle,Margreth,NO,,oslo,,
591,Sørum,Christopher,NO,,no- trondheim,,
592,Biedermann,D,NO,,bergen,,
593,Dietrich,J,NO,,bergen,,
594,Giorgi,F M,NO,,bergen,,
595,Grancagnolo,S,NO,,bergen,,
596,Herbert,G H,NO,,bergen,,
597,Herrberg-Schubert,R,NO,,bergen,,
598,Hristova,I,NO,,bergen,,
599,Kind,O M,NO,,bergen,,
600,Kolanoski,H,NO,,bergen,,
601,Lacker,H,NO,,bergen,,
602,Lohse,T,NO,,bergen,,
603,Lund-Jensen,B,NO,,oslo,,
604,Nikiforov,A,NO,,bergen,,
605,Rehnisch,L,NO,,bergen,,
606,Rieck,P,NO,,bergen,,
607,Schulz,H,NO,,bergen,,
608,Sidebo,P E,NO,,oslo,,
609,Sperlich,D,NO,,bergen,,
610,Stamm,S,NO,,bergen,,
611,Strandberg,J,NO,,oslo,,
612,Zur Nedden,M,NO,,bergen,,
613,Evensen,Lasse,NO,,bergen,,
614,Chittenden,Cedar M,NO,cedar.m.chittenden@uit.no,tromsø,,
615,Søvik,Aste,NO,aste.sovik@fys.uio.no,oslo,,
616,Furnes,A,NO,,haukeland university hospital,,
617,Pedersen,Terje R,NO,,oslo,,
618,Wachtell,Kristian,NO,,oslo,,
619,Holien,Toril,NO,toril.holien@ntnu.no,trondheim,,
620,Søraas,Camilla L,NO,camillalare@yahoo.no,oslo,,
621,Brinchmann,B S,NO,berit.stoere.brinchmann@hibo.no,bodø regional university,,
622,Vold,Aud,NO,aud.vold@imr.no,bergen,,
623,Sharikabad,Mohammad Nouri,NO,m.n.sharikabad@medisin.uio.no,oslo,,
624,Sahakyan,Mushegh A,NO,,oslo,,
625,Edwin,Bjørn,NO,,oslo,,
626,Kazaryan,Airazat M,NO,,oslo,,
627,Barkhatov,Leonid,NO,,oslo,,
628,Buanes,Trond,NO,,oslo,,
629,Ignjatovic,Dejan,NO,,lørenskog,,
630,Labori,Knut Jørgen,NO,,oslo,,
631,Røsok,Bård Ingvald,NO,,oslo,,
632,Rennemo,Erlend,NO,erlre@online.no,oslo,,
633,Larsen,M,NO,,oslo,,
634,Holme,I,NO,,oslo,,
635,Osmundsen,H,NO,,university of oslo,,
636,Sandset,Else Charlotte,NO,else@sandset.net.,oslo,,
637,Uhrenfeldt,Lisbeth,NO,,bodø,,
638,Hean,Sarah,NO,,stavanger,,
639,Willumsen,Elisabeth,NO,,stavanger,,
640,Ødegård,Atle,NO,,stavanger,,
641,Lien,V T,NO,,0424 oslo,,
642,Riss,P J,NO,,0424 oslo,,
643,Lind,Helge,NO,,0033 oslo,,
644,Byberg,Kristine Kjer,NO,,4068 stavanger,,
645,Eide,Geir Egil,NO,,bergen,,
646,Júlíusson,Pétur Benedikt,NO,,bergen,,
647,Øymar,Knut,NO,,bergen,,
648,Vassend,O,NO,,university of oslo,,
649,Moatshe,Gilbert,NO,,oslo,,
650,Piehler,Armin P,NO,armin.piehler@medisin.uio.no,oslo university hospital,,
651,Skjeldestad,Finn E,NO,,tromsø,,
652,Malterud,Karl Egil,NO,k.e.malterud@farmasi.uio.no.,oslo 0316,,
653,Kharkova,Olga A,NO,okh000@post.uit.no.,tromsø,,
654,Krettek,Alexandra,NO,alexandra.krettek@uit.no.,tromsø,,
655,Grjibovski,Andrej M,NO,andrei.grjibovski@fhi.no.,oslo,,
656,Odland,Jon Øyvind,NO,jon.oyvind.odland@uit.no.,tromsø,,
657,Halvorsen,Jon Anders,NO,j.a.halvorsen@medisin.uio.no,faculty of medicine,,
658,Alm,Torbjørn,NO,,tromsø university museum,,
659,Stølsnes,B,NO,,bergen,,
660,Gidon,Alexandre,NO,,trondheim,,
661,Åsberg,Signe Elisabeth,NO,,trondheim,,
662,Louet,Claire,NO,,trondheim,,
663,Ryan,Liv,NO,,trondheim,,
664,Haug,Markus,NO,,trondheim,,
665,Flo,Trude Helen,NO,,trondheim,,
666,Rudi,Knut,NO,,ås,,
667,Angell,Inga Leena,NO,,ås,,
668,Dirven,Hubert,NO,,oslo,,
669,Nygaard,Unni C,NO,,oslo,,
670,Alvestad,Silje,NO,,trondheim,,
671,Ziener,Martine L,NO,,fredrikstad,,
672,Pallesen,Ståle,NO,,bergen,,
673,Hanss,Daniel,NO,,bergen,,
674,Molde,Helge,NO,,bergen,,
675,Mentzoni,Rune Aune,NO,,bergen,,
676,Pettersen,Inger Johanne,NO,inger.johanne.pettersen@hist.no,trondheim,,
677,Alves,Guido,NO,,stavanger,,
678,Larsen,Jan Petter,NO,,stavanger,,
679,Møller,Simon Geir,NO,,stavanger,,
680,Olsen,Øystein Evjen,NO,oystein.olsen@cih.uib.no,university of bergen,,
681,Myrseth,Erling,NO,erling.myrseth@helse-bergen.no,bergen,,
682,Meier,D,NO,,trondheim,,
683,van Dulmen,Sandra,NO,,drammen,,
684,Eide,P K,NO,per.kristian.eide@rikshospitalet.no,oslo,,
685,Utheim,Tor Paaske,NO,,oslo,,
686,Helle,K B,NO,,university of bergen,,
687,Murberg,T A,NO,,stavanger college,,
688,Møllersen,Linda,NO,,oslo,,
689,Unsgaard,Geirmund,NO,,trondheim,,
690,Dickstein,Kenneth,NO,kenneth.dickstein@med.uib.no,stavanger,,
691,Helvik,Anne-Sofie,NO,,trondheim,,
692,Engedal,Knut,NO,,tønsberg,,
693,Šaltytė Benth,Jūratė,NO,,oslo,,
694,Selbæk,Geir,NO,,tønsberg,,
695,Berg,Akiah Ottesen,NO,,oslo,,
696,Jørgensen,Kjetil N,NO,,oslo,,
697,Nerhus,Mari,NO,,oslo,,
698,Athanasiu,Lavinia,NO,,oslo,,
699,Popejoy,Alice B,NO,,oslo,,
700,Bettella,Francesco,NO,,oslo,,
701,Norbom,Linn Christin Bonaventure,NO,,oslo,,
702,Gurholt,Tiril P,NO,,oslo,,
703,Dahl,Sandra R,NO,,oslo,,
704,Andreassen,Ole A,NO,,oslo,,
705,Djurovic,Srdjan,NO,,oslo,,
706,Agartz,Ingrid,NO,,oslo,,
707,Melle,Ingrid,NO,,oslo,,
708,Hartveit,F,NO,,university of bergen,,
709,Furenes,Eline Bredal,NO,,0316 oslo,,
710,Opstad,Trine Baur,NO,,0316 oslo,,
711,Solheim,Svein,NO,,0407 oslo,,
712,Lunde,Ketil,NO,,0424 oslo,,
713,Arnesen,Harald,NO,,0316 oslo,,
714,Seljeflot,Ingebjørg,NO,,0316 oslo,,
715,Kornhall,Daniel,NO,danielkornhall@me.com.,bodø,,
716,Plesser,Hans E,NO,hans.ekkehard.plesser@umb.no,aas,,
717,Helland,Arne,NO,arne.helland@legemidler.no,st. olavs hospital,,
718,Ibrahim,S O,NO,sosman@gades.uib.no,university of bergen,,
719,Graverholt,Birgitte,NO,bgra@hib.no,bergen,,
720,Pradhan,Srutarshi,NO,pradhan.srutarshi@ntnu.no,n- trondheim,,
721,Waelgaard,L,NO,,oslo university hospital,,
722,Myreng,Y,NO,,university of oslo,,
723,Therkelsen,S P,NO,,ullevål,,
724,Hetland,G,NO,,ullevål,,
725,Lyberg,T,NO,,ullevål,,
726,Lygren,I,NO,,ullevål,,
727,Johnson,E,NO,,ullevål,,
728,Norum,Jan,NO,jan.norum@helse-nord.no,bodø,,
729,Elefant,Cochavit,NO,cochavit.elefant@hisf.no,sandane,,
730,Selbekk,Tormod,NO,tormod.selbekk@sintef.no,trondheim,,
731,Bø,Kari,NO,,1478 lørenskog,,
732,Nystad,Wenche,NO,,oslo,,
733,Breivik,Harald,NO,,0424 oslo,,
734,Berge,V,NO,,university of oslo,,
735,Nustad,K,NO,kjell.nustad@labmed.uio.no,oslo,,
736,Halvorsen,Thomas,NO,,2 department of clinical science university of bergen bergen,,
737,Hallan,Stein I,NO,,trondheim,,
738,Bøhmer,Ellen,NO,,lillehammer,,
739,Nytun,R B,NO,,university of bergen,,
740,Bjordal,J,NO,jmb@hib.no,bergen,,
741,Amundsen,Ellen J,NO,eja@sirus.no,oslo,,
742,Aasen,Gro,NO,gro.aasen@statped.no.,statped; university of oslo,,
743,Naerland,Terje,NO,,oslo university hospital; university of oslo,,
744,Hilberg,T,NO,,oslo,,
745,Solvang,Marte M,NO,,bergen university college,,
746,Norekvål,Tone M,NO,,bergen,,
747,Tell,Grethe S,NO,,university of bergen,,
748,Berge,Line I,NO,,university of bergen,,
749,Iversen,Marjolein M,NO,marjolein.iversen@hib.no.,stavanger university hospital,,
750,Grøndahl,Pål,NO,pagron@kompetanse-senteret.no,oslo,,
751,Callaghan,J,NO,,n- oslo,,
752,Wegge,P,NO,,n-,,
753,Storaas,T,NO,,opphus,,
754,Viko,H,NO,,university of oslo,,
755,Midttun,Øivind,NO,,bergen,,
756,Ulvik,Arve,NO,,bergen,,
757,Ueland,Per M,NO,,bergen,,
758,Bere,Elling,NO,,agder,,
759,Ranøyen,Ingunn,NO,ingunn.ranoyen@ntnu.no.,trondheim,,
760,Stenseng,Frode,NO,frode.stenseng@samfunn.ntnu.no.,trondheim,,
761,Klöckner,Christian A,NO,christian.klockner@svt.ntnu.no.,trondheim,,
762,Jozefiak,Thomas,NO,thomas.jozefiak@ntnu.no.,trondheim,,
763,Topor,Alain,NO,alain.topor@socarb.su.se.,kristiansand,,
764,Skogbrott Birkeland,Marianne,NO,,bergen,,
765,Shammas,F V,NO,shammas@online.no,stavanger,,
766,Thomassen,Ø,NO,oyvt@helse-bergen.no,bergen,,
767,Oskam,I C,NO,irma.oskam@rikshospitalet.no,no-0033 oslo,,
768,Falck,G,NO,geir.falck@medisin.ntnu.no,trondheim,,
769,Hellesø,Ragnhild,NO,,university of oslo,,
770,Sogstad,Maren Kristine Raknes,NO,,gjøvik,,
771,Rognes,T,NO,,n- oslo,,
772,M Pedersen,A Tiril,NO,,oslo,,
773,Nowak,Michael D,NO,,oslo,,
774,Brysting,Anne K,NO,,oslo,,
775,Elven,Reidar,NO,,oslo,,
776,Bjorå,Charlotte S,NO,,oslo,,
777,Toft,I,NO,,tromsø university hospital,,
778,Shi,Ji-Hua,NO,,oslo,,
779,Line,Pål-Dag,NO,,oslo,,
780,Scholz,T,NO,,oslo,,
781,Barra,Mathias,NO,,akershus,,
782,Engeland,Anders,NO,anders.engeland@isf.uib.no,oslo,,
783,Kampman,M T,NO,,tromsø,,
784,Skaland,Ivar,NO,,stavanger,,
785,Bjørnnes,Ann Kristin,NO,ann-kristin.bjornnes@hioa.no.,oslo,,
786,Lie,Irene,NO,,oslo,,
787,Falk,Ragnhild,NO,,oslo,,
788,Leegaard,Marit,NO,,oslo,,
789,Rustøen,Tone,NO,,oslo,,
790,Davidson,Ben,NO,bend@medisin.uio.no,oslo,,
791,Engeland,Anders,NO,,oslo,,
792,Furu,Kari,NO,,oslo,,
793,Håberg,Siri Eldevik,NO,,oslo,,
794,Helvik,Anne-Sofie,NO,,tynset,,
795,Skancke,Randi Helene,NO,,tynset,,
796,Selbæk,Geir,NO,,ullevaal,,
797,Engedal,Knut,NO,,oslo,,
798,Mikalsen,Ingvild Bruun,NO,,stavanger,,
799,Skeiseid,Liliane,NO,,stavanger,,
800,Tveit,Line Merete,NO,,stavanger,,
801,Engelsvold,David Hugo,NO,,stavanger,,
802,Øymar,Knut,NO,,stavanger,,
803,Cairns,John,NO,,bergen,,
804,Flesland,O,NO,oystein.flesland@baerum-sykehus.no,n- barum,,
805,Aas,M,NO,,university of oslo,,
806,Lagerberg,T,NO,,oslo,,
807,Ringen,A,NO,,oslo,,
808,Agartz,I,NO,,university of oslo,,
809,Andreassen,O A,NO,,university of oslo,,
810,Melle,I,NO,,university of oslo,,
811,Stiller,Kevin T,NO,,no-6600 sunndalsøra,,
812,Vestrheim,Didrik F,NO,,oslo,,
813,Winje,Brita A,NO,,oslo,,
814,Roed,L,NO,line.roed@kjemi.uio.no,university of oslo,,
815,Langø,T,NO,thomas.lango@unimed.sintef.no,trondheim,,
816,Riise,R,NO,,hamar,,
817,Fristad,I,NO,,university of bergen,,
818,Moen,Line Victoria,NO,,oslo,,
819,Ramberg,Håkon,NO,,oslo,,
820,Zhao,Sen,NO,,oslo,,
821,Grytli,Helene Hartvedt,NO,,oslo,,
822,Sveen,Anita,NO,,oslo,,
823,Berge,Viktor,NO,,oslo,,
824,Skotheim,Rolf I,NO,,oslo,,
825,Taskén,Kristin Austlid,NO,,oslo,,
826,Nortvedt,Per,NO,,university of oslo,,
827,Buanes,T,NO,,bergen,,
828,Bugge,L,NO,,oslo,,
829,Buran,T,NO,,oslo,,
830,Burgess,T,NO,,bergen,,
831,Cameron,D,NO,,oslo,,
832,Eigen,G,NO,,bergen,,
833,Gjelsten,B K,NO,,oslo,,
834,Kastanas,A,NO,,bergen,,
835,Liebig,W,NO,,bergen,,
836,Lipniacka,A,NO,,bergen,,
837,Lund,E,NO,,oslo,,
838,Ould-Saada,F,NO,,oslo,,
839,Pajchel,K,NO,,oslo,,
840,Read,A L,NO,,oslo,,
841,Røhne,O,NO,,oslo,,
842,Rosendahl,P L,NO,,bergen,,
843,Samset,B H,NO,,oslo,,
844,Sandaker,H,NO,,bergen,,
845,Sjursen,T B,NO,,bergen,,
846,Stapnes,S,NO,,oslo,,
847,Strandlie,A,NO,,oslo,,
848,Stugu,B,NO,,bergen,,
849,Tonoyan,A,NO,,bergen,,
850,Ugland,M,NO,,bergen,,
851,Tøsse,Karianne,NO,karianne.tosse@ahus.no,akershus universitetssykehus,,
852,Hongslo,J K,NO,,oslo,,
853,Acharya,G,NO,,tromsø,,
854,Gillund,Frøydis,NO,,tromsø,,
855,van Hove,Lilian,NO,,tromsø,,
856,Wickson,Fern,NO,,tromsø,,
857,Nakstad,P H,NO,,university of oslo,,
858,Rekdal,Ø,NO,,oslo,,
859,Bøhle,Liv Anette,NO,,ås,,
860,Haanes,Gro Gade,NO,,kongsberg,,
861,Kirkevold,Marit,NO,,oslo,,
862,Horgen,Gunnar,NO,,kongsberg,,
863,Hofoss,Dag,NO,,oslo,,
864,Eilertsen,Grethe,NO,,kongsberg,,
865,Kveberg,Lise,NO,,oslo,,
866,Totland,G K,NO,,university of bergen,,
867,Saplacan,Diana,NO,,university of oslo,,
868,Herstad,Jo,NO,,university of oslo,,
869,Pajalic,Zada,NO,,oslo,,
870,Michelo,Prudence,NO,,university of bergen,,
871,Hansegård,Jøger,NO,joger.hansegard@ge.com,horten,,
872,Perlovich,German L,NO,,n- tromsø,,
873,Holdaas,H,NO,,university of oslo,,
874,Gulbrandsen,Nina,NO,nigul@online.no,oslo,,
875,Lie,A,NO,arve.lie@stami.no.,n- oslo,,
876,Bjørnstad,O,NO,,n- oslo,,
877,Ellingsen,Jan E,NO,,oslo,,
878,Louch,William E,NO,w.e.louch@medisin.uio.no,oslo,,
879,Teigen,,NO,,university of tromsø,,
880,Olsen,I,NO,ingrid.olsen@vetinst.no,oslo,,
881,Solheim,T S,NO,tora.l.skeidsvoll@ntnu.no,trondheim,,
882,Arøen,Asbjørn,NO,asben@online.no,oslo,,
883,Odden,Morten,NO,morten.odden@hihm.no.,koppang,,
884,Hjorth,M,NO,,oslo,,
885,Eckardt,K,NO,,oslo,,
886,Norheim,F,NO,,oslo,,
887,Holen,T,NO,,oslo,,
888,Lee,S,NO,,oslo,,
889,Langleite,T,NO,,oslo,,
890,Birkeland,K I,NO,,oslo,,
891,Stadheim,H K,NO,,oslo,,
892,Tangen,D S,NO,,oslo,,
893,Jensen,J,NO,,oslo,,
894,Drevon,C A,NO,,oslo,,
895,Misund,Aud R,NO,aud.misund@hioa.no.,n- oslo,,
896,Sørgård,Henrik N,NO,,bergen n-,,
897,Totland,Christian,NO,,bergen n-,,
898,Nerdal,Willy,NO,,bergen n-,,
899,Valberg,A,NO,arne.valberg@phys.ntnu.no,trondheim,,
900,Budin-Ljøsne,Isabelle,NO,i.b.ljosne@medisin.uio.no.,oslo,,
901,Harris,Jennifer R,NO,,oslo,,
902,Bethge,Nicole,NO,,oslo,,
903,Honne,Hilde,NO,,oslo,,
904,Andresen,Kim,NO,,oslo,,
905,Hilden,Vera,NO,,oslo,,
906,Trøen,Gunhild,NO,,oslo,,
907,Liestøl,Knut,NO,,oslo,,
908,Holte,Harald,NO,,oslo,,
909,Delabie,Jan,NO,,oslo,,
910,Lind,Guro E,NO,,oslo,,
911,Smeland,Erlend B,NO,,oslo,,
912,Delmar,Charlotte,NO,,oslo,,
913,Olsen,A I M,NO,,haugesund,,
914,Andersen,H E,NO,,stavanger,,
915,Aßmus,J,NO,,bergen,,
916,Djupvik,J A,NO,,førde,,
917,Gran,G,NO,,bergen,,
918,Skaug,K,NO,,bergen,,
919,Mørkve,O,NO,,bergen,,
920,Norum,K R,NO,,university of oslo,,
921,Lien,H H,NO,,oslo,,
922,Mwaiselage,Julius,NO,jmwaiselage@yahoo.com,bergen,,
923,Thoresen,Stein Istre,NO,,n-3705 skien,,
924,Bonsaksen,Tore,NO,,oslo,,
925,Dolva,Anne-Stine,NO,,lillehammer,,
926,Hagby,Cathrine,NO,,nav assistive aid central buskerud,,
927,Sveen,Unni,NO,,oslo,,
928,Horghagen,Sissel,NO,,trondheim,,
929,Thyness,Else Merete,NO,,oslo,,
930,Arntzen,Cathrine,NO,,tromsø,,
931,Wibe,A,NO,arne.wibe@medisin.ntnu.no,trondheim,,
932,Dahle,Jostein,NO,jostein.dahle@rr-research.no,oslo,,
933,Arslan,Gülen,NO,gulen.arslan@med.uib.no,bergen,,
934,Misceo,D,NO,doriana.misceo@medisin.uio.no,oslo university hospital,,
935,Skog,O J,NO,,oslo,,
936,Voldner,Nanna,NO,nanna.voldner@rikshospitalet.no,oslo,,
937,Oftung,Fredrik,NO,,oslo,,
938,Neckelmann,Dag,NO,dag.neckelmann@helse-bergen.no,bergen,,
939,Gulati,Geeta,NO,,ålesund,,
940,Brodtkorb,E,NO,,trondheim university hospitals,,
941,Knudsen,Rune,NO,rune.knudsen@uit.no,n- tromsø,,
942,Storli,Sissel,NO,,tromsoe,,
943,Hukkelberg,Silje Sommer,NO,,oslo,,
944,Herland,Kjetil,NO,,trondheim,,
945,Hoffart,A,NO,,modum bads nervesanatorium vikersund,,
946,Tekpli,Xavier,NO,,oslo,,
947,Suso,Else M Inderberg,NO,,oslo,,
948,Huster,René J,NO,,oslo,,
949,Hatlebakk,Jan G,NO,jhat@helse-bergen.no,haukeland university hospital,,
950,Vereijken,Beatrix,NO,beatrix.vereijken@svt.ntnu.no,trondheim,,
951,Kvigne,Kari,NO,kari.kvigne@hse.hihm.no,elverum,,
952,Lind,Marianne,NO,marianne.lind@statped.no,oslo,,
953,Haugaa,Kristina H,NO,,oslo,,
954,van den Tillaar,Roland,NO,,levanger,,
955,Saeterbakken,Atle Hole,NO,,sogndal,,
956,Vester,Heike I,NO,,no- tromsø,,
957,Zhen,Yan,NO,,oslo n-,,
958,Stenmark,Harald,NO,stenmark@ulrik.uio.no.,oslo n-,,
959,Finseth,Per I,NO,per.i.finseth@ntnu.no,oslo,,
960,Körner,H,NO,,university of bergen,,
961,Vainio,K,NO,kirsti.vainio@folkhelsa.no,oslo,,
962,Skancke,A,NO,,university of tromsø,,
963,Kabuba,Norma,NO,zewelanjik@gmail.com.,trondheim,,
964,Hestad,Knut A,NO,,trondheim,,
965,Berg,Vivian,NO,,tromsø,,
966,Nøst,Therese H,NO,,tromsø,,
967,Odland,Jon Ø,NO,,tromsø,,
968,Zanaboni,Paolo,NO,paolo.zanaboni@telemed.no,tromsø,,
969,Røe,O D,NO,,levanger,,
970,Frihagen,Frede,NO,j.f.frihagen@medisin.uio.no,oslo,,
971,Walchli,Sebastien,NO,,montebello  oslo,,
972,Shen,J M,NO,,university hospital of trondheim,,
973,Svenningsen,Rune,NO,rune.svenningsen@ous-hf.no,0424 oslo,,
974,Drovetski,Sergei V,NO,,tromsø,,
975,Aaseth,Jan,NO,,elverum,,
976,Alexander,Jan,NO,,oslo,,
977,de Souza,Gustavo A,NO,,bergen,,
978,Wang,Guozhong,NO,,trondheim,,
979,Eriksen,Lasse,NO,,n- trondheim,,
980,Vedul-Kjelsås,Einar,NO,,n- trondheim,,
981,Strømmen,Magnus,NO,,n- trondheim,,
982,Kulseng,Bård,NO,,n- trondheim,,
983,Mårvik,Ronald,NO,,n- trondheim,,
984,Holen,Are,NO,,n- trondheim,,
985,Goffeng,Lars Ole,NO,lars.goffeng@stami.no,n-0033 oslo,,
986,Christensen,J,NO,,haukeland sykehus,,
987,Selvaag,E,NO,,university of oslo,,
988,Dimitrakopoulou,Konstantina,NO,,bergen,,
989,Wik,Elisabeth,NO,,bergen,,
990,Akslen,Lars A,NO,,bergen,,
991,Jonassen,Inge,NO,inge.jonassen@uib.no.,bergen,,
992,Kjetland,Eyrun Floerecke,NO,,oslo,,
993,Kleppa,Elisabeth,NO,,university of oslo,,
994,Lillebø,Kristine,NO,,oslo,,
995,Gundersen,Svein Gunnar,NO,,kristiansand,,
996,Onsrud,Mathias,NO,,university of oslo,,
997,Albregtsen,Fritz,NO,,oslo,,
998,Bøhn,Siv K,NO,,university of oslo,,
999,Stenseth,Nils Chr,NO,n.c.stenseth@bio.uio.no,n-0316 oslo,,
1000,Johannnesdottir,Bergros Kristin,NO,,bergen,,
1001,Larssen,Thorjørn,NO,,oslo,,
1002,Ghanima,Waleed,NO,,oslo,,
1003,Jensen,B O,NO,,bergen,,
1004,Tjora,E,NO,,bergen,,
1005,Karlsen,L C,NO,,bergen,,
1006,Moster,D,NO,,bergen,,
1007,Markestad,T,NO,,bergen,,
1008,Kashala-Abotnes,Espérance,NO,,bergen,,
1009,Tylleskär,Thorkild,NO,,bergen,,
1010,Berstad,Arnold,NO,,oslo,,
1011,Hauso,Olav,NO,,oslo,,
1012,Valeur,Jørgen,NO,,oslo,,
1013,Balmer,James E,NO,,oslo,,
1014,Arntzen,A,NO,,oslo,,
1015,Hussain,Amjad I,NO,,rikshospitalet,,
1016,Auensen,Andreas,NO,,rikshospitalet,,
1017,Brunborg,Cathrine,NO,,oslo,,
1018,Beitnes,Jan Otto,NO,,rikshospitalet,,
1019,Gullestad,Lars,NO,,rikshospitalet,,
1020,Pettersen,Kjell I,NO,,rikshospitalet,,
1021,Stavem,Knut,NO,knut.stavem@klinmed.uio.no,nordbyhagen,,
1022,Skodje,Gry I,NO,,oslo,,
1023,Lundin,Knut E A,NO,,oslo,,
1024,Hvidsten,T R,NO,,trondheim,,
1025,Iqbal,Z,NO,,oslo,,
1026,Gilja,O H,NO,,bergen,,
1027,Stensola,Tor,NO,,trondheim,,
1028,Bonnevie,Tora,NO,,trondheim,,
1029,Van Cauter,Tiffany,NO,,trondheim,,
1030,Moser,May-Britt,NO,,trondheim,,
1031,Lunde,Ida G,NO,,oslo,,
1032,Wolfson,Deanna L,NO,,tromsø,,
1033,Ween,O,NO,,n-1432 as,,
1034,Lunde,O,NO,,university of oslo,,
1035,Straiton,Melanie L,NO,,oslo,,
1036,Myhre,Sonja,NO,,oslo,,
1037,Drotningsvik,Aslaug,NO,,bergen,,
1038,Pampanin,Daniela Maria,NO,,randaberg,,
1039,Slizyte,Rasa,NO,,trondheim,,
1040,Carvajal,Ana,NO,,trondheim,,
1041,Høgøy,Ingmar,NO,,storebø,,
1042,Remman,Tore,NO,,kverva,,
1043,Engebretsen,Solveig,NO,,oslo,,
1044,Frigessi,Arnoldo,NO,,oslo,,
1045,Engø-Monsen,Kenth,NO,,fornebu,,
1046,Furberg,Anne-Sofie,NO,,tromsø,,
1047,Stubhaug,Audun,NO,,oslo,,
1048,de Blasio,Birgitte Freiesleben,NO,,oslo,,
1049,Nielsen,Christopher Sivert,NO,,oslo,,
1050,Berge,M,NO,,university of bergen,,
1051,Kjeldsen,S E,NO,,oslo,,
1052,Haukvik,Unn Kristin,NO,unn.haukvik@medisin.uio.no,n- oslo,,
1053,Marth,C,NO,,oslo,,
1054,Bjåstad,Tore,NO,tore.bjastad@ntnu.no,trondheim,,
1055,Staff,Anne Cathrine,NO,,oslo,,
1056,Hoaas,Hanne,NO,,tromsø,,
1057,Morseth,Bente,NO,,tromsø,,
1058,Zanaboni,Paolo,NO,,tromsø,,
1059,Stige,Brynjulf,NO,brynjulf.stige@grieg.uib.no,university of bergen,,
1060,Enebakk,Terje,NO,,bodø,,
1061,Thunhaug,Hilde,NO,,bodø,,
1062,Ludviksen,Judith Krey,NO,,bodø,,
1063,Mollnes,Tom Eirik,NO,,oslo,,
1064,Hovland,Anders,NO,,tromsø,,
1065,Økland,Arnfinn Lodden,NO,,bergen,,
1066,Nylund,Are,NO,,bergen,,
1067,Øvergård,Aina-Cathrine,NO,,bergen,,
1068,Blindheim,Steffen,NO,,bergen,,
1069,Watanabe,Kuninori,NO,,bergen,,
1070,Grotmol,Sindre,NO,,bergen,,
1071,Arnesen,Carl-Erik,NO,,eivindvik,,
1072,Plarre,Heidrun,NO,,bergen,,
1073,Hylland,Ketil,NO,,n-0316 oslo,,
1074,Holth,Tor Fredrik,NO,,n-0316 oslo,,
1075,Sivertsen,Heidi,NO,heidisiv@online.no,trondheim,,
1076,Eisenstein,Odile,NO,,0315 oslo,,
1077,Aasheim,Per,NO,tilper@online.no,trondheim,,
1078,Dahle,J,NO,,oslo,,
1079,Ertesvåg,H,NO,helga.ertesvag@unigen.ntnu.no,trondheim,,
1080,Aslam,Muhammad L,NO,luqman.aslam@nofima.no.,ås,,
1081,Sonesson,Anna K,NO,,ås,,
1082,Meuwissen,Theo H E,NO,,ås,,
1083,Tveten,Kristian,NO,,oslo,,
1084,Gammon,Deede,NO,deede.gammon@telemed.no,tromsø,,
1085,Sverre,J M,NO,,oslo,,
1086,Strand-Amundsen,Runar J,NO,,0316 oslo,,
1087,Yndestad,Arne,NO,,oslo,,
1088,Øresland,Tom,NO,,oslo,,
1089,Hassan,Ammar Ali,NO,ammar.ali.hassan@uit.no,n- tromsø,,
1090,Henriksen,Christine,NO,christine.henriksen@medisin.uio.no.,oslo,,
1091,Almaas,Astrid N,NO,,oslo,,
1092,Westerberg,Ane C,NO,,oslo,,
1093,Drevon,Christian A,NO,,oslo,,
1094,Iversen,Per O,NO,,oslo,,
1095,Nakstad,Britt,NO,,nordbyhagen,,
1096,Tessem,May-Britt,NO,may.britt.tessem@ntnu.no,trondheim,,
1097,Zienolddiny,S,NO,,n-0033,,
1098,Kjeldsen,Sverre E,NO,,oslo,,
1099,Hamre,R,NO,,oslo,,
1100,Helm,Conrad,NO,conrad.helm@uib.no.,bergen,,
1101,Kourtesis,Ioannis,NO,,bergen,,
1102,Hausen,Harald,NO,,bergen,,
1103,Jin,Yixin,NO,,university of oslo,,
1104,Pigeon,Gabriel,NO,,no-,,
1105,Loe,Leif Egil,NO,,no-,,
1106,Ropstad,Erik,NO,,no-1432,,
1107,Veiberg,Vebjørn,NO,,no-7485,,
1108,Stien,Audun,NO,,no-,,
1109,Johannessen,Lars E F,NO,,oslo and akershus university college of applied sciences,,
1110,Rønnestad,Ivar,NO,ivar.ronnestad@bio.uib.no,o- bergen,,
1111,Slagsvold,Hege Holte,NO,,oslo,,
1112,Ganz,J C,NO,,university of bergen,,
1113,Holm,Lene Berge,NO,lene.berge.holm@ahus.no,akershus university hospital,,
1114,Oyen,Jannike,NO,jannike.oyen@kir.uib.no,bergen,,
1115,Midttun,Linda,NO,linda.midttun@sintef.no,university of oslo,,
1116,Hvidsten,Torgeir R,NO,,n- trondheim,,
1117,Berg,Jens Petter,NO,j.p.berg@medisin.uio.no,oslo,,
1118,Arneberg,Reidar,NO,,bergen,,
1119,Steffensen,Inger-Lise,NO,inger-lise.steffensen@fhi.no,no-0403 oslo,,
1120,Seredkina,Natalya,NO,,tromsø,,
1121,Ueland,T,NO,thor.ueland@klinmed.uio.no,n- oslo,,
1122,Talstad,I,NO,,bergen,,
1123,Sandvik,Anniken,NO,,oslo,,
1124,Holm,Jan-Øivind,NO,,oslo,,
1125,Furnes,Harald,NO,harald.furnes@geo.uib.no,bergen,,
1126,Høiland,S,NO,sylvi.hoiland@kj.uib.no,bergen,,
1127,Rognes,Torbjørn,NO,,oslo,,
1128,Olsen,I,NO,ingrid.olsen@vetinst.no,oslo,,
1129,Wigestrand,Mattis B,NO,,oslo,,
1130,Hellum,Marit,NO,,oslo,,
1131,Trøseid,Anne-Marie S,NO,,oslo,,
1132,Berg,Jens P,NO,,oslo,,
1133,Brandtzaeg,Petter,NO,,oslo,,
1134,Øvstebø,Reidun,NO,,oslo,,
1135,Henriksson,Carola E,NO,,oslo,,
1136,Škugor,Adrijana,NO,,ås,,
1137,Tveiten,Helge,NO,,tromsø,,
1138,Johnsen,Hanne,NO,,tromsø,,
1139,Andersen,Øivind,NO,oivind.andersen@nofima.no.,ås,,
1140,Nordang,Gry B N,NO,g.b.namlos@medisin.uio.no,n- oslo,,
1141,Carlsen,Benedicte,NO,benedicte.carlsen@rokkan.uib.no,bergen,,
1142,Sørgaard,Knut W,NO,kso@nlsh.no,no- bodø,,
1143,Vatne,V,NO,,university of bergen,,
1144,Dalgard,F,NO,florence.dalgard@medisin.uio.no,oslo,,
1145,Røe,Oluf Dimitri,NO,,levanger,,
1146,Vik,Rita,NO,rita.vik@k2.uib.no.,bergen,,
1147,Santi,Nina,NO,,oslo,,
1148,Melbye,Hasse,NO,hasse.melbye@uit.no,university of tromsø,,
1149,Olsen,Maria Belland,NO,maria.b.olsen@stami.no,oslo,,
1150,Vandevska-Radunovic,Vaska,NO,,oslo,,
1151,Paponov,Ivan A,NO,,klepp,,
1152,Sagoe,Dominic,NO,,bergen,,
1153,Mentzoni,Rune A,NO,,bergen,,
1154,Hanss,Daniel,NO,,bergen,,
1155,Pallesen,Ståle,NO,,bergen,,
1156,Whittington,Richard,NO,,trondheim,,
1157,Bergan,S,NO,,university of oslo,,
1158,Ingul,C B,NO,,trondheim,,
1159,Lorås,L,NO,,trondheim,,
1160,Tegnander,E,NO,,trondheim,,
1161,Eik-Nes,S H,NO,,trondheim,,
1162,Brantberg,A,NO,,trondheim,,
1163,Aarsland,Dag,NO,daa@sir.no,4095 stavanger,,
1164,Georgantzopoulou,Anastasia,NO,,no- oslo,,
1165,Hanoa,Rolf,NO,,occupational health services of svalbard,,
1166,Weiderpass,Elisabete,NO,,tromsø,,
1167,Sörgaard,K W,NO,knut.soergaard@nps.nl.no,bodö,,
1168,Valberg,Morten,NO,morten.valberg@medisin.uio.no.,n-0317,,
1169,Stensrud,Mats Julius,NO,,n-0317,,
1170,Aalen,Odd O,NO,,n-0317,,
1171,Mahmood,Javed Iqbal,NO,j.i.mahmood@medisin.uio.no.,oslo,,
1172,Grotmol,Kjersti Støen,NO,,oslo,,
1173,Tesli,Martin,NO,,oslo,,
1174,Vaglum,Per,NO,,oslo,,
1175,Tyssen,Reidar,NO,,oslo,,
1176,Njølstad,I,NO,inger.njolstad@ism.uit.no,university of tromsø,,
1177,Aaløkken,Trond Mogens,NO,trond.mogens.aalokken@rikshospitalet.no,oslo university hospital rikshospitalet,,
1178,Waaktaar,Trine,NO,trine.waaktaar@r-bup.no,n- taasen,,
1179,Lund-Blix,Nicolai A,NO,,oslo,,
1180,Rønningen,Kjersti S,NO,,oslo,,
1181,Bøås,Håkon,NO,,oslo,,
1182,Tapia,German,NO,,oslo,,
1183,Andersen,Lene F,NO,,oslo,,
1184,Gamelon,Marlène,NO,,trondheim,,
1185,Tufto,Jarle,NO,,trondheim,,
1186,Nilsson,Anna L K,NO,,oslo,,
1187,Jerstad,Kurt,NO,,mandal,,
1188,Røstad,Ole W,NO,,ås,,
1189,Stenseth,Nils C,NO,,trondheim,,
1190,Saether,Bernt-Erik,NO,,trondheim,,
1191,Njølstad,Inger,NO,,9037 tromsø,,
1192,Løchen,Maja-Lisa,NO,,9037 tromsø,,
1193,Börset,M,NO,,university of trondheim,,
1194,Boysen,M,NO,,university of oslo,,
1195,Kristiansen,Leif Pål,NO,leif.pal.kristiansen@rikshospitalet.no,oslo,,
1196,Flak,Marianne M,NO,marianne.moretro.flak@sshf.n.,arendal,,
1197,Hernes,Susanne S,NO,,arendal,,
1198,Skranes,Jon,NO,,arendal,,
1199,Løhaugen,Gro C C,NO,,arendal,,
1200,Gjeilo,Kari Hanne,NO,kari.hanne.gjeilo@stolav.no,trondheim,,
1201,Thomsen,Cathrine,NO,cathrine.thomsen@folkehelsa.no,oslo,,
1202,Bakke,Per,NO,,bergen,,
1203,Hovland,Anders,NO,anders.w.hovland@gmail.com,bodø,,
1204,Oxman,Andrew D,NO,oxman@online.no,oslo,,
1205,Berg,Kirsti,NO,kirsti.berg@ntnu.no,trondheim,,
1206,Flaatten,H,NO,flaatten@online.no,bergen,,
1207,Fromm,Annette,NO,,n- bergen,,
1208,Frøystein,N A,NO,,university of bergen,,
1209,Kent,Matthew P,NO,,as,,
1210,Lien,Sigbjørn,NO,,as,,
1211,Lien,N,NO,,oslo,,
1212,Bere,E,NO,,kristiansand,,
1213,Brussaard,C P,NO,corina.brussaard@mailroom.com,university of bergen,,
1214,Johansen,Odd Erik,NO,,asker,,
1215,Klepstad,Pål,NO,,trondheim,,
1216,Caraceni,Augusto,NO,,trondheim,,
1217,Gedde-Dahl,T,NO,,oslo,,
1218,Tjelle,Torunn Elisabeth,NO,tjelle@inovio.com,oslo,,
1219,Vines,L,NO,,n-0316 oslo,,
1220,Mollerup,Steen,NO,steen.mollerup@stami.no,n-0033 oslo,,
1221,Haatveit,Beathe,NO,,university of oslo,,
1222,Alnæs,Dag,NO,,university of oslo,,
1223,Kaufmann,Tobias,NO,,university of oslo,,
1224,Brandt,Christine L,NO,,university of oslo,,
1225,Thoresen,Christian,NO,,university of oslo,,
1226,Andreassen,Ole A,NO,,university of oslo,,
1227,Melle,Ingrid,NO,,university of oslo,,
1228,Ueland,Torill,NO,,0317 oslo,,
1229,Westlye,Lars T,NO,,0317 oslo,,
1230,Iversen,Tore Geir,NO,toregi@rr-research.no,oslo,,
1231,Tvete,Ingunn F,NO,,oslo,,
1232,Bjørner,Trine,NO,,oslo,,
1233,Skomedal,Tor,NO,,oslo,,
1234,Bohlin-Nizzetto,Pernilla,NO,,kjeller,,
1235,Dahl,A,NO,,oslo,,
1236,Lyberg,Anne,NO,,tønsberg,,
1237,Wiker,H G,NO,,university of oslo,,
1238,Olsvik,Pål A,NO,pal.olsvik@nifes.no.,n- bergen,,
1239,Borud,Bente,NO,bente.borud@pki.uib.no.,bergen,,
1240,Dalen,Håvard,NO,,levanger,,
1241,Sudbø,J,NO,jon.sudbo@rh.uio.no,university of oslo,,
1242,Erichsen,A,NO,,university of oslo,,
1243,Erichsen,C,NO,,oslo,,
1244,Øvrebø,Kjell K,NO,kjell.ovrebo@kir.uib.no,n- bergen,,
1245,Robertson,Lucy J,NO,lucy.robertson@veths.no,0033 oslo,,
1246,Otnaess,Mona K,NO,,oslo,,
1247,Meling,Torstein Ragnar,NO,,oslo,,
1248,Thomas,Kevin V,NO,kevin.thomas@niva.no,oslo,,
1249,Løvoll,Marie,NO,marie.lovoll@nfh.uit.no,n- tromsø,,
1250,Roll-Hansen,N,NO,,oslo,,
1251,Glomseth,Ragnar,NO,,tromsø,,
1252,Gulbrandsen,Fritz I,NO,,bodø,,
1253,Fredriksen,Knut,NO,knut.fredriksen@unn.no.,tromsø,,
1254,Sundic,Tatjana,NO,,haugesund,,
1255,Hervig,Tor,NO,,bergen,,
1256,Hannisdal,Signe,NO,,bergen,,
1257,Assmus,Jörg,NO,,bergen,,
1258,Ulvik,Rune J,NO,,bergen,,
1259,Olaussen,Richard W,NO,,nordbyhagen,,
1260,Berentsen,Sigbjørn,NO,,haugesund,,
1261,Aamodt,Ina Thon,NO,,oslo,,
1262,Atar,Dan,NO,,oslo,,
1263,Falk,Ragnhild Sørum,NO,,oslo,,
1264,von Lueder,Thomas,NO,,oslo,,
1265,Hellesø,Ragnhild,NO,,oslo,,
1266,Lie,Irene,NO,,oslo,,
1267,Seim,A,NO,,trondheim university hospital,,
1268,Nilsson,A,NO,,university of oslo,,
1269,Sigstad,Hanne Marie Høybråten,NO,hanne.marie.hoybraten.sigstad@rikshospitalet.no,oslo,,
1270,Roy,Sumit,NO,sumit.roy@klinmed.uio.no,oslo,,
1271,Hveem,Kristian,NO,,levanger,,
1272,Jonasson,Christian,NO,,levanger,,
1273,Beitnes,Ann-Christin R,NO,,oslo,,
1274,Rokling-Andersen,Merethe H,NO,,oslo,,
1275,Løvf,Marthe,NO,,oslo,,
1276,Zhao,Sen,NO,,oslo,,
1277,Axcrona,Ulrika,NO,,oslo,,
1278,Johannessen,Bjarne,NO,,oslo,,
1279,Bakken,Anne Cathrine,NO,,oslo,,
1280,Carm,Kristina Totland,NO,,oslo,,
1281,Hoff,Andreas M,NO,,oslo,,
1282,Myklebost,Ola,NO,,bergen,,
1283,Meza-Zepeda,Leonardo A,NO,,oslo,,
1284,Lie,A Kathrine,NO,,oslo,,
1285,Axcrona,Karol,NO,,lørenskog,,
1286,Lothe,Ragnhild A,NO,,oslo,,
1287,Våge,Selina,NO,,bergen,,
1288,Pree,Bernadette,NO,,bergen,,
1289,Thingstad,T Frede,NO,,bergen,,
1290,Madsen,Lise,NO,,n- bergen,,
