temp_id,lastname,firstname,countries_scope,email,town,role,url
1,Kvigne,Kari,NO,,elverum,,
2,Mota,David F,NO,,oslo,,
3,Kjelle,Elin,NO,elin.kjelle@usn.no.,kongsberg,,
4,Lysdahl,Kristin Bakke,NO,,oslo,,
5,Telenius,Elisabeth Wiken,NO,,oslo,,
6,Engedal,Knut,NO,,tønsberg,,
7,Bergland,Astrid,NO,,oslo,,
8,Gervasi,Vincenzo,NO,,trondheim,,
9,Brøseth,Henrik,NO,,trondheim,,
10,Nilsen,Erlend B,NO,,trondheim,,
11,Linnell,John D C,NO,,trondheim,,
12,Sandve,Geir K,NO,,oslo,,
13,Vindenes,Hilde K,NO,,bergen,,
14,Svanes,Cecilie,NO,,bergen,,
15,Lygre,Stein H L,NO,,bergen,,
16,Hollund,Bjørg-Eli,NO,,bergen,,
17,Langhammer,Arnulf,NO,,levanger,,
18,Bertelsen,Randi J,NO,,bergen,,
19,Nordal,R R,NO,,university of oslo,,
20,Klock,K S,NO,,university of bergen,,
21,Flottorp,Signe,NO,,oslo,,
22,Waage,J E R,NO,,bergen,,
23,Sehic,Amer,NO,amer.sehic@odont.uio.no.,oslo,,
24,Utheim,Øygunn Aass,NO,outheim@gmail.com.,oslo,,
25,Ommundsen,Kristoffer,NO,kristoffer@ommundsen.com.,oslo,,
26,Utheim,Tor Paaske,NO,utheim2@gmail.com.,oslo,,
27,Dahle,John Sverre,NO,johnsverredahle@sarpsborg.net,sarpsborg,,
28,Selnes,Per,NO,per.selnes@medisin.uio.no,lørenskog,,
29,Ariano-sÁnchez,Daniel,NO,dariano@uvg.edu.gt.,telemark,,
30,Henriksen,Mari Wold,NO,mari.wold.henriksen@vestreviken.no.,drammen,,
31,Paus,Benedicte,NO,,oslo,,
32,von Tetzchner,Stephen,NO,,oslo,,
33,Bohlin,Jon,NO,jon.bohlin@fhi.no.,oslo,,
34,Andreassen,Ole A,NO,,oslo,,
35,Dieset,Ingrid,NO,,oslo,,
36,Dalgard,Florence,NO,florence.dalgard@samfunnsmed.uio.no,oslo,,
37,Resaland,Geir K,NO,,sogndal,,
38,Anderssen,Sigmund A,NO,,oslo,,
39,Steene-Johannessen,Jostein,NO,,oslo,,
40,Skrede,Turid,NO,,oslo,,
41,Ekelund,Ulf,NO,,oslo,,
42,Andersen,Lars B,NO,,oslo,,
43,Aadland,Eivind,NO,,sogndal,,
44,Kristo,C,NO,cybele.kristo@rikshospitalet.no,oslo,,
45,Holme,J A,NO,,oslo,,
46,Granlund,Mats,NO,,oslo university,,
47,Romoren,M,NO,maria.romoren@medisin.uio.no,n-0318 oslo,,
48,Conradie,Marrigje Marianne,NO,,n- tromsø,,
49,Bjørkly,S,NO,,molde college,,
50,Westbye,Marianne Pedersen,NO,,n- trondheim,,
51,Amilien,Virginie,NO,,oslo,,
52,Qin,Ping,NO,,university of oslo,,
53,Diep,Lien My,NO,,oslo university hospital,,
54,Mehlum,Lars,NO,,university of oslo,,
55,Bhagwat,Sampada S,NO,,no-9037 tromsø,,
56,Larsen,Anett K,NO,,tromsø,,
57,Winberg,Jan-Olof,NO,,no- tromsø,,
58,Seternes,Ole-Morten,NO,,no- tromsø,,
59,Goecke,Franz,NO,,ås,,
60,Farmen,E,NO,eff@niva.no,n- oslo,,
61,Spildo,,NO,,n-,,
62,Løberg,E M,NO,,oslo,,
63,Geißler,Sebastian,NO,,0317 oslo,,
64,Tiainen,Hanna,NO,,0317 oslo,,
65,Ottersen,O P,NO,o.p.ottersen@basalmed.uio.no,blindern,,
66,Flesland,O,NO,,no- rud,,
67,Rise,Marit By,NO,marit.b.rise@ntnu.no,trondheim,,
68,Langeland,E,NO,,bergen university college,,
69,Bakken,Linda N,NO,,3007 drammen,,
70,Kvale,D,NO,dag.kvale@klinmed.uio.no,oslo,,
71,Engeland,Anders,NO,anders.engeland@fhi.no,oslo,,
72,Germundsson,Anna,NO,anna.germundsson@vetinst.no,n- oslo,,
73,Bonarjee,V V,NO,,stavanger,,
74,Brende,Ole Martin,NO,,n- trondheim,,
75,Angelsen,Bjørn,NO,,n- trondheim,,
76,Melbye,Hasse,NO,,tromsø,,
77,Edvardsen,Bente,NO,bente.edvardsen@bio.uio.no.,oslo,,
78,Deggerdal,A,NO,arne.deggerdal@dynal.no,oslo,,
79,Stokke,Thomas M,NO,,oslo,,
80,Hasselberg,Nina E,NO,,oslo,,
81,Smedsrud,Marit K,NO,,oslo,,
82,Sarvari,Sebastian I,NO,,oslo,,
83,Haugaa,Kristina H,NO,,oslo,,
84,Smiseth,Otto A,NO,,oslo,,
85,Edvardsen,Thor,NO,,oslo,,
86,Vårtun,Åse,NO,,tromsø,,
87,Aune,Berit,NO,,tromsø,,
88,Flo,Kari,NO,,tromsø,,
89,Basnet,Purusotam,NO,,tromsø,,
90,Acharya,Ganesh,NO,,tromsø,,
91,Granslo,Jens-Tore,NO,jens-tore.granslo@helse-bergen.no,bergen,,
92,Grimsdottir,M R,NO,,university of oslo,,
93,Bahr,Roald,NO,,oslo,,
94,Refsum,Helga,NO,,oslo,,
95,Pettersen,Erik O,NO,,oslo,,
96,Beisland,Christian,NO,christian.beisland@haukeland.no,lillehammer,,
97,Ying,Ming,NO,,university of bergen,,
98,Hindberg,Kristian,NO,,tromsø,,
99,Godtliebsen,Fred,NO,,tromsø,,
100,Tandstad,Torgrim,NO,torgrim.tandstad@stolav.no,trondheim,,
101,Grimsmo,Anders,NO,,trondheim,,
102,Garåsen,Helge,NO,,trondheim,,
103,Wienhofen,Leendert,NO,,information and communication technologies,,
104,Dahl,Lisbeth,NO,,bergen,,
105,Skoglund,G,NO,,no- bergen,,
106,Vestrheim,Didrik F,NO,,n-0403 oslo,,
107,Skavberg Roaldsen,Kirsti,NO,,oslo,,
108,Denarie,Bastien,NO,,trondheim,,
109,Altintzoglou,Themistoklis,NO,,tromsø,,
110,Honkanen,Pirjo,NO,,tromsø,,
111,Stenfors,L E,NO,,university of tromsö,,
112,Stubhaug,Ingunn,NO,ingunn.stubhaug@skretting.com.,n- stavanger,,
113,Maehle,Lovise,NO,,oslo,,
114,Grindedal,Eli Marie,NO,,oslo,,
115,Mohn,Christine,NO,,oslo,,
116,Vassend,Olav,NO,,oslo,,
117,Knardahl,Stein,NO,,oslo,,
118,Tveiten,H,NO,,university of tromsø,,
119,Davy,Richard,NO,,bergen,,
120,Esau,Igor,NO,,bergen,,
121,Lehtonen,Minna,NO,,oslo,,
122,Solli,Hans Petter,NO,,oslo,,
123,Rolvsjord,Randi,NO,,university of bergen,,
124,Borg,Marit,NO,,drammen,,
125,de Weerd,Louis,NO,,tromsø,,
126,Andelic,Nada,NO,nadand@ous-hf.no,oslo,,
127,Sørgaard,Knut W,NO,kso@nlsh.no,tromsø,,
128,Halse,A K,NO,anne-kristine.halse@gades.uib.no,university of bergen,,
129,Grimstad,Tore,NO,,stavanger,,
130,Skoie,Inger Marie,NO,,stavanger,,
131,Isaksen,Kjetil,NO,,stavanger,,
132,Karlsen,Lars,NO,,stavanger,,
133,Aabakken,Lars,NO,,oslo,,
134,Omdal,Roald,NO,,stavanger,,
135,Sneve,Markus H,NO,,oslo,,
136,Grydeland,Håkon,NO,,oslo,,
137,Storsve,Andreas B,NO,,oslo,,
138,de Lange,Ann-Marie Glasø,NO,,oslo,,
139,Amlien,Inge K,NO,,oslo,,
140,Røgeberg,Ole J,NO,,oslo,,
141,Walhovd,Kristine B,NO,,oslo,,
142,Næss,Tore,NO,,oslo 3,,
143,Nilssen,Jens Petter,NO,,oslo 3,,
144,Jiang,Yang,NO,yang.jiang@farmasi.uio.no,oslo,,
145,Løwer,Hege Line,NO,hege.line.lower@fhi.no.,oslo,,
146,Eriksen,Hanne-Merete,NO,hanne.merete.eriksen@fhi.no.,oslo,,
147,Aavitsland,Preben,NO,preben@epidemi.no.,kristiansand,,
148,Skjeldestad,Finn Egil,NO,eskjelde@online.no.,tromsø,,
149,Topor,Alain,NO,alain.topor@uia.no.,kristiansand,,
150,Bøe,Tore Dag,NO,,kristiansand,,
151,Larsen,Inger Beate,NO,,kristiansand,,
152,Paruch,Lisa,NO,,ås,,
153,Skomedal,Hanne,NO,,ås,,
154,Steen,Hege,NO,,ås,,
155,Haugslien,Sissel,NO,,ås,,
156,Gulbrandsen,Pål,NO,pal.gulbrandsen@ahus.no,lørenskog,,
157,Antonsen,Simen,NO,,n-1430 ås,,
158,Skattebøl,Lars,NO,,n-0315 oslo,,
159,Stenstrøm,Yngve,NO,yngve.stenstrom@nmbu.no.,n-1430 ås,,
160,Bergem,A L,NO,,university of oslo,,
161,Javo,Iiná Márjá,NO,,tromsø,,
162,Wright,Marianne S,NO,marianne.wright@klinmed.uio.no,n- oslo,,
163,Rye,I H,NO,,oslo,,
164,Russnes,H G,NO,,oslo,,
165,Wang,Jing,NO,,no-,,
166,Skjaerven,Rolv,NO,rolv.skjaerven@smis.uib.no,university of bergen,,
167,Engebraaten,Olav,NO,,oslo,,
168,Loge,Jon H,NO,,oslo,,
169,Cvancarova,Milada,NO,,oslo,,
170,Naume,Bjørn,NO,,oslo,,
171,Wist,Erik,NO,,oslo,,
172,Edvardsen,Hege,NO,,fornebu,,
173,Wille,Elisabeth,NO,,oslo,,
174,Bjøro,Trine,NO,,oslo,,
175,Kiserud,Cecilie E,NO,,oslo,,
176,Grinde,Bjørn,NO,bjgr@fhi.no,0403 oslo,,
177,Helseth,E,NO,,university hospital of trondheim,,
178,Bomo,A-M,NO,anne-marie.bomo@imt.nlh.no,agricultrual university of norway,,
179,Fykse,Else M,NO,else-marie.fykse@ffi.no,n- kjeller,,
180,Sjursen,Wenche,NO,,trondheim,,
181,Håseth,T T,NO,torunn.haseth@animalia.no,n- as,,
182,Bakke,A,NO,,bergen,,
183,Kravdal,Oystein,NO,okravdal@econ.uio.no.,0403 oslo,,
184,Perander,Maria,NO,,n tromsoe,,
185,Seternes,Ole-Morten,NO,ole-morten.seternes@uit.no.,n tromsoe,,
186,Yeboah,Isaac,NO,,trondheim,,
187,Ghiasvand,Reza,NO,,oslo,,
188,Lahooti,H,NO,,haukeland hospital,,
189,Stallvik,Marianne,NO,,stjørdal,,
190,Olsen,J B,NO,,oslo,,
191,Dahl,J E,NO,jon.dahl@niom.no,n- haslum,,
192,Langhammer,Arnulf,NO,,trondheim,,
193,Henriksen,Anne H,NO,,norwegian university of science and technology,,
194,Romundstad,Pål R,NO,,trondheim,,
195,Mai,Xiao-Mei,NO,,trondheim,,
196,Kvistedal,Y A,NO,kvistedal@gmail.com,oslo,,
197,Aubi,Oscar,NO,,bergen,,
198,Landskron,Johannes,NO,,oslo,,
199,Hansen,Espen,NO,,tromsø,,
200,Krauss,Stefan,NO,,oslo,,
201,Taskén,Kjetil,NO,,oslo,,
202,Andersen,Jeanette H,NO,,tromsø,,
203,Martinez,Aurora,NO,,bergen,,
204,Edvardsen,Thor,NO,,oslo no-0424,,
205,Ordiz,Andrés,NO,andres.ordiz@gmail.com,ås,,
206,Riksen,Elisabeth Aurstad,NO,elisaba@odont.uio.no.,n- oslo,,
207,Landin,Maria A,NO,maria.landin@odont.uio.no.,n- oslo,,
208,Reppe,Sjur,NO,sjur.reppe@medisin.uio.no.,n- oslo,,
209,Nakamura,Yukio,NO,yukiomalmo@hotmail.com.,n- oslo,,
210,Lyngstadaas,Ståle Petter,NO,spl@odont.uio.no.,n- oslo,,
211,Reseland,Janne E,NO,j.e.reseland@odont.uio.no.,n- oslo,,
212,Calogiuri,Giovanna,NO,,elverum,,
213,Weydahl,Andi,NO,,alta,,
214,Aasland,Olaf G,NO,olaf.aasland@legeforeningen.no,oslo,,
215,Flo,Elisabeth,NO,,n- bergen,,
216,Hexeberg,E,NO,,haukeland hospital,,
217,Løkka,Guro,NO,,oslo,,
218,Grindedal,Eli Marie,NO,,oslo n-,,
219,Holmén,Aina,NO,aina.holmen@ahus.no,mental health services,,
220,Kvernmo,Hebe Désirée,NO,hebe.kvernmo@gmail.com,oslo university hospital,,
221,Oftung,F,NO,oftung@online.no,oslo,,
222,Ringvold,A,NO,,university of oslo,,
223,Harboe,Morten,NO,,no- oslo,,
224,Júlíusson,Pétur Benedikt,NO,,bergen,,
225,Agewall,Stefan,NO,,oslo,,
226,Brændvik,Siri Merete,NO,,trondheim,,
227,Elkamil,Areej I,NO,,trondheim,,
228,Klund-Hansen,Sandra Linnea,NO,,trondheim,,
229,Roeleveld,Karin,NO,,trondheim,,
230,Bondevik,O,NO,olav.bondevik@odont.uio.no.,oslo,,
231,Rosenström,Tom,NO,,oslo,,
232,Gjerde,Line C,NO,,oslo,,
233,Czajkowski,Nikolai Olavi,NO,,oslo,,
234,Reichborn-Kjennerud,Ted,NO,,oslo,,
235,Torvik,Fartein Ask,NO,,oslo,,
236,Ystrom,Eivind,NO,,oslo,,
237,Wahl,Astrid K,NO,a.k.wahl@medisin.uio.no.,no- oslo,,
238,Jahnsen,F L,NO,,rikshospitalet,,
239,Lillekroken,Daniela,NO,,oslo,,
240,Joel,Mrinal,NO,,oslo,,
241,Roth,Sarah Andrea,NO,,no- tromsø,,
242,Knutsen,Erik,NO,,no- tromsø,,
243,Fiskaa,Tonje,NO,,no- tromsø,,
244,Utnes,Peter,NO,,no- tromsø,,
245,Bhavsar,Swapnil,NO,,no- tromsø,,
246,Hald,Øyvind H,NO,,no- tromsø,,
247,Løkke,Cecilie,NO,,no- tromsø,,
248,Johansen,Steinar D,NO,,bodø,,
249,Flægstad,Trond,NO,,no-9038 tromsø,,
250,Norby,Gudrun E,NO,gudrun.elisabeth.norby@rikshospitalet.no,oslo,,
251,Steinsbekk,A,NO,aslak.steinsbekk@ntnu.no,trondheim,,
252,Diamantopoulos,Andreas,NO,,kristiansand,,
253,Dahl,L B,NO,lauritz.dahl@rito.no,university hospital of tromsø,,
254,Lydersen,Stian,NO,,trondheim,,
255,Lervåg,Lone-Eirin,NO,,trondheim,,
256,Jenssen,Gunnar D,NO,,trondheim,,
257,Mørland,Jørg,NO,,university of oslo,,
258,Slørdal,Lars,NO,,trondheim,,
259,Ueland,P M,NO,per.ueland@ikb.uib.no,university of bergen,,
260,Jenkins,A,NO,,skien,,
261,Eskesen,Arne Nørgaard,NO,aeskesen@yahoo.no,lørenskog,,
262,Naesgaard,J M,NO,,nordbyhagen,,
263,Boye,Kjetil,NO,kjetil.boye@rr-research.no,n- oslo,,
264,Karouni,Mohamad,NO,,oslo,,
265,Ekroll,Vebjørn,NO,,university of bergen,,
266,Dahl,Christen Peder,NO,c.p.dahl@medisin.uio.no,university of oslo,,
267,Kaehler,Nils,NO,,rissa,,
268,Gilja,Odd Helge,NO,,bergen,,
269,Ekstrøm,P O,NO,,oslo,,
270,Vestergren,Robin,NO,,tromsø no-,,
271,Karterud,Sigmund,NO,sigmund.karterud@medisin.uio.no,oslo,,
272,Konstantinova,Svetlana V,NO,svetlana.konstantinova@isf.uib.no,bergen,,
273,Ruyter,K W,NO,,national committee for medical research ethics,,
274,Fagan,Mark,NO,markfagannor@gmail.com,oslo,,
275,Gullestad,Lars,NO,lars.gullestad@broadpark.no,oslo,,
276,Server,Andrés,NO,a.s.alonso@medisin.uio.no,oslo,,
277,Torgersen,K M,NO,,oslo,,
278,Bakken,Inger Johanne,NO,inger.bakken@sintef.no,trondheim,,
279,Stugaard,M,NO,,oslo,,
280,Fetveit,Arne,NO,arne.fetveit@medisin.uio.no,oslo,,
281,Stene-Johansen,Kathrine,NO,,oslo,,
282,Yaqoob,Nadeem,NO,,oslo,,
283,Overbo,Joakim,NO,,oslo,,
284,Berhe,Nega,NO,,oslo,,
285,Johannessen,Asgeir,NO,,oslo,,
286,Torsvik,Janniche,NO,,bergen,,
287,Sztromwasser,Pawel,NO,,bergen,,
288,Boman,Helge,NO,,bergen,,
289,Telstad,Wenche,NO,,førde,,
290,Johansson,Stefan,NO,,bergen,,
291,Knappskog,Per M,NO,,bergen,,
292,Lysebo,Dag Einar,NO,,bergen,,
293,Johannessen,Lene,NO,,trondheim,,
294,Skare,Åse,NO,,førde,,
295,Andersen,John Roger,NO,,førde,,
296,Kleiven,Ole T,NO,,førde,,
297,Naalsund,T,NO,,n- trondheim,,
298,Skrindo,I,NO,ingebjorg.skrindo@rr-research.no,oslo,,
299,Drivdal,Monica,NO,,oslo,,
300,Riska,Brit Solvor,NO,b.s.riska@studmed.uio.no.,oslo,,
301,Tzoulis,Charalampos,NO,,university of bergen,,
302,Henriksen,Eilen,NO,,university of bergen,,
303,Miletic,Hrvoje,NO,,bergen,,
304,Westereng,Bjørge,NO,,ås,,
305,Okstad,O A,NO,,university of oslo,,
306,Reigstad,Laila J,NO,,bergen,,
307,Garnvik,Lars E,NO,,norwegian university of science and technology,,
308,Malmo,Vegard,NO,,norwegian university of science and technology,,
309,Janszky,Imre,NO,,norwegian university of science and technology,,
310,Wisløff,Ulrik,NO,,norwegian university of science and technology,,
311,Loennechen,Jan P,NO,,norwegian university of science and technology,,
312,Nes,Bjarne M,NO,,norwegian university of science and technology,,
313,Espeland,Lisen,NO,lisene@odont.uio.no,university of oslo oslo,,
314,Hjortdahl,Per,NO,,university of oslo,,
315,Horsch,Alexander,NO,,tromsø,,
316,Fyhri,Aslak,NO,af@toi.no,oslo,,
317,Oxman,Andrew David,NO,,oslo,,
318,Chalmers,Iain,NO,,oslo,,
319,Austvoll-Dahlgren,Astrid,NO,,oslo,,
320,Bergamaschi,R,NO,,trondheim,,
321,Borck,Øyvind,NO,,no- randaberg,,
322,Egeland,Jens,NO,,tønsberg,,
323,Mehlum,Ingrid Sivesind,NO,ism@stami.no,oslo,,
324,Strand,Tor A,NO,,bergen,,
325,Dahl,O E,NO,odahl@ulril.uio.no,oslo,,
326,Haugan,E,NO,,bergen,,
327,Beinert,C,NO,,kristiansand,,
328,Hernes,S,NO,,kristiansand,,
329,Haugen,M,NO,,oslo,,
330,Øverby,N C,NO,nina.c.overby@uia.no.,kristiansand,,
331,Aarskog,N K,NO,nina.aarskog@haukeland.no,bergen,,
332,Feiring,Berit,NO,berit.feiring@fhi.no,n-0403 oslo,,
333,Magnus,Per,NO,,oslo,,
334,Haugaa,Kristina H,NO,,oslo,,
335,Olufsen,Vibeke,NO,,trondheim,,
336,Rødahl,E,NO,,university of bergen,,
337,Heimdal,J H,NO,,bergen,,
338,Opdal,S H,NO,,the national hospital,,
339,Collett,K,NO,,haukeland hospital,,
340,Stene-Larsen,G,NO,,oslo,,
341,Fiskerstrand,Torunn,NO,,bergen,,
342,Böhm,Gisela,NO,,bergen,,
343,Berg,Kristian,NO,,oslo university hospital,,
344,Selbo,Pål Kristian,NO,,oslo university hospital,,
345,Weyergang,Anette,NO,,oslo university hospital,,
346,Oyen,O,NO,,oslo,,
347,Melbostad,E,NO,erik.melbostad@stami.no,oslo,,
348,DeRoo,Lisa A,NO,,bergen,,
349,Musial,Frauke,NO,,university of tromsø,,
350,Hofmann,Bjørn,NO,b.m.hofmann@medisin.uio.no,n- gjøvik,,
351,Heldal,Hilde Elise,NO,hilde.elise.heldal@imr.no,n-5817 bergen,,
352,Steinsbekk,Aslak,NO,aslak.steinsbekk@ntnu.no,n- trondheim,,
353,Nilsson,Birgitta Blakstad,NO,b.b.nilsson@medisin.uio.no,oslo,,
354,Rosness,Tor Atle,NO,,oslo,,
355,Engedal,Knut,NO,,toensberg,,
356,Bjertness,Espen,NO,,oslo,,
357,Strand,Bjørn Heine,NO,,oslo,,
358,Brekke,Eva,NO,,bodo,,
359,Morken,Tora Sund,NO,,trondheim,,
360,Haugen,Ida K,NO,haugen_ida@hotmail.com,oslo,,
361,Engeland,A,NO,,oslo,,
362,Furu,K,NO,,oslo,,
363,Kure,E H,NO,,oslo,,
364,Hansen,Haakon,NO,,oslo,,
365,Hovland,Anders,NO,anders.w.hovland@gmail.com,bodø,,
366,Russell,Michael Bjørn,NO,m.b.russell@medisin.uio.no,oslo,,
367,Leiknes,Kari Ann,NO,k.a.leiknes@medisin.uio.no,oslo,,
368,Brinchmann,J E,NO,,oslo,,
369,Oversand,Sissel H,NO,sisove@ous-hf.no.,oslo,,
370,Staff,Anne C,NO,,oslo,,
371,Sandvik,Leiv,NO,,oslo,,
372,Volløyhaug,Ingrid,NO,,trondheim,,
373,Svenningsen,Rune,NO,,oslo,,
374,Freim Wahl,S G,NO,,st. olav hospital,,
375,Viken,M K,NO,m.k.viken@medisin.uio.no,rikshospitalet,,
376,Krüger,P G,NO,,university of bergen,,
377,Wallenius,Marianne,NO,marianne.wallenius@ntnu.no,trondheim,,
378,Ellingsrud,C,NO,,oslo,,
379,Bretthauer,M,NO,michael.bretthauer@medisin.uio.no,university of oslo,,
380,Resaland,G K,NO,,sogndal,,
381,Aadland,E,NO,,sogndal,,
382,Andersen,J R,NO,,førde,,
383,Anderssen,S A,NO,,sogndal,,
384,Moe,V F,NO,,sogndal,,
385,Fossum,Sturla,NO,sturla.fossum@fagmed.uit.no,university of tromsø,,
386,Romøren,Kristine,NO,kristine.romoren@farmasi.uio.no,oslo,,
387,Torbergsen,T,NO,torberg.torbergsen@umn.no,tromsø,,
388,Kemi,O J,NO,,trondheim,,
389,Smerud,K T,NO,knut.smerud@smerud.com,oslo,,
390,Skytioti,Maria,NO,,oslo,,
391,Søvik,Signe,NO,,lørenskog,,
392,Elstad,Maja,NO,,oslo,,
393,Reikerås,O,NO,olav.reikeras@rikshospitalet.no,oslo,,
394,Knutsvik,Gøril,NO,,bergen,,
395,Stefansson,Ingunn M,NO,,bergen,,
396,Aziz,Sura,NO,,bergen,,
397,Arnes,Jarle,NO,,bergen,,
398,Eide,Johan,NO,,bergen,,
399,Collett,Karin,NO,,bergen,,
400,Akslen,Lars A,NO,,bergen,,
401,Pallesen,Ståle,NO,staale.pallesen@psysp.uib.no,university of bergen,,
402,Sørensen,Lin,NO,lin.sorensen@psybp.uib.no,university of bergen,,
403,Djupesland,P G,NO,,oslo,,
404,Bertelsen,B,NO,,haukeland hospital,,
405,Brun-Hansen,Hege C,NO,hege.brun-hansen@veths.no,oslo,,
406,Hewitt,Stephen,NO,stehewi@online.no,oslo university hospital aker,,
407,Boberg,K M,NO,kboberg@ous-hf.no,oslo,,
408,Bjerknes-Haugen,G,NO,,oslo,,
409,Skarpsno,Eivind Schjelderup,NO,eivind.s.skarpsno@ntnu.no.,trondheim,,
410,Mork,Paul Jarle,NO,,trondheim,,
411,Nilsen,Tom Ivar Lund,NO,,trondheim,,
412,Skeie,S,NO,svskeie@online.no,n- bergen,,
413,Moi,Harald,NO,,university of oslo,,
414,Bondevik,O,NO,,department of orthodontics,,
415,Ovrevik,J,NO,,n-,,
416,Espnes,Geir A,NO,,norway; ntnu center for health promotion research,,
417,Nguyen,Camilla,NO,,norway; ntnu center for health promotion research,,
418,Grønning,Kjersti,NO,,norway; ntnu center for health promotion research,,
419,Jernström,Sandra,NO,,oslo,,
420,Leivonen,Suvi-Katri,NO,,oslo,,
421,Sahlberg,Kristine Kleivi,NO,,drammen,,
422,Nilsen,Trine,NO,tnilsen@partners.org,n- as,,
423,Edna,T H,NO,,levanger,,
424,Bleken,Bjørn-Tore Lønstad,NO,,n- oslo,,
425,Fløisand,Y,NO,yngvar.floisand@oslo-universitetssykehus.no,oslo,,
426,Skretting,Arne,NO,arne.skretting@radiumhospitalet.no,oslo,,
427,Austveg,Berit,NO,,oslo,,
428,Oftedal,Bergithe E,NO,,bergen,,
429,Frič,Radek,NO,radek.fric@medisin.uio.no.,oslo,,
430,Jørgensen,Lone G M,NO,lgmj@ofir.dk,university of bergen,,
431,Rysstad,Anne Langseth,NO,,lier,,
432,Pedersen,Arve Vorland,NO,arve.v.pedersen@ntnu.no.,trondheim,,
433,Nyrnes,Siri Ann,NO,siri.a.nyrnes@ntnu.no,trondheim,,
434,Rao,Vidar,NO,vidarrao@gmail.com,st. olavs hospital,,
435,Bjugn,R,NO,,university of bergen,,
436,Holm,Sverre,NO,,n-0316 oslo,,
437,Holm,Martin Blomhoff,NO,,n- oslo,,
438,Landrø,N I,NO,,oslo,,
439,Boye,Kjetil,NO,kjetil.boye@rr-research.no,oslo,,
440,Yang,Hong,NO,,0316 oslo,,
441,Moan,Inger Synnøve,NO,,oslo,,
442,Storvoll,Elisabet E,NO,,oslo,,
443,Lund,Ingunn Olea,NO,,oslo,,
444,Smedberg,J,NO,,oslo,,
445,Bråthen,M,NO,,oslo,,
446,Waka,M S,NO,,oslo,,
447,Jacobsen,A F,NO,,oslo,,
448,Gjerdalen,G,NO,,drammen,,
449,Nordeng,H,NO,h.m.e.nordeng@farmasi.uio.no.,oslo,,
450,Erhardt,André H,NO,,oslo,,
451,Testad,Ingelin,NO,,stavanger,,
452,Schulmeister,Alexandra,NO,,bergen,,
453,Ringø,E,NO,einar.ringo@veths.no,tromsø,,
454,Nygård,K,NO,,0403 oslo,,
455,Barrett,Elizabeth A,NO,e.a.barrett@medisin.uio.no,oslo,,
456,Hassfjell,S,NO,s.p.hassfjell@kjemi.uio.no,oslo,,
457,Aakre,Inger,NO,,oslo,,
458,Lilleengen,Anne Marie,NO,,oslo,,
459,Lerseth Aarsand,Marie,NO,,oslo,,
460,Strand,Tor A,NO,,n-5018 bergen,,
461,Barikmo,Ingrid,NO,,oslo,,
462,Henjum,Sigrun,NO,,oslo,,
463,Sharashova,Ekaterina,NO,,uit the arctic university of norway,,
464,Wilsgaard,Tom,NO,,uit the arctic university of norway,,
465,Løchen,Maja-Lisa,NO,,uit the arctic university of norway,,
466,Mathiesen,Ellisiv B,NO,,uit the arctic university of norway,,
467,Njølstad,Inger,NO,,uit the arctic university of norway,,
468,Brenn,Tormod,NO,,uit the arctic university of norway,,
469,Gomez-Baggethun,E,NO,,oslo,,
470,Omholt,M L,NO,,no- ås,,
471,Tveito,T H,NO,,no-5020 bergen,,
472,Ihlebæk,C,NO,,no- ås,,
473,Myrvold,H E,NO,,trondheim,,
474,Lindboe,C F,NO,,trondheim university hospital,,
475,Aabakken,Lars,NO,,oslo,,
476,Hofmann,Bjørn,NO,b.m.hofmann@medisin.uio.no.,gjøvik,,
477,Zakhartsev,Maksim V,NO,,ås,,
478,Sande,Jørn B,NO,j.b.sande@ioks.uio.no,n- oslo,,
479,Bentsen,Mariann H,NO,,bergen,,
480,Markestad,Trond,NO,,bergen,,
481,Halvorsen,Thomas,NO,,bergen,,
482,Waagbø,Rune,NO,,bergen,,
483,Jørgensen,Sven Martin,NO,,ås,,
484,Timmerhaus,Gerrit,NO,,ås,,
485,Breck,Olav,NO,,bergen,,
486,Olsvik,Pål A,NO,,bergen,,
487,Myklebust,Grethe,NO,grethem@nih.no,norwegian university of sport and physical education,,
488,Hilland,Eva,NO,,oslo,,
489,Landrø,Nils I,NO,,oslo,,
490,Harmer,Catherine J,NO,,oslo,,
491,Maglanoc,Luigi A,NO,,oslo,,
492,Jonassen,Rune,NO,,oslo,,
493,Fredriksen,Sven-Tore Dreyer,NO,,harstad,,
494,Woodhouse,Astrid,NO,astrid.woodhouse@ntnu.no.,7491,,
495,Pape,Kristine,NO,,7491,,
496,Romundstad,Pål R,NO,,7491,,
497,Vasseljen,Ottar,NO,,7491,,
498,Bruserud,Ø,NO,oystein.bruserud@haukeland.no,n- bergen,,
499,Solhaug,Ida,NO,,n- tromsø,,
500,Eriksen,Thor E,NO,,n- tromsø,,
501,de Vibe,Michael,NO,,n- oslo,,
502,Haavind,Hanne,NO,,n- tromsø,,
503,Friborg,Oddgeir,NO,,n- tromsø,,
504,Sørlie,Tore,NO,,n-9291 tromsø,,
505,Rosenvinge,Jan H,NO,,n- tromsø,,
506,Molina,Felipe,NO,,oslo,,
507,Åsli,Ole,NO,,tromsø,,
508,Øvervoll,Morten,NO,,tromsø,,
509,Bjørkedal,Espen,NO,,tromsø,,
510,Rordam,Ole Martin,NO,,trondheim,,
511,Sandvig,Kirsten,NO,ksandvig@radium.uio.no,oslo,,
512,Pettersen,H B,NO,,university of trondheim,,
513,Hugdahl,Kenneth,NO,,university of bergen,,
514,Sommer,Iris E,NO,,university of bergen,,
515,Gittel,Antje,NO,,bergen,,
516,Haug,Tonje,NO,tonje.haug@rikshospitalet.no,oslo,,
517,Husbyn,M,NO,,oslo,,
518,Faraone,Stephen V,NO,,bergen,,
519,Johannessen,Karl-Arne,NO,karlarne.johannessen@online.no.,3007 drammen,,
520,Linker,D T,NO,,university of trondheim,,
521,Eikenes,L,NO,live.eikenes@phys.ntnu.no,trondheim,,
522,Axon,A T,NO,larsaa@klinmed.uio.no,oslo,,
523,Solum,Eva Merethe,NO,eva.m.solum@hive.no,vestfold,,
524,Lie,Arve,NO,arvelie@stami.no,oslo,,
525,Kvistad,C E,NO,echr@helse-bergen.no,bergen,,
526,Odland,Jon O,NO,,tromsø,,
527,Støver,Morten,NO,morten.stover@ntnu.no,trondheim,,
528,Løchen,Maja-Lisa,NO,,tromsø,,
529,Wilsgaard,Tom,NO,,tromsø,,
530,Schirmer,Henrik,NO,,tromsø,,
531,Hopstock,Laila A,NO,,tromsø,,
532,Morseth,Bente,NO,,tromsø,,
533,Mathiesen,Ellisiv B,NO,,tromsø,,
534,Njølstad,Inger,NO,,tromsø,,
535,Tiwari,Sweta,NO,,tromsø,,
536,Sharashova,Ekaterina,NO,,tromsø,,
537,Pacyna,Elisabeth G,NO,,kjeller,,
538,Tholfsen,Lena K,NO,lenaenger76@gmail.com.,bergen,,
539,Larsen,Jan P,NO,,bergen,,
540,Schulz,Jörn,NO,,bergen,,
541,Tysnes,Ole-Bjørn,NO,,bergen,,
542,Gjerstad,Michaela D,NO,,bergen,,
543,Askim,Torunn,NO,,department of public health and general practice,,
544,Skuterud,L,NO,,university of trondheim,,
545,Krohn,Markus,NO,,0424,,
546,Brüning,Thomas,NO,,0424,,
547,Paarmann,Kristin,NO,,0424,,
548,Pahnke,Jens,NO,jens.pahnke@medisin.uio.no.,0424,,
549,El-Temsah,Yehia Sayed,NO,,32 ås,,
550,Fjösne,H E,NO,,trondheim,,
551,Berg,E S,NO,,university of oslo,,
552,Engdal,Monika,NO,,trondheim,,
553,Bjørnerheim,R,NO,,university of oslo,,
554,Pryme,I F,NO,,university of bergen,,
555,Zhao,Chun-Mei,NO,,n- trondheim,,
556,Chen,Duan,NO,,n- trondheim,,
557,Galappaththi-Arachchige,Hashini Nilushika,NO,,oslo,,
558,Aurlund,Christine G,NO,,oslo,,
559,Kjetland,Eyrun F,NO,,oslo,,
560,Gullberg,Donald,NO,,n- bergen,,
561,Petrenya,Natalia,NO,,tromsø,,
562,Brustad,Magritt,NO,,tromsø,,
563,Cooper,Marie,NO,,tromsø,,
564,Odland,Jon Øyvind,NO,,tromsø,,
565,Elvevoll,Edel O,NO,edel.elvevoll@nfh.uit.no,tromsø,,
566,Anestad,G,NO,,oslo,,
567,Oughton,D,NO,,i norwegian university of life science,,
568,Bjørland,Elisabeth,NO,,university of oslo,,
569,Brekke,Mette,NO,,oslo,,
570,Torgersen,Maria L,NO,,oslo,,
571,Eid,Hilde M A,NO,,no- oslo,,
572,Norekvål,Tone M,NO,,bergen,,
573,Flesland,O,NO,flesland@sensewave.com,the national hospital,,
574,Herfindal,Lars,NO,,bergen,,
575,Krakstad,Camilla,NO,,bergen,,
576,Myhren,Lene,NO,,bergen,,
577,Hagland,Hanne,NO,,bergen,,
578,Kopperud,Reidun,NO,,bergen,,
579,Teigen,Knut,NO,,bergen,,
580,Kleppe,Rune,NO,,bergen,,
581,Døskeland,Stein Ove,NO,,bergen,,
582,Bergsland,Jacob,NO,nielsb@aol.com,oslo,,
583,Sonnewald,Ursula,NO,ursula.sonnewald@medisin.ntnu.no,no- trondheim,,
584,Storheim,Kjersti,NO,kjersti.storheim@medisin.uio.no.,oslo,,
585,Berg,Linda,NO,,bergen,,
586,Hellum,Christian,NO,,oslo,,
587,Gjertsen,Øivind,NO,,oslo,,
588,Neckelmann,Gesche,NO,,bergen,,
589,Espeland,Ansgar,NO,,bergen,,
590,Keller,Anne,NO,,oslo,,
591,Westvik,J,NO,,n- oslo,,
592,Tevik,Frøydis,NO,,lørenskog,,
593,Feragen,Kristin Billaud,NO,kristin.feragen@statped.no.,oslo,,
594,Walday,P,NO,,oslo,,
595,Elvik,R,NO,,oslo,,
596,Safdar,N,NO,nauman.safdar@student.uib.no,bergen,,
597,Spurkland,A,NO,,oslo,,
598,Odegaard,O R,NO,,oslo,,
599,Songe,M M,NO,,oslo,,
600,Evensen,Ø,NO,,oslo,,
601,Skaar,I,NO,,oslo,,
602,Bøe,Tormod,NO,tormod.boe@uni.no,bergen,,
603,Friese,Daniel H,NO,,n- tromsø,,
604,Ringholm,Magnus,NO,,n- tromsø,,
605,Gao,Bin,NO,,n- tromsø,,
606,Ruud,Kenneth,NO,,n- tromsø,,
607,Wilsgaard,Tom,NO,,tromsø,,
608,Ekstedt,Mirjam,NO,mirjam.ekstedt@rr-research.no,oslo university hospital,,
609,Skaland,I,NO,,stavanger,,
610,Briels,Nathalie,NO,,trondheim,,
611,Flo,Jørgen,NO,,trondheim,,
612,Herzke,Dorte,NO,,tromsø,,
613,Nygård,Torgeir,NO,,trondheim,,
614,Bustnes,Jan O,NO,,tromsø,,
615,Jenssen,Bjørn M,NO,,trondheim,,
616,Jaspers,Veerle L B,NO,,trondheim,,
617,Rortveit,G,NO,guri.rortveit@isf.uib.no,bergen,,
618,Kinge,Jonas Minet,NO,jonas.minet.kinge@fhi.no.,oslo,,
619,Collas,Philippe,NO,philippe.collas@medisin.uio.no,oslo,,
620,Paulsen,Jonas,NO,jonaspau@ifi.uio.no.,n-0424 oslo,,
621,Rødland,Einar A,NO,,n-0424 oslo,,
622,Holden,Lars,NO,,n- oslo,,
623,Holden,Marit,NO,,n- oslo,,
624,Hovig,Eivind,NO,jonaspau@ifi.uio.no.,n-0424 oslo,,
625,Rooks,Christine A,NO,,bergen,,
626,Krogness,Cathinka M,NO,,5392 storebø,,
627,Kutti,Tina,NO,,bergen,,
628,Hoffmann,Friederike,NO,,bergen,,
629,Bannister,Raymond J,NO,,bergen,,
630,Moltzau,Lise Román,NO,,oslo,,
631,Ilner,Stein Opjordsmoen,NO,s.e.o.ilner@medisin.uio.no,ullevål,,
632,Bartnes,Kristian,NO,kristian.bartnes@unn.no,tromsø,,
633,Tekle,Christina,NO,christina.tekle@rr-research.no,oslo,,
634,Rossebø,Anne Bjørhovde,NO,anne_rossebo@hotmail.com,oslo,,
635,Aarli,Johan A,NO,,bergen,,
636,Folkedal,Ole,NO,,institute of marine research matre matredal,,
637,Olsen,Rolf E,NO,,norwegian university for science and technologytrondheim,,
638,Elfström,Marcus,NO,,ås,,
639,Støen,Ole-Gunnar,NO,,ås,,
640,Swenson,Jon E,NO,,trondheim,,
641,Øvrebø,Steinar,NO,steinar.ovrebo@stami.no,n- oslo,,
642,Glover,Kevin A,NO,kevin.glover@hi.no.,bergen,,
643,Solberg,Monica F,NO,,bergen,,
644,Besnier,Francois,NO,,bergen,,
645,Skaala,Øystein,NO,,bergen,,
646,Jebens,Einar,NO,,oslo,,
647,Teien,Hans-Christian,NO,hans-christian.teien@ijvf.nlh.no,n-1432 as,,
648,Hopp,Petter,NO,petter.hopp@vetinst.no,no-0033 oslo,,
649,Franzen,Tanya J,NO,tanyaf@odont.uio.no,oslo,,
650,Dhar,Indu,NO,,bergen,,
651,Finbråten,Hanne Søberg,NO,hanne.finbraten@inn.no.,elverum,,
652,Wilde-Larsson,Bodil,NO,,elverum,,
653,Nordström,Gun,NO,,elverum,,
654,Pettersen,Kjell Sverre,NO,,oslo,,
655,Trollvik,Anne,NO,,elverum,,
656,Guttersrud,Øystein,NO,,oslo,,
657,Andreassen,Cecilie S,NO,,bergen,,
658,Pallesen,Ståle,NO,,bergen,,
659,Torsheim,Torbjørn,NO,,bergen,,
660,Harris,Jennifer R,NO,,oslo,,
661,Budin-Ljøsne,Isabelle,NO,,oslo,,
662,Wang,Yunpeng,NO,,oslo,,
663,Smeland,Olav B,NO,,oslo,,
664,Djurovic,Srdjan,NO,,oslo,,
665,Andreassen,Ole A,NO,,oslo,,
666,Sovershaev,M A,NO,mikhail.sovershaev@uit.no,tromsø,,
667,Folven,Erik,NO,,no- trondheim,,
668,Tybell,Thomas,NO,,no- trondheim,,
669,Grepstad,Jostein K,NO,,no- trondheim,,
670,Holen,Øyunn,NO,oeyhole@online.no,ullevål,,
671,Hov,Johannes R,NO,,oslo,,
672,Nygård,Ståle,NO,,oslo,,
673,Gilja,Odd H,NO,,bergen,,
674,Boberg,Kirsten M,NO,,oslo,,
675,Røsjø,Helge,NO,,oslo,,
676,Karlsen,Tom H,NO,,oslo,,
677,Vesterhus,Mette,NO,,oslo,,
678,Dyrkorn,Roar,NO,roar.dyrkorn@stolav.no,trondheim,,
679,Skaftnesmo,Trond,NO,,oslo,,
680,Tveito,Siri,NO,siri.tveito@rr-research.no,0424 oslo,,
681,Nissen,Alexander,NO,a.f.w.nissen@nkvts.no.,oslo,,
682,Lindtjørn,Bernt,NO,,bergen,,
683,Hjornevik,Trine,NO,trine.hjornevik@medisin.uio.no,university of oslo,,
684,Revheim,Mona-Elisabeth,NO,mona.elisabeth.revheim@ous-hf.no,oslo,,
685,Aslesen,R,NO,,n- oslo,,
686,de Vries,Olga,NO,,nesodden,,
687,Nicolaisen,Magnhild,NO,,vestfold hospital trust,,
688,Moum,Torbjørn,NO,,university of oslo,,
689,Thorsen,Kirsten,NO,,vestfold hospital trust,,
690,Guttersrud,Øystein,NO,,oslo and akershus university college of applied sciences,,
691,Sundby,Johanne,NO,johanne.sundby@medisin.uio.no,0317 oslo,,
692,Bruserud,O,NO,,university of bergen,,
693,Hassfjell,S P,NO,,university of oslo,,
694,Moreno,Clara E,NO,claraenedina@hotmail.com.,bø i telemark,,
695,Fjeld,Eirik,NO,eirik.fjeld@niva.no.,oslo,,
696,Lydersen,Espen,NO,espen.lydersen@hit.no.,bø i telemark,,
697,Kvadsheim,Petter H,NO,petter-helgevold.kvadsheim@ffi.no.,horten,,
698,Kleivane,Lars,NO,lars.kleivaine@ffi.no.,horten,,
699,Sivle,Lise Doksæter,NO,lise.doksaeter.sivle@imr.no.,bergen,,
700,Syse,Astri,NO,astri.syse@kreftregisteret.no,n-0304 oslo,,
701,Sandaa,Ruth-Anne,NO,ruth.sandaa@bio.uib.no,n-5020 bergen,,
702,Lindahl,A K,NO,,aker hospital,,
703,Ueland,K,NO,,oslo,,
704,Generalov,Roman,NO,,0316 oslo,,
705,Kristensen,Solveig,NO,,0316 oslo,,
706,Ulland,S,NO,,trondheim,,
707,Eliassen,Marianne,NO,,tromsø,,
708,Henriksen,Nils O,NO,,tromsø,,
709,Moe,Siri,NO,,tromsø,,
710,Wie,H,NO,,university of oslo,,
711,Ringstad,Geir A,NO,,oslo university hospital,,
712,Bakke,Soren J,NO,,oslo university hospital,,
713,Fric,Radek,NO,,oslo university hospital,,
714,Steigen,Andreas L,NO,,bergen-univ,,
715,Aukrust,Pål,NO,,oslo,,
716,Hammersborg,Stig,NO,,bergen,,
717,Nedrebø,Torbjørn,NO,,bergen,,
718,Husby,Paul,NO,,bergen,,
719,Yuan,Z N,NO,yuan@odont.uio.no,university of oslo,,
720,Lilleng,P K,NO,,the university of bergen,,
721,Krohg-Sørensen,Kirsten,NO,kirsten.krohg-sorensen@rikshospitalet.no,oslo,,
722,Larsson,Geir,NO,,no- oslo,,
723,Shenoy,Thrivikrama,NO,,no- oslo,,
724,Ramasubramanian,Ramalingom,NO,,no- oslo,,
725,Balakumaran,Leena Kondarappassery,NO,,no- oslo,,
726,Småstuen,Milada Cvancarova,NO,,no- oslo,,
727,Bjune,Gunnar Aksel,NO,,no- oslo,,
728,Moum,Bjørn Allan,NO,,no- oslo,,
729,Jacobsen,Line M,NO,,bergen,,
730,Kapstad,Heidi,NO,heidi.kapstad@hibu.no,oslo,,
731,Miller,Charlotte S,NO,,oslo 0316,,
732,Peck,John A,NO,,oslo 0316,,
733,Gustavson,Lisa,NO,,no- trondheim,,
734,Bytingsvik,Jenny,NO,,no- trondheim,,
735,Lie,Elisabeth,NO,,no-1432 ås,,
736,Aars,Jon,NO,,no- tromsø,,
737,Jenssen,Bjørn M,NO,,no- trondheim,,
738,Haldorsen,E M,NO,,university of bergen,,
739,Tonstad,Serena,NO,,oslo,,
740,Menichetti,Julia,NO,,oslo,,
741,Sommerbakk,Ragni,NO,ragni.sommerbakk@ntnu.no.,trondheim,,
742,Haugen,Dagny Faksvåg,NO,,trondheim,,
743,Tjora,Aksel,NO,,trondheim,,
744,Kaasa,Stein,NO,,trondheim,,
745,Hjermstad,Marianne Jensen,NO,,trondheim,,
746,Samdal,F,NO,,bergen,,
747,Martines,Jose,NO,,bergen,,
748,Kolstad,A,NO,,university of tromsø school of medicine,,
749,Vandvik,Per Olav,NO,per.vandvik@start.no,gjøvik,,
750,Aarstad,Hans Jørgen,NO,hans.aarstad@ore.uib.no.,bergen,,
751,Østhus,Arild Andrè,NO,,bergen,,
752,Aarstad,Helene Hersvik,NO,,bergen,,
753,Lybak,Stein,NO,,bergen,,
754,Aarstad,Anne Kari Hersvik,NO,,bergen,,
755,Oust,Astrid,NO,astrid.oust@matforsk.no,as,,
756,Oen,Gudbjørg,NO,gudbjorg.oen@hsh.no,stord,,
757,Selikowitz,H S,NO,,university of oslo,,
758,Schuster,Peter,NO,,bergen,,
759,Mykletun,Arnstein,NO,,bergen,,
760,Sanou,Anselme Simeon,NO,,bergen,,
761,Nankabirwa,Victoria,NO,,bergen,,
762,Engebretsen,Ingunn Marie S,NO,,bergen,,
763,Tylleskär,Thorkild,NO,,bergen,,
764,Kashala-Abotnes,Esperance,NO,,bergen,,
765,Landvik,N E,NO,,oslo,,
766,Plesser,Hans E,NO,,norwegian university of life sciences aas,,
767,Basak,Sanjay,NO,sba_bioc@yahoo.com.,oslo,,
768,Tveten,Y,NO,yngvar.tveten@telelab.no,tromsø,,
769,Zhang,Bei-Bei,NO,,oslo,,
770,Elgsaeter,A,NO,,department of physics and mathematics,,
771,Bjørklund,Geir,NO,bjorklund@conem.org.,mo i rana,,
772,Lekva,Tove,NO,tove.lekva@rr-research.no.,oslo,,
773,Bollerslev,Jens,NO,,oslo,,
774,Godang,Kristin,NO,,oslo,,
775,Roland,Marie Cecilie Paasche,NO,,oslo,,
776,Friis,Camilla Margrethe,NO,,oslo,,
777,Voldner,Nanna,NO,,oslo,,
778,Henriksen,Tore,NO,,oslo,,
779,Ueland,Thor,NO,,oslo,,
780,Svingen,Gard F T,NO,gard.frodahl.svingen@helse-bergen.no.,university of bergen,,
781,Schartum-Hansen,Hall,NO,,bergen,,
782,Ueland,Per M,NO,,bergen,,
783,Pedersen,Eva R,NO,,university of bergen,,
784,Seifert,Reinhard,NO,,bergen,,
785,Ebbing,Marta,NO,,norwegian institute of public health,,
786,Bønaa,Kaare H,NO,,trondheim,,
787,Mellgren,Gunnar,NO,,bergen,,
788,Nilsen,Dennis W T,NO,,stavanger university hospital,,
789,Nordrehaug,Jan E,NO,,university of bergen,,
790,Øyen,Jannike,NO,,university of bergen,,
791,Nygård,Ottar,NO,,bergen,,
792,Henden,John-André,NO,john-andre.henden@ib.uit.no,tromsø no-,,
793,Fluge,O,NO,oystein.fluge@mbi.uib.no,bergen,,
794,Yadetie,Fekadu,NO,,bergen,,
795,Selvaag,Anne M,NO,anne.marit.selvaag@rikshospitalet.no,oslo,,
796,Amara,W,NO,,university hospital of tromsø,,
797,Haugum,Kjersti,NO,,trondheim,,
798,Johansen,Jostein,NO,,trondheim,,
799,Gabrielsen,Christina,NO,,trondheim,,
800,Brandal,Lin T,NO,,oslo,,
801,Bergh,Kåre,NO,,trondheim,,
802,Drabløs,Finn,NO,,trondheim,,
803,Afset,Jan Egil,NO,,trondheim,,
804,Mo,T A,NO,,oslo,,
805,Daniel,Marguerite,NO,,bergen,,
806,Johnsen,J,NO,,oslo,,
807,Møller,Pål,NO,moller.pal@gmail.com.,oslo,,
808,Dominguez-Valentin,Mev,NO,mev.dominguez.valentin@rr-research.no.,oslo,,
809,Rødland,Einar Andreas,NO,einarro@ulrik.uio.no.,oslo,,
810,Hovig,Eivind,NO,ehovig@ifi.uio.no.,oslo,,
811,Ruano,Ana Lorena,NO,ana.lorena.ruano@cih.uib.no.,bergen,,
812,Brudvik,Kristoffer W,NO,,rikshospitalet,,
813,Finne,E F,NO,eivind.finne@niva.no,n- oslo,,
814,Kleivane,L,NO,,n-0033 oslo 1,,
815,Tardi,C,NO,,tromsø,,
816,Våpenstad,Cecilie,NO,,trondheim,,
817,Hofstad,Erlend Fagertun,NO,,trondheim,,
818,Bø,Lars Eirik,NO,,trondheim,,
819,Kuhry,Esther,NO,,trondheim,,
820,Johnsen,Gjermund,NO,,trondheim,,
821,Mårvik,Ronald,NO,,trondheim,,
822,Langø,Thomas,NO,,trondheim,,
823,Hernes,Toril Nagelhus,NO,,trondheim,,
824,Tryland,Morten,NO,,tromsø,,
825,Nymo,Ingebjørg H,NO,,tromsø,,
826,Karlsen,Tommy A,NO,,oslo,,
827,Taban,Ingrid Christina,NO,ingrid.christina.taban@rf.no,randaberg,,
828,Brage,S,NO,soren.brage@samfunnsmed.uio.no,university of oslo,,
829,Omdal,Roald,NO,,bergen,,
830,Filippova,Liudmila,NO,yngve.stenstrom@nmbu.no.,ås,,
831,Jakobsen,Monika Dybdahl,NO,,tromsø,,
832,Braaten,Tonje,NO,,tromsø,,
833,Obstfelder,Aud,NO,,gjøvik,,
834,Abelsen,Birgit,NO,,tromsø,,
835,Kersten,C,NO,christian.kersten@sshf.no.,kristiansand,,
836,Cameron,M G,NO,,kristiansand,,
837,Laird,B,NO,,trondheim,,
838,Mjåland,S,NO,,kristiansand,,
839,Dauben,Hans-Peter,NO,,university of tromso,,
840,Bærheim,Anders,NO,,bergen,,
841,Sioud,M,NO,mosioud@medisin.uio.no,oslo,,
842,Stoll,E,NO,,blindern,,
843,Hetlevik,I,NO,,verdal,,
844,Wiseth,R,NO,,university of trondheim,,
845,Cao,Maria D,NO,maria.d.cao@ntnu.no.,trondheim,,
846,Brenna,E,NO,,trondheim,,
847,Bergan,T,NO,,university of oslo,,
848,Kusche-Gullberg,Marion,NO,marion.kusche@biomed.uib.no,no- bergen,,
849,Nestvold,K,NO,knut.nestvold@ahus.no,lørenskog,,
850,Midtvedt,Øyvind,NO,,oslo,,
851,Engesland,André,NO,,tromsø n-,,
852,Egorina,E M,NO,,tromsø,,
853,Saeves,Ronnaug,NO,ronnaug.saeves@tako.no,oslo,,
854,Hymete,A,NO,,n- trondheim,,
855,Buvik,Kristin,NO,,oslo,,
856,Rossow,Ingeborg,NO,,oslo,,
857,Opedal,Øystein H,NO,,trondheim,,
858,Bjertness,E,NO,,university of oslo,,
859,Moestue,Siver A,NO,,trondheim,,
860,Cruciani,Véronique,NO,,oslo,,
861,Austrheim,Gunnar,NO,,trondheim,,
862,Asheim,Leif-Jarle,NO,,oslo,,
863,Holand,Øystein,NO,,ås,,
864,Jónsdóttir,Ingibjörg S,NO,,longyearbyen,,
865,Mysterud,Atle,NO,,oslo,,
866,Skonhoft,Anders,NO,,trondheim,,
867,Speed,James D M,NO,,trondheim,,
868,Steinheim,Geir,NO,,ås,,
869,Lunde,Ingeborg,NO,ingeborg.lunde@rvtsost.no.,oslo,,
870,Myhre Reigstad,Marte,NO,mfmy@ous-hf.no.,oslo,,
871,Frisch Moe,Kristin,NO,moe_kristin@yahoo.no.,oslo,,
872,Grimholt,Tine K,NO,tinegrim@yahoo.no.,oslo,,
873,Casolo,Simone,NO,,no-0316 oslo,,
874,Myhr,Kjell-Morten,NO,kjell-morten.myhr@helse-bergen.no,bergen,,
875,Jaeger,G T,NO,,oslo,,
876,Malterud,K,NO,,university of bergen,,
877,Flaatten,Hans,NO,hans.flaatten@uib.no.,bergen,,
878,Hartveit,Espen,NO,espen.hartveit@biomed.uib.no,bergen,,
879,Salvesen,Øyvind,NO,,trondheim,,
880,Juliusson,Petur B,NO,,bergen,,
881,Carlsen,Sven M,NO,,trondheim,,
882,Nossum,Marit Cecilie Fonn,NO,,trondheim,,
883,Vaage,Marte Øye,NO,,trondheim,,
884,Ødegård,Rønnaug,NO,,trondheim,,
885,Vanky,Eszter,NO,,trondheim,,
886,Loland,Nina Waaler,NO,,n- oslo,,
887,Abebe,Dawit Shawel,NO,dawit.s.abebe@nova.hioa.no.,oslo and akershus university college of applied sciences,,
888,Frøyland,Lars Roar,NO,,oslo and akershus university college of applied sciences,,
889,Bakken,Anders,NO,,oslo and akershus university college of applied sciences,,
890,von Soest,Tilmann,NO,,university of oslo,,
891,Pradhan,Srutarshi,NO,,n- trondheim,,
892,Edgar,K S,NO,,no-0403 oslo,,
893,Paulsen,K M,NO,,no-0454 oslo,,
894,Pedersen,B N,NO,,no-0403 oslo,,
895,Okbaldet,Y B,NO,,no-0403 oslo,,
896,Skjetne,I E B,NO,,no-0403 oslo,,
897,Gurung,D,NO,,no-0403 oslo,,
898,Vikse,R,NO,,no-0403 oslo,,
899,Andreassen,Å K,NO,,no-0403 oslo,,
900,Størseth,Trond R,NO,,dept. of environment and new resources,,
901,Brunsvik,Anders,NO,,n- trondheim,,
902,Bonaunet,Kristin,NO,,dept. of environment and new resources,,
903,Faksness,Liv-Guri,NO,,dept. of environment and new resources,,
904,Wik,Elisabeth,NO,elisabeth.wik@k1.uib.no.,bergen,,
905,Salvesen,Helga B,NO,helga.salvesen@k2.uib.no.,bergen,,
906,Davidson,Ben,NO,ben.davidson@ous-hf.no.,oslo,,
907,Trope,Claes G,NO,ctr@ous-hf.no.,oslo,,
908,Witsø,Elisabet,NO,elwi@novonordisk.com,oslo,,
909,Leirgul,Elisabeth,NO,,bergen,,
910,Gildestad,Trude,NO,,bergen,,
911,Nilsen,Roy Miodini,NO,,bergen,,
912,Fomina,Tatiana,NO,,bergen,,
913,Brodwall,Kristoffer,NO,,bergen,,
914,Greve,Gottfried,NO,,bergen,,
915,Vollset,Stein Emil,NO,,bergen,,
916,Holmstrøm,Henrik,NO,,oslo,,
917,Tell,Grethe S,NO,,bergen,,
918,Øyen,Nina,NO,,bergen,,
919,Krog,Norun Hjertager,NO,norun.krog@fhi.no,oslo,,
920,Brown,Lesley,NO,,university of bergen,,
921,Nesbakken,Truls,NO,truls.nesbakken@veths.no,oslo,,
922,Jonsson,Malin E,NO,malin.jonsson@vetinst.no,oslo,,
923,Rund,B R,NO,,oslo,,
924,Hovland,Anders,NO,anders.w.hovland@gmail.com,bodø,,
925,Falck,Pål,NO,,oslo,,
926,Rølla,G,NO,,department of pedodontics,,
927,Hansen,Anita L,NO,,bergen,,
928,Dahl,Lisbeth,NO,,bergen,,
929,Graff,Ingvild E,NO,,bergen,,
930,Frøyland,Livar,NO,,bergen,,
931,Pallesen,Staale,NO,,bergen,,
932,Haugen,A,NO,,oslo,,
933,Zienolddiny,S,NO,,oslo,,
934,Ashraf,H,NO,,loerenskog,,
935,Myrmel,Truls,NO,,the arctic university of norway,,
936,Berg,John E,NO,john@pong.no,rud,,
937,Hagen,K B,NO,kare.birger.hagen@folkehelsa.no,oslo,,
938,Voelckel,Wolfgang G,NO,,stavanger,,
939,Løvstad,R Z,NO,renlovstad@hotmail.com,ullevaal university hospital,,
940,Flatmark,A,NO,,oslo 1,,
941,Leivseth,G,NO,,tromsø,,
942,Thu,B,NO,,university of trondheim,,
943,Johansen,Steinar D,NO,steinar.johansen@fagmed.uit.no,tromsø,,
944,Magnus,O,NO,,university of oslo,,
945,Skjerven,Håvard Ove,NO,,oslo,,
946,Olsen,H G,NO,,as,,
947,Afset,J E,NO,,kirkenes hospital,,
948,Ranøyen,Ingunn,NO,,trondheim,,
949,Nilsen,Wendy,NO,,oslo,,
950,Indredavik,Marit S,NO,,trondheim,,
951,Seip,Knut Fredrik,NO,,0316 oslo,,
952,Gundersen,Thomas E,NO,,oslo,,
953,Drevon,Christian A,NO,,oslo,,
954,Kvaløy,Jan Terje,NO,jan.t.kvaloy@tn.his.no,n- trondheim,,
955,Tveit,K,NO,,trondheim,,
956,Bjellaas,Thomas,NO,,no-0403 oslo,,
957,Wallenius,Marianne,NO,,trondheim,,
958,Salvesen,Kjell Å,NO,,trondheim,,
959,Daltveit,Anne K,NO,,bergen,,
960,Skomsvoll,Johan F,NO,,trondheim,,
961,Thue,G,NO,,university of bergen,,
962,Panagopoulos,Ioannis,NO,ioannis.panagopoulos@rr-research.no,oslo,,
963,Dahal-Koirala,S,NO,,oslo,,
964,Risnes,L F,NO,,oslo,,
965,Christophersen,A,NO,,oslo,,
966,Sarna,V K,NO,,oslo,,
967,Lundin,K Ea,NO,,oslo,,
968,Sollid,L M,NO,,oslo,,
969,Qiao,S W,NO,,oslo,,
970,Hallaråker,Hogne,NO,,ørsta n-,,
971,Sæbø,Per Christian,NO,,ørsta n-,,
972,Berger,Alvin,NO,,ørsta n-,,
973,Kristiansen,Madeleine,NO,,oslo,,
974,Maple-Grødem,Jodi,NO,,stavanger,,
975,Alves,Guido,NO,,stavanger,,
976,Tysnes,Ole-Bjørn,NO,,bergen,,
977,Toft,Mathias,NO,,oslo,,
978,Pihlstrøm,Lasse,NO,,oslo,,
979,Ovaskainen,Otso,NO,,trondheim,,
980,Meza-Zepeda,Leonardo A,NO,leonardo.meza-zepeda@rr-research.no.,oslo,,
981,Toverud,Else-Lydia,NO,e.l.toverud@farmasi.uio.no,oslo,,
982,Lassen,Kristoffer,NO,lassen@unn.no,tromsø,,
983,Myhre,M C,NO,mimy@uus.no,oslo,,
984,Winger,Anette,NO,,oslo,,
985,Kvarstein,Gunnvald,NO,,tromsø,,
986,Wyller,Vegard Bruun,NO,,akershus university hospital,,
987,Sulheim,Dag,NO,,lillehammer,,
988,Fagermoen,Even,NO,,oslo,,
989,Småstuen,Milada Cvancarova,NO,,oslo,,
990,Helseth,Sølvi,NO,,oslo,,
991,Vigran,T E,NO,,no- trondheim,,
992,Waldum,Helge L,NO,,trondheim,,
993,Eriksen,Erik Fink,NO,e.f.eriksen@medisin.uio.no,oslo,,
994,Skarpen,Ellen,NO,ellen.skarpen@medisin.uio.no,n- oslo,,
995,Vollset,S E,NO,,bergen,,
996,Bjørge,T,NO,,bergen,,
997,Johannessen,Bjarne,NO,,oslo,,
998,Sveen,Anita,NO,,oslo,,
999,Skotheim,Rolf I,NO,,university of oslo,,
1000,Cabo,Rona,NO,,kristiansand,,
1001,Søvik,A K,NO,anne.sovik@bioforsk.no,as,,
1002,Morseth,Bente,NO,bente.morseth@uit.no.,tromsø,,
1003,Graff-Iversen,Sidsel,NO,,oslo,,
1004,Jacobsen,Bjarne K,NO,,tromsø,,
1005,Jørgensen,Lone,NO,,tromsø,,
1006,Nyrnes,Audhild,NO,,tromsø,,
1007,Løchen,Maja-Lisa,NO,,tromsø,,
1008,Amundsen,Per-Arne,NO,,tromsø,,
1009,Håti,Armend Gazmeno,NO,,trondheim,,
1010,Aachmann,Finn Lillelund,NO,,trondheim,,
1011,Stokke,Bjørn Torger,NO,,trondheim,,
1012,Skjåk-Bræk,Gudmund,NO,,trondheim,,
1013,Sletmoen,Marit,NO,,trondheim,,
1014,Grøntvedt,T,NO,,trondheim university hospital,,
1015,Langsrud,Solveig,NO,,n- ås,,
1016,Heir,Even,NO,,n- ås,,
1017,Rode,Tone Mari,NO,,n- ås,,
1018,Myhre,H O,NO,,trondheim university clinic,,
1019,Helseth,Ragnhild,NO,,0316 oslo,,
1020,Solheim,Svein,NO,,0424 oslo,,
1021,Opstad,Trine,NO,,0316 oslo,,
1022,Hoffmann,Pavel,NO,,0424 oslo,,
1023,Arnesen,Harald,NO,,0316 oslo,,
1024,Seljeflot,Ingebjørg,NO,,0316 oslo,,
1025,Skogen,B,NO,,university hospital of tromsø,,
1026,Helle,S I,NO,,n-,,
1027,Nrugham,Latha,NO,latha.nrugham@medisin.uio.no,oslo,,
1028,Birkeland,Marianne S,NO,,oslo,,
1029,Blix,Ines,NO,,oslo,,
1030,Solberg,Øivind,NO,,oslo,,
1031,Heir,Trond,NO,,oslo,,
1032,Reed,R K,NO,,university of bergen,,
1033,Samari,H R,NO,,n- oslo,,
1034,Lien,S,NO,,aas-nlh,,
1035,Gauslaa,Yngvar,NO,yngvar.gauslaa@umb.no,no-1432 as,,
1036,Solheim,Nina,NO,,oslo,,
1037,Rosseland,Leiv Arne,NO,,oslo,,
1038,Kolbjørnsen,Øyvor,NO,,oslo,,
1039,Bergsjø,Bjarne,NO,,oslo,,
1040,Sveen,Jeanette,NO,,kløfta,,
1041,Anderssen,Norman,NO,,bergen,,
1042,Malterud,Kirsti,NO,,bergen,,
1043,Cekaite,Lina,NO,,n- oslo,,
1044,Aarsland,D,NO,aarsland@netpower.no,stavanger,,
1045,Gjengstø,Peder,NO,,bergen,,
1046,Peng,Qian,NO,,oslo,,
1047,Ekelund,Ulf,NO,,oslo,,
1048,Bohnhorst,Janne Ø,NO,janne.bohnhorst@labmed.uio.no,oslo,,
1049,Nissen,Alexander,NO,,oslo,,
1050,Langberg,C W,NO,,oslo,,
1051,Gauslaa,Yngvar,NO,yngvar.gauslaa@umb.no,n-1432 ås,,
1052,Romøren,Maria,NO,,tønsberg,,
1053,Gjelstad,Svein,NO,,oslo,,
1054,Lindbæk,Morten,NO,,oslo,,
1055,Bjerre,A,NO,,rikshospitalet,,
1056,Moum,B,NO,,fredrikstad,,
1057,Veltman,Karin,NO,karin.veltman@ntnu.no,trondheim,,
1058,Grøndahl,A M,NO,,oslo,,
1059,Wang,Ying,NO,,columbia,,
1060,Chen,Shujie,NO,,columbia,,
1061,Zhang,Jiajia,NO,,columbia,,
1062,Zhang,Yanan,NO,,columbia,,
1063,Ernstsen,Linda,NO,,trondheim,,
1064,Kosinski,Pawel,NO,,n- bergen,,
1065,Donnem,Tom,NO,,tromso,,
1066,Busund,Lill-Tove,NO,,tromso,,
1067,Bremnes,Roy M,NO,,tromso,,
1068,Al-Saad,Samer,NO,,tromso,,
1069,Andersen,Sigve,NO,,tromso,,
1070,Richardsen,Elin,NO,,tromso,,
1071,Dahl,O E,NO,,oslo,,
1072,Egenberg,Signe,NO,signe.egenberg@sus.no,stavanger university hospital,,
1073,Bjerke,Soen Eng Y,NO,eng@online.no,oslo,,
1074,Fylkesnes,K,NO,,university of tromsø,,
1075,Ahuja,Ishita,NO,,no- trondheim,,
1076,Rohloff,Jens,NO,,no- trondheim,,
1077,Halle,Kari K,NO,,trondheim,,
1078,Hoang,Linh,NO,,trondheim,,
1079,Bones,Atle M,NO,,no- trondheim,,
1080,Espinosa,Aurora,NO,,trondheim,,
1081,Stenseth,Roar,NO,,trondheim,,
1082,Videm,Vibeke,NO,,trondheim,,
1083,Pleym,Hilde,NO,,trondheim,,
1084,Chokotho,Linda,NO,,bergen,,
1085,Hallan,Geir,NO,,bergen,,
1086,Gjertsen,Jan-Erik,NO,,bergen,,
1087,Young,Sven,NO,,bergen,,
1088,Stranger-Johannessen,M,NO,,oslo,,
1089,Skaare,A,NO,,university of oslo,,
1090,Anglès d'Auriac,M B,NO,,n- oslo,,
1091,Karlsson,Stig,NO,,oslo,,
1092,Mariussen,Espen,NO,espen.mariussen@ffi.no,kjeller,,
1093,Anker,G B,NO,,n- bergen,,
1094,Klepp,O,NO,,trondheim university hospital,,
1095,Degerud,Eirik,NO,,bergen,,
1096,Nygård,Ottar,NO,,bergen,,
1097,de Vogel,Stefan,NO,,bergen,,
1098,Hoff,Rune,NO,,oslo,,
1099,Svingen,Gard Frodahl Tveitevåg,NO,,bergen,,
1100,Pedersen,Eva Ringdal,NO,,bergen,,
1101,Nilsen,Dennis Winston Trygve,NO,,bergen,,
1102,Nordrehaug,Jan Erik,NO,,bergen,,
1103,Midttun,Øivind,NO,,bergen,,
1104,Ueland,Per Magne,NO,,bergen,,
1105,Dierkes,Jutta,NO,,bergen,,
1106,Lukic,Marko,NO,,tromsø,,
1107,Licaj,Idlir,NO,,tromsø,,
1108,Weiderpass,Elisabete,NO,,tromsø,,
1109,Rogne,Marie,NO,,oslo,,
1110,Svaerd,Oksana,NO,,oslo,,
1111,Madsen-Østerbye,Julia,NO,,oslo,,
1112,Hashim,Adnan,NO,,oslo,,
1113,Tjønnfjord,Geir E,NO,,oslo,,
1114,Staerk,Judith,NO,,oslo,,
1115,Hvaal,K,NO,kjetil.hvaal@rh.uio.no,university of oslo,,
1116,Bergsjø,P,NO,,university of bergen,,
1117,Hortemo,Kristin Halvorsen,NO,,oslo,,
1118,Aronsen,Jan Magnus,NO,,oslo,,
1119,Sjaastad,Ivar,NO,,oslo,,
1120,Lunde,Per Kristian,NO,,oslo,,
1121,Sejersted,Ole M,NO,,oslo,,
1122,Doix,Aude-Clémence M,NO,,trondheim,,
1123,Meyer,Haakon E,NO,,oslo,,
1124,Nakken,Britt,NO,,oslo,,
1125,Huszthy,Peter C,NO,,oslo,,
1126,Fossum,Even,NO,,oslo,,
1127,Szodoray,Peter,NO,,oslo,,
1128,Kaasa,Stein,NO,,trondheim,,
1129,Klepstad,Päl,NO,,trondheim,,
1130,Vindenes,H,NO,,haukeland hospital,,
1131,Lindberg,H,NO,,oslo,,
1132,Elvebakk,Ole,NO,,oslo,,
1133,Staal,Odd Martin,NO,,trondheim,,
1134,Kalvøy,Håvard,NO,,oslo,,
1135,Høgetveit,Jan Olav,NO,,oslo,,
1136,Jenssen,Trond Geir,NO,,oslo,,
1137,Birkeland,Kåre Inge,NO,,oslo,,
1138,Martinsen,Ørjan G,NO,,oslo,,
1139,Lyng,Emily,NO,,stavanger,,
1140,Pampanin,Daniela M,NO,,n-4036 stavanger,,
1141,Piehler,Armin P,NO,armin.piehler@medisin.uio.no,oslo,,
1142,Ringdal,Kjetil Gorseth,NO,kjetil.ringdal@norskluftambulanse.no,n- drøbak,,
1143,Rolstad,J,NO,,n-,,
1144,Wegge,P,NO,,n-,,
1145,Gaarder,Mario,NO,uxgaam@ous-hf.no.,oslo,,
1146,Seierstad,Therese,NO,,oslo,,
1147,Søreng,Robin,NO,,oslo,,
1148,Drolsum,Anders,NO,,oslo,,
1149,Begum,Kubra,NO,,oslo,,
1150,Dormagen,Johann Baptist,NO,,oslo,,
1151,Henriksen,A Z,NO,,university of trondheim,,
1152,Sørlie,Therese,NO,,oslo,,
1153,Tandberg,A,NO,anne.tandberg@isf.uib.no,bergen,,
1154,Torgersen,Svenn,NO,,oslo,,
1155,Eriksen,H R,NO,,university of bergen,,
1156,Dahl-Michelsen,Tone,NO,,oslo,,
1157,Louch,William E,NO,,oslo,,
1158,Mastekaasa,Arne,NO,arne.mastekaasa@sosiologi.uio.no,n-0317 oslo,,
1159,Laird,Barry J,NO,,trondheim,,
1160,Fasmer,Ole Bernt,NO,,bergen,,
1161,Johansen,Espen Borgå,NO,espenborga.johansen@hioa.no.,oslo,,
1162,Uhlig,B L,NO,benjamin.l.uhlig@ntnu.no.,trondheim,,
1163,Sand,T,NO,,trondheim,,
1164,Nilsen,T I,NO,,trondheim,,
1165,Mork,P J,NO,,trondheim,,
1166,Hagen,K,NO,,trondheim,,
1167,Sente,Celsus,NO,,no- tingvoll,,
1168,Grimstad,Øystein,NO,,tromsø,,
1169,Bjelland,Mona,NO,mona.bjelland@medisin.uio.no.,no-0316 oslo,,
1170,Hommelstad,Jorunn,NO,,oslo,,
1171,Lyngby,Janne,NO,,n- oslo,,
1172,Hassellund,Skjalg S,NO,skjalsh@medisin.uio.no,n- oslo,,
1173,David,Florent,NO,,oslo,,
1174,Dalgard,Odd Steffen,NO,odd.steffen.dalgard@fhi.no.,oslo,,
1175,Rimehaug,Tormod,NO,,norwegian university of science and technology (ntnu),,
1176,Blichfeldt,T,NO,,as-nlh,,
1177,Larsson,Bo,NO,bo.larsson@ntnu.no.,trondheim,,
1178,Rybkin,Vladimir V,NO,,oslo,,
1179,Onsrud,M,NO,mathiaso@frisurf.no,trondheim,,
1180,Amlie,Jan Peder,NO,,rikshospitalet,,
1181,Melinder,Annika,NO,,oslo,,
1182,Larsson,Bo,NO,,trondheim,,
1183,Tanum,Lars,NO,,lørenskog,,
1184,Kjekshus,John,NO,,oslo,,
1185,Pedersen,Terje R,NO,,oslo,,
1186,Sioud,Mouldy,NO,,a department of immunology; institute for cancer research ; oslo university hospital ; montebello,,
1187,Landskron,Johannes,NO,,oslo,,
1188,Taskén,Kjetil,NO,kjetil.tasken@ncmm.uio.no.,oslo,,
1189,Flåøyen,A,NO,,oslo,,
1190,Hansen,Haakon,NO,,oslo,,
1191,Lundbom,J,NO,,trondheim,,
1192,Skeie,B,NO,,university of oslo,,
1193,Gjønnaess,H,NO,,oslo,,
1194,Lund-Johansen,P,NO,,haukeland hospital,,
1195,Lindal,S,NO,patsl@rito.no,university hospital of tromsø,,
1196,Mehus,Grete,NO,grete.mehus@uit.no.,the arctic university of norway,,
1197,Germeten,Sidsel,NO,sidsel.germeten@uit.no.,the arctic university of norway,,
1198,Henriksen,Nils,NO,nils.henriksen@uit.no.,the arctic university of norway,,
1199,Andersson,Yvonne,NO,,oslo,,
1200,Klepstad,Pål,NO,pal.klepstad@ntnu.no.,trondheim,,
1201,Gundersen,Thomas E,NO,teg@vitas.no,n-0316 oslo,,
1202,Skartland,Liv Kjersti,NO,,no-5020 bergen,,
1203,Stefansson,Axel,NO,,elverum,,
1204,Eggebø,Torbjørn M,NO,tme@lyse.net,stavanger,,
1205,Larun,L,NO,lillebeth.larun@nokc.no,no-0031 oslo,,
1206,Chen,Jian,NO,jian.chen@med.uib.no,bergen,,
1207,Strømsøe,Knut,NO,kstromso@ioks.uio.no,oslo,,
1208,Gordeladze,J O,NO,,oslo,,
1209,Hervig,T,NO,,bergen,,
1210,Nossum,Randi,NO,,trondheim,,
1211,Sathananthan,B,NO,,university of bergen,,
1212,Ferrara,Lindsay,NO,,trondheim,,
1213,Köder,Franziska,NO,,university of oslo,,
1214,Torp,R,NO,,university of oslo,,
1215,Weiderpass,Elisabete,NO,,tromsø,,
1216,Johannesen,Tom Børge,NO,,majorstuen,,
1217,Aase,Heidi,NO,,no-0403 oslo,,
1218,Biele,Guido,NO,,no-0403 oslo,,
1219,Brantsæter,Anne Lise,NO,,no-0403 oslo,,
1220,Haugen,Margaretha,NO,,no-0403 oslo,,
1221,Kvalem,Helen Engelstad,NO,,no- oslo,,
1222,Skogan,Annette Holth,NO,,no-3004 drammen,,
1223,Zeiner,Pål,NO,,no-0424 oslo,,
1224,Alexander,Jan,NO,,no-0403 oslo,,
1225,Meltzer,Helle Margrete,NO,,no-0403 oslo,,
1226,Knutsen,Helle K,NO,,no-0403 oslo,,
1227,Ljøstad,Unn,NO,unn.ljostad@sshf.no,sørlandet sykehus kristiansand,,
1228,Skaar,Johannes,NO,johannes.skaar@iet.ntnu.no,trondheim,,
1229,Holmeslet,B,NO,,trondheim,,
1230,Klaksvik,J,NO,,trondheim,,
1231,Goplen,F,NO,,bergen,,
1232,Bugten,V,NO,,trondheim,,
1233,Foss,O A,NO,,trondheim,,
1234,Hjermstad,M,NO,,oslo,,
1235,Samdal,H H,NO,,oslo,,
1236,Alho,A,NO,,university of oslo,,
1237,Salvesen,K Å,NO,,trondheim,,
1238,Rasmussen,Mads Skytte,NO,,tromsø,,
1239,Birgisdottir,Åsa Birna,NO,,tromsø,,
1240,Johansen,Terje,NO,terje.johansen@uit.no.,tromsø,,
1241,Daae,Elisabeth,NO,,oslo,,
1242,Feragen,Kristin Billaud,NO,,oslo,,
1243,Nermoen,Ingrid,NO,,lørenskog,,
1244,Gjerde,Bjørn,NO,bjorn.gjerde@nmbu.no.,oslo,,
1245,Tanbo,Tom G,NO,,oslo,,
1246,Mortensen,K E,NO,kimem@fagmed.uit.no,tromsoe,,
1247,Schistad,Elina Iordanova,NO,uxioel@ous-hf.no.,oslo,,
1248,Bjorland,Siri,NO,,oslo,,
1249,Røe,Cecilie,NO,,oslo,,
1250,Gjerstad,Johannes,NO,,oslo,,
1251,Vetti,Nils,NO,,bergen,,
1252,Myhre,Kjersti,NO,,oslo,,
1253,Espeland,Ansgar,NO,,bergen,,
1254,Petersen,F C,NO,cpaiva@odont.uio.no,n oslo,,
1255,Bakken,A M,NO,,university of bergen,,
1256,Wiik,R,NO,,university of bergen,,
1257,d'Errico,Francesco,NO,,5007 bergen,,
1258,Bjertness,Espen,NO,,oslo,,
1259,Refsum,Helga,NO,,oslo,,
1260,Östenstad,Björn,NO,,oslo,,
1261,Holte,Harald,NO,,oslo,,
1262,Wader,Karin,NO,,trondheim,,
1263,Delabie,Jan,NO,,oslo,,
1264,Surén,Pål,NO,pal.suren@fhi.no,oslo,,
1265,Jorde,Rolf,NO,rolf.jorde@unn.no,tromsø,,
1266,Kristoffersen,Ann-Helen,NO,ann.kristoffersen@helse-bergen.no,bergen,,
1267,Iversen,Svein A,NO,,bergen,,
1268,Engås,Arill,NO,,bergen,,
1269,Nordrum,Sigve,NO,,oslo,,
1270,Krafft,Bjørn A,NO,,bergen,,
1271,Ulvestad,Asbjørn,NO,asbjorn.ulvestad@ife.no.,kjeller,,
1272,Andersen,Hanne Flåten,NO,,kjeller,,
1273,Mæhlen,Jan Petter,NO,,kjeller,,
1274,Prytz,Øystein,NO,,oslo,,
1275,Kirkengen,Martin,NO,,kjeller,,
1276,Wisløff,Torbjørn,NO,tow@nokc.no,oslo,,
1277,Berge,Tone,NO,,oslo,,
1278,Sonnewald,U,NO,,trondheim,,
1279,Aberg,Espen,NO,,n- tromsø,,
1280,Olsen,Gro H,NO,,no- trondheim,,
1281,Heir,Stig,NO,stighei@online.no,bærum,,
1282,Merok,M A,NO,,oslo,,
1283,Nesbakken,A,NO,,oslo,,
1284,Romundstad,P,NO,,trondheim,,
1285,Vatten,L J,NO,,trondheim,,
1286,Taraldsen,Gunnar,NO,gunnar.taraldsen@sintef.no,n- trondheim,,
1287,Dahl,Hanne-Sofie Johnsen,NO,h.s.dahl@medisin.uio.no,oslo,,
1288,Shumilina,Elena,NO,,norwegian university of science and technology (ntnu),,
1289,Dykyy,Anastasiya,NO,,norwegian university of science and technology (ntnu),,
1290,Bergland,Astrid,NO,astrid.bergland@hf.hio.no,oslo,,
1291,Aabakken,L,NO,larsaa@klinmed.uio.no,oslo,,
1292,Bryceson,Yenan T,NO,,bergen,,
1293,Otnæss,M K,NO,,university of oslo,,
1294,Hazlerigg,David,NO,,tromsø,,
1295,Hedfors,Ida Aagård,NO,,oslo,,
1296,Klaastad,Oivind,NO,oivind.klaastad@medisin.uio.no,oslo,,
1297,Rajan,Binoy,NO,,bodø,,
1298,Couturier,Christine S,NO,,oslo,,
1299,Nilsson,Göran E,NO,,oslo,,
1300,Dalhus,,NO,bjornda@kjemi.uio.no,n-0315 oslo,,
1301,de Weerd,Louis,NO,louis.de.weerd@unn.no,tromsø,,
1302,Lysvand,Hilde,NO,,trondheim,,
1303,Slupphaug,Geir,NO,,trondheim,,
1304,Wirz,Lukas N,NO,,0315 oslo,,
1305,van Dulmen,Sandra,NO,,drammen,,
1306,Yimer,Solomon A,NO,,oslo,,
1307,Holm-Hansen,Carol,NO,,oslo,,
1308,Storla,Dag G,NO,,oslo,,
1309,Bjune,Gunnar A,NO,,oslo,,
1310,Mylvaganam,H,NO,haima.mylvaganam@cih.uib.no,bergen,,
1311,Krokene,Paal,NO,,ås,,
1312,Mathisen,Gro H,NO,,oslo,,
1313,Bastani,Nasser Ezzathkah,NO,n.e.bastani@medisin.uio.no,oslo,,
1314,Maple,Jodi,NO,,stavanger,,
1315,Molden,Tor,NO,t.e.f.molden@medisin.uio.no,oslo,,
1316,Kindberg,G M,NO,,university of oslo,,
1317,Hilde,Gunvor,NO,,lørenskog,,
1318,Onsøyen,Edvar,NO,,sandvika,,
1319,Rye,Philip D,NO,,sandvika,,
1320,Håkerud,Monika,NO,,0310 oslo,,
1321,Lundervold,A J,NO,,oslo,,
1322,Görbitz,C H,NO,,university of oslo,,
