temp_id,lastname,firstname,countries_scope,email,town,role,url
1,Nakstad,A R,NO,,nordbyhagen,,
2,Magnus,Maria Christine,NO,,oslo,,
3,Størdal,Ketil,NO,,fredrikstad,,
4,Hövelmann,J,NO,j.e.hovelmann@fys.uio.no,oslo,,
5,Jenum,Anne Karen,NO,,oslo,,
6,Hadler-Olsen,Elin,NO,elin.hadler-olsen@uit.no,university of tromsø,,
7,Andersen,Gidske L,NO,gidske.andersen@bio.uib.no,bergen,,
8,Risa,Christina F,NO,christina.f.risa@uis.no,stavanger,,
9,Hogasen,Helga Rachel,NO,helga.hogasen@vetinst.no,oslo,,
10,Meager,Justin J,NO,justin.meager@bio.uib.no,bergen 5020,,
11,Nes,Andréa A G,NO,andrea.nes@hioa.no.,oslo,,
12,van Dulmen,Sandra,NO,,drammen,,
13,Fors,Egil A,NO,,trondheim,,
14,Eide,Hilde,NO,,drammen,,
15,Gjertsen,B T,NO,,university of bergen,,
16,Abdelnoor,M,NO,,university of oslo,,
17,El Yamani,Naouale,NO,,kjeller,,
18,Rundén-Pran,Elise,NO,,kjeller,,
19,Bronnick,Kolbjorn,NO,bronnick@gmail.com,helse stavanger,,
20,Bakke,P S,NO,,university of bergen,,
21,Helgaker,Trygve,NO,,n-0315 oslo,,
22,Chen,De,NO,,trondheim,,
23,Qin,Ping,NO,ping.qin@medisin.uio.no.,oslo,,
24,Skomedal,T,NO,,university of oslo,,
25,Sand,T,NO,,regionsykehuset,,
26,Jørgensen,J J,NO,,oslo,,
27,Torp,R,NO,torp@basalmed.uio.no,oslo,,
28,Jentoft,Sissel,NO,sissel.jentoft@umb.no,department of mathematical sciences and technology,,
29,Aaker,E,NO,,haukeland university hospital,,
30,Rogeberg,Magnus,NO,magnus.rogeberg@kjemi.uio.no,oslo,,
31,Ryeng,Hege,NO,,n- tromsø,,
32,Steine,S,NO,,university of oslo,,
33,Alnaes,R,NO,,university of oslo,,
34,Thorsby,P M,NO,per.thorsby@h-lab.no,oslo,,
35,Kaada,B,NO,,stavanger,,
36,Berdal,K G,NO,,university of oslo,,
37,Rudvin,Inger,NO,inger.rudvin@phys.ntnu.no,trondheim,,
38,Acharya,G,NO,,tromsø,,
39,Solemdal,Kirsten,NO,kirsso@odont.uio.no.,0317 oslo,,
40,Jorde,Rolf,NO,,8092 bodø,,
41,Sollid,Stina T,NO,,8092 bodø,,
42,Svartberg,Johan,NO,,8092 bodø,,
43,Schirmer,Henrik,NO,,8092 bodø,,
44,Joakimsen,Ragnar M,NO,,8092 bodø,,
45,Njølstad,Inger,NO,,8092 bodø,,
46,Fuskevåg,Ole M,NO,,8092 bodø,,
47,Figenschau,Yngve,NO,,8092 bodø,,
48,Hutchinson,Moira Y S,NO,,8092 bodø,,
49,Bollerslev,Jens,NO,,oslo,,
50,Aukrust,Pål,NO,,oslo,,
51,Henriksen,Tore,NO,,oslo,,
52,Ueland,Thor,NO,,oslo,,
53,Haugeberg,G,NO,ghaugebe@online.no,kristiansand,,
54,Waalen,K,NO,,the national hospital,,
55,Hjelmeland,Heidi,NO,heidi.hjelmeland@svt.ntnu.no,trondheim,,
56,Sandaa,R A,NO,ruth.sandaa@im.uib.no,bergen,,
57,Aase,A,NO,,dragvoll,,
58,Brorson,S H,NO,,oslo,,
59,Akerjordet,Kristin,NO,kristin.akerjordet@uis.no,stavanger,,
60,Prydz,K,NO,,blindern,,
61,Nafstad,O,NO,ola.nafstad@fagkjott.no,0033 oslo,,
62,Johansen,T,NO,,university of tromsø,,
63,Farstad,M,NO,,university of bergen,,
64,Akbari,Mansour,NO,mansour.akbari@ntnu.no,trondheim,,
65,Møller,Pål,NO,,oslo,,
66,Helene Hem,Marit,NO,m.h.hem@medisin.uio.no,oslo,,
67,Berge,T I,NO,trond.berge@odont.uib.no,university of bergen,,
68,Lewin,Simon,NO,,norwegian knowledge centre for the health services,,
69,Flugsrud,Gunnar B,NO,gunnar.flugsrud@ioks.uio.no,oslo no-,,
70,Rustad,P,NO,prustad@furst.no,no- oslo,,
71,Pedersen,H C,NO,hans.pedesen@nina.no,no- trondheim,,
72,Qureshi,T M,NO,,ås,,
73,Hoffart,Asle,NO,,tønsberg,,
74,Innerå,Marie,NO,marie_inneraa@hotmail.com,finnsnes,,
75,Kauserud,Håvard,NO,haavarka@bio.uio.no,oslo,,
76,Sovik,O,NO,oddmund.sovik@bkb.haukeland.no,bergen,,
77,Torsvik,Harald,NO,,oslo,,
78,Berg,Halldor Felde,NO,,hamar,,
79,Kommisrud,Elisabeth,NO,,hamar,,
80,Bai,Godlove,NO,,hamar,,
81,Gaustad,Eline Rustad,NO,,hamar,,
82,Klinkenberg,Geir,NO,,trondheim,,
83,Standerholen,Fride Berg,NO,,hamar,,
84,Thorkildsen,Lill Therese,NO,,hamar,,
85,Waterhouse,Karin Elisabeth,NO,,hamar,,
86,Ropstad,Erik,NO,,oslo,,
87,Heringstad,Bjørg,NO,,department of animal and aquacultural sciences,,
88,Thiede,Bernd,NO,,oslo,,
89,Baak,Jan P A,NO,,stavanger,,
90,Miletic,Hrvoje,NO,,bergen,,
91,Mørk,Sverre,NO,,bergen,,
92,Staer-Jensen,Jette,NO,jett@ahus.no,lørenskog,,
93,Larsson,P G,NO,,sandvika,,
94,Omland,Turid,NO,turid.omland@rikshospitalet.no,oslo,,
95,Aaseth,J,NO,joaaseth@hotmail.com,kongsvinger hospital,,
96,Nedrebø,Torbjørn,NO,torbjorn.nedrebo@fys.uib.no,n- bergen,,
97,Nieder,Carsten,NO,carsten.nieder@nlsh.no,bodø,,
98,Kåsin,Jan Ivar,NO,jik@flymed.no,oslo,,
99,Norum,Jan,NO,jan.norum@helse-nord.no,tromsø,,
100,Stensvold,Hans Jorgen,NO,,oslo,,
101,Lang,Astri M,NO,,oslo,,
102,Strommen,Kenneth,NO,,oslo,,
103,Abrahamsen,Tore G,NO,,oslo,,
104,Ogland,Bjorn,NO,,oslo,,
105,Pripp,Are H,NO,,oslo,,
106,Ronnestad,Arild E,NO,,oslo,,
107,Kardel,Kristin Reimers,NO,k.r.kardel@medisin.uio.no,oslo,,
108,Hansen,Bjørge Herman,NO,bjorge.herman.hansen@nih.no.,oslo,,
109,Anderssen,Sigmund Alfred,NO,,oslo,,
110,Andersen,Lars Bo,NO,,oslo,,
111,Hildebrand,Maria,NO,,oslo,,
112,Kolle,Elin,NO,,oslo,,
113,Steene-Johannessen,Jostein,NO,,oslo,,
114,Ekelund,Ulf,NO,,oslo,,
115,Grigalavicius,Mantas,NO,,n- oslo,,
116,Juraleviciute,Marina,NO,,n- oslo,,
117,Dankel,Dorothy J,NO,,5020 bergen,,
118,Delgado,Ana,NO,,5020 bergen,,
119,Strand,Roger,NO,,5020 bergen,,
120,Bjørklund,Geir,NO,bjorklund@conem.org.,mo i rana,,
121,Carlsen,Kai-Håkon,NO,,oslo,,
122,Lødrup Carlsen,Karin C,NO,,oslo,,
123,Micci,Francesca,NO,,oslo,,
124,Gjesdal,Sturla,NO,sturla.gjesdal@isf.uib.no,university of bergen,,
125,Pélabon,Christophe,NO,christophe.pelabon@ntnu.no,trondheim,,
126,Mellegård,H,NO,,oslo,,
127,Kielland,Live Gran,NO,,university of bergen,,
128,Høglend,Per,NO,p.a.hoglend@medisin.uio.no,oslo,,
129,Aabakken,L,NO,larsaa@medisin.uio.no,oslo,,
130,Jacobsen,Henrik B,NO,,trondheim,,
131,Myhre,Kjersti,NO,kjersti.myhre@medisin.uio.no.,oslo,,
132,Lau,Bjørn,NO,,oslo,,
133,Marchand,Gunn Hege,NO,,trondheim,,
134,Leivseth,Gunnar,NO,,trondheim,,
135,Bautz-Holter,Erik,NO,,oslo,,
136,Røe,Cecilie,NO,,oslo,,
137,Chi,Heng,NO,,n- tromsø,,
138,Bjaalie,J G,NO,,university of oslo,,
139,Burri,Lena,NO,,aker biomarine asa oslo,,
140,Trommald,M,NO,,university of oslo,,
141,Oterhals,Kjersti,NO,,bergen,,
142,Haaverstad,Rune,NO,,bergen,,
143,Nordrehaug,Jan Erik,NO,,bergen,,
144,Eide,Geir Egil,NO,,bergen,,
145,Norekvål,Tone M,NO,,bergen,,
146,Rohde,Kerstin,NO,,lørenskog,,
147,Böttcher,Yvonne,NO,yvonne.bottcher@medisin.uio.no.,lørenskog,,
148,Røssvoll,Elin,NO,,n- oslo,,
149,Røtterud,Ole-Johan,NO,,n- oslo,,
150,Alvseike,Ole,NO,,n- oslo,,
151,Brunborg,Geir Scott,NO,,oslo,,
152,Mentzoni,Rune Aune,NO,,bergen,,
153,Frøyland,Lars Roar,NO,,oslo,,
154,Brendryen,Håvar,NO,haavabre@medisin.uio.no.,oslo,,
155,Huitfeldt,H S,NO,,university of oslo,,
156,Rossow,I,NO,,oslo,,
157,Du,Qing,NO,,oslo,,
158,Vedeler,C A,NO,,university of bergen,,
159,Kolár,Filip,NO,,no- oslo,,
160,Samuelsen,Jan Tore,NO,,oslo,,
161,Michelsen,Vibeke Barman,NO,,bergen,,
162,Bruun,Jack-Ansgar,NO,,tromsø,,
163,Dahl,Jon E,NO,,oslo,,
164,Jensen,Einar,NO,,tromsø,,
165,Örtengren,Ulf,NO,,tromsø,,
166,Stavem,Knut,NO,,oslo,,
167,Hansen,Thomas,NO,,oslo,,
168,Slagsvold,Britt,NO,,oslo,,
169,Veenstra,Marijke,NO,,oslo,,
170,Husebo,Bettina S,NO,,bergen,,
171,Flo,Elisabeth,NO,,bergen,,
172,Achterberg,Wilco P,NO,,bergen,,
173,Tenstad,O,NO,,university of bergen,,
174,Heggdal,Peder O Laugen,NO,pederheggdal@gmail.com,bergen,,
175,Bråten,,NO,,university of oslo,,
176,Zoppellaro,Giorgio,NO,,oslo no-0316,,
177,Inami,Makoto,NO,makoto.inami@uit.no,tromsø,,
178,Hassel,Bjørnar,NO,bjornar.hassel@ffi.no,ullevål,,
179,Skårderud,Finn,NO,finns@online.no,lillehammer,,
180,Hinderaker,S G,NO,,bergen,,
181,Langslet,Gisle,NO,,oslo,,
182,Ose,Leiv,NO,,oslo,,
183,Skåtun,Kristina C,NO,,oslo,,
184,Kaufmann,Tobias,NO,,oslo,,
185,Doan,Nhat Trung,NO,,oslo,,
186,Alnæs,Dag,NO,,oslo,,
187,Córdova-Palomera,Aldo,NO,,oslo,,
188,Jönsson,Erik G,NO,,oslo,,
189,Melle,Ingrid,NO,,oslo,,
190,Andreassen,Ole A,NO,,oslo,,
191,Agartz,Ingrid,NO,,oslo,,
192,Westlye,Lars T,NO,,oslo,,
193,Hilt,B,NO,,porsgrunn,,
194,Shi,Mingshu,NO,,trondheim,,
195,Ellingsen,Øyvind,NO,,trondheim,,
196,Bathen,Tone Frost,NO,,trondheim,,
197,Høydal,Morten A,NO,,trondheim,,
198,Wisløff,Ulrik,NO,,trondheim,,
199,Stølen,Tomas O,NO,,trondheim,,
200,Esmaeili,Morteza,NO,,trondheim,,
201,Nossen,Ida,NO,,trondheim,,
202,Ciesielski,Tomasz M,NO,,trondheim,,
203,Dimmen,Malene V,NO,,trondheim,,
204,Jensen,Henrik,NO,,trondheim,,
205,Ringsby,Thor Harald,NO,,trondheim,,
206,Polder,Anuschka,NO,,ås,,
207,Rønning,Bernt,NO,,trondheim,,
208,Jenssen,Bjørn M,NO,,trondheim,,
209,Fjellsbø,Lise Marie,NO,,kjeller,,
210,Brustad,M,NO,magritt.brustad@ism.uit.no,university of tromsø,,
211,Torp,S,NO,steffen.torp@hive.no,n-3103 tønsberg,,
212,Quintana,D S,NO,,oslo,,
213,Westlye,L T,NO,,oslo,,
214,Hope,S,NO,,oslo,,
215,Nærland,T,NO,,oslo,,
216,Elvsåshagen,T,NO,,oslo,,
217,Dørum,E,NO,,oslo,,
218,Rustan,Ø,NO,,oslo,,
219,Valstad,M,NO,,oslo,,
220,Rezvaya,L,NO,,oslo,,
221,Lishaugen,H,NO,,oslo,,
222,Stensønes,E,NO,,oslo,,
223,Yaqub,S,NO,,oslo,,
224,Smerud,K T,NO,,oslo,,
225,Djupesland,P G,NO,,oslo,,
226,Andreassen,O A,NO,,oslo,,
227,Hofoss,Dag,NO,dhofoss@heltef.no,n- nordbyhagen,,
228,Løberg,Else-Marie,NO,else.marie.loeberg@psych.uib.no,university of bergen bergen,,
229,Bogen,Bjarne,NO,,oslo,,
230,Torsetnes,Silje Bøen,NO,,oslo,,
231,Kampen,Annette H,NO,annette.kampen@vetinst.no,oslo,,
232,Jokstad,Asbjørn,NO,,oslo,,
233,Bains,R,NO,r.s.bains@klinmed.uio.no,oslo,,
234,Radun,Igor,NO,igor.radun@su.se.,trondheim,,
235,Kaistinen,Jyrki,NO,,trondheim,,
236,Lajunen,Timo,NO,,trondheim,,
237,Chaibi,Aleksander,NO,,oslo,,
238,Šaltytė Benth,Jūratė,NO,,oslo,,
239,Bjørn Russell,Michael,NO,,oslo,,
240,Reichelt,K L,NO,k.l.reichelt@lkinmed.uio.no,n- oslo,,
241,Fadnes,Lars T,NO,,bergen,,
242,Diaz,Esperanza,NO,,bergen,,
243,Edvardsen,Thor,NO,,oslo,,
244,Hoover,Frank,NO,frank.hoover@vir.uib.no,university of oslo,,
245,Gjerberg,Elisabeth,NO,elisabeth.gjerberg@medisin.uio.no.,university of oslo,,
246,Lillemoen,Lillian,NO,,university of oslo,,
247,Pedersen,Reidar,NO,,university of oslo,,
248,Førde,Reidun,NO,,university of oslo,,
249,Knudsen,Markus Dines,NO,markus.knudsen@kreftregisteret.no.,cancer registry of norway,,
250,Hjartåker,Anette,NO,,oslo,,
251,de Lange,Thomas,NO,,cancer registry of norway,,
252,Hoff,Geir,NO,,cancer registry of norway,,
253,Berstad,Paula,NO,,cancer registry of norway,,
254,Bernhoff,Eva,NO,,n- tromsø,,
255,Sundhagen,Henriette Pisani,NO,,bergen,,
256,Almeland,Stian Kreken,NO,,bergen,,
257,Klepp,Knut-Inge,NO,,oslo,,
258,Wold,Bente,NO,,bergen,,
259,Lien,Nanna,NO,,oslo,,
260,Robinson,Roar,NO,robinso@online.no,bergen,,
261,Bjerkan,L,NO,leif.bjerkan@ecy.sintef.no,n- trondheim,,
262,Degré,M,NO,,university of oslo,,
263,Aasheim,B,NO,,university of oslo,,
264,Rødningen,O K,NO,,oslo,,
265,Prescott,T E,NO,,oslo,,
266,Strand,Linn Beate,NO,,trondheim,,
267,Brumpton,Ben M,NO,,trondheim,,
268,Larsen,Helge B,NO,,stavanger,,
269,Michoel,Tom,NO,tom.michoel@roslin.ed.ac.uk.,bergen,,
270,Brandtzaeg,P,NO,,rikshospitalet,,
271,Bachmann,Ingeborg M,NO,,bergen,,
272,Thom,Erling,NO,,oslo,,
273,Andersson,H W,NO,heland@alfa.avh.unit.no,university of trondheim,,
274,Djurovic,Srdjan,NO,,oslo,,
275,Melle,Ingrid,NO,,oslo,,
276,Sundet,Kjetil,NO,,oslo,,
277,Christoforou,Andrea,NO,,bergen,,
278,Reinvang,Ivar,NO,,oslo,,
279,Lundervold,Astri,NO,,university of bergen,,
280,Steen,Vidar M,NO,,bergen,,
281,Espeseth,Thomas,NO,,oslo,,
282,Le Hellard,Stephanie,NO,,bergen,,
283,Andreassen,Ole A,NO,,oslo,,
284,Rørholt,Marianne,NO,,østfold hospital trust,,
285,Ghanima,Waleed,NO,,østfold hospital trust,,
286,Wernhoff,Patrik,NO,,lørenskog,,
287,Hovig,Eivind,NO,,oslo,,
288,Møller,Pål,NO,,oslo,,
289,Dominguez-Valentin,Mev,NO,mev.dominguez.valentin@rr-research.no.,oslo,,
290,Rise,J,NO,,university of bergen,,
291,Lehmann,Stine,NO,,tønsberg,,
292,Heiervang,Einar R,NO,,oslo,,
293,Havik,Toril,NO,,bergen,,
294,Havik,Odd E,NO,,bergen,,
295,Klinge,R,NO,randi.klinge@klinmed.uio.no,university of oslo,,
296,Davidson,Ben,NO,bend@medisin.uio.no,n- oslo,,
297,Rise,Marit By,NO,,trondheim,,
298,Eide,Ivar A,NO,,oslo,,
299,Reinholt,Finn P,NO,,oslo,,
300,Jenssen,Trond,NO,,oslo,,
301,Hartmann,Anders,NO,,oslo,,
302,Åsberg,Anders,NO,,lørenskog,,
303,Bergan,Stein,NO,,oslo,,
304,Brabrand,Knut,NO,,oslo,,
305,Svensson,My,NO,,lørenskog,,
306,Strand,Kari R,NO,,oslo no-0316,,
307,Busch,Mari V,NO,,tromsø,,
308,Olaisen,Sandra,NO,,tromsø,,
309,Bruksås,Ina Jeanette,NO,,tromsø,,
310,Folstad,Ivar,NO,,tromsø,,
311,Omdal,R,NO,,tromsø,,
312,Breivik,Harald,NO,,oslo,,
313,Nygaard,U C,NO,,oslo,,
314,Haug,L S,NO,,oslo,,
315,Grøndahl-Rosado,Ricardo,NO,,n-0033 oslo,,
316,Nilsen,Vegard,NO,,n-1432 ås,,
317,Myrmel,Mette,NO,,n-0033 oslo,,
318,Robertson,Lucy J,NO,,n-0033 oslo,,
319,Wernhoff,Patrik,NO,,oslo,,
320,Møller,Pål,NO,,oslo,,
321,Hovig,Eivind,NO,,oslo,,
322,Dominguez-Valentin,Mev,NO,,oslo,,
323,Tamnes,Christian K,NO,,n-0317 oslo,,
324,Takle,Harald,NO,harald.takle@akvaforsk.no,n-1432 aas,,
325,Pilipczuk,Michał,NO,,bergen,,
326,Strenalyuk,Tatyana,NO,,no-0315 oslo,,
327,Krogdahl,Åshild,NO,,n- oslo,,
328,Gajardo,Karina,NO,,n- oslo,,
329,Kortner,Trond M,NO,,n- oslo,,
330,Berge,Gerd Marit,NO,,n- sunndalsøra,,
331,Bakke,Anne Marie,NO,,n- oslo,,
332,Dusinska,Maria,NO,,norwegian institute for air research (nilu) oslo,,
333,Collins,Andrew,NO,,university of oslo oslo,,
334,Borgen,Lars,NO,lars.borgen@sb-hf.no,drammen,,
335,Cordonnier,Benoit,NO,,oslo 0316,,
336,Wormnes,Bjørn,NO,bjorn.wormnes@psykp.uib.no,universitetet i bergen,,
337,Ihlebaek,Cecilie,NO,,university of oslo,,
338,Grytten,J,NO,,university of oslo,,
339,Ueland,Per M,NO,,bergen,,
340,Male,R,NO,,university of bergen,,
341,Førre,O,NO,,oslo sanitetsforenings rheumatism hospital,,
342,Birkeland,S,NO,,haukeland hospital,,
343,Bjørgen,Kathrine,NO,,trondheim,,
344,Valen,Anja,NO,,oslo,,
345,Bogstrand,Stig Tore,NO,,oslo,,
346,Vindenes,Vigdis,NO,,oslo,,
347,Gjerde,Hallvard,NO,,oslo,,
348,Engeseth,Kristian,NO,engekr@gmail.com.,university of oslo,,
349,Hodnesdal,Christian,NO,,university of oslo,,
350,Grundvold,Irene,NO,,oslo university hospital,,
351,Liestøl,Knut,NO,,university of oslo,,
352,Gjesdal,Knut,NO,,university of oslo,,
353,Erikssen,Gunnar,NO,,university of oslo,,
354,Kjeldsen,Sverre E,NO,,university of oslo,,
355,Erikssen,Jan E,NO,,university of oslo,,
356,Bodegard,Johan,NO,,ullevaal,,
357,Skretteberg,Per Torger,NO,,university of oslo,,
358,Hølmebakk,Toto,NO,toto.holmebakk@ous-hf.no.,oslo,,
359,Hompland,Ivar,NO,,oslo,,
360,Bjerkehagen,Bodil,NO,,oslo,,
361,Stoldt,Stephan,NO,,oslo,,
362,Bruland,Øyvind Sverre,NO,,oslo,,
363,Hall,Kirsten Sundby,NO,,oslo,,
364,Boye,Kjetil,NO,,oslo,,
365,Birch,Stephen,NO,,oslo,,
366,Salte,R,NO,,akvaforsk (institute of aquaculture research),,
367,Ottersen,Trygve,NO,trygve.ottersen@isf.uib.no,bergen,,
368,Rasmussen,Magnhild,NO,,oslo,,
369,Woldseth,Berit,NO,,oslo,,
370,Lund,Hans,NO,,bergen,,
371,Bachmann-Harildstad,Gregor,NO,gbac@ahus.no,nordbyhagen,,
372,Heimdal,K,NO,kheimdal@labmed.uio.no,oslo,,
373,Tollefsen,Knut E,NO,,norwegian institute for water research (niva),,
374,Jonsson,Malin V,NO,malin.jonsson@odont.uib.no,bergen,,
375,Oxman,Andrew D,NO,oxman@online.no,n-0130 oslo,,
376,Moen,Bente E,NO,,university of bergen,,
377,Nygaard,O P,NO,,university hospital of tromsø,,
378,Støylen,Asbjørn,NO,a-stoe@online.no,trondheim,,
379,Agewall,S,NO,stefan.agewall@medisin.uio.no,oslo,,
380,Bindoff,Laurence A,NO,,bergen,,
381,Storvoll,Elisabet E,NO,,norwegian institute of public health,,
382,Lund,Ingunn Olea,NO,,norwegian institute of public health,,
383,Reinfjell,T,NO,trude.reinfjell@ntnu.no,trondheim,,
384,Bjørngaard,J H,NO,,trondheim,,
385,Bjerkeset,O,NO,,levanger,,
386,Setsaas,Audun,NO,,trondheim,,
387,Straetkvern,K O,NO,,university of bergen,,
388,Tveiten,Øystein Vesterli,NO,,university of bergen,,
389,Lund-Johansen,Morten,NO,,university of bergen,,
390,Kolbjørnsen,O,NO,,oslo,,
391,Jörundsson,E,NO,,oslo,,
392,Benestad,S L,NO,,oslo,,
393,Grotmol,T,NO,,oslo,,
394,Skancke,E,NO,,oslo,,
395,Lie,Nataskja-Elena Kersting,NO,,bergen (dr hauken),,
396,Holst,Johan,NO,johan.holst@fhi.no,oslo,,
397,Elsais,A,NO,ahmed.elsais@medisin.uio.no,oslo,,
398,Charnock,C,NO,,0316 oslo,,
399,Brooks,Steven,NO,sbr@niva.no,oslo,,
400,Barkhatov,Leonid,NO,leonid.barkhatov@gmail.com.,oslo,,
401,Fretland,Åsmund A,NO,,oslo,,
402,Kazaryan,Airazat M,NO,,oslo,,
403,Røsok,Bård I,NO,,oslo,,
404,Brudvik,Kristoffer W,NO,,oslo,,
405,Waage,Anne,NO,,oslo,,
406,Bjørnbeth,Bjørn A,NO,,oslo,,
407,Sahakyan,Mushegh A,NO,,oslo,,
408,Edwin,Bjørn,NO,,oslo,,
409,Stacy,J E,NO,j.e.stacy@bio.uio.no,university of oslo,,
410,Poste,Amanda E,NO,,oslo,,
411,Braaten,Hans Fredrik Veiteberg,NO,,oslo,,
412,Johansen,T E,NO,,nordbyhagen,,
413,Eibak,Lars Erik Eng,NO,,0316 oslo,,
414,Christensen,J A,NO,,university of bergen,,
415,Green,Norman,NO,,no- oslo,,
416,Wilson,Simon,NO,,n-0032 oslo,,
417,Hvidsten,Ina,NO,,bergen,,
418,Mjøs,Svein Are,NO,,bergen,,
419,Bødtker,Gunhild,NO,,bergen 5020,,
420,Barth,Tanja,NO,,bergen,,
421,Eide,P K,NO,,university of bergen,,
422,Weiderpass,Elisabete,NO,,oslo,,
423,Stüken,Anke,NO,,oslo,,
424,Haverkamp,Thomas H A,NO,,oslo,,
425,Dirven,Hubert A A M,NO,,oslo,,
426,Gilfillan,Gregor D,NO,,oslo,,
427,Leithaug,Magnus,NO,,oslo,,
428,Lund,Vidar,NO,,oslo,,
429,Hagestuen,Per Ove,NO,,university of bergen,,
430,Handeland,K,NO,kjell.handeland@vetinst.no,n- oslo,,
431,Sjöblom,Johan,NO,,trondheim,,
432,Kapperud,G,NO,,oslo,,
433,Schönswetter,P,NO,peter.schoenswetter@univie.ac.at,university of oslo,,
434,Rund,B R,NO,,oslo,,
435,Myklebust,A T,NO,,oslo,,
436,Jørgensen,Karsten Juhl,NO,,oslo,,
437,Gøtzsche,Peter C,NO,,oslo,,
438,Kalager,Mette,NO,,oslo,,
439,Zahl,Per-Henrik,NO,,oslo,,
440,Bulat-Kardum,L J,NO,,oslo,,
441,Etokebe,G E,NO,,oslo,,
442,Lederer,P,NO,,oslo,,
443,Dembic,Z,NO,,oslo,,
444,Angotzi,Anna R,NO,,bergen,,
445,Rønnestad,Ivar,NO,,bergen,,
446,Stefansson,Sigurd O,NO,,bergen,,
447,Wergedahl,Hege,NO,,bergen,,
448,Fossgard,Eldbjørg,NO,,bergen,,
449,Holthe,Asle,NO,,bergen,,
450,Skogseid,Inger Marie,NO,skogseidingermarie@gmail.com.,oslo,,
451,Røsby,Oddveig,NO,,oslo,,
452,Konglund,Ane,NO,,oslo,,
453,Connelly,James P,NO,,oslo,,
454,Nedregaard,Bård,NO,,oslo,,
455,Jablonski,Greg Eigner,NO,,oslo,,
456,Kvernmo,Nadja,NO,,oslo,,
457,Stray-Pedersen,Asbjørg,NO,,oslo,,
458,Glover,Joel C,NO,,oslo,,
459,Lalrempuia,Ralte,NO,erwan.leroux@uib.no.,bergen,,
460,Qu,Yi,NO,,bergen,,
461,Kalland,Karl-Henning,NO,,bergen,,
462,Ke,Xisong,NO,,bergen,,
463,Huitfeldt,H S,NO,,oslo,,
464,Aune,Tore,NO,tore.aune@nvh.no,0033 oslo,,
465,Sitras,Vasilis,NO,,oslo,,
466,Larsen,Merethe,NO,,tromsø,,
467,Dahl,Eilif,NO,eilifdahl@gmail.com.,bergen,,
468,Moksnes,Unni K,NO,unni.moksnes@svt.ntnu.no,trondheim,,
469,Olufsen,Magne,NO,,n- tromsø,,
470,Woldstad,S,NO,,trondheim,,
471,De Bruin,Marie L,NO,oystein.karlstad@fhi.no.,n-0403 oslo,,
472,Labori,K J,NO,,oslo,,
473,Aukrust,Ingvild,NO,,n- bergen,,
474,Olsen,Petter Angell,NO,,oslo,,
475,Solberg,Nina Therese,NO,,oslo,,
476,Lund,Kaja,NO,,oslo,,
477,Vehus,Tore,NO,,oslo,,
478,Gelazauskaite,Monika,NO,,oslo,,
479,Wilson,Steven Ray,NO,,oslo,,
480,Krauss,Stefan,NO,,oslo,,
481,Landmark,B F,NO,,university of oslo,,
482,Braendvik,Siri M,NO,,trondheim,,
483,Bardal,Ellen Marie,NO,,trondheim,,
484,Roeleveld,Karin,NO,,trondheim,,
485,Ringvold,A,NO,,university of trondheim,,
486,Myrstad,Marius,NO,m-myrsta@online.no.,oslo,,
487,Aarønæs,Marit,NO,,oslo,,
488,Graff-Iversen,Sidsel,NO,,oslo,,
489,Ariansen,Inger,NO,,oslo,,
490,Nystad,Wenche,NO,,oslo,,
491,Ranhoff,Anette Hylen,NO,,oslo,,
492,Haavet,Ole Rikard,NO,,university of oslo,,
493,Lagerløv,Per,NO,,university of oslo,,
494,Abildsnes,Eirik,NO,,university of bergen,,
495,Dahli,Mina P,NO,,university of oslo,,
496,Gjersing,Linn,NO,lg@sirus.no.,oslo,,
497,Meling,G I,NO,,university of oslo,,
498,Iversen,O J,NO,,university of trondheim,,
499,Hemmersbach,Peter,NO,,oslo,,
500,Høiseth,Gudrun,NO,,oslo,,
501,Gilja,O H,NO,,bergen,,
502,Vangberg,Torgil R,NO,torgil.vangberg@fagmed.uit.no,trondheim,,
503,Fosså,Sophie D,NO,sophie.dorothea.fossa@radiumhospitalet.no,oslo,,
504,Dembinski,Jennifer L,NO,jennifer.dembinski@rr-research.no.,oslo,,
505,Nes,Ingolf F,NO,,ås,,
506,Hornslien,Astrid G,NO,,oslo,,
507,Jul-Larsen,Asne,NO,,bergen,,
508,Torgersen,S,NO,,bergen,,
509,Skottun,Bernt C,NO,,independent scholar oslo,,
510,Kjetland,Eyrun F,NO,e.f.kjetland@medisin.uio.no,oslo,,
511,Andersen,S,NO,,university of trondheim,,
512,Knaapila,M,NO,matti.knaapila@ife.no,no- kjeller,,
513,Wold,Bente,NO,bente.wold@psych.uib.no,university of bergeb,,
514,Giske,Tove,NO,,bergen,,
515,Hansen,Thomas F,NO,thomas.hansen@bio.uio.no,oslo,,
516,Hohle,Sigrid M,NO,,oslo,,
517,Tysvær,Gunnbjørg,NO,g.tysvaer@gmail.com,nordlandssykehuset bodø,,
518,Bjørklund,Geir,NO,,mo i rana,,
519,Vestergren,Robin,NO,,tromsø,,
520,Herzke,Dorte,NO,,tromsø,,
521,Gjesdal,Knut,NO,knut.gjesdal@medisin.uio.no,oslo,,
522,Krogstad,Hilde,NO,hilde.krogstad@ntnu.no.,trondheim,,
523,Sundt-Hansen,Stine Marie,NO,,trondheim,,
524,Hjermstad,Marianne Jensen,NO,,oslo,,
525,Hågensen,Liv Ågot,NO,,orkdal,,
526,Kaasa,Stein,NO,,oslo,,
527,Loge,Jon Håvard,NO,,oslo,,
528,Raj,Sunil X,NO,,trondheim,,
529,Steinsbekk,Aslak,NO,,trondheim,,
530,Sand,Kari,NO,,trondheim,,
531,Fønnebø,Vinjar,NO,vinjar.fonnebo@fagmed.uit.no,n- tromsø,,
532,Lund,T,NO,trinel@fagmed.uit.no,university of tromsø,,
533,Gundersen,S,NO,,oslo,,
534,Galloway,Trina F,NO,trine.galloway@biomar.no,n- trondheim,,
535,Bedeaux,Dick,NO,,trondheim,,
536,Veiby,O P,NO,,oslo,,
537,Brandtzaeg,P,NO,,rikshopitalet,,
538,Steinkopf,S,NO,,university of bergen,,
539,Weisser,Kristin Howlid,NO,,sandvika,,
540,Diseth,Trond H,NO,,oslo,,
541,Boye,Birgitte,NO,,oslo,,
542,Faerden,Ann,NO,,oslo,,
543,Ekeberg,Øivind,NO,,oslo,,
544,Paulenz,H,NO,,oslo,,
545,Nakanishi,Nagayasu,NO,,bergen,,
546,Hjelkrem,Odd André,NO,,norwegian university of science and technology,,
547,Ryeng,Eirin Olaussen,NO,,norwegian university of science and technology,,
548,Aryal,K K,NO,,oslo,,
549,Alvik,A,NO,,oslo,,
550,Stray-Pedersen,B,NO,,oslo,,
551,Brabrand,Anders,NO,,trondheim,,
552,Starikova,Irina,NO,,tromsø,,
553,Lyngstadaas,S P,NO,,university of oslo,,
554,Myhr,Kjell-Morten,NO,,bergen,,
555,Holmøy,Trygve,NO,,oslo,,
556,Šaltytė Benth,Jūratė,NO,,lørenskog,,
557,Wergeland,Stig,NO,,bergen,,
558,Beiske,Antonie G,NO,,hakadal,,
559,Bjerve,Kristian S,NO,,trondheim,,
560,Hovdal,Harald,NO,,trondheim,,
561,Lilleås,Finn,NO,,oslo,,
562,Midgard,Rune,NO,,trondheim,,
563,Pedersen,Tom,NO,,drammen,,
564,Bakke,Søren J,NO,,oslo,,
565,Michelsen,Annika E,NO,,oslo,,
566,Aukrust,Pål,NO,,oslo,,
567,Ueland,Thor,NO,,tromsø,,
568,Sagen,Jørn V,NO,,bergen,,
569,Torkildsen,Øivind,NO,,bergen,,
570,Lundervold,A J,NO,,oslo,,
571,Oestvang,Janne,NO,,trondheim,,
572,Leren,Ida S,NO,,oslo,,
573,Saberniak,Jørg,NO,,oslo,,
574,Majid,Eman,NO,,oslo,,
575,Haland,Trine F,NO,,oslo,,
576,Edvardsen,Thor,NO,,oslo,,
577,Steinum,T,NO,terje.steinum@vetinst.no,oslo,,
578,Paulsen,J E,NO,,oslo,,
579,Askim,Andreas J,NO,,bergen,,
580,Thrane,Alexander S,NO,,bergen,,
581,Giaever,Petter,NO,,oslo,,
582,Andersen,Rune,NO,,oslo,,
583,Krohn,Jørgen,NO,,bergen,,
584,Lien,Lars,NO,,university of oslo,,
585,Thommessen,B,NO,bente.thommessen@ioks.uio.no,oslo,,
586,Duttaroy,Asim K,NO,,n-316 oslo,,
587,Steen-Hansen,Jon Erik,NO,jon.erik.steen-hansen@siv.no,no-3103 tønsberg,,
588,Zakrzewski,Anne-C,NO,,bergen,,
589,Hansen,Ailin Falkmo,NO,,trondheim,,
590,Sandsmark,Elise,NO,,trondheim,,
591,Rye,Morten Beck,NO,,trondheim,,
592,Bertilsson,Helena,NO,,trondheim,,
593,Richardsen,Elin,NO,,tromsø,,
594,Viset,Trond,NO,,trondheim,,
595,Bofin,Anna M,NO,,trondheim,,
596,Angelsen,Anders,NO,,trondheim,,
597,Selnæs,Kirsten M,NO,,trondheim,,
598,Bathen,Tone Frost,NO,,trondheim,,
599,Tessem,May-Britt,NO,,trondheim,,
600,Fredriksen,K,NO,,university of tromsø,,
601,Haram,Per M,NO,per.magnus.haram@unn.no,tromso,,
602,Leonardsen,Ann-Chatrin Linqvist,NO,,grålum,,
603,Del Busso,Lilliana,NO,,halden,,
604,Grøndahl,Vigdis Abrahamsen,NO,,halden,,
605,Jelsness-Jørgensen,Lars-Petter,NO,,halden,,
606,Jørgensen,L,NO,lone.jorgensen@hitos.no,university of tromsø,,
607,Aasebø,U,NO,,university hospital of tromsø,,
608,Sivertsen,Børge,NO,borge.sivertsen@psykp.uib.no,bergen,,
609,Skotheim,R I,NO,,n- oslo,,
610,Søgaard,Gunnhild,NO,gunnhild.sogaard@umb.no,no-1432 as,,
611,Forthun,Ingeborg,NO,,bergen,,
612,Moster,Dag,NO,,bergen,,
613,Lie,Rolv Terje,NO,,bergen,,
614,Tollånes,Mette C,NO,,bergen,,
615,Gundersen,Yngvar,NO,yngvar.gundersen@ffi.no,oslo,,
616,Pedersen,H K,NO,,university of tromsø,,
617,Holmberg,Hans-Christer,NO,,tromsø,,
618,Hinselwood,David C,NO,,oslo,,
619,Sundgot-Borgen,J,NO,jorunn@nih.no,oslo,,
620,Berdzuli,Nino,NO,,oslo,,
621,Lomia,Nino,NO,,oslo,,
622,Stray-Pedersen,Babill,NO,,oslo,,
623,Farstad,T,NO,,oslo,,
624,Matre,Knut,NO,knut.matre@med.uib.no,bergen,,
625,Robertson,L J,NO,lucy.robertson@veths.no,oslo,,
626,Svingerud,Tina,NO,,n- tromsø,,
627,Qvigstad,Eirik,NO,,oslo 0316,,
628,Kristjansson,Siri R,NO,,oslo,,
629,Doehl,J,NO,,university of oslo,,
630,Sulo,Gerhard,NO,,university of bergen,,
631,Igland,Jannicke,NO,,university of bergen,,
632,Tell,Grethe S,NO,,university of bergen,,
633,S&oslash;rland,,NO,,n-,,
634,Kosa,Gergely,NO,,ås,,
635,Shapaval,Volha,NO,,ås,,
636,Kohler,Achim,NO,,ås,,
637,Zimmermann,Boris,NO,boris.zimmermann@nmbu.no.,ås,,
638,Pedersen,Terje R,NO,,oslo,,
639,Skulstad,Helge,NO,helsku@ous-hf.no,rikshospitalet,,
640,Petrovski,Goran,NO,,oslo,,
641,Vinge,Leif Erik,NO,,oslo,,
642,Bjørnstad,K,NO,,university hospital of trondheim,,
643,Kalfoss,Mary,NO,mary.kalfoss@c2i.net,oslo,,
644,Koss-Harnes,D,NO,doeh@online.no,oslo,,
645,Blystad,Hans,NO,hans.blystad@fhi.no,oslo,,
646,Kiserud,T,NO,,university hospital of bergen,,
647,Halvorsen,Jon Anders,NO,j.a.halvorsen@medisin.uio.no.,no- oslo,,
648,Brekke,Svein,NO,svein.brekke@ntnu.no,trondheim,,
649,Nystad,Wenche,NO,wenche.nystad@fhi.no,oslo,,
650,Os,I,NO,ingrid.os@labmed.uio.no,no-0316 oslo,,
651,Nafstad,Per,NO,,oslo,,
652,Stigum,Hein,NO,,oslo,,
653,Grotle,Margreth,NO,margreth.grotle@medisin.uio.no,oslo,,
654,Ytrehus,K,NO,,university of tromsø,,
655,Eskild,A,NO,,oslo,,
656,Bjørnsson,G A,NO,,n-0316 oslo,,
657,Krohn-Hansen,Dag,NO,,oslo,,
658,Angen,Øystein,NO,,oslo,,
659,Oppegaard,K S,NO,kevin.s.oppegaard@helse-finnmark.no,hammerfest,,
660,Aarsland,D,NO,aarsland@netpower.no,rogaland psychiatric hospital,,
661,Ellingsen,D G,NO,,skien,,
662,Stenmark,Håkon,NO,,trondheim,,
663,Guzey,Ismail Cuneyt,NO,,trondheim,,
664,Holen,Are,NO,,trondheim,,
665,Harding,Thomas,NO,thomas.harding@acu.edu.au,buskerud university college,,
666,das Neves,Carlos G,NO,,n- oslo,,
667,Tryland,Morten,NO,,n-9296 tromsø,,
668,Bårdsen,Bård-Jørgen,NO,,n- tromsø,,
669,Janczak,Andrew M,NO,,n-0033 oslo,,
670,Djønne,Berit,NO,,n- oslo,,
671,Lie,Elisabeth,NO,,n-0033 oslo,,
672,Berg,Vidar,NO,,n-0033 oslo,,
673,Godfroid,Jacques,NO,,n-9296 tromsø,,
674,Michaelsen,Terje E,NO,,n-0316 oslo,,
675,Moen,Bente E,NO,bente.moen@isf.uib.no,bergen,,
676,Preus-Olsen,Gunnhild,NO,,trondheim,,
677,Olufsen,Marianne O,NO,,trondheim,,
678,Pedersen,Sindre Andre,NO,,trondheim,,
679,von Soest,T,NO,,oslo,,
680,Eberhard-Gran,M,NO,,oslo,,
681,Eggebø,T M,NO,,trondheim,,
682,Nordøy,A,NO,,tromsø,,
683,Aukrust,P,NO,,rikshospitalet,,
684,Guldhav,Kristin Vassbotn,NO,,6807 førde,,
685,Jepsen,Randi,NO,,førde,,
686,Ytrehus,Siri,NO,,førde,,
687,Grov,Ellen Karine,NO,,førde,,
688,Pedersen,Jon,NO,,oslo,,
689,Løkse Nilssen,G A,NO,,tromsø,,
690,Saure,E W,NO,,bergen,,
691,Berstad,A,NO,,bergen,,
692,Bryhni,E A,NO,,n- oslo,,
693,Størset,Elisabet,NO,,oslo,,
694,Krogvold,Lars,NO,,oslo,,
695,Dahl-Jørgensen,Knut,NO,,oslo,,
696,Ekelund,Ulf,NO,,oslo,,
697,Breivik,Harald,NO,,oslo,,
698,Ljosaa,Tone Marte,NO,,oslo,,
699,Szodoray,P,NO,peter.szodoray@gades.uib.no,bergen,,
700,Ovrebø,S,NO,,oslo,,
701,Carlsen,Anders Wetting,NO,,trondheim,,
702,Skjaervold,Nils K,NO,,trondheim,,
703,Berg,Nils Johan,NO,,trondheim,,
704,Karlsen,Øystein,NO,,trondheim,,
705,Wahba,Alexander,NO,alexander.wahba@ntnu.no.,trondheim,,
706,Madhun,A S,NO,,bergen,,
707,Swärd-Nordmo,M,NO,,university of oslo,,
708,Borch,Kristin Benjaminsen,NO,kristin.benjaminsen.borch@uit.no.,tromsø,,
709,Braaten,Tonje,NO,tonje.braaten@uit.no.,tromsø,,
710,Lund,Eiliv,NO,eiliv.lund@uit.no.,tromsø,,
711,Weiderpass,Elisabete,NO,elisabete.weiderpass.vainio@ki.se.,tromsø,,
712,Hejlesen,Ole K,NO,,tromsø,,
713,Vatten,Lars J,NO,lars.vatten@medisin.ntnu.no,no- trondheim,,
714,Hansen,Frank H,NO,frank.hansen@med.uib.no,bergen,,
715,Romskaug,Rita,NO,rita.romskaug@nittedal.kommune.no,nittedal kommune,,
716,Ringø,E,NO,einar.ringo@veths.no,tromsø,,
717,Ovaskainen,Otso,NO,,n- trondheim,,
718,Løyland,Borghild,NO,borghild.loyland@su.hio.no,oslo university college faculty of nursing,,
719,Meyer,Haakon E,NO,h.e.meyer@medisin.uio.no,oslo,,
720,Lie,Elisabeth,NO,,oslo,,
721,Olsen,Inge C,NO,,oslo,,
722,Eskedal,Leif,NO,leif.eskedal@sshf.no,kristiansand,,
723,Stenehjem,J S,NO,,n- oslo,,
724,Kjærheim,K,NO,,n- oslo,,
725,Rabanal,K S,NO,,n- oslo,,
726,Grimsrud,T K,NO,tom.k.grimsrud@kreftregisteret.no.,n- oslo,,
727,Brude,I R,NO,,university of oslo,,
728,Sheng,Xia,NO,,oslo,,
729,Nenseth,Hatice Zeynep,NO,,oslo,,
730,Qu,Su,NO,,oslo,,
731,Kuzu,Omer F,NO,,oslo,,
732,Danielsen,Håvard,NO,,oslo,,
733,Jin,Yang,NO,yang.jin@ibv.uio.no.,oslo,,
734,Saatcioglu,Fahri,NO,fahris@ibv.uio.no.,oslo,,
735,Flaten,M A,NO,,university of tromsø,,
736,Meland,E,NO,,bergen,,
737,Newey,Scott,NO,,koppang,,
738,Johannesen,Tom Borge,NO,,oslo,,
739,Grimsrud,Tom K,NO,,oslo,,
740,Kløw,N E,NO,,university of tromsø,,
741,Bernstein,R,NO,,department of medicine,,
742,Espevik,T,NO,,university of trondheim,,
743,Skugor,Stanko,NO,stanko_skugor@cargill.com.,oslo,,
744,Jodaa Holm,Helle,NO,,oslo,,
745,Bjelland,Anne Kari,NO,,dirdal,,
746,Evensen,Øystein,NO,,oslo,,
747,Krasnov,Aleksei,NO,,ås,,
748,Simonsen,G S,NO,,tromsø,,
749,Togola,Adiaratou,NO,adiaratou.togola@farmasi.uio.no,0316,,
750,Kolstad,Erik W,NO,erikwkolstad@gmail.com,bergen,,
751,Cardenas,Juan F,NO,juan.cardenas@kjemi.uio.no,n-0315 oslo,,
752,Olsen,I,NO,ingar.olsen@odont.uio.no.,oslo,,
753,Zimmo,Kaled Mikki,NO,drkaledzimmo@gmail.com.,oslo,,
754,Laine,Katariina,NO,,oslo,,
755,Fosse,Erik,NO,,oslo,,
756,Zimmo,Mohammed,NO,,oslo,,
757,Ali-Masri,Hadil,NO,,oslo,,
758,Zucknick,Manuela,NO,,oslo,,
759,Vikanes,Åse,NO,,oslo,,
760,Landsverk,Svein Aslak,NO,s.a.landsverk@medisin.uio.no,oslo,,
761,Heiberg,Arvid,NO,,oslo,,
762,Thorstensen,K,NO,,trondheim,,
763,Nesgaard,J M,NO,,tonsberg,,
764,Bakka,A O,NO,,lorenskog,,
765,Edwin,B,NO,,oslo,,
766,Ignjatovic,D,NO,,lorenskog,,
767,Tiwari,Sweta,NO,,tromsø,,
768,Løchen,Maja-Lisa,NO,,tromsø,,
769,Jacobsen,Bjarne K,NO,,tromsø,,
770,Hopstock,Laila A,NO,,tromsø,,
771,Nyrnes,Audhild,NO,,tromsø,,
772,Njølstad,Inger,NO,,tromsø,,
773,Mathiesen,Ellisiv B,NO,,tromsø,,
774,Schirmer,Henrik,NO,,tromsø,,
775,Sollid,L M,NO,l.m.sollid@labmed.uio.no,university of oslo,,
776,Druglitrø,Tone,NO,,oslo,,
777,Søfteland,E,NO,eirik.softeland@haukeland.no,n- bergen,,
778,Hadera,Mussie G,NO,,trondheim,,
779,Hellevik,L R,NO,leif.r.hellevik@mtf.ntnu.no,trondheim,,
780,Lagerløv,Per,NO,per.lagerlov@samfunnsmed.uio.no,oslo,,
781,Hall,K S,NO,,rikshospitalet,,
782,Hovland,Harald,NO,harald.hovland@ffi.no,no- kjeller,,
783,Andersen,John Roger,NO,john.andersen@isf.uib.no,førde,,
784,Reikeras,Olav,NO,olav.reikeras@rikshospitalet.no,university of oslo,,
785,Feiring,Eli,NO,eli.feiring@medisin.uio.no.,po,,
786,Walter,Anne Berit,NO,,po,,
787,Wik,Tina S,NO,tina.s.wik@ntnu.no,trondheim university hospital,,
788,Kroken,R A,NO,,haukeland university hospital,,
789,Lutro,O,NO,,haukeland university hospital,,
790,Wentzel-Larsen,T,NO,,eastern and southern norway,,
791,Kjelby,E,NO,,haukeland university hospital,,
792,Oedegaard,K J,NO,,university of bergen,,
793,Jørgensen,H A,NO,,university of bergen,,
794,Mehlum,L,NO,,university of oslo,,
795,Knapskog,Anne-Brita,NO,,oslo,,
796,Akkök,Cigdem Akalin,NO,uxciak@ous-hf.no,ullevål,,
797,Syversen,Unni,NO,unni.syversen@ntnu.no,norges teknisk-naturvitenskapelige universitet,,
798,Fontaine,Romain,NO,,oslo,,
799,Weltzien,Finn-Arne,NO,,oslo,,
800,Haram,Marit,NO,,oslo,,
801,Tesli,Martin,NO,,oslo,,
802,Bettella,Francesco,NO,,oslo,,
803,Djurovic,Srdjan,NO,,oslo,,
804,Andreassen,Ole Andreas,NO,,oslo,,
805,Melle,Ingrid,NO,,oslo,,
806,Rokstad,Ingrid Skinlo,NO,,haukeland universitetssykehus,,
807,Fadnes,Lars T,NO,lars.fadnes@cih.uib.no,university of bergen,,
808,Ask,Helga,NO,helga.ask@psykologi.uio.no.,oslo,,
809,Waaktaar,Trine,NO,,oslo,,
810,Seglem,Karoline Brobakke,NO,,oslo,,
811,Torgersen,Svenn,NO,,oslo,,
812,Moan,Inger Synnøve,NO,ism@sirus.no,oslo,,
813,Olsnes,S,NO,olsnes@radium.uio.no,oslo,,
814,Botilsrud,M,NO,,university of oslo,,
815,Löfkvist,Ulrika,NO,,oslo,,
816,Løken,Sverre,NO,,oslo,,
817,Rudberg,P,NO,,n- oslo,,
818,Terje Geitung,Jonn,NO,j.t.geitung@medisin.uio.no.,oslo,,
819,Ytrehus,K,NO,,university of tromsø,,
820,Kristensen,S,NO,solveig.kristensen@farmasi.uio.no,university of oslo,,
821,Pleym,Hilde,NO,hilde.pleym@stolav.no,trondheim,,
822,Isakbaeva,Elmira,NO,elis@fhi.no,oslo,,
823,Frostad Liaset,Ingeborg,NO,,trondheim,,
824,Lorås,Håvard,NO,,trondheim,,
825,Osnes,L T,NO,liv.osnes@ioks.uio.no,oslo,,
826,Dedichen,Hans Henrik,NO,,trondheim,,
827,Kirkeby-Garstad,Idar,NO,,trondheim,,
828,Aadahl,Petter,NO,,trondheim,,
829,Hisdal,Jonny,NO,,oslo,,
830,Amundsen,Brage H,NO,,trondheim,,
831,Kjeldsen-Kragh,J,NO,,oslo,,
832,Øvstedal,Liv R,NO,,trondheim,,
833,Moe,Dagfinn,NO,,trondheim,,
834,Dyregrov,Atle,NO,,bergen,,
835,Dyregrov,Kari,NO,,bergen,,
836,Ergon,T,NO,,0316 oslo,,
837,Bjerkedal,T,NO,,university of oslo,,
838,Kravdal,O,NO,,oslo,,
839,Holdø,Bjørn,NO,bjorn.holdo@yahoo.no.,bodø,,
840,Verelst,Margareta,NO,,tromsø,,
841,Svenningsen,Rune,NO,,oslo,,
842,Skjeldestad,Finn Egil,NO,,tromsø,,
843,Roalkvam,Irene,NO,,university of bergen bergen,,
844,Drønen,Karine,NO,,centre for integrated petroleum research bergen,,
845,Stokke,Runar,NO,,university of bergen bergen,,
846,Daae,Frida L,NO,,university of bergen bergen,,
847,Dahle,Håkon,NO,,university of bergen bergen,,
848,Steen,Ida H,NO,,university of bergen bergen,,
849,Kolstad,Frode,NO,frode.kolstad@rikshospitalet.no,oslo,,
850,Stensland,Synne Øien,NO,s.o.stensland@nkvts.unirand.no.,oslo,,
851,Thoresen,Siri,NO,,oslo,,
852,Dyb,Grete,NO,,oslo,,
853,Dahl,Espen,NO,espen.dahl@hio.no,oslo,,
854,Elstad,M,NO,maja.elstad@medisin.uio.no,oslo,,
855,Lunde,Ida G,NO,,oslo,,
856,Gundersen,Thomas E,NO,,oslo,,
857,Drevon,Christian A,NO,,oslo,,
858,Faraone,Stephen V,NO,,bergen,,
859,Johannessen,Asgeir,NO,,oslo,,
860,Capjon,Hilde,NO,hilde.capjon@rikshopitalet.no,oslo,,
861,Aarsland,D,NO,daa@sus.no,n-4068 stavanger,,
862,Natvig,B,NO,,institute of general practice and community medicine,,
863,Elgjo,K,NO,,oslo,,
864,Gundersen,Kristian,NO,kgunder@imbv.uio.no,n-0316 oslo,,
865,Schneede,J,NO,,haukeland hospital,,
866,Tryland,I,NO,,trondheim,,
867,Narverud,Ingunn,NO,,oslo,,
868,Myhrstad,Mari C W,NO,,oslo,,
869,Dahl,Tuva B,NO,,oslo,,
870,Halvorsen,Bente,NO,,oslo,,
871,Ulven,Stine M,NO,,oslo,,
872,Holven,Kirsten B,NO,,oslo,,
873,Gauslaa,Yngvar,NO,yngvar.gauslaa@umb.no,as,,
874,Birkeland,K I,NO,,oslo,,
875,Molde,Kristine,NO,k_molde@hotmail.com,no- trondheim,,
876,Johne,B,NO,,oslo,,
877,Korsnes,Mónica Suárez,NO,monica.suarez.korsnes@nvh.no,n-0033 oslo,,
878,Leikfoss,Ingvild S,NO,,oslo,,
879,Keshari,Pankaj K,NO,,oslo,,
880,Gustavsen,Marte W,NO,,oslo,,
881,Bjølgerud,Anja,NO,,oslo,,
882,Brorson,Ina S,NO,,oslo,,
883,Celius,Elisabeth G,NO,,oslo,,
884,Spurkland,Anne,NO,,oslo,,
885,Bos,Steffan D,NO,,oslo,,
886,Harbo,Hanne F,NO,,oslo,,
887,Berge,Tone,NO,,oslo,,
888,Solbrække,Kari Nyheim,NO,k.n.solbrakke@medisin.uio.no.,oslo,,
889,Søiland,Håvard,NO,,stavanger,,
890,Lode,Kirsten,NO,,stavanger,,
891,Gripsrud,Birgitta Haga,NO,,stavanger,,
892,Arum,Carl-Jørgen,NO,,trondheim,,
893,Nizzetto,Luca,NO,,oslo,,
894,Borgå,Katrine,NO,,oslo,,
895,Starrfelt,Jostein,NO,,oslo,,
896,Holm,R,NO,,oslo,,
897,Berge,R K,NO,,university of bergen,,
898,Brevik,A,NO,asgeir.brevik@basalmed.uio.no,blindern,,
899,Reichelt,K L,NO,karlr@ulrik.uio.no,oslo,,
900,Halvorsen,Sigrun,NO,,oslo,,
901,Hall,Trygve S,NO,,oslo,,
902,Larsen,Alf-Inge,NO,,stavanger,,
903,Atar,Dan,NO,,oslo,,
904,Alstadhaug,Karl B,NO,karl.bjornar.alstadhaug@nlsh.no,bodø,,
905,Burum-Auensen,Espen,NO,espen.burum-auensen@medisin.uio.no,oslo,,
906,Bray,Freddie,NO,freddie.bray@kreftregisteret.no,n- oslo,,
907,Höie,O,NO,olehoeie@online.no,arendal,,
908,Mork,Paul Jarle,NO,,n- trondheim,,
909,Pedersen,Terje R,NO,,oslo,,
910,Hygen,Beate W,NO,,norwegian university of science and technologytrondheim,,
911,Berg-Nielsen,Turid S,NO,,norwegian university of science and technology trondheim,,
912,Wichstrøm,Lars,NO,,norwegian university of science and technologytrondheim,,
913,Almendingen,Kari,NO,kari.almendingen@medisin.uio.no,lørenskog,,
914,Sundgot-Borgen,Jorunn,NO,,oslo,,
915,Tyrdal,S,NO,,university of oslo,,
916,Wijffels,René H,NO,,n- bodø,,
917,Jorkjend,L,NO,tann-j@online.no,university of oslo,,
918,Skah,Seham,NO,,oslo,,
919,Richartz,Nina,NO,,oslo,,
920,Duthil,Eva,NO,,oslo,,
921,Gilljam,Karin M,NO,,oslo,,
922,Bindesbøll,Christian,NO,,oslo,,
923,Naderi,Elin Hallan,NO,,oslo,,
924,Eriksen,Agnete B,NO,,oslo,,
925,Ruud,Ellen,NO,,oslo,,
926,Dirdal,Marta M,NO,,oslo,,
927,Simonsen,Anne,NO,,oslo,,
928,Blomhoff,Heidi Kiil,NO,,oslo,,
929,Rostad,Kari,NO,,bergen,,
930,Breiby,Dag W,NO,,trondheim,,
931,Ostensen,Jonny,NO,,oslo,,
932,Taffa,Negussie,NO,,oslo,,
933,Schanke,A K,NO,,nesoddtangen,,
934,Fyhri,Aslak,NO,af@toi.no,oslo,,
935,Knutsen,Helle K,NO,helle.knutsen@fhi.no,oslo,,
936,Lillegaard,I T L,NO,i.t.lillegaard@medisin.uio.no,oslo,,
937,Götestam,K G,NO,,university of trondheim,,
938,Totland,Cecilie,NO,,bergen,,
939,Kråkenes,Torbjørn,NO,,bergen,,
940,Mazengia,Kibret,NO,,bergen,,
941,Haugen,Mette,NO,,bergen,,
942,Vedeler,Christian,NO,,bergen,,
943,Hansen,V,NO,,n- stavanger,,
944,Gjønnes,J,NO,,n- oslo,,
945,Fjell,A M,NO,andersmf@psykologi.uio.no,oslo,,
946,Haye,Rolf,NO,rolf.haye@klinmed.uio.no.,oslo,,
947,Enerly,Espen,NO,,oslo,,
948,Skreden,Marianne,NO,marianne.skreden@uia.no.,kristiansand,,
949,Øverby,Nina C,NO,nina.c.overby@uia.no.,kristiansand,,
950,Sagedal,Linda R,NO,linda.sagedal@sshf.no.,kristiansand,,
951,Vistad,Ingvild,NO,ingvild.vistad@sshf.no.,kristiansand,,
952,Torstveit,Monica K,NO,monica.k.torstveit@uia.no.,kristiansand,,
953,Lohne-Seiler,Hilde,NO,hilde.l.seiler@uia.no.,kristiansand,,
954,Bere,Elling,NO,elling.bere@uia.no.,kristiansand,,
955,Tigalonowa,M,NO,,university of oslo,,
956,Frich,Jan C,NO,,oslo,,
957,Kristoffersen,Espen Saxhaug,NO,,lørenskog,,
958,Lundqvist,Christofer,NO,,nordbyhagen,,
959,Lund,Vonne,NO,vonne.lund@vetinst.no,0033 oslo,,
960,Trøseid,Marius,NO,,bodø,,
961,Aasen,I M,NO,inga.m.aasen@chem.sintef.no,trondheim,,
962,Gesicho,Milka B,NO,,university of bergen,,
963,Gislerød,Hans R,NO,,usa; norwegian university of life sciences,,
964,Kolaczkowska,E,NO,,university of tromsø,,
965,Vandvik,Per Olav,NO,per.vandvic@start.no,no- gjøvik,,
966,Langslet,Gisle,NO,,oslo,,
967,Selvaag,E,NO,,oslo military clinic,,
968,Devold,M,NO,,n- bergen,,
969,Nilssen,O,NO,,no- tromsø,,
970,Bjerklund Johansen,T E,NO,,nordbyhagen,,
971,Thuy-Tien,H,NO,,bergen,,
972,Monceyron,C,NO,,oslo,,
973,Larsen,L E,NO,,nycomed imaging as oslo,,
974,Sandset,Else Charlotte,NO,,oslo,,
975,Botellero,Violeta L,NO,,7491 trondheim,,
976,Skranes,Jon,NO,,arendal,,
977,Bjuland,Knut Jørgen,NO,,7491 trondheim,,
978,Løhaugen,Gro C,NO,,arendal,,
979,Håberg,Asta Kristine,NO,,trondheim,,
980,Lydersen,Stian,NO,,trondheim,,
981,Brubakk,Ann-Mari,NO,,trondheim,,
982,Indredavik,Marit S,NO,,trondheim,,
983,Martinussen,Marit,NO,,trondheim,,
984,Anthonsen,M W,NO,,n- trondheim,,
985,Engedal,Knut,NO,knut.engedal@aldringoghelse.no,tønsberg,,
986,Sigurdsen,U,NO,,akershus university hospital,,
987,Utvåg,S E,NO,,university of oslo,,
988,Stavem,K,NO,,akershus university hospital,,
989,Siddiqui,Huma,NO,,oslo,,
990,Aliko,Ardita,NO,,bergen,,
991,Mydel,Piotr M,NO,,bergen,,
992,Jonsson,Roland,NO,,bergen,,
993,Taipale,P,NO,,trondheim university hospital,,
994,Carter,Tim,NO,tim.sea@doctors.org.uk.,bergen,,
995,Baerheim,Anders,NO,anders.barheim@isf.uib.no,n- bergen,,
996,Mulder,Jan,NO,,n-1432 aas,,
997,Ihlebaek,Camilla,NO,camilla.ihlebaek@psych.uib.no,university of bergen,,
998,Pukstad,Brita S,NO,brita.pukstad@ntnu.no,trondheim,,
999,Bølviken,B,NO,bjorn.bolviken@ngu.no,n-,,
1000,Holm,Ruth,NO,ruth.holm@oslo-universitetssykehus.no,oslo,,
1001,Tveit,Arnljot,NO,arnljot.tveit@vestreviken.no,oslo,,
1002,Slørdahl,S A,NO,,university of trondheim,,
1003,Panosyan,Hovik,NO,,bergen,,
1004,Walberg,F,NO,,university of oslo,,
1005,Xu,Jing,NO,,trondheim,,
1006,Kahn,J A,NO,,university of trondheim,,
1007,Kaspersen,Silje L,NO,,trondheim,,
1008,Pape,Kristine,NO,,trondheim,,
1009,Ose,Solveig O,NO,,trondheim,,
1010,Bjørngaard,Johan Håkon,NO,,trondheim,,
1011,Astrøm,A N,NO,anne.nordrehaug@cih.uib.no,university of bergen,,
1012,Schiøtz,Aina,NO,aina.schiotz@isf.uib.no,universitetet i bergen,,
1013,Traeen,B,NO,,oslo,,
1014,Nafstad,Hilde Eileen,NO,h.e.nafstad@psykologi.uio.no,oslo,,
1015,Hellevik,Per,NO,,oslo,,
1016,Øverlien,Carolina,NO,,oslo,,
1017,Palm,Øyvind,NO,opalm@ous-hf.no.,oslo,,
1018,Ueland,Thor,NO,,university of oslo,,
1019,Garen,Torhild,NO,,oslo,,
1020,Michelsen,Annika E,NO,,university of oslo,,
1021,Reiseter,Silje,NO,,oslo,,
1022,Aukrust,Pål,NO,,rikshospitalet,,
1023,Aaløkken,Trond Mogens,NO,,oslo university hospital rikshospitalet,,
1024,Molberg,Øyvind,NO,,university of oslo,,
1025,Brattli,Vidar Hammer,NO,vidarhb@hinesna.no,høgskolen i nesna,,
1026,Gutleb,Arno C,NO,,n-0033 oslo,,
1027,Johansen,Espen Borgå,NO,e.b.johansen@medisin.uio.no.,oslo,,
1028,Abraham,A K,NO,,university of bergen,,
1029,Arnevik,Espen,NO,espen.arnevik@aus.no,oslo,,
1030,Skodvin,Kjell Gunnar,NO,kjell.gunnar.skodvin@salths.nhn.no,rognan,,
1031,Vaa,G,NO,,ørsnesalle,,
1032,Husebø,Mai Elin P,NO,,oslo,,
1033,Bergan,T,NO,,university of oslo,,
1034,Sommerfelt,H,NO,,haukeland hospital,,
1035,Kolsrud,Lars,NO,lars.kolsrud@olympiatoppen.no,oslo,,
1036,Vika,Margrethe,NO,margrethe.vika@psykp.uib.no,university of bergen,,
1037,Ellingsen-Dalskau,Lina H,NO,,ås,,
1038,Morken,Margrete,NO,,ås,,
1039,Berget,Bente,NO,,ås,,
1040,Pedersen,Ingeborg,NO,,ås,,
1041,Andersen,Vidar,NO,,western norway university of applied sciences,,
1042,Fimland,Marius Steiro,NO,,trondheim,,
1043,Cumming,Kristoffer Toldnes,NO,,oslo,,
1044,Vraalsen,Øyvind,NO,,western norway university of applied sciences,,
1045,Saeterbakken,Atle Hole,NO,,western norway university of applied sciences,,
1046,Dahl,Ola E,NO,oladahl@start.no,elverum,,
1047,Oskam,I C,NO,irma.oskam@rikshospitalet.no,oslo,,
1048,Bårnes,Guro K,NO,,oslo,,
1049,Kristiansen,Paul A,NO,,oslo,,
1050,Caugant,Dominique A,NO,,oslo,,
1051,Næss,Lisbeth M,NO,lisbeth.ness@fhi.no.,oslo,,
1052,Brandtzaeg,P,NO,,oslo,,
1053,Langsrud,S,NO,,as,,
1054,Ferrari,Giada,NO,giada.ferrari@ibv.uio.no.,oslo,,
1055,Hoff,L,NO,,horten,,
1056,Landys,Mėta M,NO,meta.landys@oregonstate.edu,n-0316 oslo,,
1057,Ulven,Arne Johan,NO,,bergen,,
1058,Gjertsen,Hege,NO,,harstad,,
1059,Strand,Trond-Eirik,NO,,oslo,,
1060,Mukunya,David,NO,zebdaevid@gmail.com.,bergen,,
1061,Haaland,Marte E S,NO,,bergen,,
1062,Namugga,Olive,NO,,bergen,,
1063,Tumuhamye,Josephine,NO,,bergen,,
1064,Sommerfelt,Halvor,NO,,bergen,,
1065,Tylleskar,Thorkild,NO,,bergen,,
1066,Moland,Karen Marie,NO,,bergen,,
1067,Nankabirwa,Victoria,NO,,bergen,,
1068,Molberg,Oyvind,NO,oyvind.molberg@medisin.uio.no,oslo,,
1069,Blakstad,Elin W,NO,,nordbyhagen,,
1070,Moltu,Sissel J,NO,,oslo,,
1071,Strømmen,Kenneth,NO,,oslo,,
1072,Nakstad,Britt,NO,,nordbyhagen,,
1073,Rønnestad,Arild E,NO,,oslo,,
1074,Brække,Kristin,NO,,oslo,,
1075,Iversen,Per O,NO,,oslo,,
1076,Drevon,Christian A,NO,,oslo,,
1077,Gram,Inger T,NO,,tromsø,,
1078,Weiderpass,Elisabete,NO,,tromsø,,
1079,Braaten,Tonje,NO,,tromsø,,
1080,Vegusdal,A,NO,anne.vegusdal@akvaforsk.nlh.no,no- as,,
1081,Beyer,Mona K,NO,bemk@sus.no,stavanger,,
1082,Leitges,M,NO,michael.leitges@biotek.uio.no,oslo,,
1083,Astrøm,A N,NO,anne.nordrehaug@cih.uib.no,university of bergen,,
1084,Nesbakken,A,NO,,oslo,,
1085,Danielsen,S A,NO,,oslo,,
1086,Sveen,A,NO,,oslo,,
1087,Lothe,R A,NO,,oslo,,
1088,Briels,Nathalie,NO,,trondheim,,
1089,Nygård,Torgeir,NO,,trondheim,,
1090,Herzke,Dorte,NO,,tromsø,,
1091,Bustnes,Jan Ove,NO,,tromsø,,
1092,Jaspers,Veerle L B,NO,,trondheim,,
1093,Morild,I,NO,,haukeland hospital,,
1094,Winberg,J O,NO,,tromsö,,
1095,Malkin,Elena,NO,,tromsø,,
1096,Wilson,Steven Ray,NO,stevenw@kjemi.uio.no,oslo,,
1097,Krohn,Markus,NO,,oslo,,
1098,Paarmann,Kristin,NO,,oslo,,
1099,Schwitlick,Christina,NO,,oslo,,
1100,Brüning,Thomas,NO,,oslo,,
1101,Pahnke,Jens,NO,jens.pahnke@medisin.uio.no.,oslo,,
1102,Geirdal,Amy Østertun,NO,a.k.o.geirdal@medisin.uio.no,oslo,,
1103,Moum,Bjørn,NO,,oslo,,
1104,Wanderås,E H,NO,,oslo,,
1105,Winkler,Andrea S,NO,,oslo,,
1106,Abraham,Annette,NO,,oslo,,
1107,Schmidt,Veronika,NO,,oslo,,
1108,Simpson,David,NO,,oslo,,
1109,Nestaas,Sverre,NO,nestaas@gmail.com.,oslo,,
1110,Stensæth,Knut Haakon,NO,,trondheim,,
1111,Rosseland,Vigdis,NO,,oslo,,
1112,Kramer-Johansen,Jo,NO,,oslo,,
1113,Wivestad Jansson,Ragnhild,NO,,bergen,,
1114,Berland,Siren,NO,,trondheim,,
1115,Bredrup,Cecilie,NO,,bergen,,
1116,Kirkeby,O J,NO,,university of oslo,,
1117,Meling,T,NO,,oslo,,
1118,Veflingstad,Siren R,NO,,n-1432 as,,
1119,Vederhus,John-Kåre,NO,john-kare.vederhus@sshf.no,kristiansand,,
1120,Engebretsen,Lars,NO,,oslo,,
1121,Wahlin,Björn Engelbrekt,NO,bjorn.wahlin@karolinska.se,stockholm,,
1122,Rasmussen,M,NO,magnhild.rasmussen@rikshospitalet.no,oslo,,
1123,Lundanes,Elsa,NO,,university of oslo,,
1124,Dahle,Maria K,NO,m.k.dahle@basalmed.uio.no,n- oslo,,
1125,Oie,M,NO,,university of oslo,,
1126,Sandel,Tiril,NO,,oslo,,
1127,Bekkelund,S I,NO,,tromsø,,
1128,Vassend,O,NO,,blindern,,
1129,Vethe,N T,NO,,no- oslo,,
1130,Evans,Alina L,NO,,no- elverum,,
1131,Fuchs,Boris,NO,,no- elverum,,
1132,Friebe,Andrea,NO,,no- ås,,
1133,Swenson,Jon E,NO,,trondheim,,
1134,Berg,V,NO,,tromsø,,
1135,Nøst,T H,NO,,tromsø,,
1136,Skeie,G,NO,,tromsø,,
1137,Thomassen,Y,NO,,oslo,,
1138,Berlinger,B,NO,,oslo,,
1139,Veyhe,A S,NO,,tromsø,,
1140,Jorde,R,NO,,tromsø,,
1141,Odland,J Ø,NO,,tromsø,,
1142,Hansen,S,NO,,tromsø,,
1143,Palm,Øyvind,NO,opalm@sensewave.com,no- sarpsborg,,
1144,Crawford,Alexander D,NO,,oslo,,
1145,Trovik,T A,NO,tordis.trovik@cih.uib.no,bergen,,
1146,Brandsdal,Bjørn Olav,NO,bjorn-olav.brandsdal@uit.no.,no- tromsø,,
1147,Trogstad,Lill I S,NO,,oslo,,
1148,Öst,Lars-Göran,NO,,bergen,,
1149,Andersen,Lars B,NO,,oslo,,
1150,Ekelund,Ulf,NO,,oslo,,
1151,Vamre,Tone B Aaman,NO,toneboe.aaman@ulleval.no,university of tromsø,,
1152,Lundblad,R,NO,,oslo,,
1153,Arvola,L,NO,,kirkenes,,
1154,Palm,Ø,NO,oyvind.palm@so-hf.no,n- sarpsborg,,
1155,Sagbakken,Mette,NO,mette.sagbakken@hioa.no,oslo,,
1156,Cordara,Gabriele,NO,,0379 oslo,,
1157,Kalland,Karl-Henning,NO,,university of bergen,,
1158,Bryne,Jan Christian,NO,,n- bergen,,
1159,Aass,A M,NO,,university of oslo,,
1160,Rognmo,Kamilla,NO,kamilla.rognmo@uit.no.,tromsø,,
1161,Sivertsen,Børge,NO,,oslo,,
1162,Eberhard-Gran,Malin,NO,,oslo,,
1163,Lunestad,Bjørn T,NO,,n-5817 bergen,,
1164,Farestveit,Eva,NO,,n-5817 bergen,,
1165,Grefsrud,Ellen S,NO,,n-5817 bergen,,
1166,Hannisdal,Rita,NO,,n-5817 bergen,,
1167,Holmelid,Bjarte,NO,,n-5817 bergen,,
1168,Tjensvoll,Tore,NO,,n-5817 bergen,,
1169,Agnalt,Ann-Lisbeth,NO,,n-5817 bergen,,
1170,Vindenes,Hallvard,NO,,bergen,,
1171,Arctander,Kjartan,NO,,rikshospitalet oslo,,
1172,Åbyholm,Frank,NO,,rikshospitalet oslo,,
1173,Semb,Gunvor,NO,,oslo,,
1174,Hylland,P,NO,,oslo,,
1175,Alme,J,NO,,mons,,
1176,Altinpinar,S,NO,,mons,,
1177,Arsene,I C,NO,,oslo,,
1178,Batzing,P C,NO,,oslo,,
1179,Djuvsland,Ø,NO,,mons,,
1180,Dordic,O,NO,,oslo,,
1181,Haaland,Ø,NO,,mons,,
1182,Helstrup,H,NO,,mons,,
1183,Hetland,K F,NO,,mons,,
1184,Kileng,B,NO,,mons,,
1185,Langoy,R,NO,,vestfold,,
1186,Lien,J,NO,,vestfold,,
1187,Lindal,S,NO,,oslo,,
1188,Loenne,P I,NO,,mons,,
1189,Mahmood,S M,NO,,oslo,,
1190,Milosevic,J,NO,,oslo,,
1191,Nystrand,J,NO,,mons,,
1192,Qvigstad,H,NO,,oslo,,
1193,Rehman,A,NO,,mons,,
1194,Richter,M,NO,,oslo,,
1195,Røed,K,NO,,oslo,,
1196,Röhrich,D,NO,,mons,,
1197,Skaali,T B,NO,,oslo,,
1198,Tambave,G J,NO,,mons,,
1199,Tveter,T S,NO,,oslo,,
1200,Ullaland,K,NO,,mons,,
1201,Velure,A,NO,,mons,,
1202,Wagner,B,NO,,mons,,
1203,Wikne,J,NO,,oslo,,
1204,Zhang,H,NO,,mons,,
1205,Zhao,C,NO,,oslo,,
1206,Zhou,Z,NO,,mons,,
1207,Zhu,H,NO,,mons,,
1208,Teale,Andrew M,NO,,n-0315 oslo,,
1209,Buanes,T,NO,,bergen,,
1210,Bugge,M K,NO,,oslo,,
1211,Cameron,D,NO,,oslo,,
1212,Catmore,J R,NO,,oslo,,
1213,Dale,O,NO,,bergen,,
1214,Eigen,G,NO,,bergen,,
1215,Feigl,S,NO,,oslo,,
1216,Franconi,L,NO,,oslo,,
1217,Garonne,V,NO,,oslo,,
1218,Gjelsten,B K,NO,,oslo,,
1219,Gramstad,E,NO,,oslo,,
1220,Kastanas,A,NO,,bergen,,
1221,Liebig,W,NO,,bergen,,
1222,Lipniacka,A,NO,,bergen,,
1223,Maeland,S,NO,,bergen,,
1224,Martin Dit Latour,B,NO,,bergen,,
1225,Morisbak,V,NO,,oslo,,
1226,Nilsen,J K,NO,,oslo,,
1227,Ould-Saada,F,NO,,oslo,,
1228,Pajchel,K,NO,,oslo,,
1229,Pedersen,M,NO,,oslo,,
1230,Raddum,S,NO,,oslo,,
1231,Read,A L,NO,,oslo,,
1232,Røhne,O,NO,,oslo,,
1233,Sandaker,H,NO,,oslo,,
1234,Serfon,C,NO,,oslo,,
1235,Sjursen,T B,NO,,bergen,,
1236,Smestad,L,NO,,bergen,,
1237,Stapnes,S,NO,,oslo,,
1238,Strandlie,A,NO,,oslo,,
1239,Stugu,B,NO,,bergen,,
1240,Yang,Z,NO,,bergen,,
1241,Zalieckas,J,NO,,bergen,,
1242,Sørensen,M,NO,marit.sorensen@nih.no,oslo,,
1243,Lier,Tore,NO,tore.lier@unn.no,tromsø,,
1244,Andersen,H E,NO,,bergen,,
1245,Sanne,Bjarte,NO,bjarte.sanne@isf.uib.no,university of bergen,,
1246,Farstad,T,NO,,oslo,,
1247,Nesbakken,R,NO,,university of oslo,,
1248,Haugen,Aage,NO,,n-,,
1249,Zienolddiny,Shanbeh,NO,,n-,,
1250,Svenning,Mette M,NO,,tromsø,,
1251,Østby,Ylva,NO,ylva.ostby@psykologi.uio.no,university of oslo,,
1252,Dalhus,B,NO,bjornda@kjemi.uio.no,n-0315 oslo,,
1253,Bjertnaes,Oyvind,NO,oan@kunnskapssenteret.no.,oslo 0130,,
1254,Wilsgaard,Tom,NO,tom.wilsgaard@ism.uit.no,tromsø,,
1255,Ashraf,Haseem,NO,,lørenskog,,
1256,Saugstad,O D,NO,o.d.saugstad@rh.uio.no,oslo,,
1257,Breitve,Monica H,NO,,haugesund,,
1258,Chwiszczuk,Luiza J,NO,,haugesund,,
1259,Brønnick,Kolbjørn,NO,,stavanger,,
1260,Hynninen,Minna J,NO,,bergen,,
1261,Auestad,Bjørn H,NO,,stavanger,,
1262,Aarsland,Dag,NO,,stavanger,,
1263,Rongve,Arvid,NO,,haugesund,,
1264,Flaten,Gøril Eide,NO,,n- tromsø,,
1265,Yli,Branka M,NO,b.m.yli@medisin.uio.no,oslo,,
1266,Kristiansen,Trond,NO,,bergen,,
1267,Pettersen,Gunn,NO,,tromsø,,
1268,Hapnes,Liv,NO,,bergen,,
1269,Gordeladze,Jan O,NO,j.o.gordeladze@medisin.uio.no,university of oslo,,
1270,Ostlund-Nilsson,Sara,NO,s.x.nilsson@bio.uio.no,0316 oslo,,
1271,Myrseth,Helga,NO,helga.myrseth@iuh.uib.no,bergen,,
1272,Quintana,Daniel S,NO,,oslo,,
1273,Gulsvik,A,NO,,university of bergen,,
1274,Asvold,Bjørn O,NO,bjorn.o.asvold@ntnu.no,trondheim,,
1275,Pettersen,Henrik Sahlin,NO,,n- trondheim,,
1276,Nerhus,Tor Kjetil,NO,kjnerhus@gmail.com.,sandvika,,
1277,Ekeland,Arne,NO,,sandvika,,
1278,Solberg,Geir,NO,,sandvika,,
1279,Sivertsen,Einar Andreas,NO,,oslo,,
1280,Madsen,Jan Erik,NO,,oslo,,
1281,Heir,Stig,NO,,sandvika,,
1282,Nordal,Ellen,NO,ellen.nordal@unn.no,tromsø,,
1283,Wang,Ling,NO,,n-0317 oslo,,
1284,Rokling-Andersen,Merethe H,NO,,blindern,,
1285,Solberg,Rønnaug,NO,,tønsberg,,
1286,Holtedahl,Jon Erik,NO,,n-0424 oslo,,
1287,Tulipan,Andreas,NO,,n-0424 oslo,,
1288,Barlinn,Jon,NO,,n-0424 oslo,,
1289,Trigg,William,NO,,oslo,,
1290,Wickstrøm,Torild,NO,,oslo,,
1291,Saugstad,Ola Didrik,NO,,n-0316 oslo,,
1292,Malinen,Eirik,NO,,n-0316 oslo,,
1293,Revheim,Mona Elisabeth,NO,,n-0316 oslo,,
1294,Sorbye,S W,NO,sveinung.sorbye@unn.no,tromso,,
1295,Holtermann,A,NO,,trondheim,,
1296,Friese,Daniel H,NO,,n- tromsø,,
1297,Ødegård,Sigrid,NO,sigrid.odegard@diakonsyk.no,n- oslo,,
1298,Størdal,Ketil,NO,ketil.stordal@fhi.no.,0403 oslo,,
1299,Asberg,Anders,NO,anders.asberg@farmasi.uio.no,oslo,,
1300,Helseth,E,NO,,university hospital of trondheim,,
1301,Jensen,I J T,NO,,oslo,,
1302,Albandar,J M,NO,,university of oslo,,
1303,Hinderaker,Sven Gudmund,NO,,bergen,,
1304,Hildrum,B,NO,bjorn.hildrum@hnt.no,namsos,,
1305,Narum,Sigrid,NO,,oslo,,
1306,Westergren,Tone,NO,,oslo,,
1307,Klemp,Marianne,NO,,oslo,,
1308,Waaktaar,Trine,NO,trine.waaktaar@r-bup.no,oslo,,
1309,Khnykin,Denis,NO,,oslo,,
1310,Thomas,K V,NO,kevin.thomas@niva.no,oslo,,
1311,Norum,Jan,NO,,tromsø,,
1312,Leivestad,Torbjørn,NO,,oslo,,
1313,Eriksen,Bjørn Odvar,NO,,tromsø,,
1314,Skår,Siw,NO,,bodø,,
1315,Fagerheim,Anne,NO,,f nordland hospital bodø,,
1316,Reisæter,Anna Varberg,NO,,oslo,,
1317,Liu,Yun,NO,,university of bergen,,
1318,Koldsland,Odd Carsten,NO,oddcko@odont.uio.no,oslo,,
1319,Kaspersen,Silje L,NO,silje.kaspersen@ntnu.no.,trondheim,,
1320,Pape,Kristine,NO,,trondheim,,
1321,Vie,Gunnhild Å,NO,,trondheim,,
1322,Ose,Solveig O,NO,,trondheim,,
1323,Krokstad,Steinar,NO,,nord-trøndelag health trust,,
1324,Bjørngaard,Johan H,NO,,trondheim,,
1325,Meldahl,A S,NO,,kjeller,,
1326,Skranes,Jon,NO,,trondheim,,
1327,Christophersen,Ingrid E,NO,,drammen,,
1328,Tveit,Arnljot,NO,,drammen,,
1329,Pierre-Jerome,C,NO,,tromsø university hospital,,
1330,Rønnestad,Ivar,NO,ivar.ronnestad@bio.uib.no,n- bergen,,
1331,Malterud,K,NO,,university of oslo,,
1332,Frostad,Anne,NO,anne.frostad@online.no,n- oslo,,
1333,Pedersen,Terje R,NO,,oslo,,
1334,Markestad,Trond J,NO,trond.markestad@helse-bergen.no,universitetet i bergen,,
1335,Schuster,Peter,NO,peter.schuster@med.uib.no,bergen,,
1336,Dahle,Bjørn,NO,,ås,,
1337,Jacobsson,Bo,NO,,oslo,,
1338,Løes,Sigbjørn,NO,,bergen,,
1339,Thorsen,Olav,NO,othorsen@lyse.net,university of bergen,,
1340,Garthus-Niegel,Susan,NO,susan.garthus-niegel@tu-dresden.de.,oslo,,
1341,Falkum,Erik,NO,,university of oslo,,
1342,Mohn,Christine,NO,,drammen,,
1343,Haaland,Vegard Øksendal,NO,,kristiansand,,
1344,Bull,Helen,NO,,0424 oslo,,
1345,Evensen,Stig,NO,,0424 oslo,,
1346,Rund,Bjørn Rishovd,NO,,drammen,,
1347,Ueland,Torill,NO,,0424 oslo,,
1348,Otero,Jaime,NO,,oslo,,
1349,Hammer,H B,NO,,oslo,,
1350,Bakken,Inger Johanne,NO,inger.bakken@sintef.no,trondheim,,
1351,Dunn,Benjamin,NO,,trondheim,,
1352,Mørreaunet,Maria,NO,,trondheim,,
1353,Reistad,Trine,NO,trine.reistad@ffi.no,n- kjeller,,
1354,Magnussen,J,NO,,university of trondheim,,
1355,Lian,Arild,NO,arild.lian@psykologi.uio.no,university of oslo,,
1356,Schoultz,Bent W,NO,,n-0315 oslo,,
1357,Hem,Lars John,NO,,0561 oslo,,
1358,Helle,F,NO,frank.helle@med.uib.no,bergen,,
1359,Johannessen,Tor-Christian Aase,NO,tor-christian.johannessen@biomed.uib.no,bergen,,
1360,Helland,Åslaug,NO,,oslo,,
1361,Flo,Kari,NO,,tromsø,,
1362,Blix,Egil S,NO,,tromsø,,
1363,Husebekk,Anne,NO,,tromsø,,
1364,Thommessen,Anders,NO,,tromsø,,
1365,Uhre,Andreas T,NO,,tromsø,,
1366,Wilsgaard,Tom,NO,,tromsø,,
1367,Vårtun,Åse,NO,,tromsø,,
1368,Acharya,Ganesh,NO,,tromsø,,
1369,Boge,Jeanne,NO,jeanne.boge@isf.uib.no,bergen university,,
1370,Trumpy,I G,NO,,oslo,,
1371,Bieler,Malte,NO,malte.bieler@zmnh.uni-hamburg.de.,oslo,,
1372,Angenete,O,NO,,st olav university hospital,,
1373,Jellestad,S,NO,,bergen,,
1374,Möller,Andreas C,NO,,n- oslo,,
1375,Andersen,L F,NO,l.f.anderson@basalmed.uio.no,university of oslo,,
1376,Kjeken,Ingvild,NO,ingvild.kjeken@diakonsyk.no,oslo,,
1377,Myhre,A M,NO,,blindern,,
1378,Kvalvik,Liv Grimstvedt,NO,,bergen,,
1379,Smeland,Tom Eirik,NO,,ås,,
1380,Müller,Fredrik,NO,,oslo,,
1381,Blomfeldt,Anita,NO,,lørenskog,,
1382,Stavem,Knut,NO,,oslo,,
1383,Aamot,Hege Vangstein,NO,,lørenskog,,
1384,Bahr,Roald,NO,,oslo,,
1385,Schiel,Anja,NO,,oslo,,
1386,Rosvold,E O,NO,,department of medical history,,
1387,Aaberg,Kari M,NO,,oslo,,
1388,Surén,Pål,NO,,oslo,,
1389,Trogstad,Lill,NO,,oslo,,
1390,Ghaderi,Sara,NO,,oslo,,
1391,Stoltenberg,Camilla,NO,,oslo,,
1392,Magnus,Per,NO,,oslo,,
1393,Bakken,Inger Johanne,NO,,oslo,,
1394,McLeod,Anette,NO,anette.mcleod@nofima.no,no-,,
1395,Hasselberg,Nina,NO,nina.hasselberg@ahus.no,lørenskog,,
1396,Shen,J M,NO,,trondheim university hospital,,
1397,Jones,Morgan T,NO,m.t.jones@geo.uio.no.,oslo,,
1398,Augland,Lars E,NO,,oslo,,
1399,Shephard,Grace E,NO,,oslo,,
1400,Eliassen,Gauti T,NO,,oslo,,
1401,Jochmann,Malte M,NO,,svalbard,,
1402,Friis,Bjarki,NO,,svalbard,,
1403,Jerram,Dougal A,NO,,oslo,,
1404,Planke,Sverre,NO,,oslo,,
1405,Svensen,Henrik H,NO,,oslo,,
1406,Blomlie,V,NO,,oslo,,
1407,Karlsen,Paul Johan,NO,pjkarlse@psykologi.uio.no,n- oslo,,
1408,Haugarvoll,Kristoffer,NO,,bergen,,
1409,Wangensteen,Arnlaug,NO,,oslo,,
1410,Moe,S Jannicke,NO,jmo@niva.no,oslo,,
1411,Couture,Raoul-Marie,NO,rmc@niva.no.,oslo,,
