temp_id,lastname,firstname,countries_scope,email,town,role,url
1,Eide,Arne H,NO,,oslo,,
2,Dyrstad,Karin,NO,,oslo,,
3,Hem,Karl-Gerhard,NO,,oslo,,
4,Schou,Morten,NO,,trondheim,,
5,Saether,Sverre Georg,NO,,trondheim,,
6,Østgård,Heidi Furre,NO,,trondheim,,
7,Bjuland,Knut Jørgen,NO,,trondheim,,
8,Martinussen,Marit,NO,,trondheim,,
9,Brubakk,Ann-Mari,NO,,trondheim,,
10,Håberg,Asta Kristine,NO,,trondheim,,
11,Skranes,Jon,NO,,arendal,,
12,Løhaugen,Gro Christine Christensen,NO,,arendal,,
13,Roy,Bishnudeo,NO,,oslo,,
14,Neumann,Ralf S,NO,,oslo,,
15,Snir,Omri,NO,,oslo,,
16,Iversen,Rasmus,NO,,oslo,,
17,Lundin,Knut E A,NO,,oslo,,
18,Sollid,Ludvig M,NO,,oslo,,
19,Rosenlund,Ingvild M,NO,,tromsø,,
20,Førde,Olav H,NO,,tromsø,,
21,Revhaug,Arthur,NO,,tromsø,,
22,Waldum,Helge L,NO,helge.waldum@medisin.ntnu.no,n- trondheim,,
23,Moe,Kyaw,NO,,university of bergen,,
24,Egeland,Thore,NO,thore.egeland@medisin.uio.no,oslo,,
25,Nagelhus Hernes,Toril A,NO,toril.n.hernes@sintef.no,trondheim,,
26,Eide,T O,NO,,trondheim,,
27,Bjerkås,E,NO,ellen.bjerkaas@veths.no,oslo,,
28,Hornsleth,S N,NO,,bergen,,
29,Siddiqui,Huma,NO,,0316 oslo,,
30,Lund-Iversen,Marius,NO,marius@lund-iversen.com.,oslo,,
31,Scott,Helge,NO,,oslo,,
32,Strøm,Erik H,NO,,oslo,,
33,Brustugun,Odd Terje,NO,,drammen,,
34,Grønberg,Bjørn H,NO,,trondheim,,
35,Jolma,Ingunn W,NO,,stavanger,,
36,Gellein,Kristin,NO,kristin.gellein@chem.ntnu.no,trondheim,,
37,Osterås,Bjørn Helge,NO,,n- oslo,,
38,Tveit,Kjell-Magne,NO,,oslo,,
39,Engzelius,J M,NO,,nesbru legesenter,,
40,Brurberg,Kjetil Gundro,NO,,oslo,,
41,Markestad,Trond,NO,,bergen,,
42,Mjøen,Geir,NO,,oslo,,
43,Fagerlund,T,NO,,university of oslo,,
44,Bockwoldt,Mathias,NO,,tromsø,,
45,Heiland,Ines,NO,,tromsø,,
46,Marti,Hans-Peter,NO,,n- bergen,,
47,Andressen,Kjetil W,NO,,oslo,,
48,Hjørnevik,Trine,NO,,0424 oslo,,
49,Levy,Finn O,NO,,oslo,,
50,Klaveness,Jo,NO,,0316 oslo,,
51,Haraldsen,Ira,NO,,oslo,,
52,Rivedal,Edgar,NO,edgarr@labmed.uio.no,oslo,,
53,Hagland,Pernille,NO,,bergen,,
54,Kvale,Gerd,NO,,bergen,,
55,Hansen,Bjarne,NO,,bergen,,
56,Andersson,S,NO,,oslo,,
57,Bratland-Sanda,Solfrid,NO,,bø i telemark,,
58,Sundgot-Borgen,Jorunn,NO,,oslo,,
59,Myklebust,Grethe,NO,,oslo,,
60,Oldenburg,Jan,NO,,oslo,,
61,Buanes,T,NO,,bergen,,
62,Bugge,M K,NO,,oslo,,
63,Cameron,D,NO,,oslo,,
64,Catmore,J R,NO,,oslo,,
65,Dale,O,NO,,bergen,,
66,Eigen,G,NO,,bergen,,
67,Feigl,S,NO,,oslo,,
68,Franconi,L,NO,,oslo,,
69,Garonne,V,NO,,oslo,,
70,Gjelsten,B K,NO,,oslo,,
71,Gramstad,E,NO,,oslo,,
72,Kastanas,A,NO,,bergen,,
73,Liebig,W,NO,,bergen,,
74,Lipniacka,A,NO,,bergen,,
75,Maeland,S,NO,,bergen,,
76,Latour,B Martin Dit,NO,,bergen,,
77,Morisbak,V,NO,,oslo,,
78,Nilsen,J K,NO,,oslo,,
79,Ould-Saada,F,NO,,oslo,,
80,Pajchel,K,NO,,oslo,,
81,Pedersen,M,NO,,oslo,,
82,Raddum,S,NO,,oslo,,
83,Read,A L,NO,,oslo,,
84,Røhne,O,NO,,oslo,,
85,Sandaker,H,NO,,oslo,,
86,Serfon,C,NO,,oslo,,
87,Smestad,L,NO,,bergen,,
88,Stapnes,S,NO,,oslo,,
89,Strandlie,A,NO,,oslo,,
90,Stugu,B,NO,,bergen,,
91,Yang,Z,NO,,bergen,,
92,Zalieckas,J,NO,,bergen,,
93,Theofylaktopoulou,Despoina,NO,,bergen,,
94,McCann,Adrian,NO,,bergen,,
95,Meyer,Klaus,NO,,bergen,,
96,Ulvik,Arve,NO,,bergen,,
97,Langhammer,Arnulf,NO,,levanger,,
98,Hveem,Kristian,NO,,levanger,,
99,Næss,Marit,NO,,levanger,,
100,Ueland,Per M,NO,,bergen,,
101,Høydal,Kjetil L,NO,kjetil.hoydal@ntnu.no,trondheim,,
102,Nguyen,Nga H T,NO,,kjeller,,
103,Andersson,T R,NO,,oslo,,
104,Teigen,Knut Erik,NO,,no- trondheim,,
105,Dominguez-Valentin,Mev,NO,mev_dv@yahoo.com.,oslo,,
106,Nakken,Sigve,NO,,oslo,,
107,Vodak,Daniel,NO,,oslo,,
108,Ekstrøm,Per Olaf,NO,,oslo,,
109,Møller,Pål,NO,,oslo,,
110,Hovig,Eivind,NO,,oslo,,
111,Deilkås,Ellen Tveter,NO,,akershus,,
112,Hofoss,Dag,NO,,oslo,,
113,Bondevik,Gunnar Tschudi,NO,,bergen,,
114,Nielsen,Josefine Eilsø,NO,,n-0316 oslo,,
115,Zhu,Kaizheng,NO,,n-0315 oslo,,
116,Sande,Sverre Arne,NO,,n-0316 oslo,,
117,Knudsen,Kenneth D,NO,,n- kjeller,,
118,Nyström,Bo,NO,,n-0315 oslo,,
119,Bjørge,Tone,NO,,bergen,,
120,Engeland,Anders,NO,,bergen,,
121,Tretli,Steinar,NO,,oslo,,
122,Grotmol,Tom,NO,,oslo,,
123,Smith,I,NO,ingrid.smith@med.uib.no,bergen,,
124,Kure,E H,NO,,oslo,,
125,Saltnes,Solfrid Sørgjerd,NO,,oslo,,
126,Jensen,Janicke Liaaen,NO,,oslo,,
127,Sæves,Rønnaug,NO,,oslo,,
128,Nordgarden,Hilde,NO,,oslo,,
129,Geirdal,Amy Østertun,NO,,oslo,,
130,Schuster,Peter,NO,peter.schuster@med.uib.no,n- bergen,,
131,Konopski,Z,NO,,university of tromsø,,
132,Apeland,T,NO,,bergen,,
133,Leitges,Michael,NO,,oslo,,
134,Bremnes,Yngve,NO,yngve.bremnes@ism.uit.no,tromsø,,
135,Hysing,Mari,NO,,bergen,,
136,Pönitz,Volker,NO,volker.poenitz@lyse.net,stavanger,,
137,Skovlund,Eva,NO,,oslo,,
138,Rinne,Päivi L H,NO,,n- ås,,
139,Paul,Laju K,NO,,n- ås,,
140,van der Schoot,Christiaan,NO,chris.vanderschoot@nmbu.no.,n- ås,,
141,Li,Xiaojun,NO,,n- tromsø,,
142,Vinge,Leif Erik,NO,,university of oslo,,
143,Folgerø,T,NO,,university of tromsø,,
144,Aass,A M,NO,,university of oslo,,
145,Matre,Knut,NO,knut.matre@med.uib.no,bergen,,
146,Martinsen,F A,NO,,trondheim,,
147,Smeltzer,B K,NO,,trondheim,,
148,Nord,M,NO,,trondheim,,
149,Gibson,U J,NO,,trondheim,,
150,Munkvold,Linda Helen,NO,linda.munkvold@psysp.uib.no,bergen,,
151,Dybing,E,NO,,no-0403 oslo,,
152,Aunaas,T,NO,,dragvoll,,
153,Afzal,Faraz,NO,,asker,,
154,Nielsen,H M,NO,,n-1432 ås,,
155,Bohnhorst,J O,NO,janne.bohnhorst@labmed.uio.no,n- oslo,,
156,Jørgensen,S F,NO,s.f.jorgensen@medisin.uio.no.,rikshospitalet,,
157,Macpherson,M E,NO,,rikshospitalet,,
158,Bjørnetrø,T,NO,,rikshospitalet,,
159,Holm,K,NO,,rikshospitalet,,
160,Kummen,M,NO,,rikshospitalet,,
161,Rashidi,A,NO,,rikshospitalet,,
162,Michelsen,A E,NO,,rikshospitalet,,
163,Lekva,T,NO,,rikshospitalet,,
164,Halvorsen,B,NO,,rikshospitalet,,
165,Trøseid,M,NO,,rikshospitalet,,
166,Mollnes,T E,NO,,tromsø,,
167,Berge,R K,NO,,bergen,,
168,Yndestad,A,NO,,rikshospitalet,,
169,Ueland,T,NO,,rikshospitalet,,
170,Karlsen,T H,NO,,rikshospitalet,,
171,Aukrust,P,NO,,rikshospitalet,,
172,Hov,J R,NO,,rikshospitalet,,
173,Fevang,B,NO,,rikshospitalet,,
174,Jacobsen,M,NO,,oslo,,
175,Nordal,K P,NO,,oslo,,
176,Norheim,Gunnstein,NO,,oslo,,
177,Katle,E J,NO,,stavanger,,
178,Hatlebakk,J G,NO,,haukeland university hospital,,
179,Grimstad,T,NO,,stavanger,,
180,Kvaløy,J T,NO,,university of stavanger,,
181,Steinsvåg,S K,NO,,university of stavanger,,
182,Wester,T,NO,,oslo,,
183,Irgens,Henrik U,NO,,5021 bergen,,
184,Tørfoss,Veronika,NO,,tromsø,,
185,Hussain,S,NO,,0317 oslo,,
186,Aasly,Jan,NO,,trondheim,,
187,Briseid,K,NO,,blindern,,
188,Faraone,Stephen V,NO,,bergen,,
189,Khan,Uniza Wahid,NO,,no- ås,,
190,Øverli,Øyvind,NO,,no- ås,,
191,Johansen,Ida Beitnes,NO,,no- oslo,,
192,Berget,Ingunn,NO,,no- ås,,
193,Silva,Patricia I M,NO,,no- ås,,
194,Kittilsen,Silje,NO,,no-  oslo,,
195,Höglund,Erik,NO,,no- oslo,,
196,Omholt,Stig W,NO,,no- ås,,
197,Våge,Dag Inge,NO,,no- ås,,
198,Preus,H R,NO,,university of oslo,,
199,Irgens,Agot,NO,agot.irgens@helse-bergen.no,bergen,,
200,Tähtinen,Vilja,NO,,tromsø,,
201,Lislevand,Marianne,NO,,oslo,,
202,Kristensen,Annette Torgunrud,NO,,oslo,,
203,Landrø,N I,NO,n.i.landro@psykologi.uio.no,blindern,,
204,Sigurdardóttir,O G,NO,,dep. 0033 oslo,,
205,Hoff,Geir,NO,hofg@online.no,telemark hospital skien,,
206,Khullar,S M,NO,,blindern,,
207,Kielland,C,NO,camilla.kielland@veths.no,oslo,,
208,Revhaug,Cecilie,NO,,oslo,,
209,Baumbusch,Lars O,NO,,oslo,,
210,Saugstad,Ola D,NO,,oslo,,
211,Lyngstadaas,A,NO,,oslo,,
212,Terjesen,Terje,NO,,oslo,,
213,Skaga,Nils O,NO,noskaga@online.no,oslo,,
214,Valen,B,NO,,haukeland sykehus,,
215,Askautrud,Hanne,NO,,oslo,,
216,Engelsen,B K,NO,,no- bergen,,
217,Melberg,Tor,NO,,stavanger,,
218,Sørbye,H,NO,,haukeland hospital,,
219,Paulenz,Heiko,NO,heiko.paulenz@veths.no,n-0033 oslo,,
220,Ostensen,J,NO,,ullevaal hospital,,
221,Basic,Dean,NO,dean.basic@nvh.no,0033 oslo,,
222,Djupesland,Per Gisle,NO,pgd@optinose.no,oslo,,
223,Eldeniz,A U,NO,ayc71@yahoo.com,haslum,,
224,Glenton,Claire,NO,claire.glenton@fhi.no.,oslo,,
225,Carlsen,Benedicte,NO,,bergen,,
226,Lewin,Simon,NO,,oslo,,
227,Munthe-Kaas,Heather,NO,,oslo,,
228,Flottorp,Signe,NO,,oslo,,
229,Naderi,S,NO,,university of oslo,,
230,Stojanovic,Aleksandar,NO,aleks@online.no,tromsø,,
231,Schønberg,Svanhild A,NO,svanhild.schonberg@ntnu.no,trondheim,,
232,Braun,F N,NO,,n- tromso,,
233,Flaten,M A,NO,magnef@psyk.uit.no,university of tromsö,,
234,Nissen-Meyer,J,NO,,regionsykehuset,,
235,Aarvak,T,NO,tanja.aarvak@labmed.uio.no,oslo,,
236,Sakhi,Amrit K,NO,,university of oslo,,
237,Rinne,Päivi L H,NO,,n- ås,,
238,Waaler,S M,NO,,university of oslo,,
239,Björk,Evastina,NO,,gjøvik,,
240,Ottosson,Stig,NO,,gjøvik,,
241,Høgetveit,J O,NO,,rikshospitalet,,
242,Janszky,Imre,NO,,trondheim,,
243,Strand,Linn Beate,NO,,trondheim,,
244,Vatten,Lars J,NO,,trondheim,,
245,Dalen,Håvard,NO,,trondheim,,
246,Nilsson,Göran E,NO,,oslo,,
247,Ringen,P A,NO,,oslo,,
248,Nesvåg,R,NO,,oslo,,
249,Helle,S,NO,,bergen,,
250,Lagerberg,T V,NO,,oslo,,
251,Lange,E H,NO,,oslo,,
252,Løberg,E M,NO,,bergen,,
253,Agartz,I,NO,,oslo,,
254,Andreassen,O A,NO,,oslo,,
255,Melle,I,NO,,oslo,,
256,Fadl Elmula,Fadl Elmula M,NO,,university of oslo oslo,,
257,Larstorp,Anne C,NO,,university of oslo oslo,,
258,Kjeldsen,Sverre E,NO,,university of oslo oslo,,
259,Aas,Randi Wågø,NO,,stavanger,,
260,Haveraaen,Lise,NO,,stavanger,,
261,Sagvaag,Hildegunn,NO,,stavanger,,
262,Thørrisen,Mikkel Magnus,NO,,oslo,,
263,Lahti,Ari,NO,ari.lahti@rikshospitalet.no,oslo,,
264,Landfors,Miriam,NO,,oslo,,
265,Johansen,Jostein,NO,,trondheim,,
266,Aronsen,Jan Magnus,NO,,oslo,,
267,Vågbø,Cathrine Broberg,NO,,trondheim,,
268,Sjaastad,Ivar,NO,,oslo,,
269,Sætrom,Pål,NO,,trondheim,,
270,Fedorcsák,Péter,NO,,oslo,,
271,Dahl,John Arne,NO,,oslo,,
272,Aanes,Håvard,NO,,oslo,,
273,Fußer,Markus,NO,,oslo,,
274,Klungland,Arne,NO,,oslo,,
275,Ovrebo,Kjell,NO,kjell.ovrebo@haukeland.no,bergen,,
276,Birkemo,Gunn Alice,NO,g.a.birkemo@biokjemi.uio.no,oslo,,
277,Dierkes,Jutta,NO,,bergen,,
278,Kraugerud,Marianne,NO,marianne.kraugerud@nvh.no,0033 oslo,,
279,Einarsrud,Mari-Ann,NO,mari-ann.einarsrud@ntnu.no.,no- trondheim,,
280,Hatlebakk,J G,NO,jhat@haukeland.no,n- bergen,,
281,Storaas,Torgeir,NO,torgeir.storaas@helse-bergen.no,bergen,,
282,Capelli,C,NO,carlo.capelli@univr.it.,oslo,,
283,Thoresen,Lisbeth,NO,,vestfold university college,,
284,Lingaas,E,NO,,university of oslo,,
285,Mauland,Karen Klepsland,NO,,bergen,,
286,Eng,Øyvin,NO,,bergen,,
287,Ytre-Hauge,Sigmund,NO,,bergen,,
288,Tangen,Ingvild L,NO,,bergen,,
289,Berg,Anna,NO,,bergen,,
290,Salvesen,Helga B,NO,,bergen,,
291,Salvesen,Øyvind O,NO,,trondheim,,
292,Krakstad,Camilla,NO,,bergen,,
293,Trovik,Jone,NO,,bergen,,
294,Hoivik,Erling A,NO,,bergen,,
295,Werner,Henrica Maria Johanna,NO,,bergen,,
296,Mellgren,Gunnar,NO,,bergen,,
297,Haldorsen,Ingfrid S,NO,,bergen,,
298,Norem,Jan,NO,jan.norum@unn.no,tromsø,,
299,Anderssen,N,NO,,university of bergen,,
300,Andersen,Tom,NO,,oslo 0315,,
301,Eriksen,Willy,NO,w.b.eriksen@samfunnsmed.uio.no,university of oslo,,
302,Høyvoll,L,NO,,no- kristiansand,,
303,Myre,I B,NO,,no- kristiansand,,
304,Skarpaas,T,NO,,kristiansand,,
305,Kjelland,V,NO,,no- kristiansand,,
306,Noraas,S,NO,,kristiansand,,
307,Kilvaer,Thomas Karsten,NO,,tromsø,,
308,Rakaee,Mehrdad,NO,,tromsø,,
309,Hellevik,Turid,NO,,tromsø,,
310,Bremnes,Roy M,NO,,tromsø,,
311,Busund,Lill-Tove,NO,,tromsø,,
312,Dønnem,Tom,NO,,tromsø,,
313,Martinez-Zubiaurre,Inigo,NO,,tromsø,,
314,Halvorsen,Peder A,NO,peder.halvorsen@kraftlaget.no.,tromsø,,
315,Aasland,Olaf Gjerløw,NO,olaf.aasland@legeforeningen.no.,oslo,,
316,Kristiansen,Ivar Sønbø,NO,i.s.kristiansen@medisin.uio.no.,oslo,,
317,Dunkel,J A,NO,,oslo,,
318,Bastien,S,NO,s.l.bastien@medisin.uio.no,oslo,,
319,Bischof,Richard,NO,richard.bischof@umb.no,1432 as,,
320,Dahle,Jostein,NO,jostein.dahle@rr-research.no,oslo,,
321,Bogen,Inger Lise,NO,,oslo,,
322,Mala,Tom,NO,tom.mala@tiscali.no,oslo,,
323,Delaplace,A,NO,,0316 oslo 3,,
324,Qiao,Z G,NO,,solberg,,
325,Kouwenhoven,Siren E,NO,siren.kouwenhoven@hibu.no,drammen,,
326,Burkow,Tatjana M,NO,tatjana.m.burkow@telemed.no,tromsø,,
327,Solberg,Inger C,NO,,oslo,,
328,Berents,T L,NO,,oslo,,
329,Lødrup Carlsen,K C,NO,,oslo,,
330,Mowinckel,P,NO,,oslo,,
331,Sandvik,L,NO,,oslo,,
332,Skjerven,H O,NO,,oslo,,
333,Rolfsjord,L B,NO,,oslo,,
334,Kvenshagen,B,NO,,fredrikstad,,
335,Hunderi,J O G,NO,,oslo,,
336,Carlsen,K-H,NO,,oslo,,
337,Thorsby,P M,NO,,oslo,,
338,Gjersvik,P,NO,,oslo,,
339,Hansen,Bjørn Henrik,NO,,n- trondheim,,
340,Andersen,J B,NO,,bergen,,
341,Borgan,Eldrid,NO,eborgan@rr-research.no,oslo,,
342,Talseth,A G,NO,anne.g.talseth@hitos.no,tromsø,,
343,Haakstad,Lene A H,NO,lene.haakstad@nih.no,oslo,,
344,Schiøtz,H A,NO,,tønsberg,,
345,Rwenyonyi,C M,NO,mugisha.rwenyonyi@odont.uib.no,n- bergen,,
346,Jelsness-Jørgensen,Lars-Petter,NO,,fredrikstad,,
347,Moum,Bjørn,NO,,0316 oslo,,
348,Grimstad,Tore,NO,,stavanger,,
349,Jahnsen,Jørgen,NO,,1478 lørenskog,,
350,Opheim,Randi,NO,,0316 oslo,,
351,Prytz Berset,Ingrid,NO,,ålesund,,
352,Hovde,Øistein,NO,,2819 gjøvik,,
353,Torp,Roald,NO,,brumunddal,,
354,Frigstad,Svein Oskar,NO,,1714 grålum,,
355,Huppertz-Hauss,Gert,NO,,skien,,
356,Bernklev,Tomm,NO,,3710 skien,,
357,Hansteen,I L,NO,,skien,,
358,Helle,K B,NO,,bergen,,
359,Akerstedt,J,NO,,oslo,,
360,Tennøe,B,NO,,oslo,,
361,Hertel-Aas,Turid,NO,,aas,,
362,Coutris,Claire,NO,,aas,,
363,Oughton,Deborah,NO,,aas,,
364,Oudhoff,Menno J,NO,,trondheim,,
365,Tinoco,E M,NO,tinoco@trendnet.com.br,university of oslo,,
366,Stordahl,A,NO,,rikshospitalet,,
367,Gunnarsson,Gudjon Leifur,NO,,skien,,
368,Strøm,Thea Bismo,NO,,oslo,,
369,Solheim,Harald,NO,,n- tromso,,
370,Holmberg Fagerlund,Bettina,NO,,oslo,,
371,Pettersen,Kjell Sverre,NO,,oslo,,
372,Terragni,Laura,NO,,oslo,,
373,Glavin,Kari,NO,,oslo,,
374,Pankiv,Serhiy,NO,,tromsø,,
375,Vaudel,Marc,NO,marc.vaudel@biomed.uib.no.,bergen,,
376,Berlinger,Balazs,NO,,oslo,,
377,Thomassen,Yngvar,NO,,oslo,,
378,Odland,Jon Ø,NO,,tromsø,,
379,Brox,Jan,NO,,tromsø,,
380,Lund,Ingeborg,NO,il@sirus.no,oslo,,
381,Raeder,Johan,NO,,n- oslo,,
382,Ottesen,Anett H,NO,,lørenskog,,
383,Christensen,Geir,NO,,oslo,,
384,Omland,Torbjørn,NO,,lørenskog,,
385,Røsjø,Helge,NO,helge.rosjo@medisin.uio.no.,lørenskog,,
386,Tvermyr,M,NO,,university of oslo,,
387,Håberg,Asta,NO,astah@mr.ntnu.no,trondheim,,
388,Stavrum,Anne-Kristin,NO,,n- bergen,,
389,Guerreiro,C,NO,cristina.guerreiro@nilu.no,n- kjeller,,
390,Dybdahl,R,NO,rdybdahl@psyk.uit.no,university of tromsø,,
391,Alme,J,NO,,bergen,,
392,Altinpinar,S,NO,,bergen,,
393,Arsene,I C,NO,,oslo,,
394,Batzing,P C,NO,,oslo,,
395,Djuvsland,Ø,NO,,bergen,,
396,Dordic,O,NO,,oslo,,
397,Haaland,Ø,NO,,bergen,,
398,Helstrup,H,NO,,bergen,,
399,Hetland,K F,NO,,bergen,,
400,Kileng,B,NO,,bergen,,
401,Langoy,R,NO,,vestfold,,
402,Lien,J,NO,,vestfold,,
403,Lindal,S,NO,,oslo,,
404,Loenne,P I,NO,,bergen,,
405,Mahmood,S M,NO,,oslo,,
406,Milosevic,J,NO,,oslo,,
407,Nystrand,J,NO,,bergen,,
408,Qvigstad,H,NO,,oslo,,
409,Rehman,A,NO,,bergen,,
410,Richter,M,NO,,oslo,,
411,Røed,K,NO,,oslo,,
412,Röhrich,D,NO,,bergen,,
413,Skaali,T B,NO,,oslo,,
414,Tambave,G J,NO,,bergen,,
415,Tveter,T S,NO,,oslo,,
416,Ullaland,K,NO,,bergen,,
417,Velure,A,NO,,bergen,,
418,Wagner,B,NO,,bergen,,
419,Wikne,J,NO,,oslo,,
420,Zhang,H,NO,,bergen,,
421,Zhao,C,NO,,oslo,,
422,Zhou,Z,NO,,bergen,,
423,Zhu,H,NO,,bergen,,
424,Pedersen,O M,NO,ole.pedersen@haukeland.no,university of bergen,,
425,Stavem,K,NO,knut.stavem@klinmed.uio.no,no- lørenskog,,
426,Ogden,Terje,NO,terje.ogden@atferdssenteret.no,0306 oslo,,
427,Larsen,T S,NO,,university of tromsø,,
428,Yurchenko,Maria,NO,mariia.yurchenko@ntnu.no.,trondheim,,
429,Skjesol,Astrid,NO,,trondheim,,
430,Ryan,Liv,NO,,trondheim,,
431,Richard,Gabriel Mary,NO,,trondheim,,
432,Kandasamy,Richard Kumaran,NO,,trondheim,,
433,Husebye,Harald,NO,,trondheim,,
434,Espevik,Terje,NO,,trondheim,,
435,Foss,Christina,NO,christina.foss@hiak.no,oslo,,
436,Rudi,Knut,NO,,ås,,
437,Lysaker,Marius,NO,mariul@simula.no,simula research laboratory as,,
438,Gaby,John Christian,NO,,ås,,
439,Zamanzadeh,Mirzaman,NO,,ås,,
440,Horn,Svein Jarle,NO,,ås,,
441,Hammer,T,NO,,oslo,,
442,Besada,Emilio,NO,,tromsø,,
443,Diamantopoulos,Andreas P,NO,,haugesund,,
444,Thorsby,E,NO,,national hospital and university of oslo,,
445,Uhlin-Hansen,L,NO,,university of tromsø,,
446,Soininen,Eeva M,NO,,tromsø,,
447,Pedersen,Marius,NO,marius.pedersen@ntnu.no.,n-,,
448,Heun,Manfred,NO,manfred.heun@umb.no,n- as,,
449,Lund-Johansen,P,NO,,university of bergen,,
450,Tovsen,Marianne Lilletvedt,NO,,oslo,,
451,Tho,Ingunn,NO,,oslo,,
452,Tønnesen,Hanne Hjorth,NO,,oslo,,
453,Pay,Aase Serine D,NO,aase.pay@fhi.no,oslo,,
454,Krogstad,O,NO,,university of oslo,,
455,Bjering,Ragnar,NO,,university of oslo,,
456,Raeder,Helge,NO,helge.rader@uib.no,bergen,,
457,Moskaug,Jan Ø,NO,,oslo,,
458,Iversen,Anita,NO,anita.iversen@uit.no,tromsø,,
459,Rønning,John A,NO,,n- tromsø,,
460,Søndenaa,K,NO,,stavanger,,
461,Bakke,Siril S,NO,,oslo,,
462,Feng,Yuan Z,NO,,oslo,,
463,Nikolić,Natasa,NO,,oslo,,
464,Kase,Eili T,NO,,oslo,,
465,Stensrud,Camilla,NO,,oslo,,
466,Damlien,Lisbeth,NO,,oslo,,
467,Ludahl,Marianne O,NO,,oslo,,
468,Sandbu,Rune,NO,,tønsberg,,
469,Solheim,Brita Marie,NO,,tønsberg,,
470,Rustan,Arild C,NO,,oslo,,
471,Hjelmesæth,Jøran,NO,,oslo,,
472,Thoresen,G Hege,NO,,oslo,,
473,Aas,Vigdis,NO,,oslo,,
474,Mønsted,Troels,NO,,university of oslo,,
475,Andersen,Rune,NO,rune.andersen@rikshospitalet.no,oslo,,
476,Osnes,Liv T,NO,,oslo university hospital,,
477,Bratland-Sanda,Solfrid,NO,solfrid.bratland-sanda@nih.no,vikersund,,
478,Pedersen,P H,NO,,university of bergen school of medicine,,
479,Underhaug,Jarl,NO,,bergen,,
480,Sjaastad,I,NO,,oslo,,
481,Gunnes,Nina,NO,,0403 oslo,,
482,Tveito,Kari,NO,,oslo,,
483,Bakken,Inger Johanne,NO,,0403 oslo,,
484,Ghaderi,Sara,NO,,0403 oslo,,
485,Stoltenberg,Camilla,NO,,0403 oslo,,
486,Trogstad,Lill,NO,,0403 oslo,,
487,Håberg,Siri E,NO,,0403 oslo,,
488,Kristoffersen,Anders,NO,anders.kristoffersen@stolav.no,trondheim,,
489,Strømman,Anders Hammer,NO,anders.hammer.stromman@ntnu.no,trondheim,,
490,Skjerve,E,NO,,oslo,,
491,Alme,J,NO,,bergen,,
492,Altinpinar,S,NO,,bergen,,
493,Batzing,P C,NO,,oslo,,
494,Djuvsland,Ø,NO,,bergen,,
495,Dordic,O,NO,,oslo,,
496,Erdal,H A,NO,,bergen,,
497,Eyyubova,G,NO,,oslo,,
498,Fehlker,D,NO,,bergen,,
499,Haaland,Ø,NO,,bergen,,
500,Helstrup,H,NO,,bergen,,
501,Hetland,K F,NO,,bergen,,
502,Huang,M,NO,,bergen,,
503,Kileng,B,NO,,bergen,,
504,Kvaerno,H,NO,,oslo,,
505,Langoy,R,NO,,bergen,,
506,Lien,J,NO,,bergen,,
507,Lindal,S,NO,,oslo,,
508,Loenne,P I,NO,,bergen,,
509,Løvhøiden,G,NO,,oslo,,
510,Milosevic,J,NO,,oslo,,
511,Nilsson,M S,NO,,oslo,,
512,Nystrand,J,NO,,bergen,,
513,Qvigstad,H,NO,,oslo,,
514,Rehman,A,NO,,bergen,,
515,Richter,M,NO,,oslo,,
516,Røed,K,NO,,oslo,,
517,Röhrich,D,NO,,bergen,,
518,Skaali,T B,NO,,oslo,,
519,Skjerdal,K,NO,,bergen,,
520,Tveter,T S,NO,,oslo,,
521,Ullaland,K,NO,,bergen,,
522,Wagner,B,NO,,bergen,,
523,Wikne,J,NO,,oslo,,
524,Yang,S,NO,,bergen,,
525,Heuch,I,NO,ivar.heuch@uib.no,n- bergen,,
526,Langø,Thomas,NO,thomasl@sintef.no,trondheim,,
527,B O,,NO,,university of oslo,,
528,Knizek,Birthe Loa,NO,birthe.l.knizek@ntnu.no.,trondheim,,
529,Fjelldal,Per Gunnar,NO,,matredal,,
530,Schulz,Rüdiger,NO,,bergen,,
531,Nilsen,Tom O,NO,,bergen,,
532,Andersson,Eva,NO,,bergen,,
533,Norberg,Birgitta,NO,,storebø,,
534,Hansen,Tom Johnny,NO,,matredal,,
535,Aldrin,M,NO,,oslo 3,,
536,Nordstoga,K,NO,,0033 oslo,,
537,Frøen,J Frederik,NO,j.f.froen@klinmed.uio.no,oslo,,
538,Nordbø,Svein,NO,,trondheim,,
539,Dudman,Susanne,NO,,oslo,,
540,Krokstad,Sidsel,NO,,trondheim,,
541,Thommessen,B,NO,,oslo,,
542,Lie,Kai-Inge,NO,kai.lie@veths.no,n-0033 oslo,,
543,Kloster,Torill,NO,torill.kloster@hive.no,tønsberg,,
544,Kringlen,E,NO,,university of oslo,,
545,Andersson,Malin,NO,malin.andersson@ngu.no.,7491 trondheim,,
546,Winsvold,Bendik S,NO,,oslo,,
547,Bettella,Francesco,NO,,oslo,,
548,Witoelar,Aree,NO,,oslo,,
549,Frei,Oleksander,NO,,oslo,,
550,Shadrin,Alexey,NO,,oslo,,
551,Wang,Yunpeng,NO,,oslo,,
552,Andreassen,Ole A,NO,,oslo,,
553,Zwart,John-Anker,NO,,oslo,,
554,Stensheim,Hanne,NO,,oslo,,
555,Modalsli,K,NO,,university of oslo,,
556,Birkeland,S,NO,,haukeland hospital,,
557,Harris,Jennifer R,NO,,oslo,,
558,Sandnes,Dagny,NO,,oslo,,
559,Sylthe Pedersen,Eirik,NO,,trondheim,,
560,Stornes,Tore,NO,,trondheim,,
561,Rekstad,Lars Cato,NO,,trondheim,,
562,Martinsen,Tom Christian,NO,,trondheim,,
563,Tjalvin,Gro,NO,,bergen,,
564,Hollund,Bjørg Eli,NO,,bergen,,
565,Lygre,Stein Håkon Låstad,NO,,bergen,,
566,Moen,Bente Elisabeth,NO,,bergen,,
567,Bråtveit,Magne,NO,,bergen,,
568,Dotterud,Lars Kåre,NO,,tromsø,,
569,Islam,Tajul,NO,tajul.islam@bio.uib.no.,5006 bergen,,
570,Larsen,Øivind,NO,oivind.larsen@uni.no.,bergen,,
571,Torsvik,Vigdis,NO,vigdis.torsvik@bio.uib.no.,5006 bergen,,
572,Øvreås,Lise,NO,lise.ovreas@bio.uib.no.,5006 bergen,,
573,Birkeland,Nils-Kåre,NO,nils.birkeland@bio.uib.no.,5006 bergen,,
574,Andersgaard,Alice Beathe,NO,aba@sykehuset-innlandet.no,gjøvik,,
575,Fosså,S D,NO,,oslo,,
576,Finsen,V,NO,,trondheim,,
577,Oyaas,K,NO,,n- trondheim,,
578,Thoner,J,NO,,tromsø,,
579,Strømme,P,NO,petter.stromme@medisin.uio.no,university of oslo,,
580,Holth,Tor F,NO,,no- oslo,,
581,Ueland,Thor,NO,thor.ueland@medisin.uio.no,oslo,,
582,Bastani,Nasser E,NO,n.e.bastani@medisin.uio.no,oslo,,
583,Tanbo,T,NO,,university of oslo,,
584,Aursnes,Ingrid A,NO,tor.gjoen@farmasi.uio.no.,0316 oslo,,
585,Lambertsson,A,NO,,university of oslo,,
586,Stenseth,Nils C,NO,n.c.stenseth@ibv.uio.no.,n- oslo,,
587,Nesbakken,A,NO,arild.nesbakken@aker-sykehus.nu,oslo,,
588,Askim,Torunn,NO,torunn.askim@ntnu.no,no- trondheim,,
589,Collett,K,NO,,haukeland hospital,,
590,Turowski,Gitta,NO,,oslo,,
591,Ueland,T,NO,,oslo,,
592,Herrscher,Tobias Erik,NO,,oslo,,
593,Fagerland,Morten Wang,NO,,oslo,,
594,Jensen,Torstein,NO,,oslo,,
595,Agewall,Stefan,NO,,oslo,,
596,Atar,Dan,NO,,oslo,,
597,Hallén,Jonas,NO,,asker,,
598,Skartlien,R,NO,,n- kjeller,,
599,Tekle,Christina,NO,,oslo,,
600,Solas,Anne-Beate,NO,absolaas@klinmed.uio.no,oslo,,
601,Rustan,A C,NO,,university of oslo,,
602,Sandberg,Sveinung,NO,,0317 oslo,,
603,Eliassen,Sigrunn,NO,sigrunn.eliassen@bio.uib.no,n-5020 bergen,,
604,Lie,Jenny-Anne S,NO,jasl@kreftregisteret.no,montebello,,
605,Husby,O,NO,oddvar.husby@math.ntnu.no,n- trondheim,,
606,Robertsen,Ida,NO,,oslo,,
607,Nes,Arnfinn,NO,,n- ås,,
608,Wold,Anne-Berit,NO,,n-1432 ås,,
609,Remberg,Siv Fagertun,NO,,n-1432 ås,,
610,Aaby,Kjersti,NO,,n- ås,,
611,Dahl,Ola E,NO,oladahl@start.no,brumunddal,,
612,Melle,Ingrid,NO,ingrid.melle@medisin.uio.no,oslo,,
613,Davidson,B,NO,bend@ulrik.uio.no,oslo,,
614,Mikkola,I,NO,,tromsø,,
615,Møller,Bjørn,NO,bjorn.moller@kreftregisteret.no,institute of population-based cancer research,,
616,Jacobsen,Henrik Børsting,NO,,oslo university hospital,,
617,Lundeby,Paul Andreas,NO,,simoveo as,,
618,Loge,Jon Håvard,NO,,university of oslo,,
619,Oyen,O,NO,,oslo,,
620,Rostoft,S,NO,,oslo,,
621,Holmberg,Hans-Christer,NO,,tromsø,,
622,Garvik,Gitte,NO,,university of agder,,
623,Leitges,Michael,NO,,oslo,,
624,Sexton,Joseph,NO,j.a.sexton@medisin.uio.no,0317 oslo,,
625,Bones,Atle M,NO,,trondheim,,
626,Nymark,Marianne,NO,,trondheim,,
627,Winge,Per,NO,,trondheim,,
628,Espelid,I,NO,,university of bergen,,
629,Brandtzaeg,P,NO,,oslo,,
630,Chioqueta,Andrea P,NO,andrea.chioqueta@svt.ntnu.no,n- trondheim,,
631,Steen,Harald,NO,,oslo university hospital,,
632,Arneberg,Helene Caroline,NO,,trondheim,,
633,Andersen,Thea Anette,NO,,trondheim,,
634,Lorås,Liv,NO,,trondheim,,
635,Torp,Hans,NO,,trondheim,,
636,Eggebø,Torbjørn Moe,NO,,trondheim,,
637,Corander,Jukka,NO,,oslo,,
638,Bjørklund,Geir,NO,,mo i rana,,
639,Müller,Anita,NO,anita.mueller@nfh.uit.no,n- tromsø,,
640,Kulseng,Bård,NO,,trondheim,,
641,Johnsen,Gjermund,NO,,trondheim,,
642,Morton,H Craig,NO,craig.morton@labmed.uio.no,oslo,,
643,Stabell,Fredrik B,NO,,oslo,,
644,Kolstø,Anne-Brit,NO,,oslo,,
645,Strand,Linn B,NO,,trondheim,,
646,Janszky,Imre,NO,,7030 trondheim,,
647,Hals,Ingrid K,NO,ingrid.hals@ntnu.no,trondheim,,
648,Martin,Michael D,NO,,trondheim,,
649,Dörje,Christina,NO,,oslo,,
650,Reisaeter,Anna Varberg,NO,,oslo,,
651,Dahle,Dag Olav,NO,,oslo,,
652,Mjøen,Geir,NO,,oslo,,
653,Midtvedt,Karsten,NO,,oslo,,
654,Holdaas,Hallvard,NO,,oslo,,
655,Flaa-Johnsen,Linda,NO,,oslo,,
656,Syversveen,Trygve,NO,,oslo,,
657,Hartmann,Anders,NO,,oslo,,
658,Jenssen,Trond,NO,,oslo,,
659,Scott,Helge,NO,,oslo,,
660,Reinholt,Finn P,NO,,oslo,,
661,Einang Alnes,Rigmor,NO,ra@hials.no,aalesund,,
662,Eidet,Jo,NO,,oslo,,
663,Dahle,Gry,NO,,oslo,,
664,Bugge,Jan F,NO,,oslo,,
665,Bendz,Bjørn,NO,,oslo,,
666,Rein,Kjell A,NO,,oslo,,
667,Aaberge,Lars,NO,,oslo,,
668,Offstad,Jon T,NO,,oslo,,
669,Fosse,Erik,NO,,oslo,,
670,Aakhus,Svend,NO,,trondheim,,
671,Halvorsen,Per S,NO,sthalvor@ous-hf.no.,oslo,,
672,Gjengstø Hunderi,Jon Olav,NO,,sarpsborg,,
673,Lødrup Carlsen,Karin C,NO,,oslo,,
674,Rolfsjord,Leif Bjarte,NO,,oslo,,
675,Carlsen,Kai-Håkon,NO,,oslo,,
676,Mowinckel,Petter,NO,,oslo,,
677,Skjerven,Håvard Ove,NO,,oslo,,
678,Bachmann,Liv,NO,,molde,,
679,Michaelsen,Ragnhild A,NO,,molde,,
680,Vatne,Solfrid,NO,,molde,,
681,Brandtzaeg,P,NO,per.brandtzaeg@medisin.uio.no,0424 oslo,,
682,Wagner,Kari,NO,kari.wagner@rikshospitalet.no,oslo,,
683,Sandmoe,Astrid,NO,astrid.sandmoe@hive.no,tønsberg,,
684,Torstveit,Monica Klungland,NO,,kristiansand,,
685,Johansen,Bjørn Tore,NO,,kristiansand,,
686,Haugland,Siri Håvås,NO,,kristiansand,,
687,Stea,Tonje Holte,NO,,kristiansand,,
688,Griffiths,Gareth,NO,,oslo,,
689,Andreassen,Kristin,NO,,tromsø,,
690,Schalit,Itai,NO,,oslo,,
691,Espinoza,Andreas,NO,,oslo,,
692,Pettersen,Fred-Johan,NO,,oslo,,
693,Snartland,Steinar,NO,,oslo,,
694,Ringdal,Mari-Ann L,NO,,oslo,,
695,Hoel,Tom N,NO,,oslo,,
696,Skulstad,Helge,NO,,oslo,,
697,Fosse,Erik,NO,,oslo,,
698,Fiane,Arnt E,NO,,oslo,,
699,Halvorsen,Per S,NO,,oslo,,
700,Husby,Torstein,NO,,oslo,,
701,Hellund,Johan C,NO,,oslo,,
702,Kvernmo,Hebe D,NO,,tromsoe,,
703,Rosales,Carina,NO,,oslo,,
704,Frihagen,Frede,NO,,oslo,,
705,Bach,T,NO,,rikshospitalet,,
706,Arnoldussen,Yke Jildouw,NO,,oslo,,
707,Skaug,Vidar,NO,,oslo,,
708,Aleksandersen,Mona,NO,,oslo,,
709,Ropstad,Erik,NO,,oslo,,
710,Anmarkrud,Kristine Haugen,NO,,oslo,,
711,Einarsdottir,Elin,NO,,oslo,,
712,Chin-Lin,Fang,NO,,oslo,,
713,Granum Bjørklund,Cesilie,NO,,oslo,,
714,Kasem,Mayes,NO,,oslo,,
715,Eilertsen,Einar,NO,,oslo,,
716,Zienolddiny,Shanbeh,NO,,oslo,,
717,Arnesen,Trude,NO,tma@fafo.no,oslo,,
718,Granhag,Pär A,NO,,sweden ; norwegian police university college oslo,,
719,Soreide,Endre,NO,,ullevål,,
720,Haugstvedt,Jan-Ragnar,NO,,grålum,,
721,Husby,Torstein,NO,,ullevål,,
722,Kjeldsen,Sverre E,NO,,oslo,,
723,Sjaastad,Ivar,NO,,oslo,,
724,Vossius,C,NO,,stavanger,,
725,Lauglo,Reidun,NO,,trondheim,,
726,Vik,Torstein,NO,,trondheim,,
727,Lamvik,Torarin,NO,,trondheim,,
728,Stensvold,Dorthe,NO,,trondheim,,
729,Finbråten,Ane-Kristine,NO,,trondheim,,
730,Moholdt,Trine,NO,,trondheim,,
731,Carvalho,Raquel Negrão,NO,,n- bergen,,
732,Vaskinn,Anja,NO,anja.vaskinn@medisin.uio.no,oslo,,
733,Bindesbøll,Christian,NO,,oslo,,
734,Moen,B E,NO,,haukeland hospital,,
735,Awan,Z A,NO,zaheer.ahmed@studmed.uio.no,oslo,,
736,Capelli,Carlo,NO,,oslo,,
737,Odden,Ane,NO,ane.odden@nmbu.no.,sandnes,,
738,Enemark,Heidi L,NO,,oslo,,
739,Robertson,Lucy J,NO,,oslo,,
740,Hektoen,Lisbeth,NO,,oslo,,
741,Stuen,Snorre,NO,,sandnes,,
742,Carlsen,Kai-Håkon,NO,k.h.carlsen@medisin.uio.no,oslo,,
743,Dotterud,C K,NO,dotterud@stud.ntnu.no,n- trondheim,,
744,Johansen,Krisztina Kunszt,NO,,trondheim,,
745,Torp,Sverre Helge,NO,,trondheim,,
746,Gustavsson,Emil K,NO,,trondheim,,
747,Aasly,Jan O,NO,,trondheim,,
748,Aasmundstad,T A,NO,,oslo,,
749,Bergo,H O,NO,,n-,,
750,Bjørnå,H,NO,,stavanger,,
751,Sandvik,Miriam Kristine,NO,miriam.sandvik@med.uib.no,bergen,,
752,Vistad,Ingvild,NO,,kristiansand,,
753,Klungsøyr,Kari,NO,,bergen,,
754,Albrechtsen,Susanne,NO,,bergen,,
755,Skjeldestad,Finn E,NO,,tromsø,,
756,Grønberg,Bjørn H,NO,bjorn.h.gronberg@gmail.com,st. olavs hospital-trondheim university hospital,,
757,Stuedahl,Marit,NO,,trondheim,,
758,Vold,Sidsel,NO,,trondheim,,
759,Klepstad,Pål,NO,,trondheim,,
760,Stafseth,Siv Karlsson,NO,,oslo,,
761,Bramness,Jørgen G,NO,j.g.bramness@medisin.uio.no,oslo,,
762,Karlengen,I J,NO,inger.johanne.karlengen@umb.no,ås,,
763,Moe-Nilssen,Rolf,NO,rolf.moe-nilssen@isf.uib.no,university of bergen,,
764,Tarroux,Arnaud,NO,,tromsø,,
765,Descamps,Sébastien,NO,,tromsø,,
766,Kaldhusdal,M,NO,,oslo,,
767,Woie,K,NO,,university of bergen,,
768,Schrader,,NO,,trondheim,,
769,Simonsen,G S,NO,,university of tromsø,,
770,Reinardy,Helena C,NO,,svalbard,,
771,Junttila,Juho,NO,,tromsø,,
772,Frantzen,Marianne,NO,,tromsø,,
773,Lien,Sigbjorn,NO,,aas,,
774,Davidson,Ben,NO,,oslo,,
775,Carlsen,Monica H,NO,m.h.carlsen@medisin.uio.no.,oslo,,
776,Andersen,Lene F,NO,l.f.andersen@medisin.uio.no.,oslo,,
777,Dahl,Lisbeth,NO,lisbeth.dahl@hi.no.,5817 bergen,,
778,Norberg,Nina,NO,nina.norberg@medisin.uio.no.,oslo,,
779,Hjartåker,Anette,NO,anette.hjartaker@medisin.uio.no.,oslo,,
780,Andersen,Randi Dovland,NO,,skien,,
781,Bernklev,Tomm,NO,,skien,,
782,Nakstad,Britt,NO,,lørenskog,,
783,Nielsen,Morten Birkeland,NO,morten.nielsen@uib.no,bergen,,
784,Magnus,E,NO,,oslo,,
785,Klemsdal,T O,NO,,oslo,,
786,Kjelkenes,Ida,NO,,n- bergen,,
787,Cox,Rebecca Jane,NO,rebecca.cox@gades.uib.no,n- bergen,,
788,Nelson,S T,NO,,oslo,,
789,Haadem,C S,NO,,oslo,,
790,Nødtvedt,A,NO,,oslo,,
791,Pedersen,Hege,NO,,n- tromsø,,
792,Haug,Jon Birger,NO,,oslo,,
793,Berild,Dag,NO,,oslo,,
794,Walberg,Mette,NO,,drammen,,
795,Reikvam,Åsmund,NO,,oslo,,
796,Frøen,J Frederik,NO,,oslo,,
797,Kirkebøen,G,NO,,university of oslo,,
798,Córdova-Palomera,Aldo,NO,,university of oslo,,
799,Kaufmann,Tobias,NO,,university of oslo,,
800,Persson,Karin,NO,,tønsberg,,
801,Alnæs,Dag,NO,,university of oslo,,
802,Doan,Nhat Trung,NO,,university of oslo,,
803,Moberget,Torgeir,NO,,university of oslo,,
804,Lund,Martina Jonette,NO,,university of oslo,,
805,Barca,Maria Lage,NO,,tønsberg,,
806,Engvig,Andreas,NO,,university of oslo,,
807,Brækhus,Anne,NO,,tønsberg,,
808,Engedal,Knut,NO,,tønsberg,,
809,Andreassen,Ole A,NO,,university of oslo,,
810,Selbæk,Geir,NO,,tønsberg,,
811,Westlye,Lars T,NO,,university of oslo,,
812,Gold,Christian,NO,,gamut bergen,,
813,Omdal,R,NO,omro@sir.no,stavanger,,
814,Huynh,T T,NO,,oslo,,
815,Zhang,Jianhai,NO,,trondheim,,
816,Kristiansen,Kåre A,NO,,trondheim,,
817,Munk,Ane Cecilie,NO,jpabaak47@yahoo.com.,stavanger,,
818,Endresen,M J,NO,,oslo,,
819,Malterud,Kirsti,NO,kirsti.malterud@gmail.com.,bergen,,
820,Tanum,L,NO,,university of oslo,,
821,Hugdahl,Kenneth,NO,,haukeland university hospital bergen,,
822,Das,Anita,NO,anita.das@ntnu.no.,trondheim,,
823,Salamonsen,Anita,NO,,university of tromsø,,
824,Stokkan,Karl-Arne,NO,karlarne@fagmed.uit.no,tromsø,,
825,Hvattum,E,NO,erlend.hvattum@ikb.nlh.no,aas,,
826,Bjørgo,Elisa,NO,,n-0317 oslo,,
827,Olsen,Gunn-Hege,NO,,tromsø,,
828,Lott,Alexander J S,NO,,troms,,
829,Buø,L,NO,,oslo,,
830,Cairns,John,NO,,university of bergen,,
831,Vaage,Nora S,NO,,5020 bergen,,
832,Maeland,Johan A,NO,johan.meland@medisin.ntnu.no,trondheim,,
833,Hollund,Bjørg Eli,NO,bjorg.hollund@isf.uib.no,university of bergen,,
834,Djupesland,Per G,NO,,oslo,,
835,Degré,M,NO,,university of oslo,,
836,Ramstad,K,NO,,oslo,,
837,Jahnsen,R,NO,,oslo,,
838,Diseth,T H,NO,,oslo,,
839,Witsø,E,NO,ewitsoe@online.no,trondheim,,
840,Bassøe,C F,NO,cfba@haukeland.no,n-,,
841,Gorecka,Marta Maria,NO,,university of tromsø,,
842,Vasylenko,Olena,NO,,university of tromsø,,
843,Espenes,Jacob,NO,,university of tromsø,,
844,Waterloo,Knut,NO,,tromsø,,
845,Farstad,I N,NO,,oslo,,
846,Eppeland,S G,NO,siv.eppeland@sshf.no,arendal,,
847,Rasmussen,Magnhild,NO,,oslo,,
848,Roksvaag,Ingvild,NO,,tromsø,,
849,Skjeldestad,Finn E,NO,,tromsø,,
850,Haavardsholm,Espen A,NO,,0373 oslo,,
851,Astrøm,Anne Nordrehaug,NO,anne.nordrehaug@cih.uib.no,university of bergen,,
852,Sioud,Mouldy,NO,,oslo,,
853,Murud,K M,NO,,university of oslo,,
854,Førde,R,NO,,oslo,,
855,Lund-Johansen,P,NO,,haukeland hospital,,
856,Sørbye,L W,NO,,oslo,,
857,Markova,Valeria,NO,,haukeland university hospital bergen,,
858,Sandal,Gro M,NO,,university of bergen bergen,,
859,Kumari,Jaya,NO,,tromsø,,
860,Swain,Trilochan,NO,,tromsø,,
861,Bøgwald,Jarl,NO,,tromsø,,
862,Dalmo,Roy Ambli,NO,,tromsø,,
863,Krohn,C D,NO,,oslo,,
864,van Dulmen,Sandra,NO,,drammen,,
865,Råheim,Målfrid,NO,,university of bergen,,
866,Thune,Inger,NO,,oslo,,
867,Flaten,Magne A,NO,,trondheim,,
868,Bjørkedal,Espen,NO,,tromsø,,
869,Lyby,Peter S,NO,,tromsø,,
870,Figenschau,Yngve,NO,,tromsø,,
871,Aslaksen,Per M,NO,,tromsø,,
872,Hanssen,Tove Aminda,NO,tove.aminda.hanssen@helse-bergen.no,bergen,,
873,Sommerfelt,K,NO,,university of bergen,,
874,Sund,Terje,NO,,oslo,,
875,Storli,Sissel L,NO,sissel.lisa.storli@hitos.no,tromsø,,
876,von Hanno,Therese,NO,,tromsø,,
877,Oshaug,Katja,NO,,tromsø,,
878,Norum,Jan,NO,jan.norum@helse-nord.no,bodø,,
879,Vandevska-Radunovic,Vaska,NO,vaskav@odont.uio.no,bergen,,
880,Hofstad,B,NO,,oslo,,
881,Husebye,E S,NO,,university of bergen,,
882,Iversen,Ole-Erik,NO,,bergen,,
883,Grønevik,Eirik,NO,,0316 oslo,,
884,Tollefsen,Stig,NO,,oslo,,
885,Sikkeland,Liv Ingunn Bjoner,NO,,oslo,,
886,Haug,Terje,NO,,oslo,,
887,Tjelle,Torunn Elisabeth,NO,,oslo,,
888,Mathiesen,Iacob,NO,,oslo,,
889,Sahin,E,NO,,oslo,,
890,Bello Garrote,F L,NO,,oslo,,
891,Görgen,A,NO,,oslo,,
892,Hadyńska-Klȩk,K,NO,,oslo,,
893,Rakvåg,Trude T,NO,trude.rakvag@ntnu.no,trondheim,,
894,Ghiasvand,Reza,NO,,oslo,,
895,Weiderpass,Elisabete,NO,,tromsø,,
896,Strømme,P,NO,,university of oslo,,
897,Riise,Ruth,NO,ruthr@online.no,hamar,,
898,Berstad,Arnold,NO,,oslo,,
899,Gaustad,Jon-Vidar,NO,,oslo,,
900,Juel,Ingebjørg S,NO,ingebjorg.juel@ntnu.no,no- trondheim,,
901,Granas,Anne G,NO,anne.granas@isf.uib.no,bergen,,
902,Filbee-Dexter,Karen,NO,kfilbeedexter@gmail.com.,oslo,,
903,Norderhaug,Kjell Magnus,NO,,his,,
904,Ramirez-Llodra,Eva,NO,,oslo,,
905,Hølmebakk,T,NO,toto.holmebakk@oslo-universitetssykehus.no,oslo,,
906,Roald,H E,NO,,university of oslo,,
907,Bentsen,M H,NO,,bergen,,
908,Satrell,E,NO,,university of bergen,,
909,Reigstad,H,NO,,bergen,,
910,Johnsen,S L,NO,,bergen,,
911,Vollsæter,M,NO,,bergen,,
912,Røksund,O D,NO,,bergen,,
913,Greve,G,NO,,university of bergen,,
914,Berg,A,NO,,bergen,,
915,Markestad,T,NO,,bergen,,
916,Halvorsen,T,NO,,bergen,,
917,Brataas,Arne,NO,,no- trondheim,,
918,Grammes,Fabian,NO,,no-,,
919,Hvidsten,Torgeir R,NO,,ås,,
920,Lien,Sigbjørn,NO,,no-,,
921,Sandve,Simen R,NO,,no-,,
922,Samuelsen,O B,NO,,university of bergen,,
923,Berg,Rigmor C,NO,,oslo,,
924,Waaler,E,NO,,oslo,,
925,Berg,John E,NO,,asker,,
926,Gao,Tao,NO,tao.gao@kjemi.uio.no,n-0315 oslo,,
927,Werner,Anne,NO,awe@htil.no,university of oslo,,
928,Høie,S,NO,steinar.hoie@ld.dep.no,oslo,,
929,Engedal,Knut,NO,k.a.engedal@medisin.uio.no,university of oslo,,
930,Cumming,K T,NO,,oslo,,
931,Ellefsen,S,NO,,lillehammer,,
932,Rønnestad,B R,NO,,lillehammer,,
933,Ugelstad,I,NO,,oslo,,
934,Raastad,T,NO,,oslo,,
935,Ole A,Andreassen,NO,,oslo,,
936,Malt,U F,NO,,national hospital,,
937,Skatvedt,O,NO,,oslo,,
938,Eide,Per Kristian,NO,,university of oslo,,
939,Lange,E H,NO,,oslo,,
940,Nerland,S,NO,,oslo,,
941,Jørgensen,K N,NO,,oslo,,
942,Mørch-Johnsen,L,NO,,oslo,,
943,Nesvåg,R,NO,,oslo,,
944,Hartberg,C B,NO,,oslo,,
945,Haukvik,U K,NO,,oslo,,
946,Osnes,K,NO,,oslo,,
947,Melle,I,NO,,oslo,,
948,Andreassen,O A,NO,,oslo,,
949,Agartz,I,NO,,oslo,,
950,Strand,T-E,NO,,oslo,,
951,Nartey,Richard K,NO,rknartey@yahoo.co.uk.,oslo,,
952,Arntzen,Erik,NO,erik.arntzen@equivalence.net.,oslo,,
953,Tandberg,Julia I,NO,,oslo,,
954,Skadberg,Eline,NO,,oslo,,
955,Fenaroli,Federico,NO,,oslo,,
956,Winther-Larsen,Hanne Cecilie,NO,,oslo,,
957,Hjellvik,Vidar,NO,,oslo,,
958,Kale,Emine,NO,emine.kale@nakmi.no,oslo,,
959,Revhaug,Inge,NO,,aas,,
960,Tien Bui,Dieu,NO,,n- bø i telemark,,
961,Lysøe,Erik,NO,,ås,,
962,Divon,Hege H,NO,,oslo,,
963,Riiser,Even S,NO,,ås,,
964,Bredal,Inger Schou,NO,ingerschou.bredal@ulleval.no,oslo,,
965,Espnes,Geir Arild,NO,,trondheim,,
966,Hvalvik,Sigrun,NO,,grimstad,,
967,Hartmann,Ellen,NO,ellen.hartmann@psykologi.uio.no,university of oslo,,
968,Sollid,Ludvig M,NO,l.m.solid@medisin.uio.no,oslo,,
969,Hurlen,Petter,NO,petter@hurlen.no,akershus university hospital,,
970,Bray,Freddie,NO,freddie.bray@kreftregisteret.no,oslo,,
971,Larsen,Hanne,NO,hanne.larsen@nofima.no,no- as,,
972,Treimo,Janneke,NO,janneke.treimo@umb.no,n- aas,,
973,Cornelissen,Gerard,NO,,1432 aas,,
974,Arp,Hans Peter H,NO,,trondheim,,
975,Madsen,Lise,NO,,bergen,,
976,Myrmel,Lene Secher,NO,,bergen,,
977,Fjære,Even,NO,,bergen,,
978,Øyen,Jannike,NO,,bergen,,
979,Hope,Tuva,NO,tuvarh@gmail.com,oslo,,
980,Kyte,Jon A,NO,j.a.kyte@klinmed.uio.no,oslo,,
981,Froud,Robert,NO,,oslo,,
982,Meuwissen,Theo,NO,,ås,,
983,Holzapfel,Gerhard A,NO,,trondheim,,
984,Måløy,Frode,NO,,university of stavanger,,
985,Jakobsen,Per,NO,,university of tromsø,,
986,Brandsdal,Bjørn Olav,NO,,university of tromsø,,
987,Waatevik,Marie,NO,marie.johanne.waatevik@helse-bergen.no,bergen,,
988,Mortensen,Anne S,NO,anne.mortensen@bio.ntnu.no,trondheim,,
989,Bjørklund,Geir,NO,,mo i rana,,
990,Madsen,J E,NO,,university of oslo,,
991,Moe,Morten C,NO,,oslo,,
992,Alstveit,Marit,NO,marit.alstveit@uis.no,n- stavanger,,
993,Wahl,E,NO,erik.wahl@mattilsynet.no,trondheim,,
994,Raasakka,Arne,NO,,bergen,,
995,Baumann,Anne,NO,,bergen,,
996,Kursula,Petri,NO,petri.kursula@uib.no.,bergen,,
997,Gerits,Nancy,NO,nancyg@fagmed.uit.no,tromsø,,
998,Steenberg,Christine K,NO,cksteenberg@gmail.com,oslo,,
999,Scheie,E,NO,eldri.scheie@vetinst.no,oslo,,
1000,Vuong,Tram Thu,NO,,0316 oslo,,
1001,Claussen,B,NO,,university of oslo,,
1002,Stenmark,Harald,NO,stenmark@ulrik.uio,montebello,,
1003,Bolann,B J,NO,,haukeland hospital,,
1004,Henden,John-André,NO,,tromsø,,
1005,Haugen,Aage,NO,,oslo,,
1006,Kristensen,Vessela N,NO,,oslo,,
1007,Maehle,Lovise,NO,,oslo,,
1008,Bjørge,Line,NO,,bergen,,
1009,Zienolddiny,Shanbeh,NO,,oslo,,
1010,Dahle,M K,NO,m.k.dahle@basalmed.uio.no,university of oslo,,
1011,Berg,Kristian,NO,kristian.berg@labmed.uio.no,n- oslo 3,,
1012,Zeng,Ying-Xu,NO,,n-5020 bergen,,
1013,Kardel,K R,NO,,university of oslo,,
1014,Hølmebakk,T,NO,,oslo,,
1015,Bjerkehagen,B,NO,,oslo,,
1016,Boye,K,NO,,oslo,,
1017,Bruland,Ø,NO,,oslo,,
1018,Stoldt,S,NO,,oslo,,
1019,Sundby Hall,K,NO,,oslo,,
1020,Stabell,Kirsten E,NO,stabell@epilepsy.no,sandvika,,
1021,Robsahm,Trude Eid,NO,,oslo,,
1022,Vos,Linda,NO,,oslo,,
1023,Rizvi,Syed Mohammad Husain,NO,,oslo,,
1024,Akslen,Lars Andreas,NO,,bergen,,
1025,Veierød,Marit Bragelien,NO,,oslo,,
1026,Orvik,Arne,NO,,aalesund,,
1027,Linde,Mattias,NO,,trondheim,,
1028,Kolstø,A B,NO,,0316 oslo,,
1029,Lagerlöf,F,NO,,haslum,,
1030,De Roo,Lisa A,NO,,bergen,,
1031,Weiderpass,Elisabete,NO,,tromsø,,
1032,Chelnokova,O,NO,,oslo,,
1033,Laeng,B,NO,,oslo,,
1034,Eikemo,M,NO,,oslo,,
1035,Riegels,J,NO,,oslo,,
1036,Løseth,G,NO,,oslo,,
1037,Maurud,H,NO,,oslo,,
1038,Willoch,F,NO,,oslo,,
1039,Leknes,S,NO,,oslo,,
1040,Nilsen,K B,NO,krisitian.b.nilsen@ntnu.no,norwegian university of science and technology,,
1041,Pedersen,P H,NO,,haukeland hospital,,
1042,Collas,Philippe,NO,philippe.collas@medisin.uio.no.,oslo,,
1043,Spencer,Lynn-Mari,NO,,trondheim,,
1044,Buanes,T,NO,,bergen,,
1045,Bugge,L,NO,,oslo,,
1046,Bugge,M K,NO,,oslo,,
1047,Cameron,D,NO,,oslo,,
1048,Catmore,J R,NO,,oslo,,
1049,Dale,O,NO,,bergen,,
1050,Eigen,G,NO,,bergen,,
1051,Franconi,L,NO,,oslo,,
1052,Gjelsten,B K,NO,,oslo,,
1053,Gramstad,E,NO,,oslo,,
1054,Kastanas,A,NO,,bergen,,
1055,Liebig,W,NO,,bergen,,
1056,Lipniacka,A,NO,,bergen,,
1057,Martin Dit Latour,B,NO,,bergen,,
1058,Ould-Saada,F,NO,,oslo,,
1059,Pajchel,K,NO,,oslo,,
1060,Pedersen,M,NO,,oslo,,
1061,Read,A L,NO,,oslo,,
1062,Røhne,O,NO,,oslo,,
1063,Rosendahl,P L,NO,,bergen,,
1064,Sandaker,H,NO,,bergen,,
1065,Sjursen,T B,NO,,bergen,,
1066,Smestad,L,NO,,bergen,,
1067,Stapnes,S,NO,,oslo,,
1068,Strandlie,A,NO,,oslo,,
1069,Stugu,B,NO,,bergen,,
1070,Ugland,M,NO,,bergen,,
1071,Davidson,Ben,NO,,oslo,,
1072,Rasmussen,S,NO,,bergen,,
1073,Ebbing,C,NO,,bergen,,
1074,Linde,L E,NO,,bergen,,
1075,Baghestan,E,NO,,bergen,,
1076,Aastveit,A H,NO,,aas-nlh,,
1077,Fredheim,Jan Magnus,NO,,university of oslo,,
1078,Røislien,J,NO,,university of oslo,,
1079,Hjelmesæth,J,NO,,university of oslo,,
1080,Ferrighi,Lara,NO,,n- tromso,,
1081,Finn,Roderick Nigel,NO,,university of bergen bergen,,
1082,Mero,I-L,NO,,oslo,,
1083,Mørk,H H,NO,,oslo,,
1084,Sheng,Y,NO,,oslo,,
1085,Blomhoff,A,NO,,oslo,,
1086,Erichsen,Aa,NO,,oslo,,
1087,Vigeland,M D,NO,,oslo,,
1088,Selmer,K K,NO,,oslo,,
1089,Nilsen,Erlend B,NO,erlend.nilsen@nina.no,no-7485 trondheim,,
1090,Braendvik,Siri Merete,NO,,trondheim,,
1091,Koret,Teija,NO,,trondheim,,
1092,Helbostad,Jorunn L,NO,,trondheim,,
1093,Lorås,Håvard,NO,,trondheim,,
1094,Bråthen,Geir,NO,,trondheim,,
1095,Hovdal,Harald Olav,NO,,trondheim,,
1096,Aamot,Inger Lise,NO,,trondheim,,
1097,Espehaug,B,NO,,university of bergen,,
1098,Garthus-Niegel,Susan,NO,susanniegel@gmail.com,oslo,,
1099,Agdestein,Angelika,NO,angelika.agdestein@vetinst.no,n- oslo,,
1100,Corander,Jukka,NO,,university of oslo,,
1101,Bjordal,Jan Magnus,NO,,bergen,,
1102,Laerum,E,NO,,university of oslo,,
1103,Bramness,Jørgen G,NO,,oslo,,
1104,Heuch,I,NO,ivar.heuch@mi.uib.no,university of bergen,,
1105,Kaupang,Åsmund,NO,,n-0316 oslo,,
1106,Paulsen,Steinar Martin,NO,,n- tromsø,,
1107,Steindal,Calin C,NO,,n-0316 oslo,,
1108,Ravna,Aina W,NO,,n- tromsø,,
1109,Sylte,Ingebrigt,NO,,n- tromsø,,
1110,Halvorsen,Trine G,NO,,n-0316 oslo,,
1111,Thoresen,G Hege,NO,,n-0316 oslo,,
1112,Glenner,Henrik,NO,,bergen,,
1113,Birkeland,Sveinung,NO,sveinung.birkeland@norconserv.no,n- stavanger,,
1114,Sivasithamparam,Nallathamby,NO,nallathamby.siva@ngi.no.,0806 oslo,,
1115,Viksveen,Petter,NO,,stavanger,,
1116,Lippert,Espen,NO,,kjeller,,
1117,Rand,Kim,NO,,lørenskog,,
1118,Dickstein,Kenneth,NO,,stavanger,,
1119,Roth,Christian,NO,,bergen,,
1120,Andreassen,Cecilie Schou,NO,cecilie.andreassen@uib.no.,bergen,,
1121,Pallesen,Ståle,NO,staale.pallesen@uib.no.,bergen,,
1122,Torsheim,Torbjørn,NO,torbjoern.torsheim@uib.no.,bergen,,
1123,Brautaset,Nils Jakob,NO,njbrauta@online.no,3103 tønsberg,,
1124,Skjennald,Arnulf,NO,a.skjennald@online.no.,oslo,,
1125,Lanzrein,M,NO,,oslo,,
1126,Thomassen,Marte R,NO,,tromsø,,
1127,Aasmoe,Lisbeth,NO,,tromsø,,
1128,Bang,Berit E,NO,,tromsø,,
1129,Braaten,Tonje,NO,,tromsø,,
1130,Bjelland,M,NO,mona.bjelland@medisin.uio.no,university of oslo,,
1131,Molden,Espen,NO,espen.molden@farmasi.uio.no,oslo,,
1132,Åsberg,Anders,NO,,oslo,,
1133,Jumbert,Maria Gabrielsen,NO,,peace research institute oslo,,
1134,Molberg,Øyvind,NO,,oslo,,
1135,Jyranoja,B D,NO,,university of oslo,,
1136,Engstrøm,M,NO,,trondheim,,
1137,Alfsen,Erik M,NO,,university of oslo,,
1138,Størmer,Fredrik C,NO,,oslo,,
1139,Njå,Arild,NO,,university of oslo,,
1140,Farholm,Anders,NO,anders.farholm@nih.no.,oslo,,
1141,Sørensen,Marit,NO,,oslo,,
1142,Halvari,Hallgeir,NO,,oslo,,
1143,Hynnekleiv,Torfinn,NO,,vestre toten,,
1144,Marienhagen,K,NO,,tromsø,,
1145,Dalhaug,A,NO,,tromsø,,
1146,Aandahl,G,NO,,bodø,,
1147,Haukland,E,NO,,bodø,,
1148,Pawinski,A,NO,,bodø,,
1149,Haugeberg,G,NO,glennhaugeberg@operamail.com,oslo,,
1150,Sæther,Rannei,NO,rannei.sether@stolav.nl,trondheim,,
1151,Stokkevåg,Camilla H,NO,,bergen,,
1152,Engeseth,Grete M,NO,,bergen,,
1153,Hysing,Liv B,NO,,bergen,,
1154,Ytre-Hauge,Kristian S,NO,,bergen,,
1155,Ekanger,Christian,NO,,bergen,,
1156,Eikemo,T A,NO,terje.a.eikemo@sintef.no,trondheim,,
1157,Tartu,Sabrina,NO,,tromsø no-,,
1158,Aars,Jon,NO,,tromsø no-,,
1159,Andersen,Magnus,NO,,tromsø no-,,
1160,Polder,Anuschka,NO,,oslo no-,,
1161,Bourgeon,Sophie,NO,,tromsø no-,,
1162,Merkel,Benjamin,NO,,tromsø no-,,
1163,Lowther,Andrew D,NO,,tromsø no-,,
1164,Bytingsvik,Jenny,NO,,tromsø no-,,
1165,Welker,Jeffrey M,NO,,svalbard no-,,
1166,Jenssen,Bjørn Munro,NO,,svalbard no-,,
1167,Routti,Heli,NO,,tromsø no-,,
1168,Sandbaek,G,NO,gunnar.sandbaek@rh.uio.no,university of oslo,,
1169,Beiske,Klaus,NO,,oslo,,
1170,Ruud,Ellen,NO,,oslo,,
1171,Moum,T,NO,trulsm@fagmed.uit.no,tromsø,,
1172,Haug,Anna,NO,,as,,
1173,Parr,Christine L,NO,c.l.parr@medisin.uio.no,oslo,,
1174,Flatmark,Kjersti,NO,kjersti.flatmark@rr-research.no,oslo,,
1175,Nesse,Live L,NO,live.nesse@vetinst.no,n- oslo,,
1176,Nesvold,Inger-Lise,NO,inger.lise.nesvold@oslo-universitetssykehus.no,oslo,,
1177,Totland,Torunn H,NO,t.h.totland@medisin.uio.no,0317 oslo,,
1178,Bjørnholt,J V,NO,jobjorn@online.no,nordbyhagen,,
1179,Norli,Ellen Sauar,NO,,sandvika,,
1180,Brinkmann,Gina Hetland,NO,,oslo,,
1181,Kvien,Tore Kristian,NO,,oslo,,
1182,Bjørneboe,Olav,NO,,sandvika,,
1183,Haugen,Anne Julsrud,NO,,grålum,,
1184,Nygaard,Halvor,NO,,lillehammer,,
1185,Thunem,Cathrine,NO,,skien,,
1186,Lie,Elisabeth,NO,,oslo,,
1187,Mjaavatten,Maria Dahl,NO,,oslo,,
1188,Moe,Randi Oppermann,NO,randi.moe@nvh.no,n-0033 oslo,,
1189,Heggelund,Jorn,NO,,trondheim,,
1190,Ueland,K,NO,,oslo,,
1191,Sandvik,Leiv,NO,,oslo,,
1192,Fosse,Erik,NO,,oslo,,
1193,Lieng,Marit,NO,,oslo,,
1194,Hegvik,Tor-Arne,NO,,bergen,,
1195,Eichler,Tilo,NO,,bergen,,
1196,Haavik,Jan,NO,,bergen,,
1197,Vedeler,Christian,NO,,bergen,,
1198,Olsen,Øystein,NO,oystein.olsen@ntnu.no,trondheim,,
1199,Lindtjørn,B,NO,,university of bergen,,
1200,Solheim,Svein,NO,s-solh@online.no.,oslo,,
1201,Ruddox,Vidar,NO,vidar.ruddox@siv.no,tønsberg,,
1202,Vandvik,Per Olav,NO,per.vandvik@gmail.com,gjøvik,,
1203,Østerud,Bjarne,NO,bjarne.osterud@uit.no,tromsø,,
1204,Skjeldestad,Finn Egil,NO,finnes@sintef.no,n- trondheim,,
1205,Campbell,Ruairidh D,NO,roocampbell@gmail.com,telemark,,
1206,Jørgensen,Trond Ø,NO,trondj@nfh.uit.no,tromsø,,
1207,Gran,J T,NO,,arendal,,
1208,Kalager,T,NO,,drammen,,
1209,Skaaheim Haug,Erik,NO,,tønsberg,,
1210,Junges,R,NO,,oslo,,
1211,Stenehjem,Aud-E,NO,a.e.stenehjem@medisin.uio.no,oslo,,
1212,Sponheim,E,NO,,university of oslo,,
1213,Bollerslev,J,NO,,oslo,,
1214,Russnes,Hege G,NO,heg@rr-research.no,oslo university hospital radiumhospitalet,,
1215,Søvik,O,NO,,haukeland hospital,,
1216,Larssen,T B,NO,,bergen,,
1217,Midtvedt,K,NO,,university of oslo,,
1218,Bogen,Inger Lise,NO,,oslo,,
1219,Gifstad,Tone,NO,tone.gifstad@ntnu.no.,trondheim,,
1220,Foss,Olav A,NO,,trondheim,,
1221,Engebretsen,Lars,NO,,oslo,,
1222,Albrektsen,Grethe,NO,,trondheim,,
1223,Drogset,Jon Olav,NO,,trondheim,,
1224,Lilje,R,NO,,oslo university hospital rikshospitalet,,
1225,Stoelen,L,NO,,oslo university hospital rikshospitalet,,
1226,Kronborg,J,NO,,tromsø,,
1227,Andersen,Øivind,NO,oivind.andersen@nofima.no.,oslo n-1430 ås,,
1228,Oversand,S H,NO,,oslo,,
1229,Snipen,Lars,NO,,aas,,
1230,Owen,M A G,NO,,stavanger,,
1231,Fontanillas,R,NO,,stavanger,,
1232,McGurk,C,NO,,stavanger,,
1233,Obach,A,NO,,stavanger,,
1234,Reksten,Tove R,NO,,bergen n-,,
1235,Vindenes,Vigdis,NO,vigdis.vindenes@fhi.no,no-0403 oslo,,
1236,Gjerde,Bjørn,NO,bjorn.gjerde@nmbu.no.,oslo,,
1237,Solaas,K M,NO,,university of oslo,,
1238,Wieringa,Siestse,NO,,oslo,,
1239,Simonsen,Carmen,NO,c.e.simonsen@medisin.uio.no,oslo,,
1240,Larsen,Alf Inge,NO,al-i-lar@online.no,stavanger,,
1241,Rämä,Teppo,NO,teppo.rama@uit.no.,tromsø,,
1242,Akslen,L A,NO,,university of bergen,,
1243,Johansen,Monika Alise,NO,monika.alise.johansen@telemed.no,tromsø,,
1244,Edwards,Andrew G,NO,,lysaker,,
1245,Sletmoen,Marit,NO,marit.sletmoen@phys.ntnu.no,no- trondheim,,
1246,Fjellheim,Siri,NO,,aas,,
1247,Rognli,Odd Arne,NO,,aas,,
1248,Clarke,Jihong Liu,NO,,aas,,
1249,Dietrichs,E,NO,,n- oslo,,
1250,Palani,D,NO,,n-0317 oslo,,
1251,Leitges,Michael,NO,,oslo,,
1252,Ueland,Thor,NO,thor.ueland@medisin.uio.no,oslo university hospital rikshospitalet,,
1253,Rasmussen,Kirsten,NO,,trondheim,,
1254,Palmstierna,Tom,NO,,trondheim,,
1255,Øvstebø,Reidun,NO,reidun.ovstebo@medisin.uio.no,no- oslo,,
1256,Naess,A,NO,,haukeland hospital,,
1257,Namaganda,Mary,NO,,as,,
1258,Ezzatpanah,Somayeh,NO,,oslo,,
1259,Fossen,Torgils,NO,,bergen,,
1260,Kaupang,Asmund,NO,,n-0315 oslo,,
1261,Asberg,A,NO,,university of oslo,,
1262,Olweus,J,NO,,university of bergen,,
1263,Armstrong,D,NO,,oslo,,
1264,Inngjerdingen,Kari T,NO,k.t.inngjerdingen@farmasi.uio.no,0316 oslo,,
1265,Kristoffersen,Arne S,NO,arne.s.kristoffersen@gmail.com.,bergen,,
1266,Hamre,Børge,NO,,bergen,,
1267,Frette,Øyvind,NO,,bergen,,
1268,Erga,Svein R,NO,,bergen,,
1269,Bjørnebekk,Gunnar,NO,gunnar.bjornebekk@atferdssenteret.no,0306 oslo,,
1270,Eckhardt,Sabine,NO,,n- kjeller,,
1271,Stohl,Andreas,NO,,n- kjeller,,
1272,White,Richard,NO,,oslo,,
1273,Bruun,Tone,NO,,oslo,,
1274,Kapperud,Georg,NO,,oslo,,
1275,Nygård,Karin,NO,,oslo,,
1276,Vold,Line,NO,,oslo,,
1277,Asberg,Arne,NO,,trondheim,,
1278,Arlov,Øystein,NO,oystein.arlov@sintef.no.,trondheim,,
1279,Skjåk-Bræk,Gudmund,NO,gudmund.skjak.brak@ntnu.no.,trondheim,,
1280,Solberg,S,NO,,university of tromsø,,
1281,Flatmark,Kjersti,NO,kjersti.flatmark@rr-research.no,n- oslo,,
1282,Klajic,Jovana,NO,,oslo,,
1283,Edvardsen,Hege,NO,,oslo,,
1284,Fleischer,Thomas,NO,,oslo,,
1285,Bukholm,Ida,NO,,university of oslo,,
1286,Børresen-Dale,Anne-Lise,NO,,oslo,,
1287,Lønning,Per Eystein,NO,,bergen,,
1288,Kristensen,Vessela N,NO,v.n.kristensen@medisin.uio.no.,oslo,,
1289,Vamanu,Carmen Irina,NO,carmen.vamanu@student.uib.no,bergen,,
1290,Krettek,Alexandra,NO,,tromsø,,
1291,Assum,Terje,NO,tas@toi.no,no  oslo,,
1292,Kajantie,Eero,NO,,trondheim,,
1293,Pedarzani,P,NO,,university of oslo,,
1294,Hugdahl,K,NO,,university of bergen,,
1295,Gangstøe,Jurgita Januleviciute,NO,,bergen,,
1296,Heggestad,Torhild,NO,,bergen,,
1297,Norheim,Ole Frithjof,NO,,bergen,,
1298,Voie,O A,NO,,n-,,
1299,Larsen,J,NO,jostein.larsen@veths.no,oslo,,
1300,Klouman,Morten,NO,,norges teknisk-naturvitenskapelige universitet,,
1301,Hagve,Tor-Arne,NO,,oslo,,
1302,Osen,K K,NO,,university of oslo,,
1303,Kjelvik,Grete,NO,,trondheim,,
1304,Hall,C,NO,,university of oslo,,
1305,Berg,Kirsti,NO,,trondheim,,
1306,Bartoszek,Ewelina M,NO,,trondheim,,
1307,Yaksi,Emre,NO,,trondheim,,
1308,Kinge,Bettina,NO,bettina.kinge@kinge.no,oslo,,
1309,Frøen,J Frederik,NO,,oslo,,
1310,Jordal,Ann-Elise Olderbakk,NO,,bergen no-5020,,
1311,Olsen,Kjetil,NO,,bergen no-5020,,
1312,Harboe,Torstein,NO,,storebø no-,,
1313,Rønnestad,Ivar,NO,,bergen no-5020,,
1314,Bjøro,K,NO,kristian.bjoro@labmed.uio.no.,oslo,,
1315,Myhrvold,Ida K,NO,,oslo,,
1316,Cremaschi,Andrea,NO,,oslo,,
1317,Hermansen,Johanne U,NO,,oslo,,
1318,Tjønnfjord,Geir E,NO,,oslo,,
1319,Munthe,Ludvig A,NO,,oslo,,
1320,Taskén,Kjetil,NO,,oslo,,
1321,Skånland,Sigrid S,NO,,oslo,,
1322,Besnier,Francois,NO,,bergen,,
1323,Mosti,M P,NO,,7030 trondheim,,
1324,Instanes,Christine,NO,christine.instanes@mattilsynet.no,oslo 0403,,
1325,Gullestad,L,NO,,sandvika,,
1326,Alho,A,NO,,university of oslo,,
1327,Berg,K,NO,,university of oslo,,
1328,Wortinger,Laura Anne,NO,,nordbyhagen,,
1329,Glenne Øie,Merete,NO,,oslo,,
1330,Endestad,Tor,NO,,oslo,,
1331,Bruun Wyller,Vegard,NO,,nordbyhagen,,
1332,Høglend,P,NO,,university of oslo,,
1333,Sandve,Geir K,NO,,blindern,,
1334,Vatten,L J,NO,,trondheim,,
1335,Rangul,Vegar,NO,vegar.rangul@hint.no,levanger,,
1336,Jacobsen,B K,NO,,university of tromsø,,
1337,Høglend,P,NO,,university of oslo,,
1338,Kvien,T K,NO,t.k.kvien@ioks.uio.no,oslo,,
1339,Holmøy,Trygve,NO,,lørenskog,,
1340,Torkildsen,Øivind,NO,,bergen,,
1341,Myhr,Kjell-Morten,NO,,bergen,,
1342,Jozefiak,Thomas,NO,thomas.jozefiak@ntnu.no.,trondheim,,
1343,Sønnichsen Kayed,Nanna,NO,nanna.kayed@ntnu.no.,trondheim,,
1344,Lerdal,Anners,NO,anners.lerdal@ldh.no,oslo,,
1345,Raballo,Andrea,NO,,oslo,,
1346,Agartz,Ingrid,NO,,oslo,,
1347,Reitan,Solveig Klæbo,NO,,trondheim,,
1348,Helvik,Anne-Sofie,NO,,trondheim,,
1349,Iversen,Valentina,NO,,trondheim,,
1350,Halvorsen,Sigrun,NO,,oslo,,
1351,Lau,Bjørn,NO,bjorn.lau@stami.no,oslo,,
1352,Koppang,N,NO,,oslo,,
1353,Eriksen,Erik Fink,NO,e.f.eriksen@medisin.uio.no,oslo,,
1354,Halvorsen,P S,NO,,osly,,
1355,Risholt,L P,NO,lpr@trh.statkraftgroner.no,trondheim,,
1356,Grimsmo,A,NO,anders.grimsmo@medisin.ntnu.no,surnadal,,
1357,Hetmann,F,NO,,oslo,,
1358,Næs,Tormod,NO,,n-1431 ås,,
1359,Zhang,Zhi-Bo,NO,,n-4213 ås,,
1360,Blystad,Dag-Ragnar,NO,,n- ås,,
1361,Nesse,Live L,NO,,oslo,,
1362,Oeverland,Britt,NO,britt.overland@ulleval.no,oslo,,
1363,Ahtapodov,L,NO,,no- trondheim,,
1364,Naimy,Zainab,NO,zainab.naimy@ahus.no,lorenskog,,
1365,Grøvle,Lars,NO,lars.grovle@so-hf.no,østfold hospital trust,,
1366,Westhrin,Marita,NO,,trondheim,,
1367,Moen,Siv Helen,NO,,trondheim,,
1368,Misund,Kristine,NO,,trondheim,,
1369,Psonka-Antonczyk,Katarzyna Maria,NO,,trondheim,,
1370,Buene,Glenn,NO,,trondheim,,
1371,Sundan,Anders,NO,,trondheim,,
1372,Waage,Anders,NO,,trondheim,,
1373,Sponaas,Anne-Marit,NO,,trondheim,,
1374,Standal,Therese,NO,,trondheim,,
1375,Bolstad,Geir H,NO,,no-,,
1376,Hansen,Thomas F,NO,,0316,,
1377,Pélabon,Christophe,NO,,trondheim,,
1378,Storås,Tryggve H,NO,tstoras@fys.uio.no,oslo,,
1379,Ruus,Anders,NO,anders.ruus@niva.no,oslo,,
1380,Myrvold,H E,NO,,trondheim university hospital,,
1381,D'Antonio,F,NO,,tromsø,,
1382,Skogen,Jens Christoffer,NO,,bergen,,
1383,Hensing,Gunnel,NO,,bergen,,
1384,Øverland,Simon,NO,,bergen,,
1385,Knudsen,Ann Kristin,NO,,bergen,,
1386,Sivertsen,Børge,NO,,bergen,,
1387,Tell,Grethe S,NO,,university of bergen,,
1388,Haukenes,Inger,NO,,bergen,,
1389,Kirkeleite,Ingerid Ø,NO,,oslo,,
1390,Bohlin,Jon,NO,,oslo,,
1391,Scheffer,Lonneke,NO,,oslo,,
1392,Weme,Einar T,NO,,drammen,,
1393,Vestrheim,Didrik F,NO,didrik.frimann.vestrheim@fhi.no.,oslo,,
1394,Bakken,Inger J,NO,,oslo,,
1395,Drogset,Jon Olav,NO,jon.o.drogset@medisin.ntnu.no,n- trondheim,,
1396,Jutfelt,Fredrik,NO,,trondheim,,
1397,Byremo,G,NO,,oslo,,
1398,Brandtzaeg,P,NO,,department of pediatrics,,
1399,Nøst,Torunn Hatlen,NO,torunn.h.nost@ntnu.no.,trondheim,,
1400,Steinsbekk,Aslak,NO,,trondheim,,
1401,Bratås,Ola,NO,,trondheim,,
1402,Grønning,Kjersti,NO,,trondheim,,
1403,Kjeldsen,Sverre E,NO,,oslo,,
1404,Server,Andrés,NO,a.s.alonso@medisin.uio.no,oslo,,
1405,Dissen,E,NO,,n-0317 oslo,,
1406,Engebretsen,Kaia,NO,kaiabe@medisin.uio.no,oslo,,
1407,Eskedal,Leif T,NO,leif.eskedal@sshf.no,kristiansand,,
1408,Khodambashi,Soudabeh,NO,soudabeh@idi.ntnu.no.,trondheim,,
1409,Nytrø,Øystein,NO,,trondheim,,
1410,Carlsen,S M,NO,,university hospital of trondheim,,
1411,Geiser,Peter,NO,geiser@neo.no.,skedsmokorset,,
1412,D'antonio,Francesco,NO,,tromsø,,
1413,Fonnes,Tina,NO,tina.fonnes@uib.no.,bergen,,
1414,Krakstad,Camilla,NO,camilla.krakstad@med.uib.no.,bergen,,
1415,Dolven,Thomas,NO,,bergen,,
1416,Kyrkjebø,Jane Mikkelsen,NO,jmk@hib.no,bergen,,
1417,Eftang,Lars L,NO,lars.eftang@medisin.uio.no.,oslo,,
1418,Ravindran,P,NO,,oslo,,
1419,Amlien,Inge K,NO,,oslo,,
1420,Fjell,Anders M,NO,,oslo,,
1421,Tamnes,Christian K,NO,,oslo,,
1422,Grydeland,Håkon,NO,,oslo,,
1423,Krogsrud,Stine K,NO,,oslo,,
1424,Walhovd,Kristine B,NO,,oslo,,
1425,Gay,Caryl,NO,,oslo,,
1426,Baumbusch,L O,NO,lars.o.baumbusch@rr-research.no,oslo,,
