temp_id,lastname,firstname,countries_scope,email,town,role,url
1,Naess,Anne-Cathrine,NO,anns@uus.no,oslo,,
2,Bakke,Per S,NO,,bergen,,
3,Solberg,S,NO,steinar.solberg@rikshospitalet.no,tromsø,,
4,Richter,Lisa,NO,,oslo,,
5,Fayers,Peter,NO,,trondheim,,
6,Sundal,Aud Venke,NO,,n- osterås,,
7,Sletmoen,Marit,NO,,no- trondheim,,
8,Valderhaug,Robert,NO,robert.valderhaug@medisin.ntnu.no,trondheim,,
9,Tverdal,A,NO,,oslo,,
10,Nesbakken,T,NO,,university of oslo,,
11,Holmås,Kristoffer,NO,,university of oslo oslo,,
12,Fostervold,Aasmund,NO,,akershus university hospital akershus,,
13,Holter,Jan Cato,NO,,university of oslo oslo,,
14,Braatveit,Kirsten J,NO,,haugesund,,
15,Torsheim,Torbjørn,NO,,bergen,,
16,Hove,Oddbjørn,NO,,haugesund,,
17,Smith-Sivertsen,T,NO,,n- tromso,,
18,Elsayed,S,NO,said.elsayed@helse-bergen.no,bergen,,
19,Kirkhus,Bente,NO,bente.kirkhus@nofima.no,tromsø,,
20,Dieset,Ingrid,NO,ingrid.dieset@medisin.uio.no,oslo,,
21,Stokowy,Tomasz,NO,,bergen,,
22,Falch,,NO,,n- trondheim,,
23,Haugen,Arvid Steinar,NO,,bergen,,
24,Wæhle,Hilde Valen,NO,,bergen,,
25,Almeland,Stian Kreken,NO,,førde,,
26,Harthug,Stig,NO,,bergen,,
27,Eide,Geir Egil,NO,,bergen,,
28,Nortvedt,Monica Wammen,NO,,bergen,,
29,Smith,Ingrid,NO,,bergen,,
30,Søfteland,Eirik,NO,,bergen,,
31,Pierre-Jerome,C,NO,,tromsø university hospital,,
32,Rudi,Knut,NO,,as,,
33,Heggeset,Tonje M B,NO,,trondheim,,
34,Bratholm,Clara,NO,,oslo,,
35,Eidsaa,Marius,NO,,n- trondheim,,
36,Almaas,Eivind,NO,,n- trondheim,,
37,Malinen,Eirik,NO,eirik.malinen@fys.uio.no,n-0316 oslo,,
38,Gederaas,O A,NO,,university hospital,,
39,Valbø,A,NO,,sandvika,,
40,Laake,Ida,NO,ida.laake@fhi.no.,oslo,,
41,Larsen,Inger K,NO,,oslo,,
42,Selmer,Randi,NO,,oslo,,
43,Thune,Inger,NO,,tromsø,,
44,Veierød,Marit B,NO,,oslo,,
45,Aahlin,Eirik Kjus,NO,eirik.kjus.aahlin@unn.no.,tromsø,,
46,Olsen,Frank,NO,,tromsø,,
47,Uleberg,Bård,NO,,tromsø,,
48,Jacobsen,Bjarne K,NO,,tromsø,,
49,Lassen,Kristoffer,NO,,tromsø,,
50,Ferrighi,Lara,NO,,n- tromsø,,
51,Berge,R K,NO,rolf.berge@med.uib.no,bergen,,
52,Døllner,H,NO,henrik.dollner@medisin.ntnu.no,trondheim,,
53,Staff,A C,NO,staff.bakken@online.no,oslo,,
54,Bjorland,Jostein,NO,jostein.bjorland@veths.no,oslo,,
55,Sudmann,B,NO,,university of bergen,,
56,Brekke,I B,NO,,oslo,,
57,Harman,Christopher,NO,cha@niva.no,no- oslo,,
58,Søreide,E,NO,,stavanger,,
59,Kortner,Trond M,NO,,trondheim,,
60,Gervin,Kristina,NO,,oslo,,
61,Harris,Jennifer R,NO,,oslo,,
62,Lyle,Robert,NO,,oslo,,
63,Brynestad,S,NO,,oslo,,
64,Skeie,Svein,NO,svskeie@online.no,bergen,,
65,Lønning,P E,NO,,bergen,,
66,Høydal,M A,NO,,oslo,,
67,Vikse,Jens,NO,,stavanger,,
68,Nådland,I H,NO,i.h.nadland@medisin.uio.no,oslo,,
69,Nemer,M,NO,maysa.nemer@gmail.com,oslo,,
70,Sartori,Sabrina,NO,sabrinas@ife.no,kjeller,,
71,Hompland,Tord,NO,,oslo,,
72,Lund,Kjersti V,NO,,oslo,,
73,Ellingsen,Christine,NO,,oslo,,
74,Kristensen,Gunnar B,NO,,oslo,,
75,Lindstad,R I,NO,,oslo,,
76,Thiis-Evensen,E,NO,,skien,,
77,Dale,P O,NO,,university of oslo,,
78,Jortveit,Jarle,NO,,oslo,,
79,Leirgul,Elisabeth,NO,,bergen,,
80,Eskedal,Leif,NO,,kristiansand,,
81,Greve,Gottfried,NO,,bergen,,
82,Fomina,Tatiana,NO,,bergen,,
83,Døhlen,Gaute,NO,,oslo,,
84,Tell,Grethe S,NO,,bergen,,
85,Birkeland,Sigurd,NO,,oslo,,
86,Øyen,Nina,NO,,bergen,,
87,Holmstrøm,Henrik,NO,,oslo,,
88,Gamst,Are,NO,,tromsø,,
89,Refsnes,M,NO,,university of oslo,,
90,Lerdal,Anners,NO,anners.lerdal@medisin.uio.no.,oslo,,
91,Gay,Caryl L,NO,,oslo,,
92,Bonsaksen,Tore,NO,,oslo,,
93,Fagermoen,May Solveig,NO,,oslo,,
94,Deilkås,Ellen,NO,ellen.deilkas@kunnskapssenteret.no,akershus university hospital,,
95,Meltzer,H M,NO,,school of medicine,,
96,Molberg,O,NO,,oslo,,
97,Lønning,Kjersti,NO,,rikshospitalet,,
98,Midtvedt,Karsten,NO,,rikshospitalet,,
99,Bernklev,Tomm,NO,,oslo,,
100,Brunborg,Cathrine,NO,,oslo,,
101,Andersen,Marit H,NO,,rikshospitalet,,
102,von der Lippe,Nanna,NO,,oslo,,
103,Reisaeter,Anna V,NO,,rikshospitalet,,
104,Line,Pål-Dag,NO,,rikshospitalet,,
105,Hartmann,Anders,NO,,rikshospitalet,,
106,Heldal,Kristian,NO,,oslo,,
107,Olsen,Jorunn E,NO,jorunn.olsen@umb.no,aas,,
108,Snipstad,Kristin,NO,,n- tromsø,,
109,Tellez-Gabriel,Marta,NO,,tromso,,
110,Schubert,Thomas W,NO,,oslo,,
111,Berglund,Linnea Hergot,NO,,tromsø,,
112,Qvigstad,E,NO,,university of trondheim,,
113,Sapkota,Dipak,NO,dipak.sapkota@gades.uib.no,n bergen,,
114,Jacobsen,B K,NO,bjarne.jacobsen@ism.uit.no,n- tromsø,,
115,Oppegaard,H,NO,hanneo@extern.uio.no,oslo,,
116,Furberg,A S,NO,,tromsø,,
117,Hanssen,A M,NO,,tromsø,,
118,Johannessen,M,NO,,tromsø,,
119,Eilertsen,Karl-Erik,NO,karl-erik.eilertsen@fagmed.uit.no,tromsø,,
120,Tahiri,Andliena,NO,,oslo,,
121,Liavaag,Astrid H,NO,,arendal,,
122,Smith,Camilla,NO,,oslo,,
123,Langeveld,Johannes,NO,jhl@sus.no,stavanger,,
124,Marelle,Louis,NO,,oslo,,
125,Dalsøren,Stig,NO,,oslo,,
126,Fuglestvedt,Jan,NO,,oslo,,
127,Hansen,Tonje Elisabeth,NO,tonje.elisabeth.hansen@nlsh.no,bodø,,
128,Thomsen,C,NO,cathrine.thomsen@folkehelsa.no,oslo,,
129,Nieder,Carsten,NO,,bodø,,
130,Jorkjend,L,NO,,university of oslo,,
131,Gladhaug,I P,NO,,university of oslo,,
132,Koller,M E,NO,,university of bergen,,
133,Ekelund,U,NO,,oslo,,
134,Thomas,Kevin V,NO,,oslo,,
135,Hussain,Amjad I,NO,,rikshospitalet,,
136,Auensen,Andreas,NO,,rikshospitalet,,
137,Brunborg,Cathrine,NO,,ullevål,,
138,Aakhus,Svend,NO,,norwegian university of science and technology,,
139,Fiane,Arnt,NO,,rikshospitalet,,
140,Pettersen,Kjell I,NO,,rikshospitalet,,
141,Gullestad,Lars,NO,,rikshospitalet,,
142,Stronen,E,NO,,oslo,,
143,Mathisen,Lars,NO,lars.mathisen@medisin.uio.no,oslo,,
144,Myromslien,Frøydis D,NO,,oslo,,
145,Ellingsen,Ivar,NO,,hakadal,,
146,Ruus,Anders,NO,anders.ruus@niva.no,oslo,,
147,Chu,Yunhan,NO,,trondheim,,
148,Arczewska,Katarzyna D,NO,,0317 oslo,,
149,Brekke,I B,NO,,oslo,,
150,Christiansen,Irene Kraus,NO,,lørenskog,,
151,Sandve,Geir Kjetil,NO,,oslo,,
152,Hovig,Eivind,NO,,oslo,,
153,Ursin,Reidun,NO,reidun.ursin@biomed.uib.no,university of bergen,,
154,Engelsen,Christian J,NO,christian.engelsen@sintef.no,sintef building and infrastructure,,
155,Smith,P,NO,,oslo,,
156,Meirmans,Stephanie,NO,stephanie.meirmans@svt.uib.no,university of bergen  bergen,,
157,Qaiumzadeh,Alireza,NO,,no- trondheim,,
158,Tanum,Lars,NO,,lørenskog,,
159,Laeng,Bruno,NO,,university of oslo,,
160,Bourke,Alan,NO,alan.bourke@ntnu.no.,trondheim no-,,
161,Wester,A L,NO,,oslo,,
162,Øien,Henning,NO,,university of oslo,,
163,Granerud,Arild,NO,arild.granerud@hse.hihm.no,elverum,,
164,Dhaenens,G,NO,,oslo,,
165,Alexander,J,NO,,oslo,,
166,Andrew,E,NO,,oslo,,
167,Staff,Annetine,NO,annetine.staff@ous-hf.no,university of oslo,,
168,Krauss,Stefan,NO,stefan.krauss@rr-research.no.,oslo,,
169,Bøyesen,P,NO,,oslo,,
170,Haugen,I K,NO,,oslo,,
171,van der Heijde,D M,NO,,oslo,,
172,Kiil,F,NO,,ullevaal hospital,,
173,Birgisdottir,Å B,NO,,tromsø,,
174,Kringen,Pedro,NO,,oslo,,
175,Feragen,Kristin Billaud,NO,kristin.feragen@statped.no,oslo,,
176,Engdal,Silje,NO,silje.engdal@ntnu.no,trondheim,,
177,Medhus,A W,NO,asle.medhus@ioks.uio.no,oslo,,
178,Bøkenes,Janny,NO,janny.bokenes@medisin.uio.no,n- oslo,,
179,Leirdal,Marianne,NO,,n- oslo,,
180,Hillesund,E R,NO,elisabet.r.hillesund@uia.no.,kristiansand,,
181,Seland,S,NO,,kristiansand,,
182,Bere,E,NO,,kristiansand,,
183,Sagedal,L R,NO,,kristiansand,,
184,Torstveit,M K,NO,,kristiansand,,
185,Lohne-Seiler,H,NO,,kristiansand,,
186,Vistad,I,NO,,kristiansand,,
187,Øverby,N C,NO,,kristiansand,,
188,Ona,Egil,NO,egil.ona@imr.no,bergen,,
189,Hove,L M,NO,,university of bergen,,
190,Wallace,Sean,NO,,oslo,,
191,Døhlen,Gaute,NO,,oslo,,
192,Holmstrøm,Henrik,NO,,oslo,,
193,Lund,Christian,NO,,oslo,,
194,Russell,David,NO,,oslo,,
195,Strømme,J H,NO,j.h.stromme@ioks.uio.no,oslo,,
196,Thorud,H-M Schiøtz,NO,,oslo,,
197,Gravensteen,Ida Kathrine,NO,ida.gravensteen@gmail.com.,oslo,,
198,Jacobsen,Eva-Marie,NO,,oslo,,
199,Sandset,Per Morten,NO,,oslo,,
200,Helgadottir,Linda Bjørk,NO,,oslo,,
201,Sandvik,Leiv,NO,,oslo,,
202,Ekeberg,Øivind,NO,,oslo,,
203,Berentsen,Sigbjørn,NO,sigbjorn.berentsen@haugnett.no,haugesund,,
204,Walle,Kjersti Mæhlum,NO,,nesoddtangen,,
205,Nordvik,Jan Egil,NO,,nesoddtangen,,
206,Espeseth,Thomas,NO,,oslo,,
207,Becker,Frank,NO,,nesoddtangen,,
208,Laeng,Bruno,NO,,oslo,,
209,Baggio,Giosuè,NO,,trondheim,,
210,Nesgaard,J M,NO,,tonsberg,,
211,Bakka,A O,NO,,lorenskog,,
212,Edwin,B,NO,,oslo,,
213,Ignjatovic,D,NO,,tonsberg,,
214,Torp,Sverre H,NO,,trondheim,,
215,Lauritzen,Hilde B,NO,hilde.b.lauritzen@ntnu.no.,trondheim,,
216,Larose,Tricia L,NO,,trondheim,,
217,Øien,Torbjørn,NO,,trondheim,,
218,Sandanger,Torkjel M,NO,,tromsø,,
219,Odland,Jon Ø,NO,,tromsø,,
220,Jacobsen,Geir W,NO,,trondheim,,
221,Ali,Huda Omar,NO,,oslo,,
222,Stavik,Benedicte,NO,,oslo,,
223,Dørum,Elisabeth,NO,,oslo,,
224,Iversen,Nina,NO,,oslo,,
225,Sandset,Per Morten,NO,,oslo,,
226,Kjeldsen,Sverre E,NO,s.e.kjeldsen@medisin.uio.no.,oslo,,
227,Aukland,S M,NO,stein.magnus.aukland@helse-bergen.no,bergen,,
228,Aukrust,P,NO,pal.aukrust@klinmed.uio.no,rikshospitalet,,
229,Frantzen,F,NO,,mørkved,,
230,Hutchinson,M S,NO,moira-ylva.hutchinson@uit.no,university hospital of north norway,,
231,Bjorklund,G,NO,,mo i rana,,
232,Oppegård,Camilla,NO,,0316 oslo,,
233,Fimland,Gunnar,NO,,oslo,,
234,Anonsen,Jan Haug,NO,,0316 oslo,,
235,Nissen-Meyer,Jon,NO,,0316 oslo,,
236,Eikrem,Oystein,NO,,bergen,,
237,Beisland,Christian,NO,,bergen,,
238,Hjelle,Karin,NO,,bergen,,
239,Flatberg,Arnar,NO,,trondheim,,
240,Landolt,Lea,NO,,bergen,,
241,Skogstrand,Trude,NO,,bergen,,
242,Leh,Sabine,NO,,bergen,,
243,Beisvag,Vidar,NO,,trondheim,,
244,Marti,Hans-Peter,NO,,bergen,,
245,Alteren,Johanne,NO,,mo i rana,,
246,Hermstad,Marit,NO,,sandnessjøen,,
247,Hollung,Kristin,NO,,n  aas,,
248,Sejersted,Ole M,NO,o.m.sejersted@medisin.uio.no,oslo,,
249,Falk,E S,NO,,tromsø,,
250,Kopperud,Simen E,NO,,oslo,,
251,Gullestad,L,NO,,sandvika,,
252,Eichele,Heike,NO,,university of bergen,,
253,Gjertsen,Bjørn Tore,NO,bjorn.gjertsen@med.uib.no,universitetet i bergen,,
254,Skonnord,Trygve,NO,,oslo,,
255,Måseide,Per,NO,per.maaseide@uin.no,university of nordland,,
256,Lanzén,Anders,NO,,bergen,,
257,Davidsen,Einar Skulstad,NO,,bergen,,
258,Jacobsen,E A,NO,,oslo,,
259,Aalen,R. B.,NO,,n-0033 oslo,,
260,Kjelstrup,S,NO,signe.kjelstrup@ntnu.no.,trondheim,,
261,Buanes,T,NO,,bergen,,
262,Bugge,L,NO,,oslo,,
263,Bugge,M K,NO,,oslo,,
264,Cameron,D,NO,,oslo,,
265,Catmore,J R,NO,,oslo,,
266,Dale,O,NO,,bergen,,
267,Eigen,G,NO,,bergen,,
268,Franconi,L,NO,,oslo,,
269,Gjelsten,B K,NO,,oslo,,
270,Gramstad,E,NO,,oslo,,
271,Kastanas,A,NO,,bergen,,
272,Liebig,W,NO,,bergen,,
273,Lipniacka,A,NO,,bergen,,
274,Martin Dit Latour,B,NO,,bergen,,
275,Morisbak,V,NO,,oslo,,
276,Ould-Saada,F,NO,,oslo,,
277,Pajchel,K,NO,,oslo,,
278,Pedersen,M,NO,,oslo,,
279,Read,A L,NO,,oslo,,
280,Røhne,O,NO,,oslo,,
281,Rosendahl,P L,NO,,bergen,,
282,Sandaker,H,NO,,bergen,,
283,Sjursen,T B,NO,,bergen,,
284,Smestad,L,NO,,bergen,,
285,Stapnes,S,NO,,oslo,,
286,Strandlie,A,NO,,oslo,,
287,Stugu,B,NO,,bergen,,
288,Ugland,M,NO,,bergen,,
289,Nielsen,Bjørn Fredrik,NO,bjorn.f.nielsen@umb.no,oslo,,
290,Refsum,H,NO,helga.refsum@farm.uib.no,university of bergen,,
291,Podnecky,Nicole L,NO,,tromsø,,
292,Birkeland,Marianne Skogbrott,NO,,oslo,,
293,Jarnjak-Jankovic,S,NO,silvija.jankovic@rr-research.no,oslo,,
294,Fjose,A,NO,,university of bergen,,
295,Rud,Erik,NO,p.e.rud@medisin.uio.no,oslo,,
296,Zachariassen,Karl Erik,NO,karl.erik.zavhariassen@chembio.ntnu.no,trondheim,,
297,Eide,P K,NO,,university of bergen,,
298,Brottveit,Margit,NO,margit.brottveit@medisin.uio.no,oslo,,
299,Kaasa,S,NO,,oslo,,
300,Weiderpass,Elisabete,NO,,oslo,,
301,Vedeld,Hege Marie,NO,,oslo,,
302,Nesbakken,Arild,NO,,oslo,,
303,Lothe,Ragnhild A,NO,,oslo,,
304,Lind,Guro E,NO,,oslo,,
305,Tervahauta,M H,NO,,stavanger,,
306,Øberg,G K,NO,,the arctic university of norway,,
307,Hurlen,M,NO,,oslo,,
308,Ogden,Terje,NO,,oslo,,
309,Grimsmo,Anders,NO,,trondheim,,
310,Løhre,Audhild,NO,,trondheim,,
311,Røsstad,Tove,NO,,trondheim,,
312,Gjerde,Ingunn,NO,,molde,,
313,Heiberg,Ina,NO,,tromsø,,
314,Steinsbekk,Aslak,NO,,trondheim,,
315,Rotegaard,Ann Kristin,NO,ann.kristin.rotegard@rr-research.no,oslo,,
316,Juul-Kristensen,Birgit,NO,,5020 bergen,,
317,van de Pol,Martijn,NO,m.van.de.pol@myscience.eu,no- trondheim,,
318,Zakariassen,Erik,NO,erik.zakariassen@isf.uib.no,national centre for emergency primary health care,,
319,Falkenberg,Helle K,NO,helle.falkenberg@hibu.no,kongsberg,,
320,Iversen,V V,NO,vegard.iversen@fys.uib.no,n- bergen,,
321,Strømme Johannesen,Tone,NO,,n- kjeller,,
322,Sandal,G M,NO,gro.sandal@psych.uib.no,university of bergen,,
323,Hausken,T,NO,,university of bergen,,
324,Skomsvoll,J F,NO,,university hospital of trondheim,,
325,Alsos,Inger Greve,NO,inger.g.alsos@uit.no,tromsø,,
326,Caipang,Christopher M A,NO,,bodø,,
327,Karlsen,S J,NO,,university of oslo,,
328,Idsoe,Thormod,NO,thormod.idsoe@uis.no,stavanger,,
329,Söreide,K,NO,,stavanger,,
330,Degefu,Tulu,NO,tulu.degefu@umb.no,n-1432 ås,,
331,Aarsheim,Evy Irene,NO,,florø,,
332,Dolmen,Nina Marie,NO,,årdal,,
333,Jensen,Aud Jenny,NO,,jølster,,
334,Stavøstrand,Sissel,NO,,florø,,
335,Rønneseth,Anita,NO,,no-5020 bergen,,
336,Wergeland,Heidrun I,NO,,no-5020 bergen,,
337,Nieder,Carsten,NO,carsten.nieder@nlsh.no,bodø,,
338,Norum,Ole-Jacob,NO,,oslo,,
339,Hofvind,S,NO,,oslo,,
340,Eikeseth,Svein,NO,svein.eikeseth@c2i.net,lillestrom,,
341,Beyene,Wondwossen Mulualem,NO,,oslo and akershus university college of applied sciences,,
342,Kvamme,Bjørn,NO,,n- bergen,,
343,Kapstad,Heidi,NO,heidi.kapstad@hibu.no,oslo,,
344,Ose,Leiv,NO,,oslo,,
345,Boe,Bjarne,NO,bjarne.boe@nifes.no,5817 bergen,,
346,Abrahamsen,J F,NO,,bergen,,
347,Wang,Yunpeng,NO,,oslo,,
348,Smeland,Olav B,NO,,oslo,,
349,Andreassen,Ole A,NO,,oslo,,
350,Syvertsen,Marte,NO,,trondheim,,
351,Julshamn,K,NO,kare.julshamn@nutr.fiskeridir.no,no- bergen,,
352,Garcia,Beate Hennie,NO,,tromso,,
353,Elenjord,Renate,NO,,tromso,,
354,Bjornstad,Camilla,NO,,tromso,,
355,Halvorsen,Kjell Hermann,NO,,tromso,,
356,Hortemo,Sigurd,NO,,oslo,,
357,Madsen,Steinar,NO,,oslo,,
358,Heimli,H,NO,,university of oslo,,
359,Berg,Jon Andsnes,NO,,bergen,,
360,Schjøtt,Jan,NO,,bergen,,
361,Fossan,Kjell O,NO,,bergen,,
362,Riedel,Bettina,NO,,bergen,,
363,Askarian,Fatemeh,NO,,tromsø,,
364,Wagner,Theresa,NO,,tromsø,,
365,Johannessen,Mona,NO,,tromsø,,
366,Holmen,Oddgeir L,NO,,levanger,,
367,Hveem,Kristian,NO,,levanger,,
368,Sager,G,NO,,university of tromsø,,
369,Larssen,Thorjørn,NO,tla@niva.no,oslo,,
370,Myhre,Jannicke B,NO,,0317 oslo,,
371,Løken,Elin B,NO,,0317 oslo,,
372,Wandel,Margareta,NO,,0317 oslo,,
373,Andersen,Lene F,NO,,0317 oslo,,
374,Bjoerke-Bertheussen,Jeanette,NO,,stavanger,,
375,Schoeyen,Helle,NO,,stavanger,,
376,Andreassen,Ole A,NO,,oslo,,
377,Malt,Ulrik F,NO,,oslo,,
378,Oedegaard,Ketil J,NO,,bergen,,
379,Morken,Gunnar,NO,,trondheim,,
380,Sundet,Kjetil,NO,,oslo,,
381,Vaaler,Arne E,NO,,trondheim,,
382,Auestad,Bjoern,NO,,stavanger,,
383,Kessler,Ute,NO,,bergen,,
384,Hetland,R B,NO,ragna.hetland@folkehelsa.no,oslo,,
385,Pedersen,Jon,NO,,oslo,,
386,Görbitz,Carl Henrik,NO,,n-0315 oslo,,
387,Haugen,T S,NO,,oslo,,
388,Bjørnerem,Åshild,NO,,tromsø,,
389,Geraudie,P,NO,,9296 tromsø,,
390,Kirkevang,L-L,NO,,oslo,,
391,Fitzgerald,Katherine A,NO,,7491 trondheim,,
392,Pettersen,Kjell I,NO,kjell.pettersen@kunnskapssenteret.no,nordbyhagen,,
393,Fromm,Bastian,NO,,oslo university hospital,,
394,Hetland,G,NO,,oslo,,
395,Ostensen,J,NO,,oslo,,
396,Falkvoll,K H,NO,,rikshospitalet,,
397,Svartberg,Johan,NO,johan.svartberg@unn.no,tromsø,,
398,Gerdes,Hans-Hermann,NO,hans-hermann.gerdes@biomed.uib.no,bergen,,
399,Asphaug,Marte,NO,,stavanger,,
400,Skadberg,Øyvind,NO,,stavanger,,
401,Dalen,Ingvild,NO,,stavanger,,
402,Dickstein,Kenneth,NO,,stavanger,,
403,Aasheim,Christer,NO,,oslo,,
404,Stavenes,Håvard,NO,,oslo,,
405,Andersson,Stig Haugsbø,NO,,oslo,,
406,Engbretsen,Lars,NO,,oslo,,
407,Clarsen,Benjamin,NO,,oslo,,
408,Samanipour,S,NO,,oslo,,
409,Erlandsen,H,NO,,university of tromso,,
410,Holte,Harald,NO,,oslo,,
411,Delabie,Jan,NO,,oslo,,
412,Fluge,Øystein,NO,,bergen,,
413,Wälchli,Sébastien,NO,sebastw@rr-research.no,oslo,,
414,Ersdal,Cecilie,NO,cecilie.ersdal@veths.no,0033 oslo,,
415,Kvenshagen,B,NO,bent-kv@online.no,fredrikstad,,
416,Sen,Sangita,NO,,n-0315 oslo,,
417,Tellgren,Erik I,NO,,n-0315 oslo,,
418,Schirmer,Henrik,NO,,tromsö,,
419,Aune,S,NO,,bergen,,
420,Maeland,J G,NO,,university of bergen,,
421,Braathen,G J,NO,g.j.braathen@medisin.uio.no,oslo,,
422,Sioud,M,NO,mouldy.sioud@rr-research.no,oslo,,
423,Allan,Bridie J M,NO,,bergen,,
424,Balcells,David,NO,,0315 oslo,,
425,Repisky,Michal,NO,,n- tromsø,,
426,Gibbons,Steven J,NO,,n- kjeller,,
427,Harvei,S,NO,,oslo,,
428,Quaynor,H,NO,,kongsberg sykehus,,
429,Andresen,Pål,NO,,n- oslo,,
430,Petrovski,Goran,NO,,n- oslo,,
431,Veiberg,Vebjørn,NO,,n- longyearbyen,,
432,Slotte,Aril,NO,,bergen,,
433,Husebø,Åse,NO,,bergen,,
434,Godiksen,Jane A,NO,,bergen,,
435,Kiserud,Cecilie E,NO,cecilie.essholt.kiserud@radiumhospitalet.no,oslo university hospital and university of oslo,,
436,Løvoll,Grunde,NO,,university of oslo,,
437,Jain,Kartik,NO,,n-,,
438,Ringstad,Geir,NO,,n-,,
439,Eide,Per-Kristian,NO,,n-,,
440,Mardal,Kent-André,NO,,oslo,,
441,Kvamme,E,NO,ekvamme@ulrik.uio.no,oslo,,
442,Tropé,Claes G,NO,,n- oslo,,
443,Hetland Falkenthal,Thea E,NO,,n- oslo,,
444,Kjaerheim,V,NO,,university of oslo,,
445,Lundin,K E,NO,,oslo,,
446,Hanss,Daniel,NO,daniel.hanss@uib.no.,bergen,,
447,Alvadia,Carolina M,NO,,oslo,,
448,Sommer,Theis,NO,,oslo,,
449,Bjerregaard-Andersen,Kaare,NO,,oslo,,
450,Montrasio,Michele,NO,,oslo,,
451,Morth,J Preben,NO,j.p.morth@ncmm.uio.no.,oslo,,
452,Thorsen,Kenneth,NO,,n- stavanger,,
453,Trøseid,Marius,NO,,oslo,,
454,Dahl,E,NO,eilifdahl@hotmail.com,oslo,,
455,Reiso,Harald,NO,harald.reiso@samfunnsmed.uio.no,university of oslo,,
456,Egeland,Thore,NO,thore.egeland@basalmed.uio.no,oslo,,
457,Siddiqui,Huma,NO,,university of oslo oslo,,
458,Olsen,Ingar,NO,,university of oslo oslo,,
459,Mykletun,A,NO,,bergen,,
460,Normand,Camilla,NO,,stavanger,,
461,Dickstein,Kenneth,NO,,stavanger,,
462,Franco-Lie,I,NO,isabel.franco-lie@uus.no,oslo,,
463,Chen,Song,NO,,n- bergen,,
464,Andreassen,Rune,NO,rune.andreassen@hf.hio.no,oslo,,
465,Silness,J,NO,,university of bergen,,
466,Dahl,Ola E,NO,,brumunddal,,
467,Søvik,E,NO,,university of oslo,,
468,Jacobsen,Frode F,NO,,bergen,,
469,Mavenyengwa,R T,NO,,trondheim,,
470,Lie,Øyvind H,NO,,oslo,,
471,Dejgaard,Lars A,NO,,oslo,,
472,Saberniak,Jørg,NO,,oslo,,
473,Rootwelt,Christine,NO,,oslo,,
474,Stokke,Mathis K,NO,,oslo,,
475,Edvardsen,Thor,NO,,oslo,,
476,Gavasso,S,NO,,bergen,,
477,Eitzen,Ingrid,NO,ingrid.eitzen@hjelp24.no,oslo,,
478,Seljeflot,Ingebjørg,NO,ingebjorg.seljeflot@ulleval.no,oslo,,
479,Flatø,Berit,NO,berit.flato@rikshospitalet.no,oslo,,
480,Johansen,Safora,NO,safora.johansen@hioa.no.,oslo,,
481,Norman,Mathilde H,NO,,oslo,,
482,Dale,Einar,NO,,oslo,,
483,Amdal,Cecilie D,NO,,oslo,,
484,Furre,Torbjørn,NO,,oslo,,
485,Malinen,Eirik,NO,,oslo,,
486,Evensen,Jan F,NO,,oslo,,
487,Helseth,Lars Egil,NO,lars.helseth@ift.uib.no,bergen,,
488,Frank,Shane C,NO,,telemark,,
489,Rosell,Frank,NO,,telemark,,
490,Swenson,Jon E,NO,,ås,,
491,Bischof,Richard,NO,,ås,,
492,Kindberg,Jonas,NO,,trondheim,,
493,Eiken,Hans Geir,NO,,svanhovd,,
494,Hagen,Snorre B,NO,,svanhovd,,
495,Zedrosser,Andreas,NO,,telemark,,
496,Malterud,Kirsti,NO,kirsti.malterud@isf.uib.no,bergen,,
497,Brydøy,Marianne,NO,marianne.brydoy@helsebergen.no,bergen,,
498,Spigt,Mark,NO,,tromsø,,
499,Ovaskainen,Otso,NO,,trondheim,,
500,Wathle,Gaute K,NO,,bergen,,
501,Holm-Hansen,Carol,NO,,oslo,,
502,Mikki,N,NO,nahedmikki@yahoo.com,oslo,,
503,Sandberg,Sveinung,NO,,university of oslo,,
504,Pedersen,Willy,NO,,oslo and akershus university college of applied sciences,,
505,Eggesbø,J B,NO,,oslo,,
506,Anda,Liss,NO,,stavanger,,
507,Brønnick,Kolbjørn S,NO,,stavanger,,
508,Johnsen,Erik,NO,,bergen,,
509,Kroken,Rune A,NO,,bergen,,
510,Jørgensen,Hugo,NO,,bergen,,
511,Løberg,Else-Marie,NO,,bergen,,
512,Myrhaug,Hilde Tinderholt,NO,,oslo,,
513,Odgaard-Jensen,Jan,NO,,oslo,,
514,Østensjø,Sigrid,NO,,oslo,,
515,Vøllestad,Nina Køpke,NO,,oslo,,
516,Jahnsen,Reidun,NO,,oslo,,
517,Eriksen,H M,NO,,university of oslo,,
518,Lauritzen,Fredrik,NO,,oslo,,
519,Tonstad,Serena,NO,serena.tonstad@ulleval.no,oslo,,
520,Benestad,Beate,NO,,tønsberg,,
521,Lekhal,Samira,NO,,tønsberg,,
522,Småstuen,Milada Cvancarova,NO,,tønsberg,,
523,Hertel,Jens Kristoffer,NO,,tønsberg,,
524,Halsteinli,Vidar,NO,,trondheim,,
525,Ødegård,Rønnaug Astri,NO,,trondheim,,
526,Hjelmesæth,Jøran,NO,,tønsberg,,
527,Larssen,Lene,NO,lene.larssen@medisin.uio.no,oslo,,
528,Dale,P O,NO,,oslo,,
529,Zachrisson,Y O,NO,,university of oslo,,
530,Abebe,F,NO,,oslo,,
531,Sørensen,Anita L,NO,,oslo,,
532,Reiner,Andrew H,NO,,oslo,,
533,Øie,Cristina I,NO,,tromsø,,
534,Smedsrød,Bård,NO,,tromsø,,
535,Collas,Philippe,NO,,oslo,,
536,Tollefsen,Knut Erik,NO,,n- oslo,,
537,Johannessen,Rune,NO,rune.trondheim@gmail.com,trondheim,,
538,Nielsen,Anders,NO,,0316 oslo,,
539,Sorensen,R J,NO,,sandvika,,
540,Nielsen,M B,NO,,oslo,,
541,Gjerstad,J,NO,,oslo,,
542,Gäfvert,Torbjörn,NO,,østerås,,
543,Drefvelin,Jon,NO,,østerås,,
544,Charnock,C,NO,,university of oslo,,
545,Dale,Einar,NO,einar.dale@rikshospitalet.no,drammen,,
546,Buanes,T,NO,,bergen,,
547,Bugge,M K,NO,,oslo,,
548,Cameron,D,NO,,oslo,,
549,Catmore,J R,NO,,oslo,,
550,Dale,O,NO,,bergen,,
551,Eigen,G,NO,,bergen,,
552,Feigl,S,NO,,oslo,,
553,Franconi,L,NO,,oslo,,
554,Garonne,V,NO,,oslo,,
555,Gjelsten,B K,NO,,oslo,,
556,Gramstad,E,NO,,oslo,,
557,Kastanas,A,NO,,bergen,,
558,Liebig,W,NO,,bergen,,
559,Lipniacka,A,NO,,bergen,,
560,Maeland,S,NO,,bergen,,
561,Latour,B Martin Dit,NO,,bergen,,
562,Morisbak,V,NO,,oslo,,
563,Nilsen,J K,NO,,oslo,,
564,Ould-Saada,F,NO,,oslo,,
565,Pajchel,K,NO,,oslo,,
566,Raddum,S,NO,,oslo,,
567,Read,A L,NO,,oslo,,
568,Røhne,O,NO,,oslo,,
569,Sandaker,H,NO,,oslo,,
570,Serfon,C,NO,,oslo,,
571,Smestad,L,NO,,bergen,,
572,Stapnes,S,NO,,oslo,,
573,Strandlie,A,NO,,oslo,,
574,Stugu,B,NO,,bergen,,
575,Yang,Z,NO,,bergen,,
576,Zalieckas,J,NO,,bergen,,
577,Hagen,Eli Molde,NO,emhagen@online.no,ottestad,,
578,Hallan,S,NO,,levanger,,
579,Kristensen,Gunnar,NO,,oslo,,
580,Weyergang,Anette,NO,anettewe@medisin.uio.no,oslo,,
581,Valen,G,NO,,university of tromsø,,
582,Bakkevold,K E,NO,,bergen,,
583,Lukandu,Ochiba M,NO,,university of bergen,,
584,Breivik,T,NO,tbreivik@odont.uio.no,oslo,,
585,Satas,S,NO,,oslo,,
586,Johnsborg,Ola,NO,ola.johnsborg@umb.no,n-1432 as,,
587,Iversen,Hildegunn,NO,,oslo,,
588,Lindbäck,Toril,NO,,oslo,,
589,L'Abée-Lund,Trine M,NO,,oslo,,
590,Roos,Norbert,NO,,oslo,,
591,Aspholm,Marina,NO,,oslo,,
592,Stenfors Arnesen,Lotte,NO,,oslo,,
593,Lundgreen,Kirsten,NO,kirsten.lundgreen@lds.no,oslo,,
594,De Santi,Concetta,NO,,tromsø,,
595,Altermark,Bjørn,NO,,tromsø,,
596,Willassen,Nils-Peder,NO,,tromsø,,
597,Hassel,Bjørnar,NO,,kjeller,,
598,Heyn,Richard H,NO,rhh@sintef.no,oslo,,
599,Naess,Halvor,NO,halvor.naess@haukeland.no,bergen,,
600,Alexeeva,Marina,NO,,n-4021 stavanger,,
601,Moen,Marivi N,NO,,n-4021 stavanger,,
602,Grøsvik,Kristin,NO,,n-4021 stavanger,,
603,Tesfahun,Almaz N,NO,,n-4021 stavanger,,
604,Xu,Xiang Ming,NO,,n-4021 stavanger,,
605,Muruzábal-Lecumberri,Izaskun,NO,,n-4021 stavanger,,
606,Olsen,Kristine M,NO,,n-4021 stavanger,,
607,Ruoff,Peter,NO,,n-4021 stavanger,,
608,Klungland,Arne,NO,,no- oslo,,
609,Bjelland,Svein,NO,,n-4021 stavanger,,
610,Solberg,Mona,NO,,university of oslo,,
611,Alræk,Terje,NO,,oslo,,
612,Mdala,Ibrahimu,NO,,oslo,,
613,Klovning,Atle,NO,,oslo,,
614,Abrahamsen,Hilde,NO,hilde.abrahamsen@rr-research.no,oslo,,
615,Holm,Are Martin,NO,a.m.holm@klinmed.uio.no,oslo,,
616,Nesvåg,R,NO,,oslo,,
617,Venkatraman,Vishwesh,NO,,trondheim,,
618,Alsberg,Bjørn Kåre,NO,alsberg@ntnu.no.,trondheim,,
619,Skandsen,Toril,NO,toril.skandsen@ntnu.no.,trondheim,,
620,Einarsen,Cathrine Elisabeth,NO,,trondheim,,
621,Normann,Ingunn,NO,,trondheim,,
622,Bjøralt,Stine,NO,,trondheim,,
623,Karlsen,Rune Hatlestad,NO,,trondheim,,
624,McDonagh,David,NO,,trondheim,,
625,Nilsen,Tom Lund,NO,,trondheim,,
626,Akslen,Andreas Nylenna,NO,,trondheim,,
627,Håberg,Asta Kristine,NO,,trondheim,,
628,Vik,Anne,NO,,trondheim,,
629,Skogli,Hans-Ragnar,NO,,bergen,,
630,Tell,Grethe S,NO,,bergen,,
631,Egeland,Grace M,NO,,bergen,,
632,Heggebø,Kristian,NO,kristian.heggebo@hioa.no.,oslo,,
633,Omdal,R,NO,romdal@online.no,university of tromsø,,
634,Hetland,G,NO,,oslo,,
635,Friberg,Febe,NO,,university of stavanger,,
636,Kvien,Tore K,NO,,oslo,,
637,Johnson,Sverre Urnes,NO,,vikersund,,
638,Hoffart,Asle,NO,,vikersund,,
639,Hovland,Gro,NO,,førde campus,,
640,Kyrkjebø,Dagrun,NO,,førde campus,,
641,Andersen,John Roger,NO,,førde campus,,
642,Råholm,Maj-Britt,NO,,førde campus,,
643,Bye,Anja,NO,,trondheim,,
644,Visted,T,NO,,university of bergen,,
645,Søvik,Oddmund,NO,oddmund.sovik@pedi.uib.no,bergen,,
646,Huang,Yongshun,NO,,n- stavanger,,
647,Gjerdrum,C,NO,,bergen,,
648,Waterloo,K K,NO,,ostmarka hospital,,
649,Egeland,Thore,NO,thore.egeland@nmbu.no.,aas,,
650,Taugbøl,O,NO,ole.taugbol@veso.no,oslo,,
651,Briseid,K,NO,,blindern,,
652,Olweus,Dan,NO,,bergen,,
653,Solberg,Mona E,NO,,bergen,,
654,Breivik,Kyrre,NO,,bergen,,
655,Adzhubei,Alexei A,NO,a.a.adjoubei@biotek.uio.no,no-0033 oslo,,
656,Aarstad,Olav Andreas,NO,,department of biotechnology,,
657,Stokke,Bjørn Torger,NO,,department of physics,,
658,Skjåk-Bræk,Gudmund,NO,,department of biotechnology,,
659,Berglund,G I,NO,,university of tromsø,,
660,Njølstad,P R,NO,,university of bergen,,
661,Kristjánsdóttir,Olöf Birna,NO,kristjansdottir@gmail.com,oslo,,
662,Åmellem,I,NO,,trondheim,,
663,Tashiro,A,NO,,trondheim,,
664,Yakovlev,Igor A,NO,igor.yakovlev@skogoglandskap.no,n- as,,
665,Wedman,Jan,NO,j.wedman@kno.azg.nl,bergen,,
666,Kleveland,G,NO,,oslo,,
667,Wiik,R,NO,,university of bergen,,
668,Görbitz,Carl Henrik,NO,c.h.gorbitz@kjemi.uio.no,n-0315 oslo,,
669,Nord,Erik,NO,,oslo,,
670,Skjaerven,R,NO,,university of bergen,,
671,Kristoffersen,Espen Saxhaug,NO,,lørenskog,,
672,Straand,Jørund,NO,,oslo,,
673,Vetvik,Kjersti Grøtta,NO,,nordbyhagen,,
674,Benth,Jūratė Šaltytė,NO,,nordbyhagen,,
675,Russell,Michael Bjørn,NO,,nordbyhagen,,
676,Lundqvist,Christofer,NO,,nordbyhagen,,
677,Herstad,L,NO,,rikshospitalet,,
678,Klungsøyr,K,NO,,bergen,,
679,Skjaerven,R,NO,,bergen,,
680,Tanbo,T,NO,,oslo,,
681,Forsén,L,NO,,rikshospitalet,,
682,Åbyholm,T,NO,,oslo,,
683,Vangen,S,NO,,rikshospitalet,,
684,Jørgensen,J B,NO,,university of tromsø,,
685,Nøtthellen,Jacob,NO,,oslo,,
686,Haarberg,Geir Martin,NO,geir.martin.haarberg@ntnu.no.,no- trondheim,,
687,Khalaghi,Babak,NO,geir.martin.haarberg@ntnu.no.,no- trondheim,,
688,Mokkelbost,Tommy,NO,,no- trondheim,,
689,Capa,María,NO,,no- trondheim,,
690,Hansen,T W,NO,,oslo no-,,
691,Grotle,Margreth,NO,margreth.grotle@medisin.uio.no,oslo,,
692,Giske,Jarl,NO,,5020 bergen,,
693,Smeland,S,NO,,oslo,,
694,Kaarbø,Mari,NO,,university of oslo,,
695,Serck-Hanssen,Guldborg,NO,guldborg.serck-hanssen@fys.uib.no,bergen,,
696,Norheim,Ole F,NO,,bergen,,
697,Robberstad,Bjarne,NO,,bergen,,
698,Eker,P,NO,,oslo,,
699,Tølløfsrud,S,NO,,oslo,,
700,Brøgger,J,NO,jan@brogger.no,bergen,,
701,Alsøe,Lene,NO,lene.alsoe@rr-research.no,oslo,,
702,Rukke,H V,NO,h.v.rukke@odont.uio.no,oslo,,
703,Nilssen,Anders M,NO,,trondheim,,
704,Stenstad,Liv-Inger,NO,,trondheim,,
705,Radtke,Andreas,NO,,trondheim,,
706,Skogås,Jan Gunnar,NO,,trondheim,,
707,Elvsåshagen,Torbjørn,NO,,oslo,,
708,Ro,Torstein Baade,NO,torstein.ro@medisin.ntnu.no,trondheim n-,,
709,Pedersen,Kristine B,NO,,9296 tromsø,,
710,Ramokolo,Vundli,NO,,bergen,,
711,Chhagan,Meera,NO,,bergen,,
712,Engebretsen,Ingunn M S,NO,,bergen,,
713,Fadnes,Lars Thore,NO,,bergen,,
714,Van den Broeck,Jan,NO,,bergen,,
715,Wik,Elisabeth,NO,,bergen,,
716,Salvesen,Helga B,NO,,bergen,,
717,Davidson,Ben,NO,,oslo,,
718,Trope,Claes G,NO,,oslo,,
719,Azqueta,Amaya,NO,o.a.azqueta@medisin.uio.no,0316 oslo,,
720,Laeng,Bruno,NO,bruno@psyk.uit.no,university of tromsø,,
721,Eftestøl,Trygve,NO,trygve.eftestol@tn.his.no,department of electrical and computer engineering,,
722,Waage,Ingunn Syversen,NO,,trondheim,,
723,Wisløff,H,NO,,oslo n-,,
724,Sandset,Else C,NO,else@sandset.net,oslo,,
725,Haug,Anita,NO,anita.haug@vetinst.no,oslo,,
726,Hongslo,J K,NO,,oslo,,
727,Tatara,Naoe,NO,,oslo,,
728,Hammer,Hugo Lewi,NO,,oslo,,
729,Andreassen,Hege Kristin,NO,,gjøvik,,
730,Mirkovic,Jelena,NO,,oslo,,
731,Kjøllesdal,Marte Karoline Råberg,NO,,oslo,,
732,Oygard,Joar Karsten,NO,joar.oyard@umb.no,n- aas,,
733,Dahl,K H,NO,kristind@fagmed.uit.no,tromso,,
734,Thorstensen,Ketil,NO,,trondheim,,
735,Kvitland,Mona A,NO,,trondheim,,
736,Irgens,Wenche Ø,NO,,trondheim,,
737,Åsberg,Arne,NO,,trondheim,,
738,Borch-Iohnsen,Berit,NO,,oslo,,
739,Moen,Torolf,NO,,trondheim,,
740,Hveem,Kristian,NO,,trondheim,,
741,Halvorsen,K,NO,kristin.halvorsen@medisin.uio.no,no-0318 oslo,,
742,Aune,Ingvild,NO,ingvild.aune@hist.no,trondheim,,
743,Oust,Astrid,NO,astrid.oust@matforsk.no,n-1432 as,,
744,Mohn,Kristin G-I,NO,,bergen,,
745,Jul-Larsen,Åsne,NO,,bergen,,
746,Brokstad,Karl A,NO,,bergen,,
747,Bolger,Conor M,NO,,trondheim,,
748,Melbye,H,NO,,university of tromsø,,
749,Halstensen,T S,NO,,national hospital,,
750,Riise,R,NO,,hamar sjukehus,,
751,Smajdor,Anna,NO,,oslo,,
752,Hasan-Olive,Md Mahdi,NO,,oslo,,
753,Diget,Elisabeth Holm,NO,,oslo,,
754,Mariga,Shelton Tendai,NO,,oslo,,
755,Utheim,Tor Paaske,NO,,oslo,,
756,Storm-Mathisen,Jon,NO,,oslo,,
757,Bergersen,Linda H,NO,l.h.bergersen@medisin.uio.no.,oslo,,
758,Vederhus,Bente J,NO,bente.vederhus@helse-bergen.no,bergen,,
759,Aune,Tore,NO,tore.aune@svt.ntnu.no,norwegian university of science and technology,,
760,Kragset,S,NO,,n- trondheim,,
761,Hjelmesaeth,J,NO,,oslo,,
762,Fladby,T,NO,,tromsø,,
763,Dumitrescu,Alexandrina Lizica,NO,alexandrina.dumitrescu@uit.no,university of tromsø,,
764,D'Antonio,Francesco,NO,,university of tromso,,
765,Robertsen,Ida,NO,,0316 oslo,,
766,Nemie-Feyissa,Dugassa,NO,,n- stavanger,,
767,Olafsdottir,Solveig Margret,NO,,n- stavanger,,
768,Heidari,Behzad,NO,,n- stavanger,,
769,Vedeler,C A,NO,,bergen,,
770,Bjerke,Kari Marte,NO,,oslo,,
771,Jahnsen,Reidun,NO,,oslo,,
772,Souza Souza Carvalho,D,NO,,trondheim university hospital,,
773,Kristensen,K D,NO,,stavanger,,
774,Larsen,Anne Sofie F,NO,,sarpsborg,,
775,Jacobsen,Morten B,NO,,oslo,,
776,Wesche,Jarlis,NO,,oslo,,
777,Kløw,Nils Einar,NO,,oslo,,
778,Kråkvik,Bodil,NO,bodil.krakvik@stolav.no,trondheim,,
779,Andreassen,Ole A,NO,,oslo,,
780,Rosvoll,Torill C S,NO,,tromsø,,
781,Olarescu,Nicoleta C,NO,nicola@ous-hf.no,n- oslo,,
782,Bleskestad,Inger H,NO,ibl@sus.no,stavanger,,
783,Solberg,H E,NO,h.e.solberg@labmed.uio.no,oslo,,
784,Martinsen,Jan Ivar,NO,,oslo,,
785,Kjaerheim,Kristina,NO,,oslo,,
786,Weiderpass,Elisabete,NO,,oslo,,
787,Vatten,L J,NO,lars.vatten@medisin.ntnu.no,trondheim,,
788,Bleken,Francesca,NO,,n- oslo,,
789,Real,Francisco Gómez,NO,,bergen,,
790,Valvatne,Håvard,NO,,n- bergen,,
791,Thiara,A S,NO,amrit.thiara@rikshospitalet.no,oslo,,
792,Ragvin,Anja,NO,,n- bergen,,
793,Khan,Aziz,NO,,oslo,,
794,Rydning,Astrid,NO,astrid.rydning@stolav.no,n- trondheim,,
795,Pope,Phillip B,NO,,1432 ås,,
796,Grotmol,T,NO,,university of oslo,,
797,Ljøstad,U,NO,unn.ljostad@sshf.no,kristiansand,,
798,Haddeland,U,NO,,rikshospitalet,,
799,Johannessen,K A,NO,,bergen,,
800,Holdaas,H,NO,hallvard.holdaas@rikshospitalet.no,n- oslo,,
801,Mala,Tom,NO,,oslo,,
802,Nielsen,E W,NO,erikwn@fagmed.uit.no,bodø,,
803,Lygren,Birgitte,NO,,university of oslo,,
804,Jensvoll,Hilde,NO,,tromsø,,
805,Hammerstrøm,Jens,NO,,trondheim,,
806,Brækkan,Sigrid K,NO,,tromsø,,
807,Blix,Kristine,NO,,tromsø,,
808,Næss,Inger Anne,NO,,trondheim,,
809,Hansen,John-Bjarne,NO,,tromsø,,
810,Nielsen,P S,NO,psni@biobase.dk,aas,,
811,Ovrebø,K K,NO,,haukeland university hospital,,
812,Nilsen,Toril Sørheim,NO,toril.nilsen@uit.no.,tromsø,,
813,Handegård,Bjørn-Helge,NO,,tromsø,,
814,Eisemann,Martin,NO,,tromsø,,
815,Kvernmo,Siv,NO,,tromsø,,
816,Sundnes,Joakim,NO,sundnes@simula.no,no- lysaker,,
817,Indrekvam,Kari,NO,,bergen,,
818,Havelin,Leif I,NO,,bergen,,
819,Furnes,Ove,NO,,bergen,,
820,Strømme,C B,NO,,ås,,
821,Lundqvist,C,NO,,lørenskog,,
822,Steen,H B,NO,,oslo,,
823,Götestam,K G,NO,,university of trondheim,,
824,Birkeland,Marianne Skogbrott,NO,marianne.birkeland@uib.no,bergen,,
825,Cabri,Jan,NO,,norwegian school of sport sciences,,
826,Brage,S,NO,,university of oslo,,
827,Sommer,S,NO,,oslo,,
828,Brønstad,M,NO,,bodø,,
829,Varghese,M,NO,,bodø,,
830,Nielsen,E W,NO,,bodø,,
831,Adami,H O,NO,,oslo,,
832,Kjelstrup,Cecilie K,NO,,oslo,,
833,L'Abée-Lund,Trine M,NO,trine.labee-lund@nmbu.no.,oslo,,
834,Čunderlíková,B,NO,,oslo,,
835,Funderud,Ingrid,NO,ingridfunderud@hotmail.com,oslo university hospital - rikshospitalet,,
836,Winsvold,Bendik Slagsvold,NO,b.k.winsvold@medisin.uio.no,oslo,,
837,Brekke,Mette,NO,mette.brekke@medisin.uio.no,blindern 0318 oslo,,
838,Rogne,S,NO,,as-nlh,,
839,Guillot,Gilles,NO,gilles.guillot@bio.uio.no,oslo,,
840,Svendsen,Torleiv,NO,,oslo,,
841,Brodtkorb,Eylert,NO,,trondheim,,
842,Baftiu,Arton,NO,,oslo,,
843,Burns,Margrete Larsen,NO,,oslo,,
844,Johannessen,Svein I,NO,,oslo,,
845,Johannessen Landmark,Cecilie,NO,cecilie.landmark@hioa.no.,oslo,,
846,Blaas,H G,NO,,trondheim,,
847,Erevik,E K,NO,eilin.erevik@uib.no.,bergen,,
848,Pallesen,S,NO,,bergen,,
849,Vedaa,Ø,NO,,bergen,,
850,Andreassen,C S,NO,,bergen,,
851,Torsheim,T,NO,,bergen,,
852,Kida,I A,NO,irene.kida@student.uib.no,bergen,,
853,Levsen,Arne,NO,arne.levsen@nifes.no,bergen,,
854,Wolska,Julia,NO,julia.wolska@skretting.com.,stavanger,,
855,Jonkers,Jan,NO,,stavanger,,
856,Carlson,B E,NO,,university of bergen bergen,,
857,Christiansen,E,NO,,oslo,,
858,Hara,Karen Walseth,NO,karen.w.hara@ntnu.no.,trondheim,,
859,Bjørngaard,Johan Håkon,NO,,trondheim,,
860,Brage,Søren,NO,,oslo,,
861,Borchgrevink,Petter Christian,NO,,trondheim,,
862,Halsteinli,Vidar,NO,,trondheim,,
863,Stiles,Tore Charles,NO,,trondheim,,
864,Johnsen,Roar,NO,,trondheim,,
865,Woodhouse,Astrid,NO,,trondheim,,
866,Borthne,A,NO,,n- oslo,,
867,Alfsnes,Kristian,NO,,oslo,,
868,Raynaud,Xavier,NO,,oslo,,
869,Tønjum,Tone,NO,,oslo,,
870,Ambur,Ole Herman,NO,,lørenskog,,
871,Seland,Mette,NO,metse@ous-hf.no.,oslo,,
872,Bjøro,Trine,NO,,oslo,,
873,Furre,Torbjørn,NO,,oslo,,
874,Schreiner,Thomas,NO,,oslo,,
875,Bollerslev,Jens,NO,,oslo,,
876,Fosså,Sophie Dorothea,NO,,oslo,,
877,Loge,Jon Håvard,NO,,oslo,,
878,Holte,Harald,NO,,oslo,,
879,Kiserud,Cecilie Essholt,NO,,oslo,,
880,Håberg,Asta Kristine,NO,,trondheim,,
881,Olsen,Alexander,NO,,trondheim university hospital,,
882,Brubakk,Ann-Mari,NO,,trondheim,,
883,Evensen,Kari Anne I,NO,,trondheim municipality,,
884,Sølsnes,Anne Elisabeth,NO,,trondheim,,
885,Skranes,Jon,NO,,arendal,,
886,Brunner,Jan Ferenc,NO,,trondheim university hospital,,
887,Holmøy,Trygve,NO,trygve.holmoy@medisin.uio.no.,lørenskog,,
888,von der Lippe,Hedda,NO,,lørenskog,,
889,Leegaard,Truls Michael,NO,,oslo,,
890,Stordahl,V,NO,,tromsø,,
891,Randen,Ingrid,NO,ingrid.randen@medisin.uio.no,oslo,,
892,Endresen,Øyvind,NO,oyvind.endresen@dnv.com,n- høvik,,
893,Thomas,Laurent F,NO,,n- trondheim,,
894,Sætrom,Pål,NO,,n- trondheim,,
895,Rowland,David C,NO,,trondheim,,
896,Moser,May-Britt,NO,,trondheim,,
897,Tveten,Y,NO,,skien,,
898,Kaasa,Stein,NO,stein.kaasa@ntnu.no,trondheim,,
899,Kristensen,Gunn B B,NO,gunn.kristensen@isf.uib.no,bergen,,
900,Antal,E A,NO,e.a.antal@ioks.uio.no,ullevål sykehus,,
901,Holtermann,Andreas,NO,,trondheim,,
902,Skeie,Marit S,NO,marit.skeie@odont.uib.no,bergen,,
903,Solem,Stein Tore,NO,steins@nfh.uit.no,n- tromsø,,
904,Steinnes,Eiliv,NO,,trondheim,,
905,Nordøy,A,NO,,university of tromsøo,,
906,Nyberg,Claudia Kim,NO,,nesoddtangen,,
907,Nordvik,Jan Egil,NO,,nesoddtangen,,
908,Becker,Frank,NO,,nesoddtangen,,
909,Rohani,Darius A,NO,,oslo,,
910,Sederevicius,Donatas,NO,,oslo,,
911,Fjell,Anders M,NO,,oslo,,
912,Walhovd,Kristine B,NO,,oslo,,
913,Dumitrescu,Alexandrina L,NO,alexandrina.dumitrescu@uit.no,breivika,,
914,Wichstrøm,L,NO,lars.wichstrom@svt.ntnu.no,trondheim,,
915,Hustad,S,NO,steiner.hustad@farm.uib.no,n- bergen,,
916,Preus,Hans R,NO,hpreus@odont.uio.no.,oslo,,
917,Torgersen,Gerald Ruiner,NO,g.r.torgersen@odont.uio.no.,oslo,,
918,Koldsland,Odd Carsten,NO,oddcko@odont.uio.no.,oslo,,
919,Hansen,Bjørn Frode,NO,frodeh@odont.uio.no.,oslo,,
920,Aass,Anne Merete,NO,a.m.aass@odont.uio.no.,oslo,,
921,Larheim,Tore Arne,NO,t.a.larheim@odont.uio.no.,oslo,,
922,Sandvik,Leiv,NO,leiv.sandvik@odont.uio.no.,oslo,,
923,Haggag,K J,NO,ninakjh@online.on,university of oslo,,
924,Uhlig,T,NO,till.uhlig@diakonsyk.no,oslo,,
925,Torgersen,Leila,NO,,oslo,,
926,Hopp,Petter,NO,petter.hopp@vetinst.no,no-0033 oslo,,
927,Salvadori,Gabriela,NO,,oslo,,
928,Brodwall,Kristoffer,NO,kristoffer.brodwall@gmail.com,haukeland universitetssykehus,,
929,Devold,Helene M,NO,helene.devold@fhi.no,oslo,,
930,Gulla,Christine,NO,christine.gulla@uib.no.,bergen,,
931,Selbaek,Geir,NO,,ottestad,,
932,Flo,Elisabeth,NO,,bergen,,
933,Kjome,Reidun,NO,,bergen,,
934,Kirkevold,Øyvind,NO,,ottestad,,
935,Husebo,Bettina S,NO,,bergen,,
936,Sigvartsen,Julie,NO,juliesigvartsen89@gmail.com.,kristiansand,,
937,Gabrielsen,Leiv Einar,NO,,kristiansand,,
938,Abildsnes,Eirik,NO,,bergen,,
939,Stea,Tonje H,NO,,kristiansand,,
940,Omfjord,Christina Sandvand,NO,,kristiansand,,
941,Rohde,Gudrun,NO,,kristiansand,,
942,Smiseth,O A,NO,o.a.smiseth@klinmed.uio.se,oslo,,
943,Gülcan,Ferda,NO,,bergen,,
944,Klock,Kristin S,NO,,bergen,,
945,Lie,Stein Atle,NO,,bergen,,
946,Åstrøm,Anne Nordrehaug,NO,,bergen,,
947,Haugeberg,Glenn,NO,,kristiansand,,
948,Langhammer,Arnulf,NO,,levanger,,
949,Løchen,Maja-Lisa,NO,,tromsø,,
950,Vatten,Lars,NO,,trondheim,,
951,Skorpen,Frank,NO,,trondheim,,
952,Dalen,Håvard,NO,,trondheim,,
953,Platou,Carl,NO,,levanger,,
954,Mathiesen,Ellisiv B,NO,,tromsø,,
955,Wilsgaard,Tom,NO,,tromsø,,
956,Njølstad,Inger,NO,,tromsø,,
957,Hveem,Kristian,NO,,levanger,,
958,Gjerde,Bjørn,NO,bjorn.gjerde@nvh.no.,oslo,,
959,Nilsen,Frank,NO,,bergen,,
960,Paulsen,Gøran,NO,,norwegian school of sport sciences,,
961,Seynnes,Olivier,NO,,norwegian school of sport sciences,,
962,Biehl,Anna,NO,anna.biehl@fhi.no.,0403 oslo,,
963,Smedslund,G,NO,geir.smedslund@medisin.ntnu.no,trondheim,,
964,Bergh,Sverre,NO,sverre.bergh@sykehuset-innlandet.no,innlandet hospital trust,,
965,Palmero,Emily,NO,,oslo,,
966,Palmero,Sheryl,NO,,oslo,,
967,Murrell,Wayne,NO,,oslo,,
968,Tropé,Ameli,NO,ameli.trope@mac.com,lørenskog,,
969,Matre,Vilborg,NO,vilborg.matre@biokjemi.uio.no,p.o. box  blindern,,
970,Nossent,J C,NO,,department of rheumatology,,
971,Østerås,Håvard,NO,,trondheim,,
972,Eiken,H G,NO,,bergen,,
973,Bjørklund,Geir,NO,,mo i rana,,
974,Djupesland,Per G,NO,pgd@optinose.no,oslo,,
975,Unsgård,Geirmund,NO,,trondheim,,
976,Myrmel,Kristin S,NO,,tromsø,,
977,Kloster,Roar,NO,,tromsø,,
978,Torp,Sverre H,NO,,trondheim,,
979,Sagberg,Lisa M,NO,,trondheim,,
980,Lindal,Sigurd,NO,,tromsø,,
981,Solheim,Ole,NO,,trondheim,,
982,Grindstad,Thea,NO,tgr015@post.uit.no.,tromso,,
983,Richardsen,Elin,NO,,tromso,,
984,Andersen,Sigve,NO,,tromso,,
985,Skjefstad,Kaja,NO,,tromso,,
986,Rakaee Khanehkenari,Mehrdad,NO,,tromso,,
987,Donnem,Tom,NO,,tromso,,
988,Ness,Nora,NO,,tromso,,
989,Nordby,Yngve,NO,,tromso,,
990,Bremnes,Roy M,NO,,tromso,,
991,Al-Saad,Samer,NO,,tromso,,
992,Busund,Lill-Tove,NO,,tromso,,
993,Rundblad,Amanda,NO,,oslo,,
994,Holven,Kirsten B,NO,,0317 oslo,,
995,Bruheim,Inge,NO,,n- fosnavaag,,
996,Myhrstad,Mari C,NO,,oslo,,
997,Ulven,Stine M,NO,,0317 oslo,,
998,Dunn,Benjamin,NO,,trondheim,,
999,Hammerstad,Marta,NO,,oslo,,
1000,Lager,Anne Regine,NO,,tromsø,,
1001,Rumpsfeld,Markus,NO,,tromsø,,
1002,Kienlin,Simone,NO,,oslo,,
1003,Smestad,Kristine Hoel,NO,,oslo,,
1004,Bråthen,Tone,NO,,oslo,,
1005,Ankell,Holly,NO,,oslo,,
1006,Knutsen,Tore,NO,,tromsø,,
1007,Kløvtveit,Rune,NO,,hamar,,
1008,Gulbrandsen,Pål,NO,,oslo,,
1009,Heen,Anja Fog,NO,,oslo,,
1010,Tollåli,Geir,NO,,northern norway regional health authority; bodø,,
1011,Götestam,K Gunnar,NO,gotestam@medisin.ntnu.no,no-7441 trondheim,,
1012,Gribbestad,I S,NO,,trondheim,,
1013,Bahr,Roald,NO,,oslo,,
1014,Khong,Thang Trung,NO,,trondheim,,
1015,Rognum,T O,NO,,0403 oslo,,
1016,Holmen,S,NO,,0316 oslo,,
1017,Musse,M A,NO,,0403 oslo,,
1018,Dahlberg,P S,NO,,0403 oslo,,
1019,Stray-Pedersen,A,NO,,0403 oslo,,
1020,Saugstad,O D,NO,,0424 oslo,,
1021,Faiz,Kashif Waqar,NO,k.w.faiz@medisin.uio.no.,lørenskog,,
1022,Kristoffersen,Espen Saxhaug,NO,,lørenskog,,
1023,Eik-Nes,S H,NO,,trondheim university hospital,,
1024,Larsen,Magnus,NO,,tromsø,,
1025,Bartnes,Kristian,NO,,tromsø,,
1026,Myrmel,Truls,NO,,tromsø,,
1027,Berntssen,Marc H G,NO,,bergen,,
1028,Søfteland,Liv,NO,,bergen,,
1029,Orstavik,K H,NO,,university of oslo,,
1030,Ihlen,Espen A F,NO,espen.ihlen@ntnu.no.,trondheim,,
1031,Xu,H,NO,,university of tromsø,,
1032,Due,Jan,NO,jan.due@unn.no,avdeling urologi og endokrinkirurgi universitetssykehuset nord-norge,,
1033,Haugen,Fred,NO,,0316 oslo,,
1034,Wester,K,NO,,haukeland hospital,,
1035,Johnsen,G,NO,,university of bergen,,
1036,Midtvedt,K,NO,karsten.midtvedt@rikshospitalet.no,oslo,,
1037,Årdal,Christine,NO,,oslo,,
1038,Alipanah,Leila,NO,,n- trondheim,,
1039,Rohloff,Jens,NO,,n- trondheim,,
1040,Winge,Per,NO,,n- trondheim,,
1041,Bones,Atle M,NO,,n- trondheim,,
1042,Brembu,Tore,NO,tore.brembu@ntnu.no.,n- trondheim,,
1043,Leiknes,Kari Ann,NO,kari.ann.leiknes@kunnskapssenteret.no,university of oslo,,
1044,Simonsen,Trude G,NO,,oslo,,
1045,Gabrielsen,Maiken E,NO,,trondheim,,
1046,Boman,Helge,NO,,bergen,,
1047,Engen,S,NO,,n-,,
1048,Wangen,Knut R,NO,,oslo,,
1049,Aamland,Aase,NO,,bergen,,
1050,Stordal,Frode,NO,,0316 oslo,,
1051,Rognerud,Bjørg,NO,,0316 oslo,,
1052,Kristiansen,Bjørn-Erik,NO,,9037 tromsø,,
1053,Stuen,Snorre,NO,,sandnes,,
1054,Bryceson,Yenan T,NO,,bergen,,
1055,Davidson,Ben,NO,ben.davidson@radiumhospitalet.no,oslo,,
1056,Moksnes,H,NO,,oslo,,
1057,Simonsen,Ingve,NO,ingve.simonsen@ntnu.no,no- trondheim,,
1058,Lund,Hans,NO,,bergen,,
1059,Kharkova,Olga A,NO,,tromsø,,
1060,Grjibovski,Andrej M,NO,,oslo,,
1061,Krettek,Alexandra,NO,,tromsø,,
1062,Odland,Jon Ø,NO,,tromsø,,
1063,Gedde-Dahl,T,NO,,rikshospitalet,,
1064,Ganagona,N,NO,naveengoud.ganagona@fys.uio.no,oslo,,
1065,Majak,Guri B,NO,,oslo,,
1066,Weedon-Fekjær,Harald,NO,,oslo,,
1067,Henriksen,Tore,NO,,oslo,,
1068,Michelsen,Trond M,NO,,oslo,,
1069,Thoresen,G H,NO,,university of oslo,,
1070,Brevik,A,NO,asgeir.brevik@basalmed.uio.no,oslo,,
1071,Christensen,Hege,NO,h.s.christensen@farmasi.uio.no,university of oslo,,
1072,Janson,Harald,NO,harald.janson@atferd.unirand.no,oslo,,
1073,Husebekk,Anne,NO,,tromsø,,
1074,Skogen,Björn,NO,,tromsø,,
1075,Kjaer,Mette,NO,,tromsø,,
1076,Veierød,Marit B,NO,m.b.veierod@medisin.uio.no,0317 oslo,,
1077,Ramse,Merete,NO,,oslo university hospital,,
1078,Egeland,Thore,NO,,ås,,
1079,Gill,Peter,NO,,oslo,,
1080,Holte,H,NO,,oslo,,
1081,Fluge,Ø,NO,,bergen,,
1082,Wisthaler,Armin,NO,,university of olso oslo,,
1083,Mikoviny,Tomas,NO,,university of olso oslo,,
1084,Skattum,J,NO,,oslo,,
1085,Lindkvist,Ida,NO,,bergen,,
1086,Stene,Lars C,NO,lars.christian.stene@fhi.no,oslo,,
1087,Thompson,R L,NO,,kjeller,,
1088,Vaerøy,H,NO,h-vaero@online.no,fjellhamar,,
1089,Nes,Ragnhild B,NO,ragnhild.bang.nes@fhi.no,oslo,,
1090,Froud,R,NO,,oslo,,
1091,Salvadori,Gabriela,NO,,university of oslo oslo,,
1092,Junges,Roger,NO,,university of oslo oslo,,
1093,Petersen,Fernanda C,NO,,university of oslo oslo,,
1094,Lien,Lars,NO,,oslo,,
1095,Ellingsen,Maren Mikkelsen,NO,,oslo,,
1096,Johannesen,Sunniva Launes,NO,,oslo,,
1097,Martinsen,Egil W,NO,,oslo,,
1098,Tindlund,R S,NO,,university of bergen,,
1099,Øverland,Simon,NO,,bergen,,
1100,Tell,Grethe S,NO,,bergen,,
1101,Sivertsen,Børge,NO,,bergen,,
1102,Saether,Bernt-Erik,NO,bernt-erik.sather@bio.ntnu.no,n- trondheim,,
1103,Dögl,Malin,NO,malin.doegl@helse-nordtrondelag.no,health trust nord-trøndelag,,
1104,Kirkeby-Garstad,I,NO,idar.kirkeby-garstad@medisin.ntnu.no,university hospital of trondheim,,
1105,Fraser,D A,NO,dfra@nycomed.com,oslo,,
1106,Eide,Hilde,NO,hilde.eide@su.hio.no,faculty of nursing,,
1107,Egeland,Nina Gran,NO,,oslo,,
1108,Kjeldsen-Kragh,J,NO,,olso,,
1109,Shiryaev,Alexey,NO,,n- tromsø,,
1110,Ask,Helga,NO,heas@fhi.no,0403 oslo,,
1111,Dammen,Toril,NO,,0317 oslo,,
1112,Wist,E A,NO,,0424 oslo,,
1113,Testad,I,NO,itestad@gmail.com,stavanger,,
1114,Løvås,Kristian,NO,kristian.lovas@med.uib.no,5021 bergen,,
1115,Paruch,Adam M,NO,adam.paruch@bioforsk.no,n- aas,,
1116,Quintana,D S,NO,,oslo,,
1117,Krøkje,A,NO,,dragvoll,,
1118,Örtengren,Ulf,NO,,tromsø,,
1119,Eide,Jorid,NO,jorid.eide@fhi.no,oslo,,
1120,Krohn,Jørgen,NO,jorgen.krohn@helse-bergen.no,n- bergen,,
1121,Aasly,Jan,NO,,trondheim,,
1122,Weber,H,NO,,oslo 4,,
1123,Mfinanga,S G M,NO,,n- bergen,,
1124,Pasovic,L,NO,larapasovic@gmail.com.,oslo,,
1125,Utheim,T P,NO,,oslo,,
1126,Reppe,S,NO,,oslo,,
1127,Khan,A Z,NO,,oslo,,
1128,Jackson,C J,NO,,oslo,,
1129,Thiede,B,NO,,oslo,,
1130,Berg,J P,NO,,oslo,,
1131,Messelt,E B,NO,,oslo,,
1132,Eidet,J R,NO,,oslo,,
1133,Wondimagegn,T,NO,,n- tromsø,,
1134,Mekasha,Sophanit,NO,,1430 ås,,
1135,Forsberg,Zarah,NO,,1430 ås,,
1136,Vaaje-Kolstad,Gustav,NO,,1430 ås,,
1137,Eijsink,Vincent G H,NO,,1430 ås,,
1138,Singh,Narpinder,NO,narpinder.singh@rikshospitalet.no,oslo,,
1139,Delabie,Jan,NO,,oslo,,
1140,Fagerli,Unn-Merete,NO,,trondheim,,
1141,Lauritzsen,Grete Fossum,NO,,oslo,,
1142,Hoem,Dag,NO,,bergen,,
1143,Molven,Anders,NO,,bergen,,
1144,Carracedo,Sergio,NO,s.c.huroz@biotek.uio.no,oslo,,
1145,Husum,Hans,NO,hhusum@c2i.net,university hospital of northern norway,,
1146,Seland,Håvard,NO,,bergen,,
1147,Malmberg,Karl-Johan,NO,,oslo,,
1148,Domínguez-Valentin,Mev,NO,,bergen,,
1149,Svege,Ida,NO,ida.svege@ous-hf.no.,oslo,,
1150,Nordsletten,Lars,NO,,oslo,,
1151,Kirkhus,B,NO,,oslo,,
1152,Skoglund,L A,NO,,university of oslo,,
1153,Offerdal,K,NO,kristin.offerdal@ntnu.no,trondheim,,
1154,Sowa,Piotr,NO,,oslo,,
1155,Harbo,Hanne F,NO,,oslo,,
1156,Celius,Elisabeth G,NO,,oslo,,
1157,Berg-Hansen,Pål,NO,,oslo,,
1158,Moen,Stine M,NO,,hakadal,,
1159,Bjørnerud,Atle,NO,,oslo,,
1160,Westlye,Lars T,NO,,oslo,,
1161,Andreassen,Ole A,NO,,oslo,,
1162,Beyer,Mona K,NO,,oslo,,
1163,Gagnat,Ane Aamli,NO,,bergen,,
1164,Myhren,Hilde,NO,himy@uus.no,oslo,,
1165,Holmøy,Trygve,NO,,oslo,,
1166,Julshamn,K,NO,,bergen-nygårdstangen,,
1167,Chandyo,Ram K,NO,ram.chandyo@uib.no.,5020 bergen,,
1168,Kvestad,Ingrid,NO,ingrid.kvestad@uni.no.,5020 bergen,,
1169,Hysing,Mari,NO,mari.hysing@uni.no.,5020 bergen,,
1170,Ulvik,Arve,NO,arve.ulvik@uib.no.,5020 bergen,,
1171,Ueland,Per Magne,NO,per.ueland@ikb.uib.no.,5020 bergen,,
1172,Strand,Tor A,NO,tor.strand@uib.no.,5020 bergen,,
1173,Børmark,Sidsel R,NO,s-boerma@online.no,oslo,,
1174,Mansoor,Nadia,NO,,0317 oslo,,
1175,Vinknes,Kathrine J,NO,,0317 oslo,,
1176,Veierød,Marit B,NO,,0317 oslo,,
1177,Retterstøl,Kjetil,NO,,0317 oslo,,
1178,Haslerud,Sturla,NO,,bergen,,
1179,Magnussen,Liv Heide,NO,,bergen,,
1180,Joensen,Jon,NO,,bergen,,
1181,Bjordal,Jan Magnus,NO,,bergen,,
1182,Oygard,L,NO,,bergen,,
1183,Domingues,Sara,NO,,portugal ; department of pharmacy; faculty of health sciences; university of tromsø; tromsø,,
1184,Jentoft,Rita,NO,,tromso,,
1185,Holthe,Torhild,NO,,tonsberg,,
1186,Arntzen,Cathrine,NO,,tromso,,
1187,Dahl,B L,NO,,university of oslo,,
1188,Eikemo,Terje,NO,,trondheim,,
1189,Sellevold,Simen,NO,,oslo,,
1190,Engstrøm,Morten,NO,morten.engstrom@ntnu.no,n-,,
1191,Rasmussen,Henrik,NO,henrikrasmussen@ge.com,oslo,,
1192,Bjørklund,Geir,NO,bjorklund@conem.org.,mo i rana,,
1193,Rundberget,Thomas,NO,thomas.rundberget@vetinst.no,0033 oslo,,
1194,Töpper,Joachim P,NO,,bergen,,
1195,Vandvik,Vigdis,NO,,bergen,,
1196,Kvien,T K,NO,t.k.kvien@ioks.uio.no,oslo,,
1197,Muwonge,Adrian,NO,adrian.muwonge@nvh.no,0033 oslo,,
1198,Bentsen,Signe Berit,NO,signe.bentsen@hsh.no,haugesund,,
1199,Vikse,Bjørn Egil,NO,bjorn.vikse@med.uib.no,bergen,,
1200,Katsoyiannis,Athanasios,NO,,no- tromsø,,
1201,Kapfer,Jutta,NO,,tromsø,,
1202,Schei,Fride H,NO,,fana,,
1203,Grytnes,John-Arvid,NO,,bergen,,
1204,Amundsen,Morten,NO,,trondheim,,
1205,Ouassou,Jabir Ali,NO,,trondheim,,
1206,Linder,Jacob,NO,,trondheim,,
1207,Lillehammer,M,NO,,1432 ås,,
1208,Meuwissen,T H E,NO,,1432 ås,,
1209,Bürker,Britta S,NO,,oslo,,
1210,Gullestad,Lars,NO,,oslo,,
1211,Gude,Einar,NO,,oslo,,
1212,Relbo Authen,Anne,NO,,oslo,,
1213,Grov,Ingelin,NO,,oslo,,
1214,Hol,Per K,NO,,oslo,,
1215,Andreassen,Arne K,NO,,oslo,,
1216,Arora,Satish,NO,,oslo,,
1217,Fiane,Arnt E,NO,,oslo,,
1218,Haraldsen,Ira R,NO,,oslo,,
1219,Malt,Ulrik F,NO,,oslo,,
1220,Andersson,Stein,NO,,oslo,,
1221,Brandt-Kjelsen,A,NO,,aas,,
1222,Garborg,K,NO,kjetil.garborg@sshf.no,kristiansand,,
1223,Sioud,M,NO,mosioud@ulrik.uio.no,oslo,,
1224,Moe,Børge,NO,borge.moe@nina.no,trondheim,,
1225,Tonstad,S,NO,,oslo,,
1226,Strand,L I,NO,liv.strand@isf.uib.no,university of bergen,,
1227,Solbakken,Monica Hongrø,NO,m.h.solbakken@ibv.uio.no.,0316 oslo,,
1228,Voje,Kjetil Lysne,NO,,0316 oslo,,
1229,Jakobsen,Kjetill Sigurd,NO,,0316 oslo,,
1230,Jentoft,Sissel,NO,sissel.jentoft@ibv.uio.no.,0316 oslo,,
1231,Karlsen,Bjørg,NO,bjorg.karlsen@uis.no,university of stavanger,,
1232,Khuu,Cuong,NO,,0316 oslo,,
1233,Hansen,,NO,,tjøtta,,
1234,Våge,Selina,NO,selina.vage@bio.uib.no,bergen,,
1235,Dumitrescu,Alexandrina L,NO,alexandrina.dumitrescu@uit.no,university of tromso,,
1236,Green,Norman,NO,,oslo,,
1237,Høgåsen,Tore,NO,,oslo,,
1238,Junttila,O,NO,,n-9001 tramsø,,
1239,Skurtveit,Svetlana,NO,,oslo,,
1240,Lund,Ingunn Olea,NO,,oslo,,
1241,Engeland,Anders,NO,,oslo,,
1242,Handal,Marte,NO,,oslo,,
1243,Eiklid,K,NO,,oslo,,
1244,Smith,H J,NO,,university of oslo,,
1245,Schjetne,Karoline W,NO,,n- oslo,,
1246,Eikemo,Marie,NO,m.h.eikemo@medisin.uio.no.,oslo,,
1247,Løseth,Guro E,NO,,oslo,,
1248,Gjerstad,Johannes,NO,,oslo,,
1249,Willoch,Frode,NO,,oslo,,
1250,Leknes,Siri,NO,,oslo,,
1251,Seland,Mette,NO,,oslo,,
1252,Holte,Harald,NO,,oslo,,
1253,Bjøro,Trine,NO,,oslo,,
1254,Schreiner,Thomas,NO,,oslo,,
1255,Bollerslev,Jens,NO,,oslo,,
1256,Loge,Jon Håvard,NO,,oslo,,
1257,Fosså,Sophie D,NO,,oslo,,
1258,Kiserud,Cecilie E,NO,,oslo,,
1259,Lund,T,NO,,university of bergen,,
1260,Gaski,Margrete,NO,margrete.gaski@norut.no,tromsø,,
1261,Bakøy,O E,NO,,trondheim,,
1262,Adams,S S,NO,samantha.s.adams@ahus.no,lørenskog,,
1263,Bakkemo,Kathrine R,NO,,oslo,,
1264,Karlsen,K H,NO,,stavanger,,
1265,Karlsen,Tom,NO,tom.karlsen@statped.no.,bergen,,
1266,Rydning,A,NO,,nordbyhagen,,
1267,Laplante,Mary,NO,,bergen,,
1268,Kersten,Christian,NO,christik@klinmed.uio.no,oslo,,
1269,Strandås,Maria,NO,,bodø,,
1270,Bondas,Terese,NO,,bodø,,
1271,Hegna,I K,NO,,university of oslo,,
1272,Grønnestad,Randi,NO,,oslo,,
1273,Villanger,Gro D,NO,,oslo,,
1274,Polder,Anuschka,NO,,oslo,,
1275,Kovacs,Kit M,NO,,tromsø,,
1276,Lydersen,Christian,NO,,tromsø,,
1277,Jenssen,Bjørn M,NO,,trondheim,,
1278,Borgå,Katrine,NO,,oslo,,
1279,Arbab,Shabnam,NO,,trondheim,,
1280,Matusiak,Barbara S,NO,,trondheim,,
1281,Klöckner,Christian A,NO,,trondheim,,
1282,Zwart,John-Anker,NO,,trondheim,,
1283,Nogva,Hege Karin,NO,,as,,
1284,Albrechtsen,D,NO,,oslo,,
1285,Bruzell,Ellen M,NO,ebr@niom.no,haslum,,
1286,Klepp,K I,NO,,university of bergen,,
1287,Scott,Jan,NO,,trondheim,,
1288,Furset,Gro,NO,,oslo,,
1289,Totland,Christian,NO,,n- bergen,,
1290,Hirschberg,Henry,NO,,oslo,,
1291,Hallanger,Aslak,NO,aslakhallanger@hotmail.com,n- trondheim,,
1292,Sagen,Jørn V,NO,,bergen,,
1293,Coucheron,David A,NO,,trondheim,,
1294,Patil,Nilesh,NO,,trondheim,,
1295,Breiby,Dag Werner,NO,,trondheim,,
1296,Buset,Ole Tore,NO,,trondheim,,
1297,Gibson,Ursula J,NO,,trondheim,,
1298,Gustavsen,Ingebjørg,NO,ingebjorg.g.gustavsen@fhi.no,0403 oslo,,
1299,Bønsdorff,Tina B,NO,,oslo,,
1300,Bruland,Øyvind S,NO,,oslo,,
1301,Larsen,Roy H,NO,,oslo,,
1302,Olsen,P A,NO,,oslo,,
1303,Bernard,Jean-Paul,NO,jpbern28@hotmail.com,oslo,,
1304,Tyvand,Peder A,NO,,as,,
1305,Høydahl,Lene S,NO,,n- oslo,,
1306,Nilssen,Nicolay R,NO,,n- oslo,,
1307,Gunnarsen,Kristin S,NO,,n- oslo,,
1308,Pré,M Fleur du,NO,,n- oslo,,
1309,Iversen,Rasmus,NO,,n- oslo,,
1310,Roos,Norbert,NO,,n- oslo,,
1311,Chen,Xi,NO,,n- oslo,,
1312,Michaelsen,Terje E,NO,,n- oslo,,
1313,Sollid,Ludvig M,NO,,n- oslo,,
1314,Sandlie,Inger,NO,,n- oslo,,
1315,Løset,Geir Å,NO,,n- oslo,,
1316,Pedersen,Reidar,NO,reidar.pedersen@medisin.uio.no,oslo,,
1317,Persheim,Marthe Sæther,NO,,norges teknisk-naturvitenskapelige universitet,,
1318,Johansson,Anna L V,NO,,oslo,,
1319,Balmer,J E,NO,,n-0316 oslo,,
1320,Pripp,Are H,NO,are.hugo.pripp@rikshospitalet.no,oslo,,
1321,Overland,G B,NO,,trondheim,,
1322,Pedersen-Bjergaard,Stig,NO,stig.pedersen-bjergaard@farmasi.uio.no,oslo,,
1323,Domke,Atle V Meling,NO,atle.domke@nvh.no,sandnes,,
1324,Guren,Tormod K,NO,,oslo,,
1325,Sorbye,Halfdan,NO,,bergen,,
1326,Tveit,Kjell M,NO,,oslo,,
1327,Lindboe,Christian Fredrik,NO,christian.fredrik.lindboe@sshf.no,kristiansand,,
1328,Bourgeon,Sophie,NO,sophie.bourgeon@npolar.no,tromsø,,
1329,Sigurdardottir,Katrin R,NO,,trondheim,,
1330,Kaasa,Stein,NO,,trondheim,,
1331,Rosland,Jan H,NO,,bergen,,
1332,Haugen,Dagny F,NO,,trondheim,,
1333,Jonassen,T,NO,,tromsø,,
1334,Hamadi,M,NO,,flatanger,,
1335,Remø,S C,NO,,bergen,,
1336,Waagbø,R,NO,,bergen,,
1337,Oeye,Christine,NO,christine.oye@hsh.no,hordaland,,
1338,Espeset,Ester M S,NO,ester.espeset@fhi.no,norwegian institute of public health,,
1339,Hoff,Solveig R,NO,sorohoff@gmail.com,no- aalesund,,
1340,Takman,Christina A S,NO,christina.takman@sykepleievit.uio.no,n-0317 oslo,,
1341,Bratås,Ola,NO,ola.bratas@hist.no,trondheim,,
1342,Fosse,E,NO,,oslo,,
1343,Norheim,Arne Johan,NO,arne.johan.norheim@hlink.no,tromsø,,
1344,Nordal,K P,NO,,oslo,,
1345,Afset,Jan Egil,NO,jan.afset@rit.no,trondheim,,
1346,Bratberg,Espen,NO,,bergen,,
1347,Juul-Kristensen,Birgit,NO,,bergen,,
1348,Westby,J,NO,,university of bergen,,
1349,Gjengedal,E,NO,,oslo,,
1350,Thue,G,NO,geir.thue@isf.uib.no,university of bergen,,
1351,Griffiths,Gareth,NO,,oslo,,
1352,Gjøen,Tor,NO,,oslo,,
1353,Lobert,Viola Hélène,NO,,oslo,,
1354,Winther-Larsen,Hanne Cecilie,NO,,oslo,,
1355,Weltzien,Finn-Arne,NO,,oslo,,
1356,Press,Charles McLean,NO,,oslo,,
1357,Aleström,Peter,NO,,oslo,,
1358,Sandseter,Ellen Beate Hansen,NO,ebs@dmmh.no,trondheim,,
1359,Sørheim,Oddvin,NO,,ås n-,,
1360,Kämpe,Olle,NO,,university of bergen,,
1361,Hallan,Stein Ivar,NO,stein.hallan@ntnu.no,trondheim,,
1362,Bjerve,K S,NO,,regional hospital,,
1363,Sundt,Rolf C,NO,rolf.sundt@iris.no,stavanger,,
1364,Arnesen,A M,NO,,tromsø,,
1365,Jacobsson,Bo,NO,,oslo,,
1366,Müller,Elisabeth,NO,,oslo,,
1367,Christopoulos,Panagiotis F,NO,,oslo,,
1368,Halder,Sanjib,NO,,oslo,,
1369,Lunde,Anna,NO,,oslo,,
1370,Beraki,Kahsai,NO,,oslo,,
1371,Speth,Martin,NO,,oslo,,
1372,Øynebråten,Inger,NO,,oslo,,
1373,Corthay,Alexandre,NO,,oslo,,
