temp_id,lastname,firstname,countries_scope,email,town,role,url
1,Augusti,Else-Marie,NO,,oslo,,
2,Hugdahl,K,NO,,university of bergen,,
3,Hagen,Kristen,NO,kristeha@stud.ntnu.no,trondheim,,
4,Dibb,W L,NO,,fredrikstad,,
5,Treimo,Janneke,NO,janneke.treimo@umb.no,n- as,,
6,Logallo,Nicola,NO,,bergen,,
7,Novotny,Vojtech,NO,,bergen,,
8,Kvistad,Christopher E,NO,,bergen,,
9,Næss,Halvor,NO,,bergen,,
10,Waje-Andreassen,Ulrike,NO,,bergen,,
11,Thomassen,Lars,NO,,bergen,,
12,Westberg,Marianne,NO,marianne.westberg@oslo-universitetssykehus.no,oslo,,
13,Klomsten Andersen,Oddbjørn,NO,,oslo,,
14,Clarsen,Benjamin,NO,,oslo,,
15,Garthe,Ina,NO,,oslo,,
16,Mørland,Morten,NO,,oslo,,
17,Stensrud,Trine,NO,,oslo,,
18,Norheim,Gunnstein,NO,,oslo,,
19,Tsagari,Dina,NO,,oslo,,
20,Bondevik,Gunnar Tschudi,NO,gunnar.bondevik@uib.no.,bergen,,
21,Hofoss,Dag,NO,,oslo,,
22,Husebø,Bettina Sandgathe,NO,,bergen,,
23,Deilkås,Ellen Catharina Tveter,NO,,oslo,,
24,Jeno,Lucas M,NO,lucas.jeno@uib.no.,bergen,,
25,Raaheim,Arild,NO,,bergen,,
26,Kristensen,Sara Madeleine,NO,,bergen,,
27,Kristensen,Kjell Daniel,NO,,bergen,,
28,Hole,Torstein Nielsen,NO,,bergen,,
29,Haugland,Mildrid J,NO,,bergen,,
30,Mæland,Silje,NO,,bergen,,
31,Olsen,L C,NO,,university of bergen,,
32,Lopez-Villegas,Antonio,NO,,bodø,,
33,Mjör,I A,NO,,haslum,,
34,Shekhar,Sudhanshu,NO,,oslo,,
35,Skjeldal,Lars,NO,,1432 nlh,,
36,Wiencke,K,NO,kristine.wiencke@medisin.uio.no,oslo,,
37,Ropstad,Erik,NO,,0033 oslo,,
38,Halsne,Ruth,NO,,0033 oslo,,
39,Lindbaek,M,NO,morten.lindbak@samfunnsmed.uio.no,oslo,,
40,Krogsrud,Stine K,NO,,oslo,,
41,Fjell,Anders M,NO,,oslo,,
42,Tamnes,Christian K,NO,,oslo,,
43,Grydeland,Håkon,NO,,oslo,,
44,Due-Tønnessen,Paulina,NO,,oslo,,
45,Bjørnerud,Atle,NO,,oslo,,
46,Walhovd,Kristine B,NO,,oslo,,
47,Andenaes,Randi,NO,randi.andenes@su.hio.no,oslo university college,,
48,Wasmuth,H H,NO,hans.wasmuth@stolav.no,trondheim,,
49,Michoel,Tom,NO,tom.michoel@roslin.ed.ac.uk.,n- bergen,,
50,Joshi,Anagha,NO,anagha.joshi@uib.no.,n- bergen,,
51,Tjalvin,Gro,NO,,bergen,,
52,Svanes,Øistein,NO,,bergen,,
53,Bertelsen,Randi Jacobsen,NO,,bergen,,
54,Hollund,Bjørg Eli,NO,,bergen,,
55,Aasen,Tor B,NO,,bergen,,
56,Svanes,Cecilie,NO,,bergen,,
57,Kirkeleit,Jorunn,NO,,bergen,,
58,Kongsro,J,NO,,n-1432 ås,,
59,Bruland,Torunn,NO,torunn.bruland@medisin.ntnu.no,trondheim,,
60,Ramsdal,Gro Hilde,NO,gro.ramsdal@hih.no,harstad,,
61,Rudi,Knut,NO,knut.rudi@matforsk.no,as,,
62,Draget,Kurt I,NO,,n- trondheim,,
63,Sogstad,Ase M,NO,ase.margrethe.sogstad@tine.no,ås,,
64,Saether,Bernt-Erik,NO,bernt-erik.sather@bio.ntnu.no,trondheim,,
65,Heim,Sverre,NO,,oslo university hospital,,
66,Bjordal,Jan Magnus,NO,,bergen,,
67,Janssen,Emiel A M,NO,,stavanger,,
68,Kilale,A M,NO,,university of bergen,,
69,Hinderaker,S G,NO,,university of bergen,,
70,Fedorcsák,P,NO,,university of oslo,,
71,Bjorge,Line,NO,,bergen,,
72,Kopperud,Reidun K,NO,,bergen,,
73,Salvesen,Helga B,NO,,bergen,,
74,Thomsen,Liv Cecilie Vestrheim,NO,,bergen,,
75,Mandla,Randeep,NO,,oslo,,
76,Herzke,Dorte,NO,,tromsø,,
77,Kmiecik,Justyna,NO,,bergen,,
78,Narvestad,Jon K,NO,,department of gastrointestinal surgery stavanger university hospital stavanger,,
79,Andersen,E,NO,,oslo,,
80,Roberts,G,NO,,oslo,,
81,Røynesdal,Ø,NO,,oslo,,
82,Sorensen,M,NO,,oslo,,
83,Moen,B E,NO,,university of bergen,,
84,Engh,John A,NO,john.engh@medisin.uio.no,oslo,,
85,Løvseth,Lise Tevik,NO,,trondheim,,
86,Stamnes,J J,NO,,n- bergen,,
87,Magnus,O,NO,,oslo,,
88,Gilhuus,Marianne,NO,,n- oslo,,
89,Vatn,Synnøve,NO,,n- oslo,,
90,Jørgensen,Hannah J,NO,,n- oslo,,
91,Fjeldaas,Terje,NO,,n-0033 oslo,,
92,Westerhausen,René,NO,,oslo,,
93,Kompus,Kristiina,NO,,bergen,,
94,Eldholm,Vegard,NO,,oslo,,
95,Ihle-Hansen,Hege,NO,,bærum,,
96,Grøholt,B,NO,berit.groholt@psykiatri.uio.no,oslo,,
97,Liu,Jianping,NO,,no-9037,,
98,Raknes,Guttorm,NO,,tromsø,,
99,Småbrekke,Lars,NO,,tromsø,,
100,Joa,I,NO,ijo@sus.no,stavanger,,
101,Veierød,M B,NO,,blindern,,
102,Dalaker,K,NO,,university of tromsø,,
103,Olsen,Christel M,NO,christel.olsen@gmail.com.,oslo,,
104,Markussen,Turhan,NO,turhan.markussen@nmbu.no.,oslo,,
105,Thiede,Bernd,NO,bernd.thiede@ibv.uio.no.,0316 oslo,,
106,Rimstad,Espen,NO,espen.rimstad@nmbu.no.,oslo,,
107,Thrane,P S,NO,,oslo,,
108,Skråmm,Inge,NO,inge.skramm@medisin.uio.no,akershus university hospital,,
109,Mathew,C,NO,coletha.mathew.mtenga@nmbu.no.,oslo,,
110,Stokstad,M,NO,maria.stokstad@nmbu.no.,oslo,,
111,Johansen,T B,NO,tone.johansen@vetinst.no.,oslo,,
112,Klevar,S,NO,siv.klevar@vetinst.no.,oslo,,
113,Godfroid,J,NO,jacques.godfroid@uit.no.,tromsø,,
114,von Hanno,Therese,NO,,tromsø,,
115,Råholm,Maj-Britt,NO,,sogndahl,,
116,Lohne,Vibeke,NO,,oslo,,
117,Caspari,Synnøve,NO,,oslo,,
118,Heggestad,Anne Kari Tolo,NO,,oslo,,
119,Saeteren,Berit,NO,,oslo,,
120,Slettebø,Åshild,NO,,grimstad,,
121,Nåden,Dagfinn,NO,,oslo,,
122,Clarsen,Benjamin,NO,,oslo,,
123,Skarstad,Kirsten,NO,kirsten.skarstad@labmed.uio.no,oslo,,
124,Kleppen,Hans Petter,NO,hans.kleppen@umb.no,aas,,
125,Sveen,Anita,NO,,oslo,,
126,Bruun,Jarle,NO,,oslo,,
127,Eide,Peter W,NO,,oslo,,
128,Eilertsen,Ina A,NO,,oslo,,
129,Danielsen,Stine A,NO,,oslo,,
130,Kryeziu,Kushtrim,NO,,oslo,,
131,Nesbakken,Arild,NO,,oslo,,
132,Lothe,Ragnhild A,NO,rlothe@rr-research.no.,oslo,,
133,Berg,P,NO,,ås,,
134,Gullestad,L,NO,,sandvika,,
135,Lund,T,NO,,university of oslo,,
136,Råberg Kjøllesdal,Marte K,NO,m.k.raberg@medisin.uio.no,university of oslo,,
137,Løhaugen,Gro C C,NO,,trondheim,,
138,Flak,Marianne Møretrø,NO,,kristiansand,,
139,Gerstner,Thorsten,NO,,arendal,,
140,Sundberg,Cato,NO,,arendal,,
141,Lerdal,Bjørn,NO,,kristiansand,,
142,Skranes,Jon,NO,,trondheim,,
143,Dannevig,Ingrid,NO,ingrid.dannevig@medisin.uio.no,lørenskog,,
144,Fjell,Anne,NO,,n- oslo,,
145,Ruoff,Peter,NO,peter.ruoff@uis.no,n- stavanger,,
146,Samuelsen,Per-Jostein,NO,per-jostein.samuelsen@unn.no.,tromsø,,
147,Slørdal,Lars,NO,,trondheim,,
148,Mathisen,Ulla Dorte,NO,,tromsø,,
149,Eggen,Anne Elise,NO,,tromsø,,
150,Voie,Hilde,NO,hilde.voie@ulleval.no,oslo,,
151,Schulz,Michael,NO,michael.schulz@met.no,oslo,,
152,Asvold,Bjørn Olav,NO,bjorn.o.asvold@ntnu.no,n- trondheim,,
153,Froud,Robert,NO,,oslo,,
154,Dahle,Geir Olav,NO,geir.olav.dahle@helse-bergen.no.,bergen,,
155,Stangeland,Lodve,NO,,bergen,,
156,Moen,Christian Arvei,NO,,bergen,,
157,Salminen,Pirjo-Riitta,NO,,bergen,,
158,Haaverstad,Rune,NO,,bergen,,
159,Matre,Knut,NO,,bergen,,
160,Grong,Ketil,NO,,bergen,,
161,Roll-Hansen,Nils,NO,nils.roll-hansen@ifikk.uio.no.,oslo,,
162,Aabakken,Lars,NO,larsaa@medisin.uio.no,oslo,,
163,Westvik,J,NO,,oslo,,
164,Balk,Helge,NO,,oslo,,
165,Jonassen,Christine Monceyron,NO,,no-0033 oslo,,
166,Rölla,G,NO,,university of oslo,,
167,Solberg,Erling J,NO,,trondheim,,
168,Berg,K J,NO,,oslo,,
169,Agartz,Ingrid,NO,,oslo,,
170,Finne,Live Bakke,NO,,oslo,,
171,Christensen,Jan Olav,NO,,oslo,,
172,Knardahl,Stein,NO,,oslo,,
173,Sandvik,T,NO,,oslo,,
174,Gundersen,S G,NO,,oslo,,
175,Vikse,B E,NO,bjorn.vikse@med.uib.no,university of bergen,,
176,Ballance,Simon,NO,simon.ballance@nofima.no,n- trondheim,,
177,Knævelsrud,Helene,NO,helene.knavelsrud@ibv.uio.no,oslo,,
178,Rösjö,Kjell,NO,,aet,,
179,Fjose,A,NO,,university of bergen,,
180,Evensen,Jan F,NO,janfe@radium.uio.no,oslo,,
181,Hall,Kirsten Sundby,NO,,oslo n-0424,,
182,Rustøen,Tone,NO,,oslo university college,,
183,Randen,I,NO,,oslo,,
184,Palacios Haugestad,Christian Andrés,NO,,university of oslo,,
185,Nymark,Marianne,NO,,trondheim,,
186,Mikkola,I,NO,,tromso,,
187,Rajalahti,Tarja,NO,,førde,,
188,Lin,Chenchen,NO,,bergen,,
189,Mjøs,Svein Are,NO,,bergen,,
190,Kvalheim,Olav Martin,NO,,førde,,
191,Sigurdson,J F,NO,,trondheim,,
192,Sund,A M,NO,,trondheim,,
193,Szalai,Paula,NO,,n- oslo,,
194,Hagen,Linda Korseberg,NO,,n- oslo,,
195,Sætre,Frank,NO,,n-0310 oslo,,
196,Luhr,Morten,NO,,n- oslo,,
197,Sponheim,Marianne,NO,,n- oslo,,
198,Øverbye,Anders,NO,,n- oslo,,
199,Mills,Ian G,NO,,n-0310 oslo,,
200,Fjeld,Olaf,NO,,oslo,,
201,Havelin,L I,NO,,haukeland hospital,,
202,Lund-Iversen,Marius,NO,mlundive@ous-hf.no.,oslo,,
203,Grøholt,Krystyna Kotanska,NO,,oslo,,
204,Helland,Åslaug,NO,,oslo,,
205,Borgen,Elin,NO,,oslo,,
206,Brustugun,Odd Terje,NO,,oslo,,
207,Sodemann,H,NO,,5020 bergen,,
208,Havig,Stine Marie,NO,stinemarie.havig@fhi.no.,oslo,,
209,Wiik,Elisabeth,NO,,oslo,,
210,Karinen,Ritva,NO,,oslo,,
211,Brochmann,Gerd Wenche,NO,,oslo,,
212,Vevelstad,Merete,NO,,oslo,,
213,Lindemann,K,NO,,oslo,,
214,Breivik,Jan-Kåre,NO,jan.breivik@rokkan.uib.no,university of bergen,,
215,Kellmann,Ralf,NO,ralf.kellmann@mbi.uib.no,bergen,,
216,Sogn Andersen,Guri,NO,,oslo,,
217,Hoff,G,NO,,skien,,
218,Botteri,E,NO,,oslo,,
219,Høie,O,NO,,arendal,,
220,Garborg,K,NO,,oslo,,
221,Wiig,H,NO,,kristiansand,,
222,Huppertz-Hauss,G,NO,,skien,,
223,Moritz,V,NO,,skien,,
224,Bretthauer,M,NO,,oslo,,
225,Holme,Ø,NO,,oslo,,
226,Sitek,J C,NO,jcsitek@online.no,oslo,,
227,Andreassen,Cecilie Schou,NO,,bergen,,
228,Hetland,Jørn,NO,,bergen,,
229,Pallesen,Ståle,NO,,bergen,,
230,Reinertsen,Ingerid,NO,,trondheim no-7006,,
231,Steffen,K,NO,kathrin.steffen@nih.no,oslo,,
232,Ringen,H Osnes,NO,hosnesr@yahoo.no,oslo,,
233,Solberg,Marianne Trygg,NO,marianne.solberg@ldh.no,oslo,,
234,Aasland,Olaf G,NO,,b university of oslo,,
235,Odeen,M,NO,,bergen,,
236,Beisland,Christian,NO,,bergen,,
237,Lødrup Carlsen,Karin C,NO,,oslo,,
238,Carlsen,Kaj-Håkon,NO,,oslo,,
239,Fossum,Sturla,NO,,breivika,,
240,Muram,D,NO,,university of tromsø,,
241,Aven,Terje,NO,terje.aven@uis.no,centre of risk management and societal safety,,
242,Gomes,Tânia,NO,,no-0349 oslo,,
243,Aarsland,Dag,NO,,stavanger,,
244,Akselsen,Oyvind W,NO,,n-0316 oslo,,
245,Herpin,A,NO,amaury.herpin@biozentrum.uni-wuerzburg.de,bergen,,
246,Ruoff,Peter,NO,,stavanger,,
247,Purvis,K,NO,,oslo,,
248,Våge,Selina,NO,,university of bergen and hjort centre for marine ecosystem dynamics bergen,,
249,Thingstad,T Frede,NO,,university of bergen and hjort centre for marine ecosystem dynamics bergen,,
250,Steigen,Sonja E,NO,sonja.steigen@unn.no,n- tromso,,
251,Asvold,Bjørn O,NO,bjorn.o.asvold@ntnu.no,n- trondheim,,
252,Dhar,I,NO,,bergen,,
253,Midtun,Ø,NO,,bergen,,
254,Tell,G S,NO,,bergen,,
255,Ueland,P M,NO,,bergen,,
256,Nygård,O,NO,,bergen,,
257,Folsland,B,NO,,oslo,,
258,Holtedahl,K A,NO,,university of tromsø,,
259,Hersoug,Anne Grete,NO,a.g.hersoug@psykiatri.uio.no,university of oslo,,
260,Johnsen,Hanne,NO,,tromsø,,
261,Smiseth,Otto A,NO,,oslo,,
262,Edvardsen,Thor,NO,,oslo,,
263,Olsen,Rose Mari,NO,,namsos,,
264,Skotnes,Liv Heidi,NO,,namsos,,
265,Enmarker,Ingela,NO,,namsos,,
266,Sunde,Kjetil,NO,kjetil.sunde@medisin.uio.no,oslo,,
267,Aagestad,Cecilie,NO,cecilie.aagestad@stami.no.,no-0033 oslo,,
268,Kampman,Margitta T,NO,,tromsø,,
269,Eltoft,Agnethe,NO,,tromsø,,
270,Karaliute,Migle,NO,,trondheim,,
271,Børvik,Margrethe T,NO,,tromsø,,
272,Nilssen,Hugo,NO,,tromsø,,
273,Rasmussen,Ida,NO,,tromsø,,
274,Johnsen,Stein H,NO,,tromsø,,
275,Raabe,N K,NO,,oslo,,
276,Myhrer,Trond,NO,,no- kjeller,,
277,Kasper,Juergen,NO,,tromsø,,
278,Goll,Guro L,NO,,n- oslo,,
279,Kallenborn,Roland,NO,,no-1432 ås,,
280,Bergholtz,Helga,NO,,oslo,,
281,Russnes,Hege G,NO,,oslo,,
282,Sorlie,Therese,NO,,oslo,,
283,Moen,B E,NO,,university of bergen,,
284,Meier,D,NO,,trondheim,,
285,Weiderpass,Elisabete,NO,,tromsø,,
286,Lukic,Marko,NO,,tromsø,,
287,Sandanger,Torkjel M,NO,,tromsø,,
288,Bjerkeli Grøvdal,Lillian,NO,,molde,,
289,Vangen,S,NO,siri.vangen@rikshospitalet.no,oslo,,
290,Hestmark,Geir,NO,geir.hestmark@bio.uio.no,oslo,,
291,Nygaard,Unni Cecilie,NO,unni.cecilie.nygaard@fhi.no,oslo,,
292,Andresen,Geir,NO,,0315 oslo,,
293,Aspevik,Tone,NO,,n- fyllingsdalen,,
294,Egede-Nissen,Henning,NO,,n- fyllingsdalen,,
295,Oterhals,Ĺge,NO,,n- fyllingsdalen,,
296,Oyen,O,NO,,oslo,,
297,Bergersen,Linda H,NO,,university of oslo oslo,,
298,Blaziak,Kacper,NO,einar.uggerud@kjemi.uio.no.,oslo n-0135,,
299,Kringen,Marianne K,NO,,oslo,,
300,Piehler,Armin P,NO,,oslo,,
301,Grimholt,Runa M,NO,,oslo,,
302,Opdal,Mimi S,NO,,oslo,,
303,Haug,Kari Bente F,NO,,oslo,,
304,Urdal,Petter,NO,,oslo,,
305,Žliobaitė,Indrė,NO,,no-0316 oslo,,
306,Fortelius,Mikael,NO,,no-0316 oslo,,
307,Stenseth,Nils C,NO,,no-0316 oslo,,
308,Edvardsen,Thor,NO,,oslo,,
309,Torgersen,J,NO,johantorgersen@me.com,bergen,,
310,Egeland,Thore,NO,thore.egeland@umb.no,norwegian university of life sciences (umb),,
311,Clench-Aas,Jocelyne,NO,jocelyne.clench-aas@fhi.no.,oslo,,
312,Holte,Arne,NO,,oslo,,
313,Landehag,Jörgen,NO,,hammerfest,,
314,Skogen,Andreas,NO,,hammerfest,,
315,Åsbakk,Kjetil,NO,,tromsø,,
316,Knævelsrud,Helene,NO,helenekn@imbv.uio.no,0317 oslo,,
317,Gjerde,Bjarte,NO,,bergen,,
318,Jusufovic,Mirza,NO,mirzajus@hotmail.com,rikshospitalet,,
319,Bogen,Inger Lise,NO,i.l.bogen@medisin.uio.no,oslo,,
320,Hofsø,Kristin,NO,kristin.hofso@rr-research.no,oslo,,
321,Agostini,Antonio,NO,,oslo,,
322,Brunetti,Marta,NO,,oslo,,
323,Davidson,Ben,NO,,oslo,,
324,Göran Tropé,Claes,NO,,oslo,,
325,Heim,Sverre,NO,,oslo,,
326,Panagopoulos,Ioannis,NO,,oslo,,
327,Micci,Francesca,NO,,oslo,,
328,Vaskinn,Anja,NO,ingrid.dundas@uib.no,oslo,,
329,Nygård,Mari,NO,,oslo,,
330,Hansen,Bo Terning,NO,,oslo,,
331,Røtnes,J S,NO,,university of oslo,,
332,Taubøll,E,NO,,university of oslo,,
333,Nilsen,T,NO,,university of trondheim,,
334,Skaugen,Audun,NO,,0316 oslo,,
335,Angheluta,Luiza,NO,,0316 oslo,,
336,Tømte,Øystein,NO,oystein.tomte@medisin.uio.no,oslo,,
337,Dahm,Anders E A,NO,a.e.a.dahm@medisin.uio.no,oslo,,
338,Stokke,Ildri M,NO,,oslo,,
339,Kjeldsen,Sverre E,NO,,oslo,,
340,Wachtell,Kristian,NO,,oslo,,
341,Sveinbjørnsson,Baldur,NO,,oslo,,
342,Rekdal,Øystein,NO,,oslo,,
343,Norum,Hilde M,NO,hnorum@rr-research.no.,oslo,,
344,Broch,Kaspar,NO,,oslo,,
345,Michelsen,Annika E,NO,,oslo,,
346,Lunde,Ida G,NO,,oslo,,
347,Lekva,Tove,NO,,oslo,,
348,Abraityte,Aurelija,NO,,oslo,,
349,Dahl,Christen P,NO,,oslo,,
350,Fiane,Arnt E,NO,,oslo,,
351,Andreassen,Arne K,NO,,oslo,,
352,Christensen,Geir,NO,,oslo,,
353,Aakhus,Svend,NO,,oslo,,
354,Aukrust,Pål,NO,,oslo,,
355,Gullestad,Lars,NO,,oslo,,
356,Ueland,Thor,NO,,oslo,,
357,Bjordal,K,NO,,oslo,,
358,Holme,Ingar,NO,ingar.holme@ous-hf.no,oslo,,
359,Djurovic,Srdjan,NO,srdjan.djurovic@medisin.uio.no,university of oslo,,
360,Fagerli,Karen Minde,NO,,oslo,,
361,Reedtz,Charlotte,NO,charlotte.reedtz@uit.no,tromsø,,
362,Skinnemoen,K,NO,,oslo,,
363,Lie,Hanne C,NO,,oslo,,
364,Aass,Nina,NO,,oslo,,
365,Haugen,Dagny Faksvåg,NO,,bergen,,
366,Kaasa,Stein,NO,,trondheim,,
367,Jorde,Rolf,NO,rolf.jorde@unn.no,tromsø,,
368,Strömsöe,K,NO,,oslo,,
369,Sørensen,Birger,NO,,oslo,,
370,Sommerfelt,Maja A,NO,,oslo,,
371,Stjernholm,Grete,NO,,oslo,,
372,Ökvist,Mats,NO,,oslo,,
373,Hovden,Arnt-Ove,NO,,oslo,,
374,Hoddevik,Gunnar,NO,,oslo,,
375,Jelmert,Øyvind,NO,,skien,,
376,Kristoffersen,A H,NO,,bergen,,
377,Bjånes,T K,NO,,bergen,,
378,Jordal,S,NO,,bergen,,
379,Leh,S,NO,,bergen,,
380,Leh,F,NO,,bergen,,
381,Svarstad,E,NO,,bergen,,
382,Barsnes,Harald,NO,,n-5020 bergen,,
383,Vaudel,Marc,NO,,n-5020 bergen,,
384,Magnussen,Liv Heide,NO,,bergen university college,,
385,Bakken,A M,NO,,university hospital haukeland,,
386,Davidsen,J G,NO,,n- trondheim,,
387,Berg,Torill,NO,,university of oslo oslo,,
388,Eggen,Trine,NO,trine.eggen@jordforsk.no,klepp st.,,
389,Steihaug,Sissel,NO,sissel@steihaug.net,oslo,,
390,Sjøttem,Eva,NO,,tromsø,,
391,Jain,Ashish,NO,,n-0379 oslo,,
392,Johansen,Terje,NO,,tromsø,,
393,Lundbom,J,NO,,university hospital of trondheim,,
394,Jónasdóttir,T J,NO,,oslo,,
395,Låg,Marit,NO,,oslo,,
396,Skuland,Tonje,NO,,oslo,,
397,Nguyen,Thu H T,NO,,oslo,,
398,Pham,Hang L T,NO,,oslo,,
399,Refsnes,Magne,NO,,oslo,,
400,Hughes,Timothy,NO,tim@bccs.uib.no,bergen,,
401,Torgner,I,NO,,university of oslo,,
402,Hiorth,Ylva Hivand,NO,,stavanger,,
403,Larsen,Jan Petter,NO,,stavanger,,
404,Lode,Kirsten,NO,,stavanger,,
405,Tysnes,Ole-Bjørn,NO,,bergen,,
406,Pedersen,Kenn Freddy,NO,,stavanger,,
407,Bjørnebekk,Gunnar,NO,,oslo,,
408,Kjøbli,John,NO,,oslo,,
409,Ogden,Terje,NO,,oslo,,
410,Kvinnsland,Inger Hals,NO,inger.kvinnsland@iac.uib.no,n- bergen,,
411,Le,Hoang T M D,NO,,bergen,,
412,Angotzi,Anna Rita,NO,,bergen,,
413,Ebbesson,Lars O E,NO,,bergen,,
414,Karlsen,Ørjan,NO,,storebø,,
415,Rønnestad,Ivar,NO,,bergen,,
416,Brorson,O,NO,,tønsberg,,
417,Larssen,T,NO,thorjorn.larssen@kjemi.uio.no,0315 oslo,,
418,Havelin,L I,NO,,bergen,,
419,Røsok,Øystein,NO,,oslo,,
420,Herrin,J,NO,,oslo,,
421,Helseth,Valborg,NO,v.h.helseth@medisin.uio.no,n- oslo,,
422,Kirkeby,O J,NO,,university of oslo,,
423,Villanger,O,NO,,university of oslo,,
424,Mouhat,Mathieu,NO,,tromsø,,
425,Mercer,James,NO,,tromsø,,
426,Stangvaltaite,Lina,NO,,tromsø,,
427,Örtengren,Ulf,NO,ulf.ortengren@uit.no.,tromsø,,
428,Gravningsbråten,R,NO,roa-gra@online.no,asker,,
429,Schneider,Olha,NO,,trondheim,,
430,Simic,Nebojsa,NO,,trondheim,,
431,Aachmann,Finn Lillelund,NO,,trondheim,,
432,Kristiansen,Kåre Andre,NO,,trondheim,,
433,Lale,Rahmi,NO,,trondheim,,
434,Steen,I H,NO,,bergen n-,,
435,Abdelnoor,M,NO,,oslo,,
436,Dahle,Gry,NO,,oslo,,
437,Bugge,Jan F,NO,,oslo,,
438,Bendz,Bjørn,NO,,oslo,,
439,Rein,Kjell A,NO,,oslo,,
440,Fosse,Erik,NO,,university of oslo,,
441,Aakhus,Svend,NO,,oslo,,
442,Halvorsen,Per S,NO,,oslo,,
443,Dager,Turid Nygaard,NO,turid.dager@diakonsyk.no,oslo,,
444,Halvorsen,E H,NO,eirikhha@rr-research.no,oslo,,
445,Gutteberg,T J,NO,,university hospital of tromsø,,
446,Dehnes,Yvette,NO,yvette.dehnes@h-lab.no,oslo,,
447,Bjørge,Line,NO,,bergen,,
448,Kjelsberg,Ellen,NO,ellen.kjelsberg@kompetanse-senteret.no,oslo,,
449,Jacobsen,Nils,NO,,university of oslo,,
450,Ytrebø,L M,NO,,tromsø university hospital,,
451,Wilhelmsen,Kjersti,NO,kjersti.wilhelmsen@hib.no,bergen,,
452,Jensen,Sigmund,NO,sigmund.jensen@bio.uib.no,bergen,,
453,Jolin,A,NO,,university of tromsø,,
454,Retterstøl,Kjetil,NO,,oslo,,
455,Narverud,Ingunn,NO,,oslo,,
456,Selmer,Randi,NO,,oslo,,
457,Berge,Knut E,NO,,oslo,,
458,Osnes,Ingvild V,NO,,oslo,,
459,Ulven,Stine M,NO,,oslo,,
460,Halvorsen,Bente,NO,,oslo,,
461,Aukrust,Pål,NO,,oslo,,
462,Holven,Kirsten B,NO,,oslo,,
463,Iversen,Per O,NO,p.o.iversen@medisin.uio.no.,oslo,,
464,Wetteland,P,NO,,university of oslo,,
465,Grigalavicius,Mantas,NO,,oslo,,
466,Moan,Johan,NO,,oslo,,
467,Dahlback,Arne,NO,,oslo,,
468,Juzeniene,Asta,NO,,oslo,,
469,Gervin,Kristina,NO,,oslo,,
470,Page,Christian Magnus,NO,,oslo,,
471,Aass,Hans Christian D,NO,,oslo,,
472,Fjeldstad,Heidi Elisabeth,NO,,oslo,,
473,Andreassen,Bettina Kulle,NO,,oslo,,
474,Nordeng,Hedvig,NO,,university of oslo,,
475,Knudsen,Gunn Peggy,NO,,oslo,,
476,Magnus,Per,NO,,oslo,,
477,Nystad,Wenche,NO,,oslo,,
478,Staff,Anne Cathrine,NO,,oslo,,
479,Lyle,Robert,NO,,oslo,,
480,Brudvik,P,NO,,university of bergen,,
481,Jørgensen,Lone,NO,lone.jorgensen@uit.no,university of tromsø,,
482,Paap,Muirne C S,NO,muirne@nxdomain.nl,oslo university hospital,,
483,Bråte,Jon,NO,kamran@bio.uio.no.,n- oslo,,
484,Delacroix,Stephanie,NO,sde@niva.no,oslo,,
485,Omdal,R,NO,omro@sir.no,stavanger,,
486,Skaare,D,NO,,tonsberg,,
487,,,NO,,bergen,,
488,Faraone,Stephen V,NO,,bergen,,
489,Odland,Maria L,NO,,trondheim,,
490,Rasmussen,Hanne,NO,,trondheim,,
491,Jacobsen,Geir W,NO,,trondheim,,
492,Robsahm,Trude Eid,NO,,oslo,,
493,Tretli,Steinar,NO,,oslo,,
494,Ursin,Giske,NO,,oslo,,
495,Bøgwald,K P,NO,,oslo,,
496,Wang,Eivind,NO,,trondheim,,
497,Vikebø,Frode,NO,,5817 bergen,,
498,Howell,Daniel,NO,,5817 bergen,,
499,Broch,Ole Jacob,NO,,7465 trondheim,,
500,Nepstad,Raymond,NO,,7465 trondheim,,
501,Augustine,Starrlight,NO,,tromsø,,
502,Skeie,Geir Morten,NO,,tromsø,,
503,Bast,Radovan,NO,,tromsø,,
504,Juselius,Jonas,NO,,tromsø,,
505,Lieng,Marit,NO,m.lieng@online.no,ullevål,,
506,Nieder,C,NO,,bodø,,
507,Agewall,Stefan,NO,stefan.agewall@medisin.uio.no.,oslo,,
508,Risberg,M A,NO,mayarna.risberg@hjelp24.no,oslo,,
509,Braathen,Stine Hellum,NO,,2 sintef technology and society,,
510,Schjølberg,Aasa R,NO,,oslo,,
511,Arp,Hans Peter H,NO,,0806 oslo,,
512,Kumar,Gopalakrishnan,NO,,stavanger,,
513,Vangen,Siri,NO,siri.vangen@fhi.no,oslo,,
514,Aanestad,M,NO,margunn@ifi.uio.no,0316 oslo,,
515,Kleffelgaard,Ingerid,NO,ingerid.kleffelgard@oslo-universitetssykehus.no,oslo,,
516,Arnesen,Thomas,NO,,bergen,,
517,Øyehaug,Leiv,NO,,as,,
518,Berstad,A E,NO,audun.berstad@rh.uio.no,n- oslo,,
519,Bolstad,G,NO,gretabolstad@hotmail.com,trondheim,,
520,Sunde,Kjetil,NO,,oslo,,
521,Holmberg,Hans-Christer,NO,,uit the arctic university of norwaytromsø,,
522,Larssen,Thorjørn,NO,thorjorn.larssen@niva.no,0314 oslo,,
523,Weiderpass,Elisabete,NO,,tromsø,,
524,Holmen,Turid Lingaas,NO,,levanger,,
525,Holt,J,NO,,bodø,,
526,Furnham,Adrian,NO,,olso,,
527,Saebøe-Larssen,S,NO,,university of oslo,,
528,Gjørv,Inger Lise,NO,inger-lise.gjorv@fm-nt.stat.no,n- steinkjer,,
529,Torheim,Liv E,NO,ltorheim@hiak.no,n- lillestrøm,,
530,Cabo,Rona,NO,,kristiansand,,
531,Hernes,Sigrunn,NO,,kristiansand,,
532,Slettan,Audun,NO,,kristiansand,,
533,Haugen,Margaretha,NO,,oslo,,
534,Blomhoff,Rune,NO,,olso,,
535,Nystad,W,NO,,oslo,,
536,Skartveit,L,NO,,university of bergen,,
537,Sparta,Manuel,NO,,n- bergen,,
538,Fallang,Anders,NO,anders.fallang@veths.no,n-0033 oslo,,
539,Førde,R,NO,,oslo,,
540,Hystad,M E,NO,m.e.hystad@klinmed.uio.no,university of oslo,,
541,Böcker,Ulrike,NO,ulrike.bocker@matforsk.no,n- as,,
542,Reichelt,W H,NO,,rikshospitalet,,
543,Kalstad,Are A,NO,,university of oslo,,
544,Pettersen,Alf Åge,NO,,vestre viken hf,,
545,Arnesen,Harald,NO,,university of oslo,,
546,Seljeflot,Ingebjørg,NO,,university of oslo,,
547,Nissen,Alexander,NO,,oslo,,
548,Heir,Trond,NO,,oslo,,
549,Andersen,Jeanette H,NO,,tromsø,,
550,Bruserud,O,NO,,university of bergen,,
551,Berg,Vivian,NO,,tromsø,,
552,Sandnes,Astrid,NO,,bergen,,
553,Dos Santos Schmidt,Thassya C,NO,,n- bergen,,
554,Slotte,Aril,NO,,n- bergen,,
555,Sundby,Svein,NO,,n- bergen,,
556,Johannessen,Arne,NO,,n- bergen,,
557,Stenseth,Nils C,NO,,n- his,,
558,Standring,W J F,NO,william.strandring@nrpa.no,n- østerås,,
559,Haug,E S,NO,,university hospital of trondheim,,
560,Gaustad,Jon-Vidar,NO,jon.vidar.gaustad@rr-research.no.,oslo,,
561,Simonsen,Trude G,NO,,oslo,,
562,Andersen,Lise Mari K,NO,,oslo,,
563,Rofstad,Einar K,NO,,oslo,,
564,Stene,L C,NO,lars.christian.stene@fhi.no,oslo,,
565,Eide,Ivar Anders,NO,,tromsø,,
566,Jokstad,A,NO,jokstad@odont.uio.no,university of oslo,,
567,Eklund,Marthe Lyngås,NO,,3045 drammen,,
568,Ruud,Ireen,NO,,3045 drammen,,
569,Grov,Ellen Karine,NO,,oslo,,
570,B Barnung,Runa,NO,runa.b.barnung@uit.no.,tromsø,,
571,H Nøst,Therese,NO,therese.h.nost@uit.no.,tromsø,,
572,Ulven,Stine M,NO,smulven@medisin.uio.no.,0317 oslo,,
573,Skeie,Guri,NO,guri.skeie@uit.no.,tromsø,,
574,S Olsen,Karina,NO,karina.standahl.olsen@uit.no.,tromsø,,
575,Rekdal,Mikal,NO,,trondheim,,
576,Kerty,E,NO,,oslo,,
577,Farmen,Ragne Kristin B,NO,farmen@gena.no,stavanger,,
578,Nortvedt,P,NO,p.nortvedt@medisin.uio.no,no-0318 oslo,,
579,Cramer,Emily R A,NO,erc25@cornell.edu.,oslo,,
580,Johnsen,Arild,NO,,oslo,,
581,Hansen,V,NO,vidje.hansen@ism.uit.no,tromsø,,
582,Øie,Merete,NO,,university of oslo,,
583,Haug,Elisabeth,NO,,division of mental health,,
584,Møller,Paul,NO,,vestre viken hospital trust,,
585,Andreassen,Ole A,NO,,and oslo university hospital,,
586,Lien,Lars,NO,,hedmark university college,,
587,Melle,Ingrid,NO,,and oslo university hospital,,
588,Dybvik,Eva,NO,eva.dybvik@helse-bergen.no,n- bergen,,
589,Thrane,Gyrd,NO,gyrd.thrane@hitos.no,n- tromsø,,
590,Datiko,D G,NO,danieljohn42@yahoo.com,bergen,,
591,Kleveland,G,NO,,haukeland sykehus,,
592,Xie,Xin,NO,xinx@online.no,oslo,,
593,Strømman,G,NO,gjermund.stromman@umb.no,no-1432 aas,,
594,Calogiuri,Giovanna,NO,giovanna.calogiuri@hihm.no.,elverum,,
595,Vidal-Piñeiro,Didac,NO,,oslo,,
596,Walhovd,Kristine B,NO,,oslo,,
597,Storsve,Andreas B,NO,,oslo,,
598,Grydeland,Håkon,NO,,oslo,,
599,Rohani,Darius A,NO,,oslo,,
600,Fjell,Anders M,NO,,oslo,,
601,Sortland,O,NO,,oslo,,
602,Gautun,H S,NO,,university of tromsø,,
603,Hiorth,Marianne,NO,,university of oslo,,
604,Gjengedal,Eva,NO,eva.gjengedal@himolde.no.,molde university college and university of bergen,,
605,Lykkeslet,Else,NO,,molde university college,,
606,Sørbø,Jan I,NO,,volda university college,,
607,Sæther,Wigdis Helene,NO,,sør-trøndelag university college,,
608,Teigen,Karl Halvor,NO,k.h.teigen@psykologi.uio.no,n- oslo,,
609,Moen,K,NO,ketilmoen@hotmail.com,oslo,,
610,Dahl,K H,NO,kristind@fagmed.uit.no,n- tromso,,
611,Foss,Aksel,NO,,oslo,,
612,Moatshe,Gilbert,NO,,oslo,,
613,Dyrstad,S M,NO,,stavanger,,
614,Anderssen,S A,NO,,oslo,,
615,Edvardsen,E,NO,,oslo,,
616,Hansen,B H,NO,,oslo,,
617,Grallert,Beáta,NO,,oslo,,
618,Nilsson,Brita,NO,brita.nilsson@so.hio.no,oslo,,
619,Hogner,Silje,NO,,oslo,,
620,Tanbo,T,NO,,university of oslo,,
621,Corander,J,NO,,oslo,,
622,Berg,Karin,NO,karin.berg@mbi.uib.no,n-5020 bergen,,
623,Blaalid,Rakel,NO,rakel.blaalid@bio.uio.no,oslo,,
624,Camilio,Ketil André,NO,,norway ; department of medical biology; faculty of health sciences; university of tromsø; tromsø,,
625,Rekdal,Oystein,NO,,lytix biopharma as; tromsø,,
626,Sveinbjörnsson,Baldur,NO,,norway ; department of medical biology; faculty of health sciences; university of tromsø; tromsø,,
627,Medhus,A W,NO,,oslo,,
628,Fossum,E,NO,egil.fossum@ioks.uio.no,oslo,,
629,Sandvik,O M,NO,,stavanger,,
630,Søreide,K,NO,,stavanger,,
631,Gudlaugsson,E,NO,,stavanger,,
632,Kvaløy,J T,NO,,stavanger,,
633,Søreide,J A,NO,,stavanger,,
634,Jahr,T G,NO,,trondheim,,
635,Espenes,A,NO,,oslo,,
636,Bjerre,A,NO,a.k.bjerre@ioks.uio.no,oslo,,
637,Spencer,Matt,NO,,oslo,,
638,Tønjum,Tone,NO,,oslo,,
639,Yang,Hong,NO,,norwegian institute of bioeconomy research,,
640,Danielsen,K,NO,kjersti.danielsen@unn.no,tromsø,,
641,Heimdal,A,NO,,trondheim,,
642,Drevon,Christian A,NO,,oslo,,
643,Majeau-Bettez,Guillaume,NO,guillaume.majeau-bettez@ntnu.no,no- trondheim,,
644,Osterås,O,NO,olav.osteras@veths.com.,n-0033 oslo,,
645,Rognstad,Sture,NO,sture.rognstad@medisin.uio.no,university of oslo,,
646,Hoseth,Eva Z,NO,,oslo,,
647,Krull,Florian,NO,,oslo,,
648,Dieset,Ingrid,NO,,oslo,,
649,Mørch,Ragni H,NO,,oslo,,
650,Hope,Sigrun,NO,,oslo,,
651,Gardsjord,Erlend S,NO,,oslo,,
652,Steen,Nils Eiel,NO,,oslo,,
653,Melle,Ingrid,NO,,oslo,,
654,Brattbakk,Hans-Richard,NO,,oslo,,
655,Steen,Vidar M,NO,,oslo,,
656,Aukrust,Pål,NO,,oslo,,
657,Djurovic,Srdjan,NO,,oslo,,
658,Andreassen,Ole A,NO,,oslo,,
659,Ueland,Thor,NO,thor.ueland@medisin.uio.no.,oslo,,
660,Bivol,Liliana Monica,NO,,university of bergen,,
661,Iversen,Bjarne Magnus,NO,,university of bergen,,
662,Hultström,Michael,NO,,university of bergen,,
663,Wallace,Paal William,NO,,university of bergen,,
664,Reed,Rolf Kåre,NO,,university of bergen,,
665,Wiig,Helge,NO,,university of bergen,,
666,Tenstad,Olav,NO,,university of bergen,,
667,Hustad,Steinar,NO,steinar.hustad@farm.uib.no,bergen,,
668,Karstensen,Kåre Helge,NO,khk@sintef.no,n- oslo,,
669,Milde,Anne Marita,NO,anne.milde@psybp.uib.no,university of bergen,,
670,Breitve,Monica H,NO,monica.breitve@helse-fonna.no,haugesund,,
671,Lassen,Kristoffer,NO,lassen@unn.no,tromsø,,
672,Rowland,David C,NO,,trondheim,,
673,Obenhaus,Horst A,NO,,trondheim,,
674,Skytøen,Emilie R,NO,,trondheim,,
675,Zhang,Qiangwei,NO,,trondheim,,
676,Kentros,Cliff G,NO,,trondheim,,
677,Moser,Edvard I,NO,,trondheim,,
678,Moser,May-Britt,NO,,trondheim,,
679,Sen,Sagar,NO,,certus sfi,,
680,Nygård,Jan F,NO,,cancer registry of norway (kreftregisteret),,
681,Sagedal,L R,NO,,kristiansand,,
682,Sanda,B,NO,,kristiansand,,
683,Øverby,N C,NO,,kristiansand,,
684,Bere,E,NO,,kristiansand,,
685,Torstveit,M K,NO,,kristiansand,,
686,Lohne-Seiler,H,NO,,kristiansand,,
687,Hillesund,E R,NO,,kristiansand,,
688,Pripp,A H,NO,,oslo,,
689,Henriksen,T,NO,,oslo,,
690,Vistad,I,NO,,kristiansand,,
691,Sijaona,Angelina,NO,,bergen,,
692,Brattelid,Trond,NO,,oslo,,
693,Folkow,Lars P,NO,,tromsø,,
694,Pape,Hilde,NO,,oslo,,
695,Rossow,Ingeborg,NO,,oslo,,
696,Andreas,Jasmina Burdzovic,NO,,oslo,,
697,Norström,Thor,NO,,oslo,,
698,Bakke,H K,NO,,mo i rana,,
699,Bakke,H K,NO,,bergen,,
700,Schwebs,R,NO,,bergen,,
701,Holtermann,A,NO,andreas.holtermann@svt.ntnu.no,trondheim,,
702,Helvik,Anne-Sofie,NO,,tønsberg,,
703,Engedal,Knut,NO,,tønsberg,,
704,Benth,Jūratė Šaltytė,NO,,ottestad,,
705,Røen,Irene,NO,,ottestad,,
706,Selbæk,Geir,NO,,ottestad,,
707,von Volkmann,Hilde Løland,NO,hilde.von.volkmann@helse-bergen.no,n bergen,,
708,Samejima,K,NO,,n- ås-nlh,,
709,Ulven,Stine Marie,NO,,n-0316 oslo,,
710,Møyen Laane,K,NO,,tønsberg,,
711,Austgulen,R,NO,,trondheim,,
712,Reseland,Janne E,NO,,oslo,,
713,Vogt,Christina,NO,christina.vogt@ntnu.no,trondheim,,
714,Nessa,J,NO,,university of bergen,,
715,Skjaerven,R,NO,,university of bergen,,
716,Kristensen,P,NO,,oslo,,
717,Mårild,Karl,NO,,grålum,,
718,Sioud,Mouldy,NO,,oslo,,
719,Storeng,Katerini T,NO,,university of oslo,,
720,Rugstad,H E,NO,,oslo,,
721,Clausen,O P,NO,,oslo,,
722,Engedal,Nikolai,NO,,oslo,,
723,Thormar,Jonas,NO,,oslo,,
724,Eikeland,Hanne-Lise,NO,h.l.eikeland@medisin.uio.no.,oslo,,
725,Berg,Ø H,NO,,bergen,,
726,Sulen,Åsta,NO,,bergen,,
727,Svalastoga,Pernille,NO,,bergen,,
728,Juliusson,Petur B,NO,,bergen,,
729,Skrivarhaug,Torild,NO,,oslo,,
730,Njølstad,Pål R,NO,,bergen,,
731,Ormstad,Heidi,NO,heidi.ormstad@vestreviken.no,hønefoss,,
732,Dobloug,Andreas,NO,,oslo,,
733,Forsberg,J,NO,,university of bergen,,
734,Berg,Karin,NO,,n-5020 bergen,,
735,Vaage,Sigmund,NO,,stavanger,,
736,Wester,K,NO,,school of medicine,,
737,Myrseth,L E,NO,,university of oslo,,
738,Martinsen,Unni,NO,,oslo,,
739,Bentzen,Hege,NO,,b oslo and akershus university college of applied sciences,,
740,Holter,Morag Kelly,NO,,oslo,,
741,Nilsen,Tove,NO,,oslo,,
742,Skullerud,Hallvard,NO,,oslo,,
743,Mowinckel,Petter,NO,,oslo,,
744,Kjeken,Ingvild,NO,,b oslo and akershus university college of applied sciences,,
745,Gjengstø,Peder,NO,peder.gjengsto@helse-bergen.no,bergen,,
746,Ellekjaer,E F,NO,,university of oslo,,
747,Saunte,C,NO,,university hospital of trondheim,,
748,Diaz,Esperanza,NO,,bergen,,
749,Mbanya,Vivian N,NO,vivimbanya@yahoo.com.,oslo,,
750,Gele,Abdi A,NO,,oslo,,
751,Kumar,Bernadette,NO,,oslo,,
752,Bjørnstad,Anders,NO,,no- skien,,
753,Carter,Tim,NO,tim.carter@mcga.gov.uk,bergen,,
754,Hak,Sjoerd,NO,,trondheim,,
755,Goa,Pål Erik,NO,,trondheim,,
756,Stenmark,Sebastian,NO,,trondheim,,
757,Bjerkholt,Frøydis F,NO,,trondheim,,
758,Haraldseth,Olav,NO,,trondheim,,
759,Martines,Jose C,NO,,university of bergen,,
760,Haraldseid,Cecilie,NO,,stavanger,,
761,Aase,Karina,NO,,stavanger,,
762,Staff,P H,NO,,oslo,,
763,Lønning,K,NO,,university of bergen,,
764,Robertsen,Espen Mikal,NO,,tromsø,,
765,Bongo,Lars Ailo,NO,,tromsø,,
766,Willassen,Nils Peder,NO,,tromsø,,
767,Malecki,Jedrzej,NO,,oslo,,
768,Aileni,Vinay Kumar,NO,,oslo,,
769,Ho,Angela Y Y,NO,,oslo,,
770,Moen,Anders,NO,,oslo,,
771,Sørensen,Vigdis,NO,,oslo,,
772,Jakobsson,Magnus E,NO,,oslo,,
773,Falnes,Pål Ø,NO,,oslo,,
774,Nordøy,I,NO,ingvild.nordoy@klinmed.uio.no,oslo,,
775,Baglo,Yan,NO,,trondheim,,
776,Hjemdal,Odin,NO,,trondheim,,
777,Klungsøyr,Kari,NO,,bergen,,
778,Bordahl,Per E,NO,,bergen,,
779,Berner,Espen,NO,,oslo,,
780,Busund,Bjorn,NO,,oslo,,
781,Selliseth,N J,NO,,university of bergen,,
782,Raknes,Inge Alexander,NO,,tromsø,,
783,Bongo,Lars Ailo,NO,,tromsø,,
784,Seim,Thorstein,NO,thorstein.seim@c2i.net,trondheim,,
785,Wiklund Gustin,Lena,NO,,campus narvik,,
786,Jacobsen,K,NO,karl.jacobsen@svt.ntnu.no,university of trondheim (ntnu),,
787,Vinje,Jo,NO,,bergen,,
788,Afseth,J,NO,john.afseth@add.ssw.abbott.com,billingstad,,
789,Walseth,Ole Anders,NO,ole.anders.walseth@telemed.no,tromsø,,
790,Evensen,J F,NO,,oslo,,
791,Kraft,Brage,NO,,university of oslooslo,,
792,Jonassen,Rune,NO,,university of oslooslo,,
793,Stiles,Tore C,NO,,university of oslooslo,,
794,Landrø,Nils I,NO,,university of oslooslo,,
795,Heiberg,Marte S,NO,,oslo,,
796,Mjøen,Geir,NO,geir.mjoen@rikshospitalet.no,oslo,,
797,Liu,Jian-ping,NO,jianping@fagmed.uit.no,university of tromso,,
798,Skancke,Jørgen,NO,,trondheim,,
799,Bar,Nadav,NO,,trondheim,,
800,Kuiper,Martin,NO,,trondheim,,
801,Selvaag,Anne M,NO,aselvaag@ulrik.uio.no,oslo,,
802,Bjørnaes,I,NO,ingvil.bjornas@dnr.uio.no,n- oslo,,
803,Klovning,Atle,NO,atle.klovning@medisin.uio.no,bergen,,
804,Barstad,R M,NO,,oslo,,
805,Kaasa,Stein,NO,stein.kaasa@medisin.ntnu.no,trondheim university hospital,,
806,Oscarson,Nils,NO,,tromsø,,
807,Espelid,Ivar,NO,,tromsø,,
808,Jönsson,Birgitta,NO,,tromsø,,
809,Zeller,Bernward,NO,,oslo,,
810,Glosli,Heidi,NO,,oslo,,
811,Taqi,Malik Mumtaz,NO,,oslo,,
812,Brinchmann-Hansen,O,NO,,trondheim university hospital,,
813,Engebretsen,Ingunn Marie Stadskleiv,NO,ingunn.engebretsen@cih.uib.no.,5020 bergen,,
814,Midtbø,Helga,NO,,bergen,,
815,Semb,Anne Grete,NO,,oslo,,
816,Matre,Knut,NO,,bergen,,
817,Kvien,Tore K,NO,,oslo,,
818,Gerdts,Eva,NO,,bergen,,
819,Mathiesen,E B,NO,ellisiv.mathiesen@uit.no,tromsø,,
820,Romi,F,NO,fredrik.romi@haukeland.no,bergen,,
821,Enserink,Jorrit M,NO,,oslo,,
822,Gold,Christian,NO,,bergen,,
823,Steinsbekk,Aslak,NO,aslak.steinsbekk@ntnu.no,trondheim,,
824,Gundersen,V,NO,,university of oslo,,
825,Persson,Clas,NO,,no-0316 oslo,,
826,Malthe-Sørenssen,Anders,NO,,no-0316 oslo,,
827,Boström,Mathias,NO,,no-7491 trondheim,,
828,Hofmann,Bjørn,NO,b.m.hofmann@medetikk.uio.no,n-0318 oslo,,
829,Pahle,Andreas S,NO,,lørenskog,,
830,Johansen,T,NO,,university of tromsø,,
831,Gjerstad,J,NO,johannes.gerstad@bio.uio.no,bergen,,
832,Øhrn,Andrea Milde,NO,andrea.ohrn@uit.no.,university of tromsø,,
833,Nielsen,Christopher Sivert,NO,,oslo,,
834,Schirmer,Henrik,NO,,university of tromsø,,
835,Stubhaug,Audun,NO,,oslo,,
836,Wilsgaard,Tom,NO,,university of tromsø,,
837,Lindekleiv,Haakon,NO,,university of tromsø,,
838,Vårtun,Åse,NO,,tromsø,,
839,Flo,Kari,NO,,tromsø,,
840,Gohar,Sherif M,NO,sherif.gohar@kasralainy.edu.eg.,oslo,,
841,Dieset,Ingrid,NO,,oslo,,
842,Steen,Nils Eiel,NO,,oslo,,
843,Mørch,Ragni H,NO,,oslo,,
844,Iversen,Trude S,NO,,oslo,,
845,Steen,Vidar M,NO,,bergen,,
846,Andreassen,Ole A,NO,,oslo,,
847,Melle,Ingrid,NO,,oslo,,
848,Kirkevold,Oyvind,NO,oyvind.kirkevold@nordemens.no,tønsberg n-,,
849,Orstavik,K H,NO,k.h.orstavik@ioks.uio.no,oslo,,
850,Moghadam,Morteza Shojaei,NO,morteza.s.moghadam@ntnu.no.,trondheim,,
851,Cimmino,Lorenzo,NO,lore.cimmino@gmail.com.,trondheim,,
852,Rise,Kjersti,NO,kjersti.rise@ntnu.no.,trondheim,,
853,Hohmann-Marriott,Martin Frank,NO,martin.hohmann-marriott@ntnu.no.,trondheim,,
854,Wentzel,Alexander,NO,alexander.wentzel@sintef.no.,trondheim,,
855,Lale,Rahmi,NO,rahmi.lale@ntnu.no.,trondheim,,
856,Schneider,Philipp,NO,,kjeller,,
857,Tørfoss,Veronika,NO,,tromsø,,
858,Norheim,Ole Frithjof,NO,ole.norheim@isf.uib.no.,bergen,,
859,Yang,Mingyi,NO,,oslo university hospital and university of oslo,,
860,Lin,Xiaolin,NO,,oslo university hospital and university of oslo,,
861,Rowe,Alexander,NO,,oslo university hospital and university of oslo,,
862,Rognes,Torbjørn,NO,,oslo university hospital and university of oslo,,
863,Eide,Lars,NO,,oslo university hospital and university of oslo,,
864,Bjørås,Magnar,NO,,oslo university hospital and university of oslo,,
865,Wiedemann,G,NO,,university of bergen,,
866,Grue,Else Vengnes,NO,grue@diakonhjemmet.no,oslo,,
867,Belfrage,P,NO,,sentralsjukhuset i stavanger,,
868,Tangen,Jon-Magnus,NO,uxjmta@ous-hf.no.,oslo,,
869,Tjønnfjord,Geir Erland,NO,,oslo,,
870,Gulbrandsen,Nina,NO,,oslo,,
871,Gedde-Dahl,Tobias,NO,,oslo,,
872,Stormorken,Espen,NO,,lørenskog,,
873,Anderson,Kristina,NO,,grålund,,
874,Vo,Camilla Dao,NO,,brummundal,,
875,Schjesvold,Fredrik Hellem,NO,,oslo,,
876,Bramanti,B,NO,,oslo,,
877,Zhao,Chun-Mei,NO,,trondheim,,
878,Chen,Duan,NO,,trondheim,,
879,Häger,Renate M E,NO,renate.hager@rikshospitalet.no,oslo,,
880,Kahn,J A,NO,,university of trondheim,,
881,Johansen,Steinar D,NO,,n- tromsø,,
882,Ito,Hiroshi T,NO,,trondheim,,
883,Moser,Edvard I,NO,,trondheim,,
884,Moser,May-Britt,NO,,trondheim,,
885,Hugdahl,Kenneth,NO,hugdahl@psych.uib.no,bergen,,
886,Aaløkken,T M,NO,trond.mogens.aalokken@rikshospitalet.no,n- oslo,,
887,Jensenius,Mogens,NO,,oslo,,
888,Faleide,A O,NO,,university of oslo,,
889,Skorping,Arne,NO,,tromsø,,
890,Teien,Hans-Christian,NO,hans-christian.teien@umb.no,n-1432 as,,
891,Ellingsen,Ingunn T,NO,,stavanger,,
892,Kleiven,Merethe,NO,,ås,,
893,Rossbach,Lisa M,NO,,ås,,
894,Gallego-Urrea,Julian A,NO,,ås,,
895,Brede,Dag A,NO,,ås,,
896,Oughton,Deborah H,NO,,ås,,
897,Coutris,Claire,NO,,ås,,
898,Gouglas,Dimitrios,NO,,norwegian institute of public health,,
899,Msuya,Sia E,NO,siamsuya@hotmail.com,university of oslo,,
900,Aarnes,Gudrun Trøite,NO,,oslo orthopaedic university,,
901,Rekvig,O P,NO,,university of tromsø school of medicine,,
902,Nygård,Yngve,NO,,bergen,,
903,Evensen,Jan Folkvard,NO,,oslo,,
904,Okland,I,NO,iok@lyse.net,trondheim,,
905,Mikalsen,Ingvild Bruun,NO,miib@sus.no.,stavanger,,
906,Øymar,Knut,NO,,stavanger,,
907,Stokka,Anne J,NO,,n- bergen,,
908,Normann,Kjersti R,NO,,trondheim,,
909,Hagenblad,Jenny,NO,jenny.hagenblad@liu.se.,trondheim,,
910,Bergland,Astrid,NO,,oslo,,
911,Fougner,Marit,NO,,oslo,,
912,Lund,Anne,NO,,n- oslo,,
913,Debesay,Jonas,NO,,n- oslo,,
914,Aukland,Stein Magnus,NO,stein.magnus.aukland@helse-bergen.no,bergen,,
915,Sulo,Gerhard,NO,gerhard.sulo@igs.uib.no.,bergen,,
916,Igland,Jannicke,NO,,bergen,,
917,Nygård,Ottar,NO,,bergen,,
918,Vollset,Stein Emil,NO,,bergen,,
919,Ebbing,Marta,NO,,bergen,,
920,Tell,Grethe S,NO,,bergen,,
921,Bratseth,Vibeke,NO,,oslo,,
922,Ritschel,Vibeke,NO,,university of oslo,,
923,Andersen,Geir Ø,NO,,oslo,,
924,Halvorsen,Sigrun,NO,,oslo,,
925,Eritsland,Jan,NO,,oslo,,
926,Arnesen,Harald,NO,,university of oslo,,
927,Seljeflot,Ingebjørg,NO,,oslo,,
928,Sonesson,A,NO,,oslo,,
929,Rogeberg,Ole,NO,,oslo,,
930,Blomkvist,Andreas Wahl,NO,,oslo,,
931,Stenseth,Nils Chr,NO,n.c.stenseth@bio.uio.no,p.o. box  blindern,,
932,Haugaa,Kristina H,NO,,oslo,,
933,Larsen,Alf I,NO,,stavanger,,
934,El-Salhy,Magdy,NO,magdy.el-salhy@helse-fonna.no,stord,,
935,Johannessen,Liv Karen,NO,lkj@dips.no,dips asa,,
936,Hestvik,Elin,NO,elin.hestvik@cih.uib.no,university of bergen,,
937,Vanky,E,NO,,trondheim,,
938,Klungland,H,NO,,trondheim,,
939,Stafne,S N,NO,,trondheim,,
940,Mørkved,S,NO,,trondheim,,
941,Sæther,M,NO,,trondheim,,
942,Carlsen,S M,NO,,trondheim,,
943,Bison,Marjorie,NO,marjorie.bison@gmail.com.,tromsø,,
944,Yoccoz,Nigel Gilles,NO,,tromsø,,
945,Lappegård,Knut T,NO,knut.lappegard@nlsh.no,bodø,,
946,Lie,Øyvind H,NO,,oslo,,
947,Holmberg,Hans-Christer,NO,,tromsø,,
948,Lorenzo,Yolanda,NO,,university of oslo oslo,,
949,Haug,Kristiane,NO,,university of oslo oslo,,
950,Nicolaissen,Bjørn,NO,,university of oslo oslo,,
951,Namløs,Heidi M,NO,heidina@rr-research.no.,oslo,,
952,Zaikova,Olga,NO,,oslo,,
953,Bjerkehagen,Bodil,NO,,oslo,,
954,Vodák,Daniel,NO,,oslo,,
955,Hovig,Eivind,NO,,oslo,,
956,Myklebost,Ola,NO,,oslo,,
957,Boye,Kjetil,NO,,oslo,,
958,Meza-Zepeda,Leonardo A,NO,leonardo.meza-zepeda@rr-research.no.,oslo,,
959,Rakkestad,Kirsten E,NO,,oslo,,
960,Løvstad,R A,NO,,university of oslo,,
961,Harboe,M,NO,morten.harboe@labmed.uio.no,university of oslo,,
962,Holtedahl,Knut,NO,knut.holtedahl@uit.no.,tromsø,,
963,Morken,Nils-Halvdan,NO,,bergen,,
964,Høydahl,Even,NO,,oslo,,
965,Norheim,Ole F,NO,,bergen,,
966,Klungsøyr,Kari,NO,,bergen,,
967,Rothweiler,Ulli,NO,,n- tromsø,,
968,Eriksson,Jonas,NO,,n-9294 tromsø,,
969,Stensen,Wenche,NO,,n-9037 tromsø,,
970,Leeson,Frederick,NO,,n-9037 tromsø,,
971,Zakrzewska,Malgorzata,NO,,oslo,,
972,Norheim,G,NO,,n-0033 oslo 1,,
973,Dissen,E,NO,erik.dissen@basalmed.uio.no,university of oslo,,
974,Bengtson,May-Bente,NO,trolabe@online.no,tonsberg,,
975,Gjengedal,Eva,NO,eva.gjengedal@himolde.no,molde,,
976,Balandin,Susan,NO,susan.balandin@himolde.no,university college molde,,
977,Warner,Nicholas A,NO,nicholas.warner@nilu.no,n- tromsø,,
978,Bender,Andrea,NO,,university of bergenbergen,,
979,Beller,Sieghard,NO,,university of bergenbergen,,
980,Idland,Gro,NO,gro.idland@hioa.no,oslo,,
981,Eriksen,H M,NO,,university of oslo,,
982,Sørvik,Irene Beate,NO,,0316 oslo,,
983,Tanum,Marte Bruu,NO,,0032 oslo,,
984,Verhaegen,Steven,NO,,oslo,,
985,Ropstad,Erik,NO,,oslo,,
986,Olstad,K,NO,,oslo,,
987,Braathen,Henrik,NO,trond.berg@bio.uio.no,n-0316 oslo,,
988,Ekelund,Ulf,NO,,oslo,,
989,Gilfillan,Gregor D,NO,gregorg@medisin.uio.no.,oslo,,
990,Inderhaug,Eivind,NO,eivind.inderhaug@gmail.com.,bergen,,
991,Larsen,Allan,NO,,bergen,,
992,Waaler,Per Arne,NO,,bergen,,
993,Strand,Torbjørn,NO,,bergen,,
994,Harlem,Thomas,NO,,bergen,,
995,Solheim,Eirik,NO,,bergen,,
996,Buanes,T,NO,,bergen,,
997,Bugge,L,NO,,oslo,,
998,Bugge,M K,NO,,oslo,,
999,Cameron,D,NO,,oslo,,
1000,Catmore,J R,NO,,oslo,,
1001,Dale,O,NO,,bergen,,
1002,Eigen,G,NO,,bergen,,
1003,Franconi,L,NO,,oslo,,
1004,Garonne,V,NO,,oslo,,
1005,Gjelsten,B K,NO,,oslo,,
1006,Gramstad,E,NO,,oslo,,
1007,Kastanas,A,NO,,bergen,,
1008,Liebig,W,NO,,bergen,,
1009,Lipniacka,A,NO,,bergen,,
1010,Maeland,S,NO,,bergen,,
1011,Martin Dit Latour,B,NO,,bergen,,
1012,Morisbak,V,NO,,oslo,,
1013,Nilsen,J K,NO,,oslo,,
1014,Ould-Saada,F,NO,,oslo,,
1015,Pajchel,K,NO,,oslo,,
1016,Pedersen,M,NO,,oslo,,
1017,Raddum,S,NO,,oslo,,
1018,Read,A L,NO,,oslo,,
1019,Røhne,O,NO,,oslo,,
1020,Rosendahl,P L,NO,,bergen,,
1021,Sandaker,H,NO,,bergen,,
1022,Sjursen,T B,NO,,bergen,,
1023,Smestad,L,NO,,bergen,,
1024,Stapnes,S,NO,,oslo,,
1025,Strandlie,A,NO,,oslo,,
1026,Stugu,B,NO,,bergen,,
1027,Ugland,M,NO,,bergen,,
1028,Zalieckas,J,NO,,bergen,,
1029,Kringlen,E,NO,,university of oslo,,
1030,Avershina,E,NO,,ås,,
1031,Lundgård,K,NO,,ås,,
1032,Sekelja,M,NO,,ås,,
1033,Dotterud,C,NO,,trondheim,,
1034,Storrø,O,NO,,trondheim,,
1035,Øien,T,NO,,trondheim,,
1036,Johnsen,R,NO,,trondheim,,
1037,Rudi,K,NO,,ås,,
1038,Lerum,Ø,NO,,sogndal,,
1039,Aadland,E,NO,,sogndal,,
1040,Andersen,L B,NO,,sogndal,,
1041,Anderssen,S A,NO,,sogndal,,
1042,Resaland,G K,NO,,sogndal,,
1043,Andersson,T R,NO,,oslo,,
1044,Kasper,Jürgen,NO,,tromsø,,
1045,Haugstad,Gro K,NO,grokilli.haugstad@hf.hio.no,oslo,,
1046,Os,I,NO,ingrid.os@medisin.uio.no,oslo,,
1047,Indrekvam,K,NO,,university of bergen surgical research laboratory,,
1048,Schjøtt,Jan,NO,jan.didrik.schjott@helse-bergen.no,bergen,,
1049,Barstad,R M,NO,,oslo,,
1050,Gäfvert,Torbjörn,NO,,østerås,,
1051,Bandur Aleksandersen,Thomas,NO,,østerås,,
1052,Skundberg-Kletthagen,Hege,NO,,gjøvik,,
1053,Hall-Lord,Marie Louise,NO,,gjøvik,,
1054,Hedelin,Birgitta,NO,,gjøvik,,
1055,Wangensteen,Sigrid,NO,,gjøvik,,
1056,Haavik,J,NO,,university of bergen,,
1057,Ødegård,Siv Steinsmo,NO,sivstein@stud.ntnu.no,trondheim,,
1058,Tewari,R,NO,,n- bergen,,
1059,Bohlin,Jon,NO,,oslo,,
1060,Hevrøy,Ernst M,NO,ernst.hevroy@nifes.no,bergen,,
1061,Suissa,M Rachel,NO,,oslo,,
1062,Bjøro,K,NO,,university of oslo,,
1063,Klaveness,Dag,NO,,oslo,,
1064,Lybaek,Helle,NO,helle.lybak@helse-bergen.no,bergen,,
1065,Elschot,Mattijs,NO,mattijs.elschot@ntnu.no.,trondheim,,
1066,Selnæs,Kirsten M,NO,,trondheim,,
1067,Sandsmark,Elise,NO,,trondheim,,
1068,Krüger-Stokke,Brage,NO,,trondheim,,
1069,Størkersen,Øystein,NO,,trondheim,,
1070,Giskeødegård,Guro F,NO,,trondheim,,
1071,Tessem,May-Britt,NO,,trondheim,,
1072,Moestue,Siver A,NO,,trondheim,,
1073,Bertilsson,Helena,NO,,trondheim,,
1074,Bathen,Tone F,NO,,trondheim,,
1075,Bjørgen,Morten,NO,,n-0315 oslo,,
1076,Brancaleoni,Greta,NO,,university hospital north,,
1077,Barber,W C,NO,,asker,,
1078,Wessel,J C,NO,,asker,,
1079,Nygard,E,NO,,asker,,
1080,Carlsen,K H,NO,,oslo,,
1081,Svenning,Mette M,NO,,tromsø,,
1082,Nilsen,F S,NO,frosteni@online.no,university of oslo/faculty division aker,,
1083,Aas,Eline,NO,eline.aas@medisin.uio.no,oslo,,
1084,Stanghelle,Daniel,NO,daniel.stanghelle@ntnu.no,trondheim,,
1085,Kapstad,Hilde,NO,,oslo university hospital,,
1086,Nelson,Megan,NO,,oslo university hospital,,
1087,Øverås,Maria,NO,,oslo university hospital,,
1088,Rø,Øyvind,NO,,university of oslo,,
1089,Kure,Cathrine Finne,NO,cathrine.finne.kure@matforsk.no,0033 oslo,,
1090,Helgeland,Anders,NO,andershe@ifi.uio.no,kjeller,,
1091,Jacobsen,Heidi,NO,heidi.jacobsen@r-bup.no,oslo,,
1092,Hermansen,Jo S,NO,j.s.hermansen@ibv.uio.no.,0316 oslo,,
1093,Starrfelt,Jostein,NO,,0316 oslo,,
1094,Voje,Kjetil L,NO,,0316 oslo,,
1095,Stenseth,Nils C,NO,n.c.stenseth@ibv.uio.no.,0316 oslo,,
1096,Mohamed,K G,NO,,bergen,,
1097,Schirmer,Bjørn C T,NO,,n- ås,,
1098,Heir,Even,NO,,n- ås,,
1099,Lindstedt,Bjørn-Arne,NO,,n-0403 oh,,
1100,Møretrø,Trond,NO,,n- ås,,
1101,Langsrud,Solveig,NO,,n- ås,,
1102,Harboe,M,NO,,university of oslo,,
1103,Davidsen,Tonje,NO,,n- oslo,,
1104,Tiller,Heidi,NO,,tromsø,,
1105,Tong,Zhaomin,NO,,borre,,
1106,Orrem,Hilde L,NO,,oslo,,
1107,Nilsson,Per H,NO,,oslo,,
1108,Pischke,Søren E,NO,,oslo,,
1109,Grindheim,Guro,NO,,oslo,,
1110,Seljeflot,Ingebjørg,NO,,oslo,,
1111,Husebye,Trygve,NO,,oslo,,
1112,Aukrust,Pål,NO,,oslo,,
1113,Yndestad,Arne,NO,,oslo,,
1114,Andersen,Geir Ø,NO,,oslo,,
1115,Barratt-Due,Andreas,NO,,oslo,,
1116,Mollnes,Tom E,NO,,oslo,,
1117,Larsen,Geir Arne,NO,g.a.larsen@labmed.uio.no,n- oslo,,
1118,Sakhi,Amrit K,NO,,n-0316 oslo,,
1119,Görbitz,Carl Henrik,NO,c.h.gorbitz@kjemi.uio.no,n-0315 oslo,,
1120,Brændvik,Siri Merete,NO,siri.brendvik@stolav.no,trondheim,,
1121,Torgersen,Svenn,NO,svenn.torgersen@psykologi.uio.no,no-0405 oslo,,
1122,Vaerland,Inger Emilie,NO,,stavanger,,
1123,Vevatne,Kari,NO,,stavanger,,
1124,Brinchmann,Berit Støre,NO,,bodø,,
1125,Varland,Sylvia,NO,sylvia.varland@uib.no.,bergen,,
1126,Arnesen,Thomas,NO,,bergen,,
1127,Carlsen,Ellen Ø,NO,,oslo,,
1128,Frengen,Eirik,NO,,oslo,,
1129,Fannemel,Madeleine,NO,,oslo,,
1130,Misceo,Doriana,NO,,oslo,,
1131,Holm,A L,NO,anne.holm@hsh.no,stord,,
1132,Kran,Anne-Marte B,NO,,no- oslo,,
1133,Mysterud,Atle,NO,atle.mysterud@bio.uio.no,0316 oslo,,
1134,Brandal,Lin Thorstensen,NO,lith@fhi.no,n-0403 oslo,,
1135,Drolsum,L,NO,,oslo,,
1136,Staff,A C,NO,,oslo,,
1137,Engelsen,B K,NO,,university of bergen,,
1138,Gerdts,Eva,NO,eva.gerdts@med.uib.no,bergen,,
1139,Hansson,V,NO,,university of oslo,,
1140,Soulé,Jonathan,NO,,n- bergen,,
1141,Roksvaag,P O,NO,,oslo,,
1142,Teien,Hilde K,NO,,ffi,,
1143,Ragan,Lydia,NO,lydia.ragan@medisin.uio.no,university of oslo,,
1144,Haugan,F,NO,,bergen,,
1145,Myrseth,Helga,NO,helga.myrseth@psysp.uib.no,bergen,,
1146,Butler,Stephen,NO,,trondheim,,
1147,Nersveen,Jonny,NO,,ntnu,,
1148,Asberg,A,NO,,oslo,,
1149,Bødtker,Gunhild,NO,gunhild.bodtker@bio.uib.no,bergen,,
1150,Huseby,Nils-Erik,NO,nilseh@fagmed.uit.no,tromsø,,
1151,Kjøniksen,Anna-Lena,NO,,halden,,
1152,Wang,Wei,NO,,bergen,,
1153,Sauer,T,NO,torill.sauer@medisin.uio.no,oslo,,
1154,Talseth,T,NO,,oslo,,
1155,Kjeken,Ingvild,NO,ingvild.kjeken@nrrk.no,oslo,,
1156,Aarskog,N K,NO,nina.aarskog@haukeland.no,university of bergen,,
1157,Christoffersen,Tore,NO,,alta,,
1158,Winther,Anne,NO,,tromsø,,
1159,Nilsen,Ole Andreas,NO,,no- tromsø,,
1160,Furberg,Anne-Sofie,NO,,tromsø,,
1161,Grimnes,Guri,NO,,tromsø,,
1162,Emaus,Nina,NO,,no- tromsø,,
1163,Skogan,Annette Holth,NO,annette.holth.skogan@ous-hf.no.,oslo,,
1164,Zeiner,Pål,NO,pzeiner@online.no.,oslo,,
1165,Egeland,Jens,NO,jens.egeland@piv.no.,oslo,,
1166,Urnes,Anne-Grethe,NO,anne-grethe.urnes@r-bup.no.,oslo,,
1167,Reichborn-Kjennerud,Ted,NO,ted.reichborn-kjennerud@fhi.no.,oslo,,
1168,Aase,Heidi,NO,heidi.aase@fhi.no.,oslo,,
1169,Claussen,B,NO,,university of oslo,,
1170,Hellesen,A,NO,,bergen,,
1171,Bratland,E,NO,,bergen,,
1172,Nygård,Karin,NO,karin.nygard@fhi.no,oslo,,
1173,Berg-Johnsen,J,NO,,university of oslo,,
1174,Sandberg,Sverre,NO,sverre.sandberg@isf.uib.no,universitetet i bergen,,
1175,Eikenes,Åsmund H,NO,,0379 montebello,,
1176,Haglund,Kaisa,NO,,montebello,,
1177,Bachmann,Lutz,NO,,oslo,,
1178,Fromm,Bastian,NO,,oslo,,
1179,Heiberg,Turid,NO,turid.heiberg@ldh.no,0424,,
1180,R Kirkendall,Lawrence,NO,,n-5006 bergen,,
1181,Gjesdal,Clara Gram,NO,clara.gjesdal@isf.uib.no,haukeland university hospital,,
1182,Olsen,Ingar,NO,,oslo,,
1183,Osmundsen,Harald,NO,,oslo,,
1184,Holm,Inger,NO,inger.holm@rikshospitalet.no,oslo,,
1185,Steffensen,I L,NO,inger-lise.steffensen@folkhelsa.no,oslo,,
1186,Wallin,H,NO,,oslo,,
1187,van den Tillaar,Roland,NO,,levanger,,
1188,Solheim,Jens Asmund Brevik,NO,,levanger,,
1189,Tveten,K M,NO,kine.tveten@gmail.com.,bergen,,
1190,Morken,T,NO,,5008 bergen,,
1191,Forns,Joan,NO,,oslo,,
1192,Eggesbø,Merete,NO,,oslo,,
1193,Vaz-Serrano,J,NO,,n-1432 ås,,
1194,Bretthauer,Michael,NO,,oslo,,
1195,Foss,O A,NO,olav.foss@ntnu.no,trondheim,,
1196,Røttingen,John-Arne,NO,j.arottingen@medisin.uio.no,oslo,,
1197,Mjøs,Svein A,NO,svein.mjos@kj.uib.no,n- fyllingsdalen,,
1198,Gederaas,O A,NO,,trondheim,,
1199,Lossius,Hans Morten,NO,hans.morten.lossius@snla.no,n- drøbak,,
1200,Planagumà,Jesús,NO,,bergen,,
1201,Åstrøm,Anne Nordrehaug,NO,,bergen,,
1202,Nasir,Elwalid Fadul,NO,,bergen,,
1203,Moltu,Christian,NO,,bergen,,
1204,Stefansen,Jon,NO,,førde,,
1205,Nøtnes,Jan Christian,NO,,oslo,,
1206,Skjølberg,Åse,NO,,førde,,
1207,Veseth,Marius,NO,,bergen,,
1208,Nerøien,Astrid Irene,NO,,trondheim,,
1209,Lyngstad-Brechan,Merete Alice,NO,,oslo,,
1210,Krohn,J,NO,,university of bergen,,
1211,Raiborg,Camilla,NO,,n- oslo,,
1212,Wenzel,Eva M,NO,,n- oslo,,
1213,Pedersen,Nina M,NO,,n- oslo,,
1214,Stenmark,Harald,NO,stenmark@ulrik.uio.no.,n-7491 trondheim,,
1215,Andersen,Ingrid A,NO,ingrid.a.andersen@uit.no,tromsø,,
1216,Qvigstad,Erik,NO,,oslo,,
1217,Wiesen,Daniel,NO,,oslo,,
1218,Seehuus,Siri-Christine,NO,sirise@umb.no,n- aas,,
1219,Bjørnerheim,R,NO,,oslo,,
1220,Aars,Ole Kristian,NO,,oslo,,
1221,Godal,Tore,NO,,oslo,,
1222,Kristensen,Frederik,NO,,oslo,,
1223,Ringdal,N,NO,nils@ringdal.org,molde indremedisinske kontor,,
1224,Stensjøen,Anne Line,NO,,trondheim,,
1225,Berntsen,Erik Magnus,NO,,trondheim,,
1226,Nordrum,Ivar Skjåk,NO,,trondheim,,
1227,Salvesen,Øyvind,NO,,trondheim,,
1228,Solheim,Ole,NO,,trondheim,,
1229,Torp,Sverre Helge,NO,,trondheim,,
1230,Tøien,Mette,NO,mette.toien@hbv.no.,drammen,,
1231,Bjørk,Ida Torunn,NO,,oslo,,
1232,Fagerström,Lisbeth,NO,,drammen,,
1233,de Groot,Gudrun Cathrine Lindgren,NO,cathrine.degroot@sthf.no,telemark hospital,,
1234,Kurtze,N,NO,nk@ntforsk.no.,steinkjer,,
1235,Lupattelli,Angela,NO,,oslo,,
1236,Nordeng,Hedvig,NO,,oslo,,
1237,Müller,T B,NO,,university hospital of trondheim,,
1238,Lundgren,S,NO,,university of bergen,,
1239,Dahlgren,Stina S,NO,stinasofia.dahlgren@veths.no,oslo,,
1240,Hole,Kristine,NO,,bergen,,
1241,Arnesen,Thomas,NO,,bergen,,
1242,Magelssen,Morten,NO,magelssen@gmail.com,lovisenberg diakonale sykehus,,
1243,Rustad,P,NO,prustad@furst.no,no- oslo,,
1244,Lydersen,C,NO,,department of biology,,
1245,Havnes,Ingrid Amalia,NO,i.a.havnes@medisin.uio.no.,nydalen 0424,,
1246,Kasper,Jürgen,NO,,tromsø,,
1247,De Angelis,Paula M,NO,a.p.de@labmed.uio.no,oslo,,
1248,Aune,D,NO,,trondheim,,
1249,Chen,Jian,NO,jian.chen@med.uib.no,n- bergen,,
1250,Iversen,Hildegunn,NO,,norwegian university of life sciences oslo,,
1251,L' Abée-Lund,Trine M,NO,,norwegian university of life sciences oslo,,
1252,Aspholm,Marina,NO,,norwegian university of life sciences oslo,,
1253,Arnesen,Lotte P S,NO,,norwegian university of life sciences oslo,,
1254,Lindbäck,Toril,NO,,norwegian university of life sciences oslo,,
1255,Smedsrød,Bård,NO,,tromsø,,
1256,Fuglesteg,Britt,NO,,tromsø,,
1257,Elvevold,Kjetil,NO,,tromsø,,
1258,Jassim,G,NO,,bergen,,
1259,Oldenburg,Jan,NO,jan.oldenburg@medisin.uio.no.,oslo,,
1260,Mantaka,Panagiota,NO,panman@ous-hf.no,no- oslo,,
1261,Hellevang,Helge,NO,,bergen,,
1262,Kommedal,Oyvind,NO,oyvind.kommedal@isentio.com,bergen,,
1263,Heiervang,Einar,NO,einar.heiervang@rbup.uib.no,bergen,,
1264,Lund,M B,NO,may.brit.lund@rikshospitalet.no,n- oslo,,
1265,Haug,Anna,NO,anna.haug@umb.no,aas,,
1266,Koelsch,Stefan,NO,,bergen,,
1267,Bergland,Astrid,NO,astrid.bergland@hf.hio.no,oslo,,
1268,Rohrlack,Thomas,NO,,no-1432 ås,,
1269,Haande,Sigrid,NO,,no- oslo,,
1270,Molversmyr,Åge,NO,,no- stavanger,,
1271,Kyle,Marcia,NO,,no-1432 ås,,
1272,Hallanger,Ingeborg G,NO,hallanger@npolar.no,tromsø,,
1273,Heldal,K K,NO,kari.heldal@stami.no,oslo,,
1274,Mangel,Marc,NO,,bergen 5020,,
1275,Dalen,K,NO,,department of clinical neuropsychology,,
1276,Dalbye,Rebecka,NO,rebecka.dalbye@so-hf.no,fredrikstad,,
1277,Hagen,Kåre Birger,NO,,oslo,,
1278,Grotle,Margreth,NO,,oslo,,
1279,Pettersen,Trond R,NO,trond.roed.pettersen@helse-bergen.no.,haukeland university hospital,,
1280,Fålun,Nina,NO,,bergen university college,,
1281,Norekvål,Tone M,NO,,university of bergen,,
1282,Finsen,V,NO,vilh.finsen@medisin.ntnu.no,trondheim,,
1283,Aak,Anders,NO,,norwegian institute of public health oslo,,
1284,Rukke,Bjørn A,NO,,norwegian institute of public health oslo,,
1285,Soleng,Arnulf,NO,,norwegian institute of public health oslo,,
1286,Rosnes,Marte K,NO,,county governor sogn og fjordane leikanger,,
1287,Heier,T,NO,,oslo,,
1288,Smerdel,A,NO,asmerdel@klinmed.uio.no,oslo,,
1289,Araujo,Pedro,NO,pedro.araujo@nifes.no,n-5817 bergen,,
1290,Mathiesen,E B,NO,ellisiv.mathiesen@ism.uit.no,tromsø,,
1291,Johansen,F E,NO,f.e.johansen@labmed.uio.no,rikshospitalet,,
1292,Fossum,Eigil,NO,eigil.fossum@ioks.uio.no,oslo,,
1293,Knudtsen,Ingerid Skjei,NO,ingerid.skjei.knudtsen@ous-hf.no,oslo,,
1294,Rutle,O,NO,,university of oslo,,
1295,Iversen,Marjolein M,NO,marjolein.iversen@hib.no,bergen,,
1296,Bergerød,Inger Johanne,NO,inger.j.bergerod@uis.no.,stavanger,,
1297,Gilje,Bjørnar,NO,,stavanger,,
1298,Braut,Geir S,NO,,stavanger,,
1299,Wiig,Siri,NO,,stavanger,,
1300,Glover,J C,NO,joel.glover@basalmed.uio.no,oslo,,
1301,Visnes,Håvard,NO,,oslo,,
1302,Bukholm,G,NO,,university of oslo,,
1303,Traeen,B,NO,,oslo,,
1304,Ringstad,Geir,NO,,oslo,,
1305,Vatnehol,Svein Are Sirirud,NO,,oslo,,
1306,Eide,Per Kristian,NO,,oslo,,
1307,Gran,C,NO,,oslo,,
1308,Barretto Tinoco,E M,NO,barretto@odont.uio.no,university of oslo,,
1309,Saeter,Thorstein,NO,,oslo,,
1310,Vlatkovic,Ljiljana,NO,,oslo,,
1311,Waaler,Gudmund,NO,,arendal,,
1312,Servoll,Einar,NO,,arendal,,
1313,Nesland,Jahn M,NO,,oslo,,
1314,Axcrona,Karol,NO,,lørenskog,,
1315,Axcrona,Ulrika,NO,,oslo,,
1316,Ostern,Atle Einar,NO,,oslo university hospital and university of oslo,,
1317,Pedersen,B S,NO,,oslo university hospital,,
1318,Thomassen,Gard O S,NO,,oslo,,
1319,Schjetlein,R,NO,,oslo,,
1320,Elsås,T,NO,,university of trondheim,,
1321,Anjum,Rani Lill,NO,,ås,,
1322,Mumford,Stephen D,NO,,ås,,
1323,Storaas,Torgeir,NO,torgeir.storaas@helse-bergen.no,bergen,,
1324,Bele,Irene Velsvik,NO,irene.bele@hivolda.no,volda,,
1325,Myreng,Y,NO,,oslo university,,
1326,Remø,S C,NO,,bergen,,
1327,Hevrøy,E M,NO,,bergen,,
1328,Olsvik,P A,NO,,bergen,,
1329,Fontanillas,R,NO,,stavanger,,
1330,Breck,O,NO,,bergen,,
1331,Waagbø,R,NO,,bergen,,
1332,Talseth,T,NO,,oslo,,
1333,Mørland,J,NO,,oslo,,
1334,Folven,Erik,NO,folven@ntnu.no,no- trondheim,,
1335,Bakken,K,NO,,ottestad,,
1336,Torsvik,Trond H,NO,,oslo,,
1337,Doubrovine,Pavel V,NO,,oslo,,
1338,Steinberger,Bernhard,NO,,oslo,,
1339,Gaina,Carmen,NO,,oslo,,
1340,Spakman,Wim,NO,,oslo,,
1341,Domeier,Mathew,NO,,oslo,,
1342,Hjelmeland,H,NO,,dragvoll,,
1343,Dullerud,R,NO,,oslo,,
1344,Borge,L,NO,,oslo,,
1345,Stene-Larsen,Kim,NO,kim.stene-larsen@fhi.no.,oslo,,
1346,Lang,Astri M,NO,,oslo,,
1347,Vollrath,Margarete E,NO,,oslo,,
1348,Mally,Richard,NO,,bergen,,
1349,Mahmood,Javed Iqbal,NO,,oslo,,
1350,Rud,Erik,NO,,aker,,
1351,Klotz,Dagmar,NO,,ullevål,,
1352,Rennesund,Kristin,NO,,aker,,
1353,Baco,Eduard,NO,,aker,,
1354,Berge,Viktor,NO,,aker,,
1355,Lien,Diep,NO,,ullevål,,
1356,Svindland,Aud,NO,,oslo,,
1357,Lundeby,Eskild,NO,,aker,,
1358,Berg,Rolf E,NO,,aker,,
1359,Eri,Lars M,NO,,aker,,
1360,Eggesbø,Heidi B,NO,,oslo,,
1361,Haavet,Ole R,NO,o.r.haavet@medisin.uio.no,oslo,,
1362,Nordvik,H,NO,,university of trondheim,,
1363,Heiberg,Turid,NO,,oslo,,
1364,Kvien,Tore K,NO,,no- oslo,,
1365,Kristoffersen,Espen Saxhaug,NO,e.s.kristoffersen@medisin.uio.no,lørenskog,,
1366,Kaldhusdal,M,NO,,oslo,,
1367,Fjaerli,Hans-Olav,NO,h.o.fjarli@medisin.uio.no,akershus university hospital,,
1368,Erland,Sveinung,NO,,n- trondheim,,
1369,Drugli,May Britt,NO,may.b.drugli@ntnu.no,norwegian university of science and technology,,
1370,Al-Arabi,S A M,NO,syed.al-arabi@ifm.uib.no,bergen,,
1371,Stien,B R,NO,,oslo,,
