temp_id,lastname,firstname,countries_scope,email,town,role,url
1,Martinsen,Elin,NO,e.h.martinsen@medisin.uio.no,0318 oslo,,
2,van der Meer,A L,NO,,trondheim,,
3,Smaaland,R,NO,,university of bergen,,
4,Braathen,Stine Hellum,NO,,trondheim,,
5,Løken,Elin Bjørge,NO,,oslo,,
6,Wandel,Margareta,NO,,oslo,,
7,Andersen,Lene Frost,NO,,oslo,,
8,Borchgrevink,H M,NO,hmb@rcn.no,oslo,,
9,Strøm Halden,Thea Anine,NO,,oslo,,
10,Fløisand,Y,NO,,oslo,,
11,Gjertsen,B T,NO,,bergen,,
12,Lerdal,Anners,NO,anners.lerdal@ldh.no,oslo,,
13,Reinsch,Helge,NO,,oslo,,
14,Hessen,Dag Olav,NO,,olso 3,,
15,Altin,Dag,NO,,n- trondheim,,
16,Berg,Torunn,NO,,n- trondheim,,
17,Jenssen,Bjørn Munro,NO,,n- trondheim,,
18,Gabrielsen,Geir Wing,NO,,n- tromsø,,
19,Hansen,Bjørn Henrik,NO,,n- trondheim,,
20,Sæther,Sandra,NO,,trondheim,,
21,Koch,Henrik,NO,,trondheim,,
22,Høyvik,Ida-Marie,NO,,trondheim,,
23,Gianella,Camila,NO,,university of bergen,,
24,Folkvord,Arild,NO,,bergen,,
25,Lützow-Holm,C,NO,,university of oslo,,
26,Sjaastad,I,NO,,ullevaal university hospital,,
27,Andersen,A,NO,,skien,,
28,Eichele,Heike,NO,,university of bergen bergen,,
29,Eichele,Tom,NO,,haukeland university hospitalbergen,,
30,Bjelland,Ingvar,NO,,university of bergenbergen,,
31,Høvik,Marie F,NO,,university of bergen bergen,,
32,Sørensen,Lin,NO,,university of bergen bergen,,
33,van Wageningen,Heidi,NO,,university of bergen bergen,,
34,Worren,Marius Kalsås,NO,,university of bergen bergen,,
35,Hugdahl,Kenneth,NO,,haukeland university hospitalbergen,,
36,Knapstad,Marit,NO,,bergen,,
37,Ho,Tung Si,NO,,n-0316 oslo,,
38,Storm,Marianne,NO,,stavanger,,
39,Testad,Ingelin,NO,,stavanger,,
40,Dyrstad,Dagrunn N,NO,,stavanger,,
41,Heskestad,Randi N,NO,,stavanger,,
42,Aase,Karina,NO,,stavanger,,
43,Bolstad,B,NO,,oslo,,
44,Høgåsen,A K,NO,,oslo,,
45,Førland,Oddvar,NO,,bergen,,
46,Jordet,Geir,NO,,oslo,,
47,Kaur,Navreet,NO,navreet.kaur@nmbu.no.,oslo,,
48,Bouzga,Mariam M,NO,mariam.bouzga@fhi.no.,oslo,,
49,Dørum,Guro,NO,guro.dorum@nmbu.no.,oslo,,
50,Egeland,Thore,NO,thore.egeland@nmbu.no.,oslo,,
51,Lassen,Kristoffer,NO,lassen@unn.no,tromsø,,
52,Broemstrup,Torben,NO,,bergen,,
53,Sørdal,Vegard,NO,,oslo,,
54,Bergli,Joakim,NO,,oslo,,
55,Galperin,Y M,NO,,oslo,,
56,Yu,Hao,NO,hao.yu@uit.no.,narvik,,
57,Solvang,Wei Deng,NO,wei.d.solvang@uit.no.,narvik,,
58,Eagan,T M L,NO,tomas.eagan@med.uib.no,bergen,,
59,Helsing,Per,NO,,oslo,,
60,Cantas,Hasan,NO,hasan.cantas@nvh.no,oslo,,
61,Aspestrand,F,NO,,oslo,,
62,Hatlebakk,J G,NO,jhat@haukeland.no,university of bergen,,
63,Ness,Torbjørn V,NO,,ås,,
64,Vandenberghe,Matthieu,NO,,oslo,,
65,Djurovic,Srdjan,NO,,oslo,,
66,Andreassen,Ole A,NO,,oslo,,
67,Einevoll,Gaute T,NO,,ås,,
68,Gao,Yongqi,NO,yongqi.gao@nersc.no,bergen,,
69,Engedal,K,NO,,oslo,,
70,Jørstad,Øystein Kalsnes,NO,,oslo,,
71,Wigers,Andreas Reidar,NO,,oslo,,
72,Marthinsen,Pål Bache,NO,,oslo,,
73,Moe,Morten Carstens,NO,,oslo,,
74,Evang,Johan Arild,NO,,oslo,,
75,Khan,F,NO,,oslo,,
76,Pharo,A,NO,,oslo,,
77,Lindstad,J K,NO,,oslo,,
78,Mollnes,T E,NO,,oslo,,
79,Tønnessen,T I,NO,,oslo,,
80,Pischke,S E,NO,,oslo,,
81,Rokstad,Anne Mari,NO,,stjørdal,,
82,Mollnes,Tom E,NO,,tromsø,,
83,Magnusson,Karin,NO,magnusson_karin@hotmail.com.,oslo,,
84,Myhre,Anders E,NO,,oslo,,
85,McCormack,Emmet,NO,emmet.mc.cormack@uib.no.,bergen,,
86,Aas,I H,NO,maa@afi-wri.no,oslo,,
87,D'Antonio,F,NO,,tromsø,,
88,Syversen,Unni,NO,unni.syversen@ntnu.no,trondheim,,
89,Todnem,Kari,NO,,st. olavs hospital,,
90,Furnes,Bodil,NO,,stavanger,,
91,Natvig,Gerd Karin,NO,,bergen,,
92,Dysvik,Elin,NO,,stavanger,,
93,Rølla,G,NO,,university of oslo,,
94,Strand,G V,NO,,university of bergen,,
95,Ege,Sarah,NO,,kristiansand,,
96,Berner,Kjetil,NO,kjetil.berner@ous-hf.no.,oslo,,
97,Bjerkehagen,Bodil,NO,,oslo,,
98,Bruland,Øyvind S,NO,,oslo,,
99,Berner,Aasmund,NO,,oslo,,
100,Torkildsen,Øivind,NO,oivind.torkildsen@gmail.com,bergen,,
101,Ulstein,M,NO,,university of bergen,,
102,Haglund,Kaisa,NO,kaisa.haglund@rr-research.no,n- oslo,,
103,Lindstedt,B A,NO,bjorn-arne.lindstedt@flokehelsa.no,n- oslo,,
104,Aspholm,Paul E,NO,,no- ås,,
105,Nilsson,Lars O,NO,,no- ås,,
106,Berglen,Tore F,NO,,kjeller,,
107,Jensen,Henning K B,NO,,trondheim,,
108,Baggio,Giosuè,NO,,norwegian university of science and technologytrondheim,,
109,Fredwall,Terje Emil,NO,,university of agder,,
110,Larsen,Inger Beate,NO,,university of agder,,
111,Vesterdal,Caroline,NO,,no-0315 oslo,,
112,Wilson,Steven Ray,NO,,no-0315 oslo,,
113,Lundanes,Elsa,NO,,no-0315 oslo,,
114,Alexander,J,NO,jan.alexander@folkehelsa.no,oslo,,
115,Naper,C,NO,,university of oslo,,
116,Øyen,Jannike,NO,,bergen,,
117,Meyer,Klaus,NO,,bergen,,
118,Ueland,Per Magne,NO,,bergen,,
119,Nygård,Ottar,NO,,bergen,,
120,Ausland,Line,NO,,oslo,,
121,Revheim,Mona-Elisabeth,NO,,oslo,,
122,Skretting,Arne,NO,,oslo,,
123,Stokke,Caroline,NO,,oslo,,
124,Furnes,Bodil,NO,,stavanger,,
125,Dysvik,Elin,NO,,stavanger,,
126,Hexeberg,E,NO,,haukeland hospital,,
127,Mørkved,S,NO,,melhus,,
128,Otnaess,M K,NO,monao@svt.ntnu.no,trondheim,,
129,Eiken,H G,NO,,university of bergen,,
130,Johnsen,May Trude,NO,maytrude@online.no,tromsø,,
131,Rustøen,Tone,NO,,university of oslo,,
132,Solevåg,Anne Lee,NO,,nordbyhagen,,
133,Småstuen,Milada Cvancarova,NO,,oslo,,
134,Nakstad,Britt,NO,,nordbyhagen,,
135,Wisting,Line,NO,,oslo,,
136,Bang,Lasse,NO,,oslo,,
137,Skrivarhaug,Torild,NO,,oslo,,
138,Dahl-Jørgensen,Knut,NO,,oslo,,
139,Rø,Øyvind,NO,,oslo,,
140,Steiner,Timothy J,NO,t.steiner@imperial.ac.uk.,trondheim,,
141,Myhre,Arne K,NO,arne.k.myhre@ntnu.no,trondheim,,
142,Ytrehus,K,NO,,university of tromsø,,
143,Moltu,Sissel J,NO,,oslo,,
144,Goyal,Alka Rani,NO,,ottestad,,
145,Zayats,T,NO,,bergen,,
146,Stansberg,C,NO,,bergen,,
147,Pallesen,S,NO,,bergen,,
148,Mrdalj,J,NO,,bergen,,
149,Håvik,B,NO,,bergen,,
150,Soulé,J,NO,,bergen,,
151,Haavik,J,NO,,bergen,,
152,Milde,A M,NO,,bergen,,
153,Skrede,S,NO,,bergen,,
154,Murison,R,NO,,bergen,,
155,Grønli,J,NO,,bergen,,
156,Helsing,Per,NO,per.helsing@rikshospitalet.no,n- oslo,,
157,Raballo,Andrea,NO,,trondheim,,
158,Linder,Jacob,NO,,trondheim,,
159,Eggesbø,Heidi B,NO,,oslo,,
160,Flaa,Arnljot,NO,,oslo,,
161,Kjeldsen,Sverre E,NO,,oslo,,
162,Rostrup,Morten,NO,,oslo,,
163,Brunborg,Cathrine,NO,,oslo,,
164,Reims,Henrik M,NO,,oslo,,
165,Aksnes,Tonje Amb,NO,,oslo,,
166,Gullestad,L,NO,,sandvika,,
167,Bø,Kari,NO,kari.bo@nih.no,oslo,,
168,Kristensen,Hanne,NO,hanne.kristensen@r-bup.no,no- oslo,,
169,Liengen,Turid,NO,,herøya industripark porsgrunn,,
170,Skogen,Jens C,NO,,bergen,,
171,Øverland,Simon,NO,,university of bergen,,
172,Knudsen,Ann K,NO,,bergen,,
173,Brustugun,Odd Terje,NO,,drammen,,
174,Ballot,A,NO,,no- oslo,,
175,Uhlig,S,NO,,oslo,,
176,Nystad,W,NO,wenche.nystad@folkehelsa.no,oslo,,
177,Skibeli,Venke,NO,venke.skibeli@legemiddelverket.no,oslo,,
178,Samset,Bjørn Hallvard,NO,b.h.samset@cicero.oslo.no.,oslo,,
179,Lunde,Merete,NO,merete.lunde@ikbm.nlh.no,n-1432 aas,,
180,Dong,Hefeng,NO,hefeng@iet.ntnu.no,no- trondheim,,
181,Dahlgren,Stina S,NO,stinasofia.dahlgren@veths.no,oslo,,
182,Delaveris,Gerd Jorunn Møller,NO,,oslo,,
183,Halse,A,NO,agnar.halse@odont.uib.no,bergen,,
184,Bjørklund,Geir,NO,,mo i rana,,
185,Weimand,Bente M,NO,bente.weimand@ahus.no,lørenskog,,
186,Henriksen,Lena,NO,,oslo,,
187,Stensvold,Dorthe,NO,,trondheim,,
188,Arild,Slørdahl Stig,NO,,trondheim,,
189,Wisløff,Ulrik,NO,,trondheim,,
190,Rost,Silke,NO,,oslo,,
191,Oedegaard,K J,NO,,bergen,,
192,Grotmol,S,NO,sindre.grotmol@imr.no,bergen,,
193,Aasland,M,NO,,as,,
194,Levy,F O,NO,,university of oslo,,
195,Smeland,Anja Hetland,NO,,oslo university hospital,,
196,Rustøen,Tone,NO,,university of oslo,,
197,Naess,Torgun,NO,,oslomet - oslo metropolitan university,,
198,Nybro,Lill,NO,,oslomet - oslo metropolitan university,,
199,Reinertsen,Hanne,NO,,oslomet - oslo metropolitan university,,
200,Diseth,Trond H,NO,,oslo university hospital,,
201,Trösse,Christiane,NO,ctr@nifes.no,bergen,,
202,Backe,Bjørn,NO,bjorn.backe@ntnu.no,trondheim,,
203,Nyen,Siri,NO,,oslo,,
204,Tveit,Bodil,NO,,oslo,,
205,Sand,O,NO,olav.sand@bio.uio.no,the university of oslo,,
206,Nafstad,P,NO,,oslo,,
207,Raastad,Morten,NO,morten.raastad@basalmed.uio.no,0317 oslo,,
208,Kulseng-Hanssen,S,NO,kulsengh@online.no,baerum hospital,,
209,Kudryavtsev,Alexander V,NO,,tromsø,,
210,Meling,Torstein R,NO,torstein.meling@mailcity.com.,oslo,,
211,Arsand,Eirik,NO,eirik.arsand@telemed.no,tromsø,,
212,Bendiksby,Mika,NO,mika.bendiksby@ntnu.no.,trondheim,,
213,Haugan,Reidar,NO,,oslo,,
214,Timdal,Einar,NO,,oslo,,
215,Blomhoff,R,NO,,university of oslo,,
216,Bakke,A M,NO,annemarie.bakke@veths.no,oslo,,
217,Helland,A,NO,,oslo,,
218,Bjorgul,K,NO,krisbjorgul@gmail.com,fredrikstad,,
219,Borgå,Katrine,NO,katrine.borga@niva.no,n- oslo,,
220,Jassim,Goran,NO,,bergen,,
221,Nylund,S,NO,stian.nylund@bio.uib.no,bergen,,
222,Aae,F,NO,,oslo,,
223,Olstad,K,NO,,oslo,,
224,Aasmundstad,T,NO,,hamar,,
225,Janczak,A M,NO,,oslo,,
226,Gustavsen,Marte Wendel,NO,,oslo,,
227,Harbo,Hanne F,NO,,oslo,,
228,Bastien,Sheri,NO,,ås,,
229,Wubs,Annegreet,NO,,bergen,,
230,Klepp,Knut-Inge,NO,,oslo,,
231,Aarø,Leif Edvard,NO,,bergen,,
232,McClusky,Leon Mendel,NO,leonmc@hin.no,narvik,,
233,Bergsland,Jacob,NO,,oslo,,
234,Mirtaheri,Peyman,NO,,oslo,,
235,Hiorth,Nikolai,NO,,oslo,,
236,Fosse,Erik,NO,,oslo,,
237,Kinge,Jonas Minet,NO,jonas.minet.kinge@fhi.no.,oslo,,
238,Knudsen,Ann Kristin,NO,ann.knudsen@igs.uib.no.,oslo,,
239,Skirbekk,Vegard,NO,vegard.skirbekk@fhi.no.,oslo,,
240,Vollset,Stein Emil,NO,vollset@igs.uib.no.,oslo,,
241,Apelseth,T O,NO,,bergen,,
242,Sivertsen,J,NO,,bergen,,
243,Annaniasen,K,NO,,bergen,,
244,Hervig,T,NO,,bergen,,
245,Samulin Erdem,Johanna,NO,,oslo,,
246,Skare,Øivind,NO,,oslo,,
247,Petersen-Øverleir,Marte,NO,,oslo,,
248,Notø,Heidi Ødegaard,NO,,oslo,,
249,Lie,Jenny-Anne S,NO,,oslo,,
250,Zienolddiny,Shanbeh,NO,,oslo,,
251,Sandberg,S,NO,,bergen,,
252,Mostad,Ingrid Løvold,NO,,no-7006 trondheim,,
253,Torgersen,Trine,NO,trine.torgersen@vetinst.no,no- oslo,,
254,Afzal,F,NO,,asker,,
255,Kausrud,Kyrre L,NO,,oslo,,
256,Easterday,W Ryan,NO,,oslo,,
257,Økstad,Ole A,NO,,oslo,,
258,Kolstø,Anne-Brit,NO,,oslo,,
259,Stenseth,Nils C,NO,,oslo,,
260,Degnes,Kristin F,NO,kristin.f.degnes@sintef.no.,n- trondheim,,
261,Sletta,Håvard,NO,havard.sletta@sintef.no.,n- trondheim,,
262,Fagerli,Karen Minde,NO,,oslo,,
263,Joshi,Himanshu,NO,,lorenskog,,
264,Hansen,T,NO,,school of medicine,,
265,Lindbäck,Toril,NO,toril.lindback@nmbu.no.,n-0033 oslo,,
266,Hey,A W,NO,,university of tromsø,,
267,Solberg,C,NO,,university of tromsø,,
268,Hughes,Anna L C,NO,,bergen,,
269,Rounge,T B,NO,trine.rounge@kreftregisteret.no.,oslo,,
270,Furu,K,NO,kari.furu@kreftregisteret.no.,oslo,,
271,Skotheim,R I,NO,rolf.i.skotheim@rr-research.no.,oslo,,
272,Haugen,T B,NO,trine.b.haugen@hioa.no.,oslo,,
273,Grotmol,T,NO,tom.grotmol@kreftregisteret.no.,oslo,,
274,Enerly,E,NO,espen.enerly@kreftregisteret.no.,oslo,,
275,Bogen,B,NO,,oslo,,
276,Bach,Trond,NO,,oslo,,
277,Haugen,Guttorm,NO,g.haugen@ukonline.co.uk,oslo,,
278,Nilsen,Trine,NO,,oslo,,
279,Ellingsen,Christine,NO,,oslo university hospital,,
280,Hompland,Tord,NO,,oslo university hospital,,
281,Galappathi,Kanthi,NO,,oslo university hospital,,
282,Mathiesen,Berit,NO,,oslo university hospital,,
283,Harris,Janet,NO,janet.harris@sheffield.ac.uk.,bergen,,
284,Graue,Marit,NO,marit.graue@hib.no.,bergen,,
285,Haltbakk,Johannes,NO,johannes.haltbakk@hib.no.,bergen,,
286,Austrheim,Gunhild,NO,gunhild.austrheim@hib.no.,bergen,,
287,Skille,Nina,NO,nina.skille@diabetes.no.,oslo,,
288,Rokne,Berit,NO,berit.rokne@igs.uib.no.,bergen,,
289,Kirkevold,Marit,NO,marit.kirkevold@medisin.uio.no.,bergen,,
290,Halvorsen,S,NO,,university of oslo,,
291,Benito,Blas M,NO,,bergen,,
292,Tingulstad,Solveig,NO,solveig.tingulstad@medisin.ntnu.no,trondheim,,
293,Hisada,Yohei,NO,,9037 tromsø,,
294,Mackman,Nigel,NO,,9037 tromsø,,
295,Kolstø,Anne-Brit,NO,a.b.kolsto@farmasi.uio.no,oslo,,
296,Møller,Bjørn,NO,bjorn.moller@kreftregisteret.no,n- oslo,,
297,Wiborg,Ida M,NO,ida.wiborg@psykiatri.uio.no,oslo,,
298,Perminow,Gøri,NO,,oslo,,
299,Sund,S,NO,,university of oslo,,
300,Karlstad,Øystein,NO,,oslo,,
301,Sem,S W,NO,,university of oslo,,
302,Mala,Tom,NO,,oslo,,
303,Berge,V,NO,,oslo,,
304,Maiga,Ababacar,NO,,0316 oslo,,
305,Omsland,Tone K,NO,tone.kristin.omsland@fhi.no,oslo,,
306,Zakhartsev,Maksim,NO,,ås,,
307,Heggelund,Julie Elisabeth,NO,,blindern,,
308,Burschowsky,Daniel,NO,,blindern,,
309,Bjørnestad,Victoria Ariel,NO,,blindern,,
310,Krengel,Ute,NO,,blindern,,
311,Zacharaki,Eirini,NO,,0315 oslo,,
312,Kalyva,Maria,NO,,0315 oslo,,
313,Fjellvåg,Helmer,NO,,0315 oslo,,
314,Sjåstad,Anja Olafsen,NO,,0315 oslo,,
315,Lagunova,Zoya,NO,zoya.lagunova@rr-research.no,oslo,,
316,Stuen,S,NO,snorre.stuen@veths.no,sandnes,,
317,Bunaes,D F,NO,,bergen,,
318,Mustafa,M,NO,,bergen,,
319,Mohamed,H G,NO,,bergen,,
320,Lie,S A,NO,,bergen,,
321,Leknes,K N,NO,,bergen,,
322,Lindeman,Leif C,NO,,oslo,,
323,Bjørngaard,Johan Håkon,NO,jhb@sintef.no,trondheim,,
324,Hrubos-Strøm,Harald,NO,,lørenskog,,
325,Teixeira,M R,NO,,oslo,,
326,Kolnes,Liv-Jorunn,NO,,0806 oslo,,
327,Haugan Moi,Line L,NO,,bergen,,
328,Hallstensen,Randi Fykse,NO,,bodø,,
329,Bergseth,Grethe,NO,,bodø,,
330,Foss,Stian,NO,,university of oslo,,
331,Jæger,Steinar,NO,,bodø,,
332,Gedde-Dahl,Tobias,NO,,oslo,,
333,Holt,Jan,NO,,bodø,,
334,Christiansen,Dorte,NO,,bodø,,
335,Lau,Corinna,NO,,bodø,,
336,Brekke,Ole-Lars,NO,,university of tromsø,,
337,Andersen,Jan Terje,NO,,oslo university hospital rikshospitalet and university of oslo,,
338,Sandlie,Inger,NO,,university of oslo,,
339,Skokauskas,Norbert,NO,,trondheim,,
340,Ramirez-Llodra,Eva,NO,,no- oslo,,
341,Rinde,Eli,NO,,no- oslo,,
342,Gundersen,Hege,NO,,no- oslo,,
343,Christie,Hartvig,NO,,no- oslo,,
344,Fagerli,Camilla With,NO,,no- oslo,,
345,Fredriksen,Stein,NO,,no-0316 oslo,,
346,Gitmark,Janne Kim,NO,,no- oslo,,
347,Norling,Karl,NO,,no- oslo,,
348,Walday,Mats Gunnar,NO,,no- oslo,,
349,Norderhaug,Kjell Magnus,NO,,no- oslo,,
350,Sjaastad,O,NO,,trondheim university hospital,,
351,Stecyk,Jonathan A W,NO,jonathan.stecyk@imbv.uio.no,oslo,,
352,Kakar,Manish,NO,manish.kakar@rr-research.no,oslo,,
353,Chu,Xi,NO,,tromsø,,
354,Bremnes,B,NO,,university of oslo,,
355,Sandø,Alina Desiree,NO,,trondheim,,
356,Sundgot-Borgen,J K,NO,,oslo,,
357,Shegarfi,Hamid,NO,hamid.shegarfi@medisin.uio.no,oslo,,
358,Winsnes,R,NO,,n- oslo,,
359,Dickstein,K,NO,,stavanger,,
360,Måren,Inger,NO,,bergen,,
361,Graff-Iversen,Sidsel,NO,sgri@fhi.no,oslo,,
362,Davies,C D,NO,,trondheim,,
363,Selbæk,Geir,NO,,tønsberg,,
364,Krokstad,Steinar,NO,,tønsberg,,
365,Helvik,Anne-S,NO,,tønsberg,,
366,Hetlevik,Øystein,NO,oystein.hetlevik@uib.no.,bergen,,
367,Hustoft,Merethe,NO,,bergen,,
368,Aßmus,Jörg,NO,,bergen,,
369,Gjesdal,Sturla,NO,,bergen,,
370,Komorovsky,Stanislav,NO,,n- tromsø,,
371,Antonov,Anton,NO,,trondheim,,
372,Enserink,Jorrit M,NO,jorrit.enserink@rr-research.no.,n- oslo,,
373,Zubac,Dragomir P,NO,,bergen,,
374,Fosse,Einar,NO,einar.fosse@ism.uit.no,tromsø,,
375,Naess,H,NO,,bergen,,
376,Kurtz,M,NO,,stavanger,,
377,Thomassen,L,NO,,bergen,,
378,Waje-Andreassen,U,NO,,bergen,,
379,Romundstad,S,NO,solfrid.romundstad@medisin.ntnu.no,verdal,,
380,Lundervold,A,NO,,university of bergen,,
381,Olsen,Ingar,NO,,oslo,,
382,Benjaminsen Borch,Kristin,NO,,tromsø,,
383,Berge,Hilde Moseby,NO,,oslo,,
384,Lovstakken,Lasse,NO,,trondheim,,
385,Hofstad,B,NO,,oslo,,
386,Kjeldstad,B,NO,,dragvoll,,
387,Martyushenko,Nikolay,NO,,n-,,
388,Johansen,Sigurd Hagen,NO,,n-,,
389,Almaas,Eivind,NO,eivind.almaas@ntnu.no.,n-,,
390,Halse,A,NO,,bergen,,
391,Husøy,Andreas Kattem,NO,,trondheim,,
392,Pintzka,Carl,NO,,trondheim,,
393,Eikenes,Live,NO,,trondheim,,
394,Håberg,Asta K,NO,,trondheim,,
395,Hagen,Knut,NO,,trondheim,,
396,Linde,Mattias,NO,,trondheim,,
397,Stovner,Lars Jacob,NO,,trondheim,,
398,Klungland,A,NO,,biotechnology centre of oslo,,
399,Johnsen,Tone Langjordet,NO,tone.johnsen@siv.no.,tønsberg,,
400,Indahl,Aage,NO,,tønsberg,,
401,Eriksen,Hege Randi,NO,,bergen,,
402,Ihlebæk,Camilla,NO,,ås,,
403,Tveito,Torill Helene,NO,,bergen,,
404,Austdal,Lars Peter Engeset,NO,,university of oslo,,
405,Mathisen,Gro H,NO,,university of oslo,,
406,Løberg,Else Marit,NO,,ullevål,,
407,Gislerød,H R,NO,,ås,,
408,Stensvand,A,NO,,ås,,
409,Laake,Ida,NO,ida.laake@medisin.uio.no,oslo,,
410,Varpe,Øystein,NO,,longyearbyen,,
411,Tangen,Ingvild Løberg,NO,,bergen,,
412,Krakstad,Camilla,NO,,bergen,,
413,Halle,Mari K,NO,,bergen,,
414,Werner,Henrica M J,NO,,bergen,,
415,Oyan,Anne M,NO,,bergen,,
416,Kusonmano,Kanthida,NO,,bergen,,
417,Petersen,Kjell,NO,,bergen,,
418,Kalland,Karl Henning,NO,,bergen,,
419,Akslen,Lars A,NO,,bergen,,
420,Trovik,Jone,NO,,bergen,,
421,Hurtado,Antoni,NO,,oslo,,
422,Salvesen,Helga B,NO,,bergen,,
423,Bjørgen,Siri,NO,,trondheim,,
424,Dahl,Ola E,NO,oladahl@start.no,oslo,,
425,Brandal,Petter,NO,,oslo,,
426,Torbjørnsen,Astrid,NO,astrid.torbjornsen@hioa.no.,oslo,,
427,Førre,O,NO,,oslo sanitetsforenings rheumatism hospital,,
428,Sunde,Marianne,NO,,oslo,,
429,Schau Slettemeås,Jannice,NO,,oslo,,
430,Johannessen Landmark,Cecilie,NO,,oslo,,
431,I Johannessen,Svein,NO,,oslo,,
432,Gerits,Nancy,NO,,n- tromsø,,
433,Visted,Therese,NO,,bergen,,
434,Wiberg,J,NO,,oslo,,
435,Gravning,Jørgen,NO,j.a.gravning@medisin.uio.no,oslo,,
436,Holst-Jensen,Arne,NO,arne.holst-jensen@vetinst.no.,oslo,,
437,Spilsberg,Bjørn,NO,,oslo,,
438,Buanes,T,NO,,bergen,,
439,Bugge,L,NO,,oslo,,
440,Bugge,M K,NO,,oslo,,
441,Cameron,D,NO,,oslo,,
442,Catmore,J R,NO,,oslo,,
443,Dale,O,NO,,bergen,,
444,Eigen,G,NO,,bergen,,
445,Gjelsten,B K,NO,,oslo,,
446,Gramstad,E,NO,,oslo,,
447,Kastanas,A,NO,,bergen,,
448,Liebig,W,NO,,bergen,,
449,Lipniacka,A,NO,,bergen,,
450,Martin Dit Latour,B,NO,,bergen,,
451,Ould-Saada,F,NO,,oslo,,
452,Pajchel,K,NO,,oslo,,
453,Pedersen,M,NO,,oslo,,
454,Read,A L,NO,,oslo,,
455,Røhne,O,NO,,oslo,,
456,Rosendahl,P L,NO,,bergen,,
457,Sandaker,H,NO,,bergen,,
458,Sjursen,T B,NO,,bergen,,
459,Smestad,L,NO,,bergen,,
460,Stapnes,S,NO,,oslo,,
461,Strandlie,A,NO,,oslo,,
462,Stugu,B,NO,,bergen,,
463,Ugland,M,NO,,bergen,,
464,Chauvigné,François,NO,,bergen,,
465,Fjelldal,Per Gunnar,NO,,bergen,,
466,Finn,Roderick Nigel,NO,,bergen,,
467,Bjørnebekk,Gunnar,NO,,university of oslo,,
468,Kjøbli,John,NO,,university of oslo,,
469,Cadahía,Luis,NO,luis.cadahia@gmail.com.,oslo,,
470,Labra,Antonieta,NO,,oslo,,
471,Knudsen,Endre,NO,,oslo,,
472,Nilsson,Anna,NO,,oslo,,
473,Lampe,Helene M,NO,,oslo,,
474,Slagsvold,Tore,NO,,oslo,,
475,Stenseth,Nils Chr,NO,,oslo,,
476,Jenssen,Trond G,NO,,oslo,,
477,Bakken,I J,NO,inger.bakken@sintef.no,trondheim,,
478,Holm,R,NO,ruth.holm@labmed.uio.no,oslo,,
479,Kokošin,Jure,NO,,narvik,,
480,Hausken,T,NO,tryh@haukeland.no,bergen,,
481,Apalset,E M,NO,ellen.apalset@igs.uib.no.,bergen,,
482,Iversen,Tor-Henning,NO,tor-henning.iversen@chembio.ntnu.no,trondheim,,
483,Friesen,Scott A,NO,,oslo,,
484,Moe,Aud,NO,aud.moe@nord.no.,bodø,,
485,Ingstad,Kari,NO,,bodø,,
486,Brataas,Hildfrid V,NO,,bodø,,
487,Tropé,C G,NO,c.g.trope@klinmed.uio.no,oslo,,
488,Brekke,O L,NO,,university of trondheim,,
489,Bele,Irene Velsvik,NO,irene.bele@hivolda.no,volda,,
490,Bollestad,Marianne,NO,,oslo municipality norway,,
491,Cramer,Victoria,NO,victoria.cramer@psykologi.uio.no,oslo,,
492,Kålås,J A,NO,john.a.kalas@ninatrd.ninaniku.no,n- trondheim,,
493,Ellefsen,Kai Olav,NO,,trondheim,,
494,Strandabø,Rønnaug A U,NO,ronnaug.strandabo@imbv.uio.no,oslo,,
495,Astrøm,A N,NO,anne.nordrehaug@cih.uib.no,bergen,,
496,Knapstad,Mari Kalland,NO,,bergen,,
497,Nordahl,Stein Helge Glad,NO,,bergen,,
498,Naterstad,Ingvill Fjell,NO,,bergen,,
499,Ask,Tove,NO,,bergen,,
500,Skouen,Jan Sture,NO,,bergen,,
501,Goplen,Frederik Kragerud,NO,,bergen,,
502,Moore,Kari Lenita Falck,NO,kari.lenita.falck.moore@unn.no,harstad,,
503,Ursin,Holger,NO,h.ursin@uib.no,bergen,,
504,Munkeby,Berit H,NO,b.h.munkeby@klinmed.uio.no,n- oslo,,
505,Hallé,Cynthia,NO,,trondheim no-,,
506,Yang,Hong,NO,,oslo,,
507,Bjørk,Ida Torunn,NO,ida.torunn.bjork@rikshospitalet.no,oslo,,
508,Espetvedt,Mari,NO,,no-0033 oslo,,
509,Rønning,G,NO,,tromsø university hospital,,
510,Brenna,Øystein,NO,oystein.brenna@stolav.no,trondheim,,
511,Jacobsen,Jon-Aksel,NO,,oslo,,
512,Henriksen,Elliott Magnus,NO,,oslo,,
513,Gomes,Leni,NO,,oslo,,
514,Waal,Helge,NO,,oslo,,
515,Krajci,Peter,NO,,oslo,,
516,Alm,Magnus,NO,,norwegian university of science and technology trondheim,,
517,Behne,Dawn,NO,,norwegian university of science and technology trondheim,,
518,Kvittingen,E A,NO,,rikshospitalet,,
519,Ernstsen,Linda,NO,,trondheim,,
520,Børsum,T,NO,,university of oslo,,
521,Klintwall,Lars,NO,lars.klintwall@hioa.no.,oslo and akershus university college of applied sciences,,
522,Eldevik,Sigmund,NO,,oslo and akershus university college of applied sciences,,
523,Eikeseth,Svein,NO,,oslo and akershus university college of applied sciences,,
524,Skaalvik,Einar M,NO,einar.skaalvik@svt.ntnu.no,norwegian university of science and technology,,
525,Norseth,T,NO,,oslo,,
526,Mohn,Kristin G-I,NO,,bergen,,
527,Cox,Rebecca Jane,NO,,bergen,,
528,Tunheim,Gro,NO,,oslo,,
529,Berdal,Jan Erik,NO,,nordbyhagen,,
530,Hauge,Anna Germundsson,NO,,oslo,,
531,Jul-Larsen,Åsne,NO,,bergen,,
532,Oftung,Fredrik,NO,,oslo,,
533,Jonassen,Christine Monceyron,NO,,nordbyhagen,,
534,Mjaaland,Siri,NO,,oslo,,
535,Alsaker,Kjersti,NO,,bergen,,
536,Moen,Bente E,NO,,bergen,,
537,Baste,Valborg,NO,,bergen,,
538,Morken,Tone,NO,,bergen,,
539,Kjaernes,Unni,NO,unni.kjarnes@sifo.no,n- lysaker,,
540,Brantsæter,Anne Lise,NO,anne.lise.brantsaeter@fhi.no,oslo,,
541,Heino,Mikko,NO,,n-5817 bergen,,
542,Jørgensen,Christian,NO,,n- bergen,,
543,Leach,John,NO,john.leach@psykologi.uio.no,oslo-mil/akerhus,,
544,Dahle,M G,NO,mortiz@powertech.no,oslo,,
545,Sloth,Jens J,NO,jsl@nifes.no,n-5817 bergen,,
546,Aamli Gagnat,Ane,NO,,university of bergen,,
547,Kleppe,R,NO,,n- bergen,,
548,Jia,Yu,NO,yu.jia@geo.uio.no,0316 oslo,,
549,Breivik,Torbjørn,NO,tbreivik@odont.uio.no,oslo,,
550,Jendresen,Charlotte B,NO,,0316 oslo,,
551,Nilsson,Lars N G,NO,lars.nilsson@medisin.uio.no.,0316 oslo,,
552,Pytte,Morten,NO,morten.pytte@medisin.uio.no,oslo,,
553,Steen,R,NO,,university of oslo,,
554,Fiskerstrand,T,NO,torunn.fiskerstrand@farm.uib.no,bergen,,
555,Rognes,S E.,NO,,oslo,,
556,Omland,A K,NO,anne.omland@riskhospitalet.no,oslo,,
557,Ghanima,Waleed,NO,,fredrikstad,,
558,Sjaastad,Ottar,NO,ellhed@online.no,trondheim university hospital,,
559,Rasmussen,H,NO,,oslo,,
560,Nieder,Carsten,NO,carsten.nieder@nlsh.no,bodø,,
561,Fosså,Alexander,NO,alexanfo@labmed.uio.no,oslo,,
562,Westereng,Bjørge,NO,,1432 aas,,
563,Smith-Sivertsen,T,NO,,university of tromsø,,
564,Kaasa,Stein,NO,,trondheim,,
565,Løhre,Erik T,NO,,trondheim,,
566,Caraceni,Augusto,NO,,trondheim,,
567,How,Ole-Jakob,NO,ole-jakob.how@uit.no,tromsø,,
568,Engebretsen,Lars,NO,,oslo,,
569,Rekand,Tiina,NO,tiina.rekand@helse-bergen.no,n- bergen,,
570,Strand,Dag Helge,NO,,oslo,,
571,Liane,Veronica Horpestad,NO,,oslo,,
572,Vindenes,Vigdis,NO,,oslo,,
573,Tvete,Ingunn Fride,NO,,oslo,,
574,Aldrin,Magne,NO,,oslo,,
575,Jacobsen,Kaya K,NO,,bergen,,
576,Kleppe,Rune,NO,,bergen,,
577,Johansson,Stefan,NO,,bergen,,
578,Zayats,Tetyana,NO,,bergen,,
579,Haavik,Jan,NO,,bergen,,
580,Wamala,Samuel Posian,NO,,oslo,,
581,Mugimba,Kizito Kahoza,NO,,oslo,,
582,Dubey,Saurabh,NO,,oslo,,
583,Munang'andu,Hetron Mweemba,NO,,oslo,,
584,Evensen,Øystein,NO,,oslo,,
585,Mutoloki,Stephen,NO,,oslo,,
586,Sørum,Henning,NO,,oslo,,
587,Skartveit,L,NO,,university of bergen,,
588,Diep,Dzung B,NO,dzung.diep@umb.no,n- as,,
589,Tatara,Naoe,NO,naoe.tatara@telemed.no.,tromsø,,
590,Thoresen,G H,NO,,n-,,
591,Clarsen,B,NO,,oslo,,
592,Kiboub,Fatima Z,NO,,trondheim,,
593,Loennechen,Øyvind,NO,,stavanger,,
594,Eftedal,Ingrid,NO,,trondheim,,
595,Sommerfelt,Halvor,NO,,oslo,,
596,Lønning,Per Eystein,NO,,bergen,,
597,Cheikh,Faouzi A,NO,,gjøvik,,
598,Edwin,Bjørn,NO,,university of oslo,,
599,Fretland,Åsmund,NO,,university of oslo,,
600,Elle,Ole J,NO,,0373 oslo,,
601,Wisløff,Ulrik,NO,,trondheim,,
602,Rognmo,Øivind,NO,,trondheim,,
603,Stene,L C,NO,lars.christian.stene@fhi.no,oslo,,
604,Sommer,Iris E C,NO,,bergen,,
605,Løvås,Kristian,NO,kristian.lovas@med.uib.no,university of bergen,,
606,Elvevoll,E O,NO,,tromsø,,
607,Bjørseth,Åse,NO,,nord-trøndelag,,
608,Wichstrøm,Lars,NO,,trondheim,,
609,Saetrevik,Bjorn,NO,bjorn.satrevik@psybp.uib.no,bergen,,
610,Peruzzi,Stefano,NO,,tromsø,,
611,Puvanendran,Velmurugu,NO,,tromsø,,
612,Riesen,Guido,NO,,stavanger,,
613,Seim,Rudi Ripman,NO,,bergen,,
614,Hagen,Ørjan,NO,,bodø,,
615,Falk-Petersen,Inger-Britt,NO,,tromsø,,
616,Fernandes,Jorge M O,NO,,bodø,,
617,Jobling,Malcolm,NO,,tromsø,,
618,Aaseth,Jan,NO,,brumunddal,,
619,Andersen,Elisabeth,NO,,oslo,,
620,Chollet,Maria Eugenia,NO,,oslo,,
621,Myklebust,Christiane Filion,NO,,oslo,,
622,Skarpen,Ellen,NO,,oslo,,
623,Sandset,Per Morten,NO,,oslo,,
624,Skretting,Grethe,NO,,oslo,,
625,Riedel,B,NO,,university of bergen,,
626,Bruun,C F,NO,,university of tromsø,,
627,Elstad,Maja,NO,,oslo,,
628,Lyngen,Bjørn,NO,,trondheim,,
629,Buhagen,Morten,NO,,trondheim,,
630,Qvenild,Torgunn,NO,,trondheim,,
631,Svendsen,Kristin,NO,,trondheim,,
632,Hilt,Bjørn,NO,,trondheim,,
633,Akkök,Ciğdem Akalin,NO,,bergen,,
634,Steinsbekk,Aslak,NO,aslak.steinsbekk@ntnu.no,trondheim,,
635,Birks,H John B,NO,,bergen,,
636,Granhag,Pär-Anders,NO,,university of oslooslo,,
637,Sundet,J M,NO,,university of oslo,,
638,Bjørnland,K,NO,,oslo,,
639,Hjelmevoll,Stig Ove,NO,stig.ove.hjelmevoll@unn.no,tromsø,,
640,Hjelle,Karin M,NO,,bergen,,
641,Beisland,Christian,NO,,bergen,,
642,Rumpsfeld,Markus,NO,,university hospital of north norway,,
643,Halvorsen,Sigrun,NO,,0318 oslo,,
644,Seljeflot,Ingebjorg,NO,,0318 oslo,,
645,Kvistborg,A,NO,,oslo,,
646,Otterstad,J E,NO,,toensberg,,
647,Sirnes,P A,NO,psirnes@online.no,the feiring heart clinic,,
648,Ovrevik,J,NO,,oslo,,
649,Låg,M,NO,,oslo,,
650,Refsnes,M,NO,,oslo,,
651,Hoel,Tom N,NO,tom.nilsen.hoel@rikshospitalet.no,and university of oslo,,
652,Faxvaag,A,NO,,university of trondheim,,
653,Kleppa,Elisabeth,NO,,oslo,,
654,Lillebø,Kristine,NO,,oslo,,
655,Holmen,Sigve D,NO,,oslo,,
656,Onsrud,Mathias,NO,,oslo,,
657,Gundersen,Svein Gunnar,NO,,kristiansand,,
658,Fattah,Sabina,NO,,drøbak,,
659,Agledahl,Kari Milch,NO,,tromsø,,
660,Rehn,Marius,NO,,drøbak,,
661,Wisborg,Torben,NO,,tromsø,,
662,Frydenberg,Hanne,NO,,oslo,,
663,Thune,Inger,NO,,oslo,,
664,Bjelland,Mona,NO,mona.bjelland@medisin.uio.no.,no-,,
665,Abebe,D S,NO,shawelus@yahoo.com,oslo,,
666,Laake,J H,NO,,university of oslo,,
667,Lorås,H,NO,,trondheim,,
668,Østerås,B,NO,,trondheim,,
669,Østerås,H,NO,,trondheim,,
670,Haugdahl,Hege S,NO,hege.haugdahl@hnt.no,levanger,,
671,Qvigstad,Gunnar,NO,,trondheim,,
672,Nordrum,Ivar Skjåk,NO,,trondheim,,
673,Sandvik,Arne K,NO,,trondheim,,
674,Gustafsson,Bjørn I,NO,,trondheim,,
675,Waldum,Helge,NO,,trondheim,,
676,Jonsson,B,NO,bror.jonsson@nina.no,oslo,,
677,Fedorcsák,Péter,NO,peter.fedorcsak@klinmed.uio.no,oslo,,
678,Brevik,A,NO,,university of oslo,,
679,Abel Zur Wiesch,Pia,NO,,0318 oslo,,
680,Latz,Eicke,NO,,trondheim,,
681,Lonergan,P,NO,,oslo,,
682,Bøhler,M,NO,bohler@student.uib.no,bergen,,
683,Nakstad,E R,NO,naes@uus.no,oslo,,
684,Krossøy,Christel,NO,,bergen,,
685,Lock,Erik-Jan,NO,,bergen,,
686,Ørnsrud,Robin,NO,robin.ornsrud@nifes.no.,bergen,,
687,Kostas,Michal,NO,,oslo,,
688,Haugsten,Ellen Margrethe,NO,,oslo,,
689,Zhen,Yan,NO,,oslo,,
690,Sørensen,Vigdis,NO,,oslo,,
691,Szybowska,Patrycja,NO,,oslo,,
692,Fiorito,Elisa,NO,,oslo,,
693,Lorenz,Susanne,NO,,oslo,,
694,de Souza,Gustavo Antonio,NO,,oslo,,
695,Wiedlocha,Antoni,NO,,oslo,,
696,Wesche,Jørgen,NO,,oslo,,
697,Castelli,Martina Galatea,NO,,5020 bergen,,
698,Rusten,Marte,NO,,bergen,,
699,Goksøyr,Anders,NO,,bergen,,
700,Brantsæter,Margrethe,NO,,oslo,,
701,Nordgreen,Janicke,NO,,oslo,,
702,Tahamtani,Fernanda M,NO,,oslo,,
703,Popova,Anastasija,NO,,oslo,,
704,Janczak,Andrew M,NO,,oslo,,
705,Fjermestad,Krister W,NO,,oslo,,
706,Wergeland,Gro Janne H,NO,,bergen,,
707,Heiervang,Einar R,NO,,oslo,,
708,Havik,Odd E,NO,,bergen,,
709,Haugland,Bente S M,NO,,trondheim,,
710,Hansen,Anne Helen,NO,anne.helen.hanzen@gmail.com.,tromsø,,
711,Høye,Anne,NO,anne.hoye@unn.no.,tromsø,,
712,Njølstad,Inger,NO,,tromsø,,
713,Mathiesen,Ellisiv B,NO,,tromsø,,
714,Schirmer,Henrik,NO,,tromsø,,
715,Thelle,Dag Steinar,NO,,oslo,,
716,Brendryen,Håvar,NO,,oslo,,
717,Rund,B R,NO,,university of oslo,,
718,Vaage,J,NO,,university of tromsø,,
719,Eriksen,Erik F,NO,,oslo,,
720,Nyman,Tommi,NO,,svanvik,,
721,Arslan,Gülen,NO,gulen.arslan@med.uib.no,bergen,,
722,Asfeldt,A M,NO,,no- tromsø,,
723,Fedorcsák,Péter,NO,peter.fedorcsak@medisin.uio.no,oslo,,
724,Kvien,Tore K,NO,,oslo,,
725,Lind-Landström,Tove,NO,sverre.torp@ntnu.no,trondheim,,
726,Forseth,Karin Oien,NO,,oslo,,
727,Owe,J F,NO,jone.furlund.owe@helse-bergen.no,university of bergen,,
728,Unsgaard-Tøndel,Monica,NO,,trondheim,,
729,Vasseljen,Ottar,NO,,trondheim,,
730,Kjeldgaard,Helena Kames,NO,helena.kames.kjeldgaard@ahus.no.,lørenskog,,
731,Eberhard-Gran,Malin,NO,,lørenskog,,
732,Benth,Jūratė Šaltytė,NO,,lørenskog,,
733,Nordeng,Hedvig,NO,,oslo,,
734,Vikanes,Åse Vigdis,NO,,oslo,,
735,Borgeraas,H,NO,,tønsberg,,
736,Johnson,L K,NO,,tønsberg,,
737,Skattebu,J,NO,,tønsberg,,
738,Hertel,J K,NO,,tønsberg,,
739,Hjelmesaeth,J,NO,,tønsberg,,
740,Naess,Halvor,NO,,n- bergen,,
741,Sagsveen,Espen,NO,,trondheim,,
742,Rise,Marit By,NO,,trondheim,,
743,Grønning,Kjersti,NO,,trondheim,,
744,Bratås,Ola,NO,,trondheim,,
745,Mathelier,Anthony,NO,,university of oslo and oslo university hospital,,
746,Pedersen,Arve Vorland,NO,arve.pedersen@hist.no,trondheim,,
747,Kringeland,Tone,NO,tone.kringeland@hsh.no,stord/haugesund university college,,
748,Jensenius,M,NO,,oslo,,
749,Hveem,Kristian,NO,,trondheim,,
750,Jonasson,Christian,NO,,trondheim,,
751,Carlsson,Pernilla,NO,pernilla.carlsson@niva.no.,oslo,,
752,Breivik,Knut,NO,,kjeller,,
753,Kallenborn,Roland,NO,,ås,,
754,Odland,Jon Øyvind,NO,,tromsø,,
755,Pawlak,Janet,NO,,oslo,,
756,Reiersen,Lars-Otto,NO,,oslo,,
757,Schlabach,Martin,NO,,kjeller,,
758,Wilson,Simon,NO,,oslo,,
759,Gabrielsen,C,NO,,clinic of laboratory medicine,,
760,Kols,N I,NO,,clinic of laboratory medicine,,
761,Øye,C,NO,,st olavs university hospital,,
762,Bergh,K,NO,,clinic of laboratory medicine,,
763,Afset,J E,NO,,trondheim,,
764,Vøllestad,Jon,NO,jon.vollestad@psykp.uib.no,bergen,,
765,Lindgren,C,NO,,oslo,,
766,Svenning,Steingrim,NO,,tromsø,,
767,Dieserud,Gudrun,NO,,oslo,,
768,Dyregrov,Kari,NO,,bergen,,
769,Solberg,E E,NO,erik.solberg@diakonsyk.no,oslo,,
770,Blaas,H G,NO,,university hospital of trondheim,,
771,Oyeflaten,Irene,NO,irene.oyeflaten@air.no,rauland,,
772,Nieder,Carsten,NO,carsten.nieder@nlsh.no.,bodø,,
773,Yobuta,Rosalba,NO,,bodø,,
774,Mannsåker,Bård,NO,,bodø,,
775,Dalhaug,Astrid,NO,,bodø,,
776,Jorde,Per Erik,NO,,oslo,,
777,Elvsåshagen,Torbjørn,NO,,oslo,,
778,Westlye,Lars T,NO,,oslo,,
779,Bøen,Erlend,NO,,oslo,,
780,Josefsen,Dag,NO,,oslo,,
781,Boye,Birgitte,NO,,oslo,,
782,Hol,Per K,NO,,oslo,,
783,Malt,Ulrik F,NO,,oslo,,
784,Jakobsen,Klara,NO,klara.jakobsen@hist.no,trondheim,,
785,Helbostad,Jorunn L,NO,jorunn.helbostad@medisin.ntnu.no,n- trondheim,,
786,Hoffart,A,NO,,vikersund,,
787,Torsvik,Ingrid K,NO,,mons,,
788,Nordrum,Ivar S,NO,ivar.nordrum@ntnu.no,trondheim,,
789,Leuckfeld,I,NO,ingale@odont.uio.no,oslo,,
790,Naper,C,NO,,university of oslo,,
791,Paulshus Sundlisæter,Nina,NO,,oslo,,
792,Aga,Anna-Birgitte,NO,,oslo,,
793,Olsen,Inge Christoffer,NO,,oslo,,
794,Hammer,Hilde Berner,NO,,oslo,,
795,Uhlig,Till,NO,,oslo,,
796,van der Heijde,Désirée,NO,,oslo,,
797,Kvien,Tore K,NO,,oslo,,
798,Lillegraven,Siri,NO,,oslo,,
799,Haavardsholm,Espen A,NO,,oslo,,
800,Sandbak,T,NO,,n- bergen,,
801,Rich,Karl M,NO,kr@nupi.no,oslo,,
802,Verket,Nina Julie,NO,,oslo,,
803,Andersen,Marit Helen,NO,,oslo,,
804,Sandvik,Leiv,NO,,oslo,,
805,Tanbo,Tom Gunnar,NO,,oslo,,
806,Qvigstad,Erik,NO,,oslo,,
807,Strøm,Hanne,NO,hanne.strom@fhi.no.,oslo n-0403,,
808,Vereide,Anne Beate,NO,,university of tromsø,,
809,Fabian,Karl,NO,,trondheim,,
810,Odegård,Sigrid,NO,sigrid.odegard@diakonsyk.no,n- oslo,,
811,Wasmuth,H,NO,,harstad hospital,,
812,Lacasse,Suzanne,NO,,oslo,,
813,Nadim,Farrokh,NO,,oslo,,
814,Schopf,Thomas R,NO,,tromsø,,
815,Thon,Kevin,NO,,tromsø,,
816,Geilhufe,Marc,NO,,tromsø,,
817,Hindberg,Kristian,NO,,tromsø,,
818,Møllersen,Kajsa,NO,,tromsø,,
819,Schulz,Jörn,NO,,tromsø,,
820,Skrøvseth,Stein Olav,NO,,tromsø,,
821,Godtliebsen,Fred,NO,,tromsø,,
822,Kjensli,A,NO,aina.kjensli@online.no,hakadal,,
823,Aftab,Hira,NO,,oslo,,
824,Søvik,Torgeir T,NO,,oslo,,
825,Bernklev,Tomm,NO,,skien,,
826,Hewitt,Stephen,NO,,oslo,,
827,Kristinsson,Jon A,NO,,oslo,,
828,Mala,Tom,NO,,oslo,,
829,Parisod,Christian,NO,christian.parisod@unine.ch,oslo,,
830,Kvien,Tore K,NO,t.k.kvien@ioks.uio.no,oslo n-,,
831,Helland,Sissel H,NO,sissel.h.hellandg@gmail.com.,kristiansand,,
832,Bere,Elling,NO,,kristiansand,,
833,Øverby,Nina Cecilie,NO,,kristiansand,,
834,Moen,Kent Gøran,NO,,trondheim,,
835,Vik,Anne,NO,,trondheim,,
836,Olsen,Alexander,NO,,trondheim,,
837,Skandsen,Toril,NO,,trondheim,,
838,Håberg,Asta Kristine,NO,,trondheim,,
839,Evensen,Kari Anne I,NO,,trondheim,,
840,Eikenes,Live,NO,,trondheim,,
841,Myhre,Anne M,NO,,oslo,,
842,Moe,R O,NO,,n-0033 oslo,,
843,Bohlin,J,NO,,0403 oslo,,
844,Flø,A,NO,,n- ås,,
845,Vasdal,G,NO,,oslo,,
846,Erlandsen,H,NO,,n-0033 oslo,,
847,Guneriussen,E,NO,,n-0033 oslo,,
848,Sjökvist,E C,NO,,n-0033 oslo,,
849,Stubsjøen,S M,NO,,n- oslo,,
850,Mangerud,Wenche Langfjord,NO,wenche.l.mangerud@ntnu.no.,trondheim,,
851,Sigurdardottir,Solrun,NO,solrun.sigurdardottir@sunnaas.no,nesoddtangen,,
852,Arnesen,T M,NO,,oslo,,
853,Kauserud,Håvard,NO,,no-0316 oslo,,
854,Little,C,NO,,university of tromsø,,
855,Gjelsvik,B,NO,,oslo,,
856,von Soest,T,NO,,oslo,,
857,Baer,R,NO,,oslo,,
858,Anensen,Nina,NO,,n- bergen,,
859,Sommerfelt,K,NO,,university of bergen,,
860,Ellul,Rebecca Marie,NO,,bergen,,
861,Walde,Cecilie,NO,,bergen,,
862,Haugland,Gyri Teien,NO,,bergen,,
863,Wergeland,Heidrun,NO,,bergen,,
864,Rønneseth,Anita,NO,,bergen,,
865,Yeisen,Rafal A H,NO,rafal.yeisn@sus.no.,stavanger,,
866,Bjornestad,Jone,NO,,stavanger,,
867,Joa,Inge,NO,,stavanger,,
868,Johannessen,Jan Olav,NO,,stavanger,,
869,Opjordsmoen,Stein,NO,,stavanger,,
870,Sørensen,E,NO,,oslo,,
871,Ballard,Clive,NO,,stavanger,,
872,Seifert,Reinhard,NO,,bergen,,
873,Aarsland,Dag,NO,,stavanger,,
874,Masresha,Alemayehu E,NO,alemayehu.masresha@umb.no,1432 aas,,
875,Holt,Rebecca E,NO,,5020 bergen,,
876,Jørgensen,Christian,NO,,5020 bergen,,
877,Reikerås,O,NO,olav.reikeras@rikshospitalet.no,olso,,
878,Madsen,J E,NO,,university of oslo,,
879,Rasmussen,Svein,NO,svein.rasmussen@mfr.uib.no,bergen,,
880,Øien,Torbjørn,NO,torbjorn.oien@medisin.ntnu.no,n- trondheim,,
881,Komorovsky,Stanislav,NO,,n- tromsø,,
882,Berntsen,R F,NO,,oslo,,
883,Giercksky,K E,NO,,university of oslo,,
884,Vangen,O,NO,,1432 aas,,
885,Olsen,D,NO,,hamar,,
886,Lie,Rolv T,NO,rolv.lie@smis.uib.no,bergen,,
887,Hess-Erga,J,NO,,bergen,,
888,Skrunes,R,NO,,bergen,,
889,Tøndel,C,NO,,bergen,,
890,Thorstensen,Ketil,NO,,trondheim,,
891,Scherer,Ronny,NO,,university of oslo oslo,,
892,Nilsen,Trude,NO,,university of oslo oslo,,
893,Andersen,F R,NO,,ullevål hospital,,
894,Gjerlaug-Enger,E,NO,eli.gjerlaug@norsvin.no,ås,,
895,Glomm,Wilhelm R,NO,glomm@nt.ntnu.no,n- trondheim,,
896,Lønning,P E,NO,,bergen,,
897,Steinsvåg,S K,NO,,bergen,,
898,Widerøe,Marius,NO,marius.wideroe@ntnu.no,trondheim,,
899,Steiner,Timothy J,NO,,trondheim,,
900,Al-Shibli,Khalid,NO,khalidshibli@gmail.com,bodo,,
901,Maage,A,NO,,bergen,,
902,Haagensen,Rolf,NO,,lørenskog,,
903,Selås,Magnhild,NO,,bergen,,
904,Helland,Wenche Andersen,NO,,bergen,,
905,Johansson,Kjell Arne,NO,,bergen,,
906,Stunes,A K,NO,kamilla.stunes@ntnu.no,trondheim,,
907,Samdal,F,NO,,trondheim university hospital,,
908,Andreasen,Stine,NO,stin-a2@online.no,bergen,,
909,Paulsen,Jens Erik,NO,j.e.paulsen@medisin.uio.no,no-0318 oslo,,
910,Preus,Hans R,NO,,oslo,,
911,Fredriksen,Karen W,NO,,oslo,,
912,Vogsland,Andrea E,NO,,oslo,,
913,Sandvik,Leiv,NO,,oslo,,
914,Grytten,Jostein I,NO,,oslo,,
915,Gao,Ming,NO,ming.gao@kemi.uu.se.,trondheim no-,,
916,Gawel,Kamila,NO,kamila.gawel@gmail.com.,trondheim no-,,
917,Stokke,Bjørn Torger,NO,bjorn.stokke@ntnu.no.,trondheim no-,,
918,Boitsov,Stepan,NO,stepan.boitsov@imr.no,bergen,,
919,Aulie Michelet,A,NO,,oslo,,
920,Astrøm,Anne Nordrehaug,NO,anne.nordrehaug@cih.uib.no,university of bergen,,
921,Bo,Kari,NO,,oslo,,
922,Steffensen,Inger-Lise,NO,inger-lise.steffensen@fhi.no,oslo,,
923,Hansen,Kari Schrøder,NO,kari.hansen@haukeland.no,bergen,,
924,Browman,H I,NO,,storebø,,
925,Skiftesvik,A B,NO,,storebø,,
926,Nooraiepour,Mohammad,NO,,0316 oslo,,
927,Fazeli,Hossein,NO,,0316 oslo,,
928,Miri,Rohaldin,NO,,0316 oslo,,
929,Hellevang,Helge,NO,,0316 oslo,,
930,Olsen,Sequssuna,NO,,bodø,,
931,Retterstøl,N,NO,,gaustad hospital,,
932,Collas,P,NO,,oslo,,
933,Saetern,Ann Mari,NO,ann.saetern@farmasi.uit.no,tromsø,,
934,Støa,Eva Maria,NO,eva.m.stoa@usn.no.,bø,,
935,Støren,Øyvind,NO,,bø,,
936,Kolotkin,Ronette L,NO,,førde,,
937,Johansson,Kjell Arne,NO,,bergen,,
938,Memirie,Solomon Tessema,NO,,bergen,,
939,Gundersen,Håkon,NO,,trondheim,,
940,Thaulow,Christian,NO,,trondheim,,
941,Leinaas,Hans Petter,NO,,0316 oslo,,
942,Storstein,L,NO,,university of oslo,,
943,Rekand,Tiina,NO,,n- bergen,,
944,Lillehammer,Marie,NO,marie.lillehammer@ssb.no,as,,
945,Kaern,J.,NO,,oslo 3,,
946,Labun,Kornel,NO,,bergen,,
947,Valen,Eivind,NO,eivind.valen@gmail.com.,bergen,,
948,Andersen,S N,NO,tryander@sn.no,university of oslo,,
949,Gundersen,Y,NO,yngvar.gundersen@ffi.no,kjeller,,
950,Seljelid,R,NO,,university of tromsø,,
951,van den Tillaar,Roland,NO,,sogndal,,
952,Nakken,K O,NO,karl.otto.nakken@epilepsy.no,sandvika,,
953,Vas,Judit,NO,,ås,,
954,Robinson,Hilde Stendal,NO,,oslo,,
955,Balasundaram,Arun Prasad,NO,,oslo,,
956,Nauman,Javaid,NO,,trondheim,,
957,Dalen,Håvard,NO,,levanger,,
958,Langhammer,Arnulf,NO,,levanger,,
959,Mungalpara,Jignesh,NO,jon.vabeno@uit.no.,no- tromsø,,
960,Fiskerstrand,T,NO,,haukeland hospital,,
961,Adlhart,Christian,NO,,n-0315 oslo,,
962,Heldal,Hilde Elise,NO,hilde.elise.heldal@imr.no,5817 bergen,,
963,Salvesen,Eirik S,NO,,n- arendal,,
964,Holen,Ketil J,NO,,trondheim,,
965,Dahl,Alv A,NO,,oslo,,
966,Moen,Marivi Nabong,NO,,oslo,,
967,Fjær,Roar,NO,,oslo university hospital and university of oslo,,
968,Hamdani,El Hassan,NO,,oslo,,
969,Laerdahl,Jon K,NO,,oslo,,
970,Menchini,Robin Johansen,NO,,oslo,,
971,Vigeland,Magnus Dehli,NO,,oslo university hospital and university of oslo,,
972,Sheng,Ying,NO,,oslo university hospital and university of oslo,,
973,Undlien,Dag Erik,NO,,oslo university hospital and university of oslo,,
974,Hassel,Bjørnar,NO,,oslo,,
975,Selmer,Kaja Kristine,NO,,oslo university hospital and university of oslo,,
976,Chaudhry,Farrukh Abbas,NO,f.a.chaudhry@medisin.uio.no.,oslo,,
977,Rustad,Else Cathrine,NO,,stavanger,,
978,Seiger Cronfalk,Berit,NO,,haugesund,,
979,Furnes,Bodil,NO,,stavanger,,
980,Dysvik,Elin,NO,,stavanger,,
981,Arukwe,Augustine,NO,,trondheim,,
982,Allan,Ian J,NO,ian.allan@niva.no,no- oslo,,
983,Ostensen,M,NO,,university hospital of trondheim,,
984,Foyn,Håvard,NO,,bergen,,
985,Arnesen,Thomas,NO,thomas.arnesen@uib.no.,bergen,,
986,Ree,Eline,NO,eline.ree@uni.no.,university of bergen,,
987,Harris,Anette,NO,,university of bergen,,
988,Indahl,Aage,NO,,vestfold hospital trust,,
989,Tveito,Torill H,NO,,vestfold hospital trust,,
990,Madar,A A,NO,,oslo,,
991,Magnus,J H,NO,,university hospital of tromsøo,,
992,Feet,P O,NO,,toensberg,,
993,Aukrust,P,NO,,national hospital,,
994,Hysing,Mari,NO,,bergen,,
995,Aarø,Leif Edvard,NO,,oslo/bergen,,
996,Tell,Grethe S,NO,,bergen,,
997,Sivertsen,Børge,NO,,haugesund,,
998,Kleivi,Kristine,NO,ext-kristine.kleivi@vtt.fi,oslo,,
999,Bofin,A M,NO,anna.bofin@medisin.ntnu.no,n- trondheim,,
1000,Söderhamn,Ulrika,NO,,grimstad,,
1001,Aasgaard,Live,NO,,drammen,,
1002,Landmark,Bjørg,NO,,drammen,,
1003,Wahlström,Viktor,NO,,tromsø,,
1004,Sandvik,Leiv,NO,,oslo,,
1005,Friis,Svein,NO,,oslo,,
1006,Knutzen,Maria,NO,,oslo university hospital,,
1007,Hanssen-Bauer,Ketil,NO,,oslo,,
1008,Collins,Andrew,NO,,university of oslo oslo,,
1009,Hanasand,Marita,NO,,stavanger university hospital,,
1010,While,Peter T,NO,,trondheim,,
1011,Hvidsten,Sophie Charlotte,NO,,bergen,,
1012,Collas,P,NO,,oslo,,
1013,Os,I,NO,,oslo,,
1014,Hansen,T W,NO,,university of oslo,,
1015,Takumi,Y,NO,,university of oslo,,
1016,Stovner,L J,NO,,trondheim university hospital,,
1017,Andersen,F R,NO,,ullevaal hospital,,
1018,Larheim,Tore A,NO,,oslo,,
1019,Hayes,B J,NO,ben.hayes@akvaforsk.no,1432 as,,
1020,Valde,J P,NO,jpvalde@online.no,n- oslo,,
1021,Stormark,Kjell Morten,NO,kjell.stormark@rbup.uib.no,5020 bergen,,
1022,Grimholt,Unni,NO,unni.grimholt@vetinst.no.,oslo n-,,
1023,He,D,NO,,university of trondheim,,
1024,Korsvold,L,NO,,rikshospitalet,,
1025,Ruud,E,NO,,rikshospitalet,,
1026,Lie,H C,NO,,university of oslo,,
1027,Loge,J H,NO,,radiumhospitalet,,
1028,Finset,A,NO,,university of oslo,,
1029,Brenna,E,NO,,trondheim university hospital,,
1030,Lugo,Ricardo G,NO,,lillehammer,,
1031,Sütterlin,Stefan,NO,,fredrikstad,,
1032,Johnsen,E,NO,erij@helse-bergen.no,bergen,,
1033,Trosvik,Pål,NO,pal.trosvik@ibv.uio.no.,oslo,,
1034,de Muinck,Eric J,NO,,oslo,,
1035,Rueness,Eli K,NO,,oslo,,
1036,Mekonnen,Addisu,NO,,oslo,,
1037,Nilssen,Laila S,NO,l.d.s.nilssen@labmed.uio.no,n- oslo,,
1038,Jørgensen,L H,NO,,university of oslo,,
1039,Espnes,G A,NO,,oppdal,,
1040,Porto,Arthur,NO,,oslo,,
1041,Aamodt,Rolf,NO,rolf.aamodt@medisin.uio.no,nordbyhagen,,
1042,Haddeland,Ingjerd,NO,,no- oslo,,
1043,Opsata,Mona,NO,mona.opsata@umb.no,norwegian university of life sciences,,
1044,Kolnes,A J,NO,,oslo,,
1045,Ellensen,Vegard S,NO,,bergen,,
1046,Abrahamsen,Iren,NO,,university of bergen,,
1047,Lorens,James,NO,,university of bergen,,
1048,Jonung,Torbjorn,NO,,bergen,,
1049,Kasper,Jürgen,NO,,tromsø,,
1050,Gerner,T,NO,,oslo,,
1051,Løvstakken,Lasse,NO,lasse.lovstakken@utnu.no,trondheim,,
1052,Dong,Xianjun,NO,xianjun.dong@bccs.uib.no,n- bergen,,
1053,Prenevost,Mathilde Hallingstad,NO,,university of oslo,,
1054,Fure,Brynjar,NO,brynjar.fure@kunnskapssenteret.no,ullevål,,
1055,Hinderaker,S G,NO,,bergen,,
1056,Bassili,A,NO,,bergen,,
1057,Heimdal,John-Helge,NO,,bergen,,
1058,Bofin,Anna M,NO,anna.bofin@ntnu.no,trondheim,,
1059,Hildrum,Kjell Ivar,NO,,n- ås,,
1060,Masalu,Joyce Rose,NO,,n- bergen,,
1061,Bjorklund,Geir,NO,,mo i rana,,
1062,Ahlstrøm,Øystein,NO,,ås,,
1063,Tauson,Anne-Helene,NO,,ås,,
1064,Fors,E A,NO,eafors@online.no,university hospital of trondheim,,
1065,Kvien,T K,NO,,oslo,,
1066,Svanes,Cecilie,NO,,bergen,,
1067,Heggestad,Anne Kari T,NO,,norway; university of oslo,,
1068,Watten,R G,NO,,oslo,,
1069,Hansen,Bjarne,NO,,bergen,,
1070,Kvale,Gerd,NO,,bergen,,
1071,Athanasiu,Lavinia,NO,lavinia.athanasiu@medisin.uio.no,oslo,,
1072,Gidske,Gro,NO,,bergen,,
1073,Sølvik,Una Ørvim,NO,,bergen,,
1074,Sandberg,Sverre,NO,,bergen,,
1075,Kristensen,Gunn Berit Berge,NO,,bergen,,
1076,Mazzarella,A B,NO,,oslo,,
1077,Berg,Kristian,NO,kristian.berg@rr-research.no,oslo,,
1078,Bremnes,R M,NO,,university of tromsø,,
1079,Malt,U F,NO,,nordbyhagen,,
1080,Haugen,T S,NO,,oslo,,
1081,Waje-Andreassen,Ulrike,NO,,bergen,,
1082,Naess,Halvor,NO,,bergen,,
1083,Fromm,Annette,NO,,bergen,,
1084,Bang,Berit E,NO,berit.bang@unn.no,tromsoe,,
1085,Reikerås,Olav,NO,olav.reikeras@rikshospitalet.no,university of oslo,,
1086,Ganz,Jeremy C,NO,jcganz@gmail.com,bergen,,
1087,Sollid,Ludvig M,NO,,university of oslo,,
1088,Risum,O,NO,,oslo,,
1089,Sokolov,A,NO,andrey.sokolov@medisin.uio.no,oslo,,
1090,Stenfors,Lars-Eric,NO,larseric@fagmed.uit.no,tromsø,,
1091,Paulsen,Jonas,NO,,oslo,,
1092,Sekelja,Monika,NO,,oslo,,
1093,Oldenburg,Anja R,NO,,oslo,,
1094,Briand,Nolwenn,NO,,oslo,,
1095,Delbarre,Erwan,NO,,oslo,,
1096,Shah,Akshay,NO,,oslo,,
1097,Sørensen,Anita L,NO,,oslo,,
1098,Collas,Philippe,NO,philc@medisin.uio.no.,oslo,,
1099,Krosshaug,Tron,NO,,oslo,,
1100,Bahr,Roald,NO,,oslo,,
1101,Neukamm,Christian,NO,cneukamm@ous-hf.no.,oslo university hospital,,
1102,Lindberg,Harald L,NO,,oslo university hospital,,
1103,Try,Kirsti,NO,,oslo university hospital,,
1104,Døhlen,Gaute,NO,,oslo university hospital,,
1105,Norgård,Gunnar,NO,,oslo university hospital,,
1106,Ardawatia,Himanshu,NO,,bergen,,
1107,Odden,Nancy,NO,nancy.odden@rikshospitalet.no,oslo,,
1108,Helland,Thomas,NO,,bergen,,
1109,Henne,Nina,NO,,bergen,,
1110,Bifulco,Ersilia,NO,,bergen,,
1111,Naume,Bjørn,NO,,oslo,,
1112,Borgen,Elin,NO,,oslo,,
1113,Kristensen,Vessela N,NO,,oslo,,
1114,Kvaløy,Jan T,NO,,stavanger,,
1115,Alnæs,Grethe I G,NO,,oslo,,
1116,Janssen,Emiel A M,NO,,stavanger,,
1117,Hustad,Steinar,NO,,bergen,,
1118,Lien,Ernst A,NO,,bergen,,
1119,Mellgren,Gunnar,NO,,bergen,,
1120,Søiland,Håvard,NO,hsoiland@gmail.com.,bergen,,
1121,Akslen,L A,NO,,university of bergen,,
1122,Jonson,Jan Eiof,NO,,oslo,,
1123,Lund,Marianne Tronstad,NO,,oslo,,
1124,Vedeler,C,NO,,university of bergen,,
1125,Haakensen,Vilde D,NO,,oslo university hospital radiumhospitalet,,
1126,Bramness,Jrgen G,NO,,brumunddal,,
1127,Haga,Hans-Jacob,NO,hans.jacob.haga@rikshospitalet.no,oslo,,
1128,Kaspersen,J H,NO,jonk@sintef.no,n- trondheim,,
1129,Repnik,Urska,NO,,oslo,,
1130,Griffiths,Gareth,NO,,oslo,,
1131,Grenne,Bjørnar,NO,,arendal,,
1132,Teige,B,NO,,university of oslo,,
1133,Vetti,Nils,NO,,bergen,,
1134,Laborie,Lene B,NO,,bergen,,
1135,Rosendahl,Karen,NO,,bergen,,
1136,Drevon,C A,NO,,university of oslo,,
1137,Raknes,Guttorm,NO,,no-903b tromsø,,
1138,Ottersen,Trygve,NO,trygve.ottersen@igs.uib.no.,bergen,,
1139,Friese,Daniel H,NO,,n- tromsø,,
1140,Russell,Michael B,NO,m.b.russell@medisin.uio.no.,university of oslo,,
1141,Kristiansen,Håvard A,NO,,university of oslo,,
1142,Kværner,Kari J,NO,,oslo university hospital,,
1143,Calogiuri,Giovanna,NO,giocalo@hotmail.com,alta,,
1144,Birch,Stephen,NO,,oslo,,
1145,Lund,Tormod,NO,tormod.lund@rikshospitalet.no,oslo,,
1146,Corthay,Alexandre,NO,alexandre.corthay@labmed.uio.no,n- oslo,,
1147,Bø,Kari,NO,kari.bo@nih.no,oslo,,
1148,Nagy,K,NO,,n- trondheim-nth,,
1149,Khuu,Cuong,NO,,university of oslo oslo,,
1150,Jevnaker,Anne-Marthe,NO,,governmental) oslo,,
1151,Bryne,Magne,NO,,university of oslo oslo,,
1152,Osmundsen,Harald,NO,,university of oslo oslo,,
1153,Mosvold,J,NO,,oslo,,
1154,Acharya,G,NO,,tromsø,,
1155,Sample,James,NO,,oslo,,
1156,Fjørtoft,Toril,NO,toril.fjortoft@stolav.no,trondheim,,
1157,Vibe Fersum,Kjartan,NO,,university of bergen,,
1158,Njølstad,Pål R,NO,pal.njolstad@uib.no,bergen,,
1159,Saelen,Marie Grøn,NO,,oslo,,
1160,Wisløff,Helene,NO,,no- oslo,,
1161,Bernhoft,Aksel,NO,,no- oslo,,
1162,Nadeau,Marie-Josée,NO,,trondheim,,
1163,Berner,Kjetil,NO,,0304 oslo,,
1164,Johannesen,Tom Børge,NO,,oslo,,
1165,Bruland,Øyvind S,NO,,0318 oslo,,
1166,Rise,Ida Vikan,NO,,arendal,,
1167,Gjervan,Bjørn,NO,,trondheim,,
1168,Samuelsen,O B,NO,,bergen,,
1169,Fosse,T K,NO,torunn.fosse@veths.no,oslo,,
1170,Baz-Lomba,Jose Antonio,NO,,no- oslo,,
1171,Di Ruscio,Francesco,NO,,oslo,,
1172,Amador,Arturo,NO,,no- fornebu,,
1173,Reid,Malcolm,NO,,no- oslo,,
1174,Thomas,Kevin V,NO,,no- oslo,,
1175,Joner,Erik Jautris,NO,erik.joner@bioforsk.no,n- aas,,
1176,André,Beate,NO,,trondheim,,
1177,Rødland,Ernst Kristian,NO,kristian.rodland@rr-research.no,oslo,,
1178,Agyei,Seth B,NO,,norwegian university of science and technology,,
1179,Slagsvold,C E,NO,,aker hospital,,
1180,Grimholt,Unni,NO,,oslo,,
1181,Stokke,Randi,NO,randi.stokke@ntnu.no.,gjøvik,,
1182,Lindberg,Knut,NO,klindbe@online.no,oslo,,
1183,Gabrielsen,I S M,NO,,oslo,,
1184,Viken,M K,NO,,oslo,,
1185,Amundsen,S S,NO,,oslo,,
1186,Helgeland,H,NO,,oslo,,
1187,Holm,K,NO,,oslo,,
1188,Flåm,S T,NO,,oslo,,
1189,Lie,B A,NO,,oslo,,
1190,Sun,L-Z,NO,lizhi.sun@gmail.com,bergen,,
1191,Sanne,Bjarte,NO,,bergen,,
1192,Øien,Alf H,NO,,department of mathematics university of bergen,,
1193,Kocbach Bølling,Anette,NO,anette.kocbach@fhi.no.,oslo,,
1194,Vistnes,A I,NO,,university of oslo,,
1195,Brinchmann-Hansen,O,NO,,oslo,,
1196,Wortinger,Laura Anne,NO,,nordbyhagen,,
1197,Endestad,Tor,NO,,oslo,,
1198,Melinder,Annika Maria D,NO,,oslo,,
1199,Øie,Merete Glenne,NO,,oslo,,
1200,Sulheim,Dag,NO,,oslo,,
1201,Fagermoen,Even,NO,,oslo,,
1202,Wyller,Vegard Bruun,NO,,nordbyhagen,,
1203,Bjørge,Tone,NO,tone.bjorge@isf.uib.no,n- bergen,,
1204,Bergamaschi,R,NO,,trondheim university hospital,,
1205,Desser,Arna S,NO,ade@nokc.no,0373 oslo,,
1206,Brunvand,L,NO,,oslo,,
1207,Störmer,C,NO,,oslo,,
1208,Akslen,L A,NO,,university of bergen,,
1209,Galant,Céline,NO,,n- kjeller,,
1210,Solberg,C O,NO,,bergen,,
1211,Altintzoglou,Themistoklis,NO,,no- tromsø,,
1212,Bjornaas,Mari Asphjell,NO,mabjornaas@gmail.com,department of behavioural sciences in medicine,,
1213,Andreassen,Ole A,NO,,oslo,,
1214,Hagen,B F,NO,,university of oslo,,
1215,Negaard,Anne,NO,anne.negard@medisin.uio.no,oslo,,
1216,Larose,Tricia L,NO,tricia.larose@ntnu.no.,trondheim,,
1217,Langhammer,Arnulf,NO,,trondheim,,
1218,Romundstad,Pål,NO,,trondheim,,
1219,Mai,Xiao-Mei,NO,,trondheim,,
1220,Vaismoradi,Mojtaba,NO,,bodø,,
1221,Løvstad,R Z,NO,renlovstad@hotmail.com,oslo,,
1222,Svartberg,O M,NO,,ostmarka hospital,,
1223,Stavenes Andersen,Ingrid,NO,,no- oslo,,
1224,Madsbad,S,NO,,oslo,,
1225,Molberg,O,NO,molberg@galenos.uio.no,oslo,,
1226,Mysterud,A,NO,atle.mysterud@bio.uio.no,university of oslo,,
1227,Stenfors,Lars-Eric,NO,larseric@fagmed.iut.no,n- tromsø,,
1228,Dokken,Jon-Vegard,NO,,university of oslo,,
1229,Conradie,Jeanet,NO,,n- tromsø,,
1230,Berstad,A E,NO,,national hospital,,
1231,Larsen,Tor K,NO,tklarsen@online.no,bergen,,
1232,Solbakken,Ole André,NO,o.a.solbakken@psykologi.uio.no,0317,,
1233,Langesaeter,E,NO,eldrid.langesaeter@rikshospitalet.no,oslo,,
1234,Midtbø,Vivian,NO,vivian.midtbo@uni.no.,bergen,,
1235,Raknes,Guttorm,NO,,bergen,,
1236,Hunskaar,Steinar,NO,,bergen,,
1237,Sorensen,M,NO,,oslo,,
1238,Nasir,Elwalid Fadul,NO,,bergen,,
1239,Åstrøm,Anne Nordrehaug,NO,,bergen,,
1240,Kauko,H,NO,,trondheim,,
1241,Solberg,C O,NO,,university of bergen,,
1242,Haga,H J,NO,,haukeland sykehus,,
1243,Dahlgren,Stina S,NO,stinasofia.dahlgren@veths.no,0033 oslo,,
1244,Tyler,Nicholas J C,NO,nicholas.tyler@uit.no.,tromsø,,
1245,Stokkan,Karl-Arne,NO,,tromsø,,
1246,van Oort,Bob E H,NO,,oslo,,
1247,Hazlerigg,David G,NO,,tromsø,,
1248,Oie,Erik,NO,,oslo,,
1249,Nilsen,Roy M,NO,roy.nilsen@uib.no,n- bergen,,
1250,Svebak,Sven,NO,sven.svebak@ntnu.no,trondheim,,
1251,Liakonis,K M,NO,,bergen,,
1252,Fallang,Lars-Egil,NO,,oslo,,
1253,Samdal,Svein,NO,,no-0315 oslo,,
1254,Pavo,I,NO,,oslo university hospital,,
1255,Eriksen,E F,NO,,oslo university hospital,,
1256,Leknes,I L,NO,ingvar.leknes@hisf.no,sogndal,,
1257,Ruud,Kenneth,NO,,n- tromsø,,
1258,Figenschau,Stine L,NO,stine.l.figenschau@uit.no.,tromso,,
1259,Fismen,Silje,NO,silje.fismen@unn.no.,tromso,,
1260,Fenton,Kristin A,NO,kristin.fenton@uit.no.,tromso,,
1261,Fenton,Christopher,NO,christopher.fenton@uit.no.,tromso,,
1262,Mortensen,Elin S,NO,elin.s.mortensen@uit.no.,tromso,,
1263,Tsuruda,Kaitlyn M,NO,,oslo,,
1264,Bhargava,Sameer,NO,,oslo,,
1265,Mangerud,Gunhild,NO,,oslo,,
1266,Sagstad,Silje,NO,,oslo,,
1267,Hofvind,Solveig S H,NO,,oslo,,
1268,Celius,Elisabeth G,NO,,oslo,,
1269,Spurkland,Anne,NO,,oslo,,
1270,Harbo,Hanne F,NO,,oslo,,
1271,Petursson,Gunnar,NO,,oslo,,
1272,Fenstad,Anne Marie,NO,,bergen,,
1273,Gøthesen,Øystein,NO,,bergen,,
1274,Dyrhovden,Gro Sævik,NO,,bergen,,
1275,Hallan,Geir,NO,,bergen,,
1276,Röhrl,Stephan M,NO,,oslo,,
1277,Aamodt,Arild,NO,,oslo,,
1278,Furnes,Ove,NO,,bergen,,
1279,Gustavsson,Emil K,NO,,trondheim,,
1280,Aasly,Jan O,NO,,trondheim,,
1281,Husby,T,NO,,university of oslo,,
1282,Gilje,Bjørnar,NO,,4068 stavanger,,
1283,Thon,Kristian,NO,,0424 oslo,,
1284,Platt,Stephen M,NO,,kjeller,,
1285,Fossheim,S L,NO,,department of medicinal chemistry university of oslo,,
1286,Babic,Ankica,NO,,university of bergen,,
1287,Hetland,G,NO,,oslo,,
1288,Scherer,Ronny,NO,,university of oslo oslo,,
1289,Sørby,R,NO,,n-0033 oslo,,
1290,Gammelsrud,Karianne Wiger,NO,,no-0318 oslo,,
1291,Høiby,E Arne,NO,,no-0403 oslo,,
1292,Lyng,H,NO,heidi.lyng@labmed.uio.no,oslo,,
1293,Foss,Tonje,NO,,oslo,,
1294,Jensen,,NO,,n- sogndal,,
1295,Lund,Caroline,NO,caroline.lund@epilepsy.no,oslo,,
1296,Basavaraj,Manjunath Goolyam,NO,manjunath.goolyam@uit.no,tromsø,,
1297,Frøseth,Trude C,NO,,trondheim,,
1298,Strickert,Trond,NO,,trondheim,,
1299,Solli,Kjersti S,NO,,trondheim,,
1300,Salvesen,Øyvind,NO,,trondheim,,
1301,Reidunsdatter,Randi J,NO,randi.j.reidunsdatter@hist.no.,trondheim,,
1302,Evans,Alina L,NO,,koppang,,
1303,Arnemo,Jon M,NO,,koppang,,
1304,Swenson,Jon E,NO,,ås,,
1305,Lin,Yan,NO,yan.lin@niva.no,oslo,,
1306,Dahle,Gry,NO,,oslo,,
1307,Rein,Kjell A,NO,,oslo,,
1308,Wexler,Alexandra,NO,wexler@ntnu.no,trondheim,,
1309,Eide,Nils,NO,,oslo,,
1310,Skålhegg,B S,NO,,oslo,,
