temp_id,lastname,firstname,countries_scope,email,town,role,url
1,Christiansen,Cath,NO,cath.christiansen@amersham.com,0401 oslo,,
2,Kjølberg,Kamilla Lein,NO,,5020 bergen,,
3,Kroksveen,Ann C,NO,ann.kroksveen@med.uib.no,bergen,,
4,Martinsen,Jan Ivar,NO,,cancer registry of norway,,
5,Larsen,Inger Kristin,NO,,cancer registry of norway,,
6,Kjærheim,Kristina,NO,,cancer registry of norway,,
7,Størdal,Ketil,NO,,oslo,,
8,Mårild,Karl,NO,,oslo,,
9,Tapia,German,NO,,oslo,,
10,Haugen,Margareta,NO,,oslo,,
11,Lie,Benedicte A,NO,,oslo,,
12,Stene,Lars C,NO,,oslo,,
13,Reine,Simen,NO,,n-1315 blindern,,
14,Aachmann,Finn L,NO,,trondheim n-,,
15,Song,X,NO,lousunnyya@yahoo.com,oslo,,
16,Brøndbo,Per Håkan,NO,hakan.brondbo@unn.no.,tromsø,,
17,Ottesen,O H,NO,oddvar.ottesen@hibo.no,bodø,,
18,Valla,S,NO,,university of trondheim,,
19,Samuelsson,Stefan,NO,,stavanger,,
20,Brantsæter,Anne Lise,NO,,oslo,,
21,Magnus,Maria C,NO,,oslo,,
22,Haugen,Margaretha,NO,,oslo,,
23,Myhre,Ronny,NO,,oslo,,
24,Meltzer,Helle M,NO,,oslo,,
25,Jordheim,Monica,NO,monica.jordheim@kj.uib.no,bergen,,
26,Haugvik,Sven-Petter,NO,svhaug@ous-hf.no.,oslo,,
27,Labori,Knut Jørgen,NO,,oslo,,
28,Verbeke,Caroline Sophie,NO,,oslo,,
29,Gladhaug,Ivar Prydz,NO,,oslo,,
30,Dahlseng,Magnus Odin,NO,,trondheim,,
31,Trösse,Christiane,NO,ctr@nifes.no,bergen,,
32,Holme,Alf,NO,,no- bergen,,
33,Børve,Knut J,NO,,no- bergen,,
34,Sæthre,Leif J,NO,,no- bergen,,
35,Schultz,J K,NO,,lørenskog,,
36,Blecic,L,NO,,fredrikstad,,
37,Forsmo,H M,NO,,bergen,,
38,Kørner,H,NO,,bergen,,
39,Dahl,F A,NO,,lørenskog,,
40,Øresland,T,NO,,lørenskog,,
41,Yaqub,S,NO,,oslo,,
42,Sveen,Unni,NO,unni.sveen@uus.no,oslo,,
43,Bachiller,Eneko,NO,,bergen,,
44,Skaret,Georg,NO,,bergen,,
45,Nøttestad,Leif,NO,,bergen,,
46,Slotte,Aril,NO,,bergen,,
47,Tronvoll,Bård,NO,,inland norway university of applied sciences elverum,,
48,Schei,Jorun,NO,,trondheim,,
49,Nøvik,Torunn Stene,NO,,trondheim,,
50,Thomsen,Per Hove,NO,,trondheim,,
51,Lydersen,Stian,NO,,trondheim,,
52,Indredavik,Marit S,NO,,trondheim,,
53,Jozefiak,Thomas,NO,,trondheim,,
54,Risberg,T,NO,terje.risberg@unn.no,tromsø,,
55,Lie,E,NO,,oslo,,
56,Kvien,T K,NO,,oslo,,
57,Bø,Kari,NO,,oslo,,
58,Våge,J,NO,,oslo,,
59,Dahl,T,NO,,oslo,,
60,Dahle,U R,NO,,university of oslo,,
61,Haugen,G,NO,,university of oslo,,
62,Midelfart,A,NO,,university of trondheim,,
63,Kessler,J,NO,,bergen,,
64,Vesterhus,P,NO,,kristiansand,,
65,Mo,Tone Opdahl,NO,tone.opdahl.mo@sintef.no,trondheim,,
66,Risberg,T,NO,,university hospital of tromsø,,
67,Aunan,K,NO,kristin.aunan@cicero.uio.no,oslo,,
68,Djupesland,P G,NO,per.djupesland@ioks.uio.no,university of oslo,,
69,Price,Mark C,NO,mark.price@psysp.uib.no,bergen,,
70,Namork,Ellen,NO,ellen.namork@fhi.no,oslo no-0403,,
71,Aasheim,Erlend Tuseth,NO,e.t.aasheim@medisin.uio.no,oslo,,
72,Koehler,Christian J,NO,,oslo,,
73,Sirnes,Solveig,NO,,oslo,,
74,Quintana,Daniel S,NO,daniel.quintana@medisin.uio.no.,oslo,,
75,Rokicki,Jaroslav,NO,,oslo,,
76,van der Meer,Dennis,NO,,oslo,,
77,Alnæs,Dag,NO,,oslo,,
78,Kaufmann,Tobias,NO,,oslo,,
79,Córdova-Palomera,Aldo,NO,,oslo,,
80,Dieset,Ingrid,NO,,oslo,,
81,Andreassen,Ole A,NO,,oslo,,
82,Westlye,Lars T,NO,,oslo,,
83,Becher,G,NO,,oslo,,
84,Hjörleifsson,Stefán,NO,,bergen,,
85,Hammer,Elise,NO,,rennesøy,,
86,Díaz,Esperanza,NO,,bergen,,
87,Ljones,Kristine,NO,,trondheim,,
88,Ness,Henning Ofstad,NO,,trondheim,,
89,Solvang-Garten,Karin,NO,,trondheim,,
90,Gaustad,Svein Erik,NO,,trondheim,,
91,Høydal,Morten Andre,NO,,trondheim,,
92,Bere,Tone,NO,tone.bere@nih.no,n-0806,,
93,Leirdal,Stig,NO,stig.leirdal@svt.ntnu.no,trondheim,,
94,Tveit,Kjell Magne,NO,kjell.magne.tveit@ous-hf.no,oslo,,
95,Wisløff,Torbjørn,NO,torbjorn.visloff@kunnskapssenteret.no,oslo,,
96,Magelssen,Henriette,NO,,oslo,,
97,Evensen,Morten Egeberg,NO,,oslo,,
98,Kristiansen,Leif Pål,NO,leif.pal.kristiansen@rikshospitalet.no,no-,,
99,Patel,Hiten,NO,,tromsø,,
100,Prieur,A,NO,,university of oslo,,
101,Wisborg,T,NO,,tromsø,,
102,Manskow,U S,NO,,tromsø,,
103,Jeppesen,E,NO,,stavanger,,
104,Lehne,G,NO,gustav.lehne@medisin.uio.no,oslo,,
105,Nakken,Karl Esten,NO,esten.nakken@medisin.uio.no,oslo,,
106,Thurston,Miranda,NO,,elverum,,
107,Solberg,Nina,NO,,oslo,,
108,Strand,Roger,NO,,bergen,,
109,Ostlie,Kristin,NO,kristin.ostlie@sykehuset-innlandet.no,ottestad,,
110,Bindoff,Laurence A,NO,laurence.bindoff@helse-bergen.no,bergen,,
111,Bergslien,O,NO,,university of oslo,,
112,Serbezov,Dimitar,NO,d.r.serbezov@bio.uio.no,oslo,,
113,Kleiveland,Charlotte,NO,,as,,
114,Lea,Tor,NO,,as,,
115,Lea,Tor,NO,,ås,,
116,Nielsen,Morten Birkeland,NO,morten.nielsen@psysp.uib.no,oslo,,
117,Andersen,Thomas,NO,than@kjemi.uio.no,n-0315 oslo,,
118,Zahl,Maria G,NO,,no- bergen,,
119,Fossheim,Randi,NO,,no- bergen,,
120,Børve,Knut J,NO,,no- bergen,,
121,Sæthre,Leif J,NO,,no- bergen,,
122,Rasinger,J D,NO,,bergen,,
123,Lundebye,A-K,NO,,bergen,,
124,Svensen,Erling,NO,,tanzania; university of bergen,,
125,Flaatten,H,NO,hkfl@haukeland.no,bergen,,
126,Brun,A,NO,,bergen,,
127,Sargénius,Hanna L,NO,,trondheim,,
128,Lydersen,Stian,NO,,trondheim,,
129,Hestad,Knut,NO,,trondheim,,
130,Ødegård,Einar,NO,eo@sirus.no,no- oslo,,
131,Utkilen,H,NO,,oslo,,
132,Lunde,Merete,NO,merete.lunde@ikb.nlh.no,n- aas,,
133,Egeland,T,NO,,oslo,,
134,Lappegård,Knut Tore,NO,,and university of tromsø,,
135,Nuth,Christopher,NO,,oslo,,
136,Le Rouzic,Arnaud,NO,a.p.s.lerouzic@bio.uio.no,oslo,,
137,Gedde-Dahl,T,NO,,oslo,,
138,Majeed,W,NO,,stavanger,,
139,Hjorth-Hansen,H,NO,,trondheim,,
140,Reid,Malcolm J,NO,,oslo,,
141,Solvik,Kari Frey,NO,,oslo,,
142,Vindenes,Vigdis,NO,,oslo,,
143,Busch,Christian,NO,,university of bergen,,
144,Eduard,W,NO,wijnand.eduard@stami.no,no-0033 oslo,,
145,Borch,Kristin B,NO,,tromsø,,
146,Poulsen,Jan Y,NO,jan.poulsen@bm.uib.no,bergen n-5020,,
147,Mikkelsen,Alexander,NO,almikkelsen87@gmail.com.,no- trondheim,,
148,Dommersnes,Paul,NO,paul.dommersnes@ntnu.no.,no- trondheim,,
149,Rozynek,Zbigniew,NO,zbigniew.rozynek@gmail.com.,no- trondheim,,
150,Fossum,Jon Otto,NO,jon.fossum@ntnu.no.,no- trondheim,,
151,Nørsett,Kristin G,NO,,n- trondheim,,
152,Ulvik,A,NO,,haukeland hospital,,
153,Hersleth,H-P,NO,,university of oslo,,
154,Stokke,Sigbjørn,NO,sigbjorn.stokke@nina.no.,trondheim,,
155,Arnemo,Jon M,NO,,elverum,,
156,Brainerd,Scott,NO,,ås,,
157,Kraabøl,Morten,NO,,trondheim,,
158,Ytrehus,Bjørnar,NO,,trondheim,,
159,Aminoff,Sofie R,NO,,akershus university hospital,,
160,Vik Lagerberg,Trine,NO,,oslo,,
161,Agartz,Ingrid,NO,,oslo,,
162,Melle,Ingrid,NO,,oslo,,
163,Welle-Strand,Anne,NO,,sandvika,,
164,Winsvold,B S,NO,b.k.winsvold@medisin.uio.no,oslo,,
165,Bugten,Vegard,NO,vegard.bugten@ntnu.no,trondheim,,
166,El-Salhy,Magdy,NO,magdy.el-salhy@helse-fonna.no,stord,,
167,Müller,F,NO,,national hospital,,
168,Woldesemayat,Endrias Markos,NO,endromark@yahoo.com.,bergen,,
169,Gari,Taye,NO,,bergen,,
170,Hendset,Magnhild,NO,,oslo,,
171,Hjemdal,Odin,NO,,trondheim,,
172,Hassel,B,NO,bjornar.hassel@ffi.no,n- kjeller,,
173,Gerdts,E,NO,,bergen,,
174,Holst,Dorthe,NO,dholst@odont.uio.no,oslo,,
175,Mahajan,Tushar R,NO,t.r.mahajan@kjemi.uio.no.,n-0315 oslo,,
176,Ytre-Arne,Mari Eknes,NO,pernille.strom-andersen@medisin.uio.no.,n-0424 oslo,,
177,Strøm-Andersen,Pernille,NO,pernille.strom-andersen@medisin.uio.no.,n-0424 oslo,,
178,Dalhus,Bjørn,NO,pernille.strom-andersen@medisin.uio.no.,n-0424 oslo,,
179,Gundersen,Lise-Lotte,NO,l.l.gundersen@kjemi.uio.no.,n-0315 oslo,,
180,Eijsink,Vincent G H,NO,,ås,,
181,Stamsås,Gro Anita,NO,,no- aas,,
182,DeRoo,Lisa A,NO,,bergen,,
183,Skjærven,Rolv,NO,,bergen,,
184,Sone,Izumi,NO,izumi.sone@nofima.no,tromsø n-,,
185,Fjeldbo,Christina S,NO,,oslo,,
186,Aarnes,Eva-Katrine,NO,,oslo,,
187,Malinen,Eirik,NO,,oslo,,
188,Kristensen,Gunnar B,NO,,oslo,,
189,Lyng,Heidi,NO,,oslo,,
190,Cabanac,A,NO,,university of tromsø,,
191,Tiller,Heidi,NO,,tromsø,,
192,Fedorcsak,Peter,NO,,oslo,,
193,Skogen,Bjørn R,NO,,tromsø,,
194,Egeland,Thore,NO,,oslo,,
195,Tsinkalovsky,O R,NO,,haukeland hospital,,
196,Askim,Torunn,NO,,norwegian university of science and technology,,
197,Standal,Øyvind,NO,,department of physical education at the norwegian school of sport sciences in oslo,,
198,Thoresen,O F,NO,,oslo,,
199,Søfteland,Liv,NO,lso@nifes.no,n-5817 bergen,,
200,Svalheim,Sigrid,NO,sigrid.svalheim@rikshospitalet.no,oslo,,
201,Nederbragt,Lex,NO,,oslo,,
202,Olsen,Thomas,NO,thomas.olsen@medisin.uio.no.,oslo,,
203,Øvrebø,Bente,NO,benteov@me.com.,oslo,,
204,Bastani,Nasser E,NO,n.e.bastani@medisin.uio.no.,oslo,,
205,Refsum,Helga,NO,helga.refsum@medisin.uio.no.,oslo,,
206,Vinknes,Kathrine J,NO,kathrine.vinknes@medisin.uio.no.,oslo,,
207,Helseth,A,NO,,oslo,,
208,Szeto,Kai Chung,NO,,oslo,,
209,Falnes,Pål Ø,NO,pal.falnes@labmed.uio.no,oslo,,
210,Natvig,H,NO,,university of oslo,,
211,Skrøvseth,Stein Olav,NO,stein.olav.skrovseth@telemed.no,tromsø,,
212,Ryberg,D,NO,,oslo,,
213,Bjerke,Jarle W,NO,,tromsø,,
214,Grimsmo,J,NO,,feiring,,
215,Birri,Dagim Jirata,NO,,n as,,
216,Thrane,E V,NO,vibeke.thrane@folkehelsa.no,oslo,,
217,Klingenberg,Claus,NO,,tromsø,,
218,Hernes,E,NO,eivor.hermes@klinmed.uio.no,n- oslo,,
219,Oftedal,Åshild,NO,,bergen,,
220,Gerdts,Eva,NO,,bergen,,
221,Waje-Andreassen,Ulrike,NO,,bergen,,
222,Fromm,Annette,NO,,bergen,,
223,Naess,Halvor,NO,,bergen,,
224,Linde,Anja,NO,,bergen,,
225,Saeed,Sahrai,NO,,bergen,,
226,Killie,Mette Kjær,NO,,tromsø,,
227,Kjeldsen-Kragh,Jens,NO,,tromsø,,
228,Järås,Kerstin,NO,,tromsø,,
229,Olsen,Jan-Aage,NO,,oslo,,
230,Reber,Rolf,NO,rolf.reber@psysp.uib.no,university of bergen,,
231,Breivik,L,NO,lars.breivik@biomed.uib.no,bergen,,
232,Pareja,J A,NO,,trondheim university hospital,,
233,Hersoug,Anne Grete,NO,a.g.hersoug@psykiatri.uio.no,university of oslo,,
234,Blaas,H G,NO,,trondheim university hospital,,
235,Johnsen,S,NO,,trondheim,,
236,Vikebø,Frode B,NO,frovik@imr.no,bergen,,
237,Anda,S,NO,,trondheim university hospital,,
238,Holen,Ø H,NO,,n-0316 oslo,,
239,Rusch,Johannes C,NO,,oslo,,
240,Hansen,Haakon,NO,haakon.hansen@vetinst.no.,oslo,,
241,Strand,David A,NO,,oslo,,
242,Markussen,Turhan,NO,,oslo,,
243,Hytterød,Sigurd,NO,,oslo,,
244,Vrålstad,Trude,NO,,oslo,,
245,Røskaft,Eivin,NO,,no,,
246,Sulo,Gerhard,NO,gerhard.sulo@uib.no.,university of bergen,,
247,Igland,Jannicke,NO,,university of bergen,,
248,Nygård,Ottar,NO,,university of bergen,,
249,Vollset,Stein Emil,NO,,university of bergen,,
250,Ebbing,Marta,NO,,university of bergen,,
251,Egeland,Grace M,NO,,university of bergen,,
252,Tell,Grethe S,NO,,university of bergen,,
253,Råholm,Maj-Britt,NO,mbr@hsh.no,department of nursing and health care,,
254,Brynildsrud,O,NO,,oslo,,
255,Tysnes,K R,NO,,oslo,,
256,Robertson,L J,NO,,oslo,,
257,Debenham,J J,NO,,oslo,,
258,Kjaerheim,Kristina,NO,,oslo,,
259,Ekstrøm,Per Olaf,NO,,oslo,,
260,Collas,P,NO,,aas,,
261,Nordgard,S,NO,,trondheim,,
262,Örtengren,Ulf,NO,,tromsø,,
263,Ørstavik,Ragnhild E,NO,ragnhild.orstavik@fhi.no,nydalen n- oslo,,
264,Halvorsen,Thomas,NO,,trondheim,,
265,Martinussen,Pål E,NO,,trondheim,,
266,Solhaug,Vigdis,NO,vigdis.solhaug@relis.ulleval.no,ullevål  oslo,,
267,Myhrvold,Trine,NO,trine.myhrvold@su.hio.no,oslo,,
268,Digranes,A,NO,,bergen,,
269,Tysvaer,A T,NO,,oslo,,
270,Ihlen,Espen A F,NO,,trondheim,,
271,Vereijken,Beatrix,NO,,trondheim,,
272,Helbostad,Jorunn L,NO,,trondheim,,
273,Rotabakk,Bjørn Tore,NO,,n-4068 stavanger,,
274,Skeidsvoll,J,NO,jarle.skeidsvoll@ikb.uib.no,university of bergen,,
275,Pedersen,K W,NO,,oslo,,
276,Anglès d'Auriac,Marc B,NO,,oslo,,
277,Rinde,Eli,NO,,oslo,,
278,Norling,Pia,NO,,oslo,,
279,Staalstrøm,André,NO,,oslo,,
280,Hjermann,Dag Ø,NO,,oslo,,
281,Thaulow,Jens,NO,,oslo,,
282,Holm,Kristian,NO,,oslo,,
283,Naess,Sigrid,NO,,oslo,,
284,Karlsen,Tom H,NO,,oslo,,
285,Schrumpf,Erik,NO,,oslo,,
286,Tourani,Mahdieh,NO,,ås,,
287,Fjermestad,Krister W,NO,kfj061@uib.no,haukeland university hospital,,
288,Tierens,Anne M,NO,,n- oslo,,
289,Engebretsen,Kristin V T,NO,,oslo,,
290,Bragstad,Line Kildal,NO,l.k.bragstad@medisin.uio.no.,no-0318 oslo,,
291,Skovlund,E,NO,eva.skovlund@basalmed.uio.no,oslo,,
292,Diaz,Esperanza,NO,esperanza.diaz@igs.uib.no.,bergen,,
293,Kjeken,R,NO,,0316 oslo,,
294,Hanestad,B R,NO,,university of bergen,,
295,Borstad,Ellen,NO,ellen.borstad@ulleval.no,oslo,,
296,Heggelund,Julie E,NO,,no-0315 blindern,,
297,Kvam,E,NO,,oslo,,
298,Bergsland,Jacob,NO,,oslo,,
299,Elle,Ole Jakob,NO,,oslo,,
300,Fosse,Erik,NO,,oslo,,
301,Schrade,Matthias,NO,,oslo,,
302,Fjeld,Harald,NO,,oslo,,
303,Norby,Truls,NO,,oslo,,
304,Finstad,Terje G,NO,,oslo,,
305,Bangstad,H J,NO,,oslo,,
306,Clarsen,B,NO,,oslo,,
307,Egede-Nissen,Veslemøy,NO,,oslo and akershus university college,,
308,Sørlie,Venke,NO,,lovisenberg diaconal university college,,
309,Bergem,A L,NO,,vinderen,,
310,Solli,Hans Petter,NO,,bergen,,
311,Oshaug,A,NO,,university of oslo,,
312,Albandar,J M,NO,,university of oslo,,
313,Høye,Sevald,NO,,elverum,,
314,Kvigne,Kari,NO,,elverum,,
315,Gillund,Margrethe V,NO,,elverum,,
316,Nordström,Gun,NO,,elverum,,
317,Trollvik,Anne,NO,,elverum,,
318,Wilde-Larsson,Bodil,NO,,elverum,,
319,Hov,Reidun,NO,,elverum,,
320,Standal,H,NO,,as,,
321,Hoffmann-Vold,Anna-Maria,NO,,oslo,,
322,Didriksen,Henriette,NO,,oslo,,
323,Molberg,Øyvind,NO,,oslo,,
324,Gjølstad,Merete,NO,merete.gjolstad@stami.no,n-0033 oslo,,
325,Utvåg,S E,NO,,tromsø,,
326,Hove,J,NO,joakim.hove@phys.ntnu.no,n- trondheim,,
327,Collins,Andrew R,NO,a.r.collins@medisin.uio.no,oslo,,
328,Selvaag,E,NO,,university of oslo,,
329,Helland,P,NO,,bergen,,
330,Ueland,T,NO,thor.ueland@medisin.uio.no,oslo,,
331,Beraki,Elsa,NO,,n- oslo,,
332,Nossen,J O,NO,,oslo,,
333,Uhlig,Silvio,NO,,oslo,,
334,Lund,T,NO,,university of bergen,,
335,Rebnord,Eirik W,NO,eirik.rebnord@gmail.com.,bergen,,
336,Strand,Elin,NO,,bergen,,
337,Midttun,Øivind,NO,,bergen,,
338,Svingen,Gard F T,NO,,bergen,,
339,Christensen,Monika H E,NO,,bergen,,
340,Ueland,Per M,NO,,bergen,,
341,Mellgren,Gunnar,NO,,bergen,,
342,Njølstad,Pål R,NO,,bergen,,
343,Tell,Grethe S,NO,,bergen,,
344,Nygård,Ottar K,NO,,bergen,,
345,Pedersen,Eva R,NO,,bergen,,
346,Myhr,Arnhild,NO,,trondheim,,
347,Tangen,Espen,NO,,n- tromsø,,
348,Jugessur,Astanand,NO,astanand.jugessur@fhi.no,oslo,,
349,Maghazachi,Azzam A,NO,azzam.maghazachi@basalmed.uio.no,oslo,,
350,Semb,Anne Grete,NO,a-semb@diakonsyk.no,no- oslo,,
351,Helland,Christian A,NO,chhe@helse-bergen.no,bergen,,
352,Wilhelmsen,I,NO,,bergen,,
353,Kjerpeseth,Lars J,NO,lars.j.kjerpeseth@ntnu.no.,trondheim,,
354,Ellekjær,Hanne,NO,,trondheim,,
355,Selmer,Randi,NO,,oslo,,
356,Ariansen,Inger,NO,,oslo,,
357,Furu,Kari,NO,,oslo,,
358,Skovlund,Eva,NO,,trondheim,,
359,Tierens,Anne,NO,,oslo,,
360,Zeller,Bem,NO,,oslo,,
361,Mathisen,Therese Fostervold,NO,t.f.mathisen@nih.no.,oslo,,
362,Rosenvinge,Jan H,NO,,tromsø,,
363,Pettersen,Gunn,NO,,tromsø,,
364,Friborg,Oddgeir,NO,,tromsø,,
365,Vrabel,KariAnne,NO,,vikersund,,
366,Bratland-Sanda,Solfrid,NO,,kongsberg,,
367,Svendsen,Mette,NO,,oslo,,
368,Stensrud,Trine,NO,,oslo,,
369,Bakland,Maria,NO,,tromsø,,
370,Wynn,Rolf,NO,,tromsø,,
371,Sundgot-Borgen,Jorunn,NO,,oslo,,
372,Svanes,C,NO,cecilie.svanes@haraldsplass.no,bergen,,
373,Lid,Torgeir Gilje,NO,giljelid@gmail.com.,stavanger university hospital,,
374,Nesvåg,Sverre,NO,,stavanger university hospital,,
375,Meland,Eivind,NO,,university of bergen,,
376,Rund,Bjørn Rishovd,NO,b.r.rund@psykologi.uio.no,n-0317 oslo,,
377,Peltzer,Raphael Mathias,NO,,0315 oslo,,
378,Kolli,Hima Bindu,NO,,0315 oslo,,
379,Cascella,Michele,NO,,0315 oslo,,
380,Johansen,O E,NO,odd.erik.johansen@broadpark.no,rud,,
381,Osterud,B,NO,,university of tromsø,,
382,Vasskog,Terje,NO,terjev@farmasi.uit.no,tromsø,,
383,Moen,Kjersti,NO,,tønsberg,,
384,Ormstad,Heidi,NO,,drammen,,
385,Wang-Hansen,Marte Sofie,NO,,tønsberg,,
386,Brovold,Therese,NO,,oslo,,
387,Kuczkowska,Katarzyna,NO,geir.mathiesen@nmbu.no.,ås,,
388,Mathiesen,Geir,NO,geir.mathiesen@nmbu.no.,ås,,
389,Eijsink,Vincent G H,NO,geir.mathiesen@nmbu.no.,ås,,
390,Øynebråten,Inger,NO,geir.mathiesen@nmbu.no.,oslo,,
391,Zhou,Y,NO,,oslo,,
392,Jordal,Bjarte H,NO,bjarte.jordal@um.uib.no,pb  n-5007 bergen,,
393,Nordgård,Oddmund,NO,nood@sus.no,4068 stavanger,,
394,Roed-Larsen,Sverre,NO,sverre.roeed-larsen@afi-wri.no,no-0130 oslo,,
395,Kvittingen,E A,NO,,rikshospitalet oslo,,
396,Brøndbo,K,NO,,oslo,,
397,Skeie,Marit S,NO,marit.skeie@iko.uib.no,n- bergen,,
398,Etholm,Lars,NO,lars.etholm@medisin.uio.no,oslo,,
399,Caugant,Dominique A,NO,,no-0318 oslo,,
400,Werner,David A T,NO,mail@david-werner.com.,tromsø,,
401,Grotle,Margreth,NO,,oslo,,
402,Gulati,Sasha,NO,,trondheim,,
403,Austevoll,Ivar M,NO,,bergen,,
404,Lønne,Greger,NO,,lillehammer,,
405,Nygaard,Øystein P,NO,,trondheim,,
406,Solberg,Tore K,NO,,tromsø,,
407,Meza,Trine J,NO,t.j.meza@bio.uio.no,n-0315 oslo,,
408,Svensson,My,NO,,oslo,,
409,Lote,K,NO,,bergen,,
410,Frøshov ,Ø,NO,,blindern,,
411,Stranden,E,NO,,osterås,,
412,Kaarbø,Mari,NO,,oslo,,
413,Gilja,Odd Helge,NO,,university of bergen,,
414,Qvigstad,Eirik,NO,,0316 oslo,,
415,Mistry,Nisha,NO,,oslo,,
416,Kjendlie,Per-Ludvik,NO,per-ludvik.kjendlie@nih.no,0840 oslo,,
417,Langeland,N,NO,,university of bergen,,
418,Nilsen,Paal J,NO,,asker,,
419,Åsberg,A,NO,,oslo,,
420,Hartmann,A,NO,,oslo,,
421,Rollag,H,NO,,oslo,,
422,Jul-Larsen,Asne,NO,,bergen,,
423,Lea,Unni S,NO,,university of stavanger,,
424,Myhre,Cathrine E Lund,NO,,n-0372 oslo,,
425,Johannessen,Ane,NO,,bergen,,
426,Bertelsen,Randi Jacobsen,NO,,bergen,,
427,Gomez Real,Francisco,NO,,bergen,,
428,Svanes,Cecilie,NO,,bergen,,
429,Sletta,O,NO,,dragvoll,,
430,Hegnar,Olav A,NO,,ås,,
431,Petrovic,Dejan M,NO,,ås,,
432,Bissaro,Bastien,NO,,ås,,
433,Alfredsen,Gry,NO,,ås,,
434,Várnai,Anikó,NO,,ås,,
435,Eijsink,Vincent G H,NO,vincent.eijsink@nmbu.no.,ås,,
436,Jensen,Henrik,NO,henrik.jensen@bio.ntnu.no,no- trondheim,,
437,Seim,Anders,NO,,fjellstrand,,
438,Hirschberg,H,NO,,oslo,,
439,Ringdal,Gerd Inger,NO,gerd.inger.ringdal@svt.ntnu.no,n- trondheim,,
440,Lysøe,Erik,NO,,ås,,
441,Brurberg,May B,NO,,ås,,
442,Ellingsen,Linda Ager-Wick,NO,,no- trondheim,,
443,Hung,Christine Roxanne,NO,,no- trondheim,,
444,Majeau-Bettez,Guillaume,NO,,no- trondheim,,
445,Singh,Bhawna,NO,,no- trondheim,,
446,Strømman,Anders Hammer,NO,,no- trondheim,,
447,Østlie,H M,NO,,n-1432 aas,,
448,Liland,K H,NO,,n-1432 aas,,
449,Rudi,K,NO,,n-1432 aas,,
450,Isaksson,T,NO,,n-1432 aas,,
451,Skeie,S B,NO,,n-1432 aas,,
452,Robinson,Hilde Stendal,NO,h.s.robinson@medisin.uio.no,no 0318 oslo,,
453,Skagseth,Øystein,NO,,bergen,,
454,Slotte,Aril,NO,,bergen,,
455,Stenevik,Erling Kåre,NO,,bergen,,
456,Nash,Richard D M,NO,,bergen,,
457,Kliukiene,J,NO,jolanta.kliukiene@kreftregisteret.no,no- oslo,,
458,Adams,Samantha S,NO,samantha.s.adams@ahus.no,lørenskog,,
459,Solbakk,Anne-Kristin,NO,a.k.solbakk@psykologi.uio.no,0317 oslo,,
460,Hankø,E,NO,,university of oslo,,
461,Holthe,Halgeir,NO,,tromsø,,
462,Serrano,J Artur,NO,,tromsø,,
463,Horgen,Gunnar,NO,gunnar.horgen@hibu.no,kongsberg,,
464,Andersen,Anders Johan W,NO,,grimstad,,
465,Lillegraven,Siri,NO,siri.lillegraven@gmail.com,oslo n-,,
466,Dahlberg,Unn,NO,unn.dahlberg@stolav.no,trondheim,,
467,Saether,O D,NO,,trondheim,,
468,Sandset,P M,NO,p.m.sandset@ioks.uio.no,oslo,,
469,Ekstrand,Karl,NO,,oslo,,
470,Oterhals,Age,NO,aage.oterhals@nofima.no,fyllingsdalen,,
471,Pryme,I F,NO,ian.pryme@ibmb.uib.no,bergen,,
472,Storstein,L,NO,,oslo,,
473,Lødrup Carlsen,K C,NO,,oslo,,
474,Manner,Ingjerd W,NO,i.w.manner@medisin.uio.no,university of oslo,,
475,Brunvand,L,NO,,oslo,,
476,Vodovnik,Aleksandar,NO,,førde,,
477,Skogen,Vegard,NO,vegards@fagmed.uit.no,n- tromsø,,
478,Christie,K E,NO,,university of tromsø,,
479,Indrekvam,K,NO,,surgical research laboratory,,
480,Abelsen,Birgit,NO,,university of tromsø,,
481,Lund,K,NO,kristin@lund.as,oslo,,
482,Pullar,N D,NO,,tromsø,,
483,Steinum,H,NO,,trondheim,,
484,Tonby,K,NO,,oslo,,
485,Heggelund,L,NO,,drammen,,
486,Leiva,R A,NO,,bergen,,
487,Ofstad,R,NO,,haugesund,,
488,Bruun,J N,NO,,tromsø,,
489,Dyrhol-Riise,A M,NO,,bergen,,
490,Fonnum,Helge,NO,helge.fonnum@ffi.no,kjeller no-,,
491,Randen,I,NO,,university of oslo,,
492,Praebel,Kim,NO,kim.praebel@uit.no,n- tromsø,,
493,Egeland,Jens,NO,jens.egeland@piv.no,tønsberg,,
494,Reed,Nina Petersen,NO,,trondheim,,
495,Josephsson,Staffan,NO,,trondheim,,
496,Alsaker,Sissel,NO,,trondheim,,
497,Grønhaug,Gudmund,NO,,grålum,,
498,Helland,Ronny,NO,ronny.helland@uit.no,tromsø,,
499,Ostlie,I L,NO,ingrid.oestlie@hig.no,n- gjövik,,
500,Skiri,Hanne Therese,NO,,no- trondheim,,
501,Shumilina,Elena,NO,,n- trondheim,,
502,Rustad,Turid,NO,,n- trondheim,,
503,Buanes,T,NO,,bergen,,
504,Bugge,L,NO,,oslo,,
505,Bugge,M K,NO,,oslo,,
506,Cameron,D,NO,,oslo,,
507,Catmore,J R,NO,,oslo,,
508,Dale,O,NO,,bergen,,
509,Eigen,G,NO,,bergen,,
510,Franconi,L,NO,,oslo,,
511,Gjelsten,B K,NO,,oslo,,
512,Gramstad,E,NO,,oslo,,
513,Kastanas,A,NO,,bergen,,
514,Liebig,W,NO,,bergen,,
515,Lipniacka,A,NO,,bergen,,
516,Martin Dit Latour,B,NO,,bergen,,
517,Morisbak,V,NO,,oslo,,
518,Ould-Saada,F,NO,,oslo,,
519,Pajchel,K,NO,,oslo,,
520,Pedersen,M,NO,,oslo,,
521,Read,A L,NO,,oslo,,
522,Røhne,O,NO,,oslo,,
523,Rosendahl,P L,NO,,bergen,,
524,Sandaker,H,NO,,bergen,,
525,Sjursen,T B,NO,,bergen,,
526,Smestad,L,NO,,bergen,,
527,Stapnes,S,NO,,oslo,,
528,Strandlie,A,NO,,oslo,,
529,Stugu,B,NO,,bergen,,
530,Ugland,M,NO,,bergen,,
531,Bergsland,Jacob,NO,nielsb@aol.com,olso,,
532,Anvik,Tor,NO,tor.anvik@ism.uit.no,n- tromsø,,
533,Andersen,Janice,NO,janice.andersen@helse-bergen.no.,bergen,,
534,Houge,Gunnar,NO,,bergen,,
535,Schjelderup,Jack,NO,,bergen,,
536,Ostile,I L,NO,ingrid.oestlie@hig.no,gjövik,,
537,Flak,Marianne M,NO,,trondheim,,
538,Hol,Haakon R,NO,,arendal,,
539,Hernes,Susanne S,NO,,bergen,,
540,Chang,Linda,NO,,arendal,,
541,Ernst,Thomas,NO,,arendal,,
542,Bjuland,Knut Jørgen,NO,,arendal,,
543,Madsen,Bengt-Ove,NO,,arendal,,
544,Lindland,Elisabeth M S,NO,,arendal,,
545,Knapskog,Anne-Brita,NO,,skien,,
546,Ulstein,Ingun D,NO,,skien,,
547,Lona,Trine E E,NO,,oslo,,
548,Skranes,Jon,NO,,trondheim,,
549,Løhaugen,Gro C C,NO,,oslo,,
550,Siafarikas,F,NO,,oslo,,
551,Staer-Jensen,J,NO,,lørenskog,,
552,Hilde,G,NO,,lørenskog,,
553,Bø,K,NO,,lørenskog,,
554,Ellström Engh,M,NO,,oslo,,
555,Holen,K J,NO,,university hospital of trondheim,,
556,Nordal,K P,NO,,oslo,,
557,McArthur,David Philip,NO,d.p.mcarthur@medisin.uio.no,oslo,,
558,Omdal,R,NO,,university hospital of tromsø,,
559,Kirov,Mikhail Y,NO,,university of tromsø,,
560,Hjørnevik,Linda V,NO,linda.hjornevik@mbi.uib.no,bergen n-,,
561,Bugge,Ingrid,NO,,oslo,,
562,Dyb,Grete,NO,,oslo,,
563,Stensland,Synne Øien,NO,,oslo,,
564,Ekeberg,Øivind,NO,,oslo,,
565,Wentzel-Larsen,Tore,NO,,oslo,,
566,Diseth,Trond H,NO,,oslo,,
567,Lygren,Hildegunn,NO,hildegunn.lygren@hib.no,bergen,,
568,Sonnewald,U,NO,,trondheim,,
569,Karlsrud,T S,NO,t.s.karlsrud@farmasi.uio.no,university of oslo,,
570,Schiøtz,H A,NO,,hamar hospital,,
571,Bjørneklett,Rune,NO,,bergen,,
572,Solbakken,Vilde,NO,,bergen,,
573,Bostad,Leif,NO,,bergen,,
574,Fismen,Anne-Siri,NO,,bergen,,
575,Töpper,Joachim P,NO,,bergen,,
576,Meineri,Eric,NO,,bergen,,
577,Olsen,Siri L,NO,,oslo,,
578,Rydgren,Knut,NO,,sogndal,,
579,Skarpaas,Olav,NO,,oslo,,
580,Vandvik,Vigdis,NO,,bergen,,
581,Ingstad,Benedicte,NO,,n-0318 oslo,,
582,Aasmoe,L,NO,farmla@rito.no,university hospital of tromsø,,
583,Lilja,M,NO,,university of tromsø,,
584,Aase,Karina,NO,,stavanger,,
585,Sparr,S,NO,,regional hospital in tromsø,,
586,Tonstad,S,NO,,osio,,
587,Hervik Thorbjørnsen,Gunhild,NO,,bergen,,
588,Riise,Trond,NO,,bergen,,
589,Øyen,Jannike,NO,,bergen,,
590,Makar,A.Ph.,NO,,oslo,,
591,Glosli,Heidi,NO,,oslo,,
592,Kursula,Petri,NO,,bergen,,
593,Irtun,O,NO,,university of tromsø,,
594,Ellingsen,Øyvind,NO,,trondheim,,
595,Carstensen,Tove,NO,,trondheim,,
596,Bonsaksen,Tore,NO,,oslo,,
597,Moe,Morten C,NO,cmoe@klinmed.uio.no,n- oslo,,
598,Griffiths,Gareth,NO,,oslo,,
599,Sioud,Mouldy,NO,,oslo,,
600,Bruheim,Per,NO,,n- trondheim,,
601,Cairns,John,NO,,n-5020 bergen,,
602,Berge,Jørgen,NO,,9171 longyearbyen,,
603,Cottier,Finlo,NO,,tromsø,,
604,Emberland,K E,NO,knut.erik.emberland@fhi.no,oslo,,
605,Pélabon,C,NO,,trondheim,,
606,Fosse,E,NO,,oslo,,
607,Blankenberg,A G B,NO,joragb@bioforsk.no,n-1 432 as,,
608,Stuhr,Linda E B,NO,linda.stuhr@pki.uib.no,bergen,,
609,Bains,Simer J,NO,simer.bains@ncmm.uio.no.,lørenskog,,
610,Niehusmann,Pitt F,NO,,oslo,,
611,Meling,Torstein R,NO,,oslo,,
612,Saxhaug,Cathrine,NO,,oslo,,
613,Züchner,Mark,NO,,oslo,,
614,Brandal,Petter,NO,,oslo,,
615,Lysøe,Erik,NO,erik.lysoe@bioforsk.no,as,,
616,Rönnerhag,Maria,NO,,kongsberg,,
617,Severinsson,Elisabeth,NO,,kongsberg,,
618,Morseth,Bente,NO,bente.morseth@uit.no.,tromsø,,
619,Jacobsen,Bjarne K,NO,,tromsø,,
620,Emaus,Nina,NO,,tromsø,,
621,Wilsgaard,Tom,NO,,tromsø,,
622,Jørgensen,Lone,NO,,tromsø,,
623,Tobiassen,R O,NO,,as,,
624,Kjeken,Ingvild,NO,,oslo,,
625,Groote,Inge R,NO,,oslo,,
626,Hoff,G,NO,,skien,,
627,Henriksen,T H,NO,thorhenrik.henriksen@vf.telia.no,no- tønsberg,,
628,Ueland,Grethe Å,NO,,bergen,,
629,Methlie,Paal,NO,,bergen,,
630,Jøssang,Dag Eirik,NO,,bergen,,
631,Sagen,Jørn V,NO,,bergen,,
632,Viste,Kristin,NO,,bergen,,
633,Thordarson,Hrafnkell B,NO,,bergen,,
634,Heie,Anette,NO,,bergen,,
635,Grytaas,Marianne,NO,,bergen,,
636,Løvås,Kristian,NO,,bergen,,
637,Biermann,Martin,NO,,bergen,,
638,Husebye,Eystein S,NO,,bergen,,
639,Mjaaland,Knut Erik,NO,,oslo,,
640,Nordby,Karl-Christian,NO,,oslo,,
641,Hanevik,H I,NO,hhai@sthf.no,porsgrunn,,
642,Gunderson,Ragnhild B,NO,ragnhild.gunderson@oslo-universitetssykehus.no,oslo university hospital,,
643,Wilsgaard,Tom,NO,tom.wilsgaard@ism.uit.no,n- tromsø,,
644,Lundgren,S,NO,,university of bergen,,
645,Iversen,B M,NO,,university of bergen,,
646,Post,E,NO,esp10@psu.edu,university of oslo,,
647,Johansen,Stein,NO,stein.johansen@hhf.no,narvik,,
648,Sturdy,Jacob,NO,,trondheim,,
649,Palmstierna,Tom,NO,,trondheim,,
650,Kvenshagen,B K,NO,,fredrikstad,,
651,Mo,R,NO,,haukeland hospital,,
652,Jones,R A,NO,,trondheim,,
653,Smeland,E,NO,,university of tromsø,,
654,Havas,Viktória,NO,,trondheim,,
655,Ruan,Jian Ping,NO,jianping_ruan@hotmail.com,university of bergen,,
656,Aarsetoey,Hildegunn,NO,aahi@sus.no,4068 stavanger,,
657,Klemsdal,T O,NO,torole.klemsdal@uus.no,n- oslo,,
658,Deledda,S,NO,,no- kjeller,,
659,Quaynor,H,NO,,kongsberg sykehus,,
660,Wilkinson,S R,NO,,oslo,,
661,Grant,D,NO,dgr@nycomed.com,oslo,,
662,Sheikh,Mashhood A,NO,,university of tromsø tromsø,,
663,Abelsen,Birgit,NO,,university of tromsø tromsø,,
664,Olsen,Jan A,NO,,university of tromsø tromsø,,
665,Sæther,Hilde Kjernlie,NO,hilde.saether@oslo-universitetssykehus.no,oslo,,
666,Maehle,Lovise,NO,,oslo,,
667,Grindedal,Eli Marie,NO,,oslo,,
668,Lodiene,G,NO,lodieneg@gmail.com,haslum,,
669,Skåre,Christiane,NO,,oslo university hospital and university of oslo,,
670,Olasveengen,Theresa,NO,,oslo university hospital and university of oslo,,
671,Kramer-Johansen,Jo,NO,,oslo university hospital and university of oslo,,
672,Berge,Guro,NO,,trondheim,,
673,Lauridsen,Camilla,NO,,trondheim,,
674,Sando,Sigrid Botne,NO,,trondheim,,
675,Møller,Ina,NO,,university hospital of trondheim,,
676,Aasly,Jan Olav,NO,,trondheim,,
677,Bråthen,Geir,NO,,trondheim,,
678,White,Linda Rosemary,NO,,trondheim,,
679,Niebling,Michael J,NO,,0316 oslo,,
680,Tallakstad,Ken Tore,NO,,0316 oslo,,
681,Måløy,Knut Jørgen,NO,,0316 oslo,,
682,Distante,S,NO,sonia.distante@ioks.uio.no,oslo,,
683,Aalen,R B,NO,,university of oslo,,
684,Engeset,D,NO,,kristiansand,,
685,Haaland,Hilde Dahl,NO,,bergen,,
686,Haugen,L K,NO,,university of oslo,,
687,Valeur,Jørgen,NO,,oslo,,
688,Kleiveland,Charlotte R,NO,,ås,,
689,Moen,Lars F,NO,,ås,,
690,Øverland,Lise,NO,,ås,,
691,Tjåland,Rannei,NO,,ås,,
692,Carlsen,Harald,NO,,ås,,
693,Lea,Tor,NO,,ås,,
694,Eijsink,Vincent G H,NO,,ås,,
695,Ancin-Murguzur,Francisco J,NO,,n- tromsø,,
696,Cooper,Elisabeth J,NO,,n- tromsø,,
697,Vullum,Per Erik,NO,,no- trondheim,,
698,Nord,Magnus,NO,,no- trondheim,,
699,Vatanparast,Maryam,NO,,no- trondheim,,
700,Thomassen,Sedsel Fretheim,NO,,no- trondheim,,
701,Holmestad,Randi,NO,,no- trondheim,,
702,Fimland,Bjørn-Ove,NO,,no- trondheim,,
703,Reenaas,Turid Worren,NO,,no- trondheim,,
704,Ottestad,Inger,NO,,0317 oslo,,
705,Ulven,Stine M,NO,,0317 oslo,,
706,Øyri,Linn K L,NO,,0317 oslo,,
707,Sandvei,Kristin S,NO,,0317 oslo,,
708,Gjevestad,Gyrd O,NO,,0317 oslo,,
709,Bye,Asta,NO,,oslo,,
710,Sheikh,Navida A,NO,,oslo,,
711,Biong,Anne S,NO,,oslo,,
712,Andersen,Lene F,NO,,0317 oslo,,
713,Holven,Kirsten B,NO,,0317 oslo,,
714,Nergård-Nilssen,Trude,NO,t.n.nilssen@isp.uio.no,university of oslo,,
715,Birch,Stephen,NO,,oslo,,
716,Alraek,Terje,NO,,oslo,,
717,Jahnsen,F,NO,,national hospital,,
718,Olsen,Ingar,NO,,oslo,,
719,Sundseth,Antje,NO,,lørenskog,,
720,Altmann,Marianne,NO,,lørenskog,,
721,Löffeler,Sven,NO,,tønsberg,,
722,Weedon-Fekjaer,Harald,NO,,oslo,,
723,Wang-Hansen,Marte Sofie,NO,,tønsberg,,
724,Sebakk,Karin,NO,,tønsberg,,
725,Hamre,Hanne,NO,,oslo,,
726,Haug,Erik S,NO,,tønsberg,,
727,Fosså,Sophie D,NO,,oslo,,
728,Soma,J,NO,,university hospital of trondheim,,
729,Nilsen,Frode,NO,,lörenskog,,
730,Beisland,Christian,NO,,bergen,,
731,Lilleby,Vibke,NO,vibke.lilleby@ous-hf.no,rikshospitalet,,
732,Gadan,Koestan,NO,,oslo,,
733,Somé,Eric Nagaonlé,NO,,bergen,,
734,Engebretsen,Ingunn M S,NO,,bergen,,
735,Tylleskär,Thorkild,NO,,bergen,,
736,Hugdahl,Kenneth,NO,,university of bergen bergen,,
737,Reksen,O,NO,olav.reksen@veths.no,n-0033 oslo,,
738,Morken,Tone,NO,tone.morken@uni.no.,bergen,,
739,Johansen,Ingrid H,NO,ingrid.johansen@uni.no.,bergen,,
740,Alsaker,Kjersti,NO,kjersti.alsaker@uni.no.,bergen,,
741,Hugdahl,K,NO,,university of bergen,,
742,Øverby,Anders,NO,,trondheim,,
743,Rossow,Ingeborg,NO,,oslo,,
744,Vikhamar,G,NO,,oslo,,
745,Norum,Ole-Jacob,NO,oleno@radiumhospitalet.no,montebello,,
746,Wiedłocha,A,NO,,oslo,,
747,Kvien,Tore K,NO,,oslo,,
748,Morken,Nils-Halvdan,NO,,bergen,,
749,Høydahl,Even,NO,,oslo,,
750,Norheim,Ole F,NO,,haukeland university hospital,,
751,Klungsøyr,Kari,NO,,bergen,,
752,Andersen,Toril,NO,toril_andersen@hotmail.com.,tromsø,,
753,Mishchenko,Ekaterina,NO,ekaterina.mishchenko@uit.no.,tromsø,,
754,Flaten,Gøril Eide,NO,goril.flaten@uit.no.,tromsø,,
755,Sollid,Johanna U Ericson,NO,johanna.e.sollid@uit.no.,tromsø,,
756,Tho,Ingunn,NO,ingunn.tho@farmasi.uio.no.,oslo,,
757,Škalko-Basnet,Nataša,NO,natasa.skalko-basnet@uit.no.,tromsø,,
758,Koppang,N,NO,,oslo,,
759,Vedeler,C A,NO,,university of bergen,,
760,Skjåkødegård,Hanna F,NO,hanna.flekoy.skjakodegard@hib.no.,bergen,,
761,Danielsen,Yngvild S,NO,,bergen,,
762,Morken,Mette,NO,,bergen,,
763,Linde,Sara-Rebekka F,NO,,bergen,,
764,Júlíusson,Pétur B,NO,,bergen,,
765,Syse,Astri,NO,astri.syse@kreftregisteret.no,oslo,,
766,Husøy,Astrid-Mette,NO,astrid.husoy@helse-bergen.no,bergen,,
767,Eide,Hilde,NO,hilde.eide@su.hio.no,oslo university college,,
768,Trangerud,Cathrine,NO,cathrine.trangerud@veths.no,0033 oslo,,
769,Skaret,E,NO,erik.skaret@odont.uib.no,university of bergen,,
770,Ueland,Per M,NO,per.ueland@ikb.uib.no.,bergen n-,,
771,Meyer,Klaus,NO,klaus.meyer@bevital.no.,bergen n-,,
772,Mundal,H H,NO,,oslo,,
773,El-Temsah,Yehia S,NO,yehia.sayed.el-temsah@bioforsk.no,no- ås,,
774,Nyberg,M K,NO,miriamnyberg@gmail.com,bergen,,
775,Orstavik,K H,NO,,oslo,,
776,Bukholm,G,NO,,university of oslo,,
777,Elvevåg,Brita,NO,,tromsø,,
778,Schou,I,NO,inger.schou@uus.no,oslo,,
779,Brittain,John E,NO,,oslo,,
780,Gjessing,H K,NO,hakon.gjessing@fhi.no,oslo,,
781,Bjørnstad,H,NO,,university of tromsø,,
782,Torkildsen,Ø,NO,,bergen,,
783,Haffner,F,NO,,lier,,
784,Winther,Simon,NO,,oslo,,
785,Morken,Nils-Halvdan,NO,,bergen,,
786,Patel,Sonal,NO,sonal.patel@imr.no,n-5817 bergen,,
787,Ziegler,Mathias,NO,mathias.ziegler@mbi.uib.no,bergen,,
788,Slimestad,Rune,NO,rune@plantchem.com,n- klepp station,,
789,Borchel,Andreas,NO,andreas.borchel@uib.no.,bergen,,
790,Komisarczuk,Anna Z,NO,,bergen,,
791,Nilsen,Frank,NO,,bergen,,
792,Fernø,Johan,NO,,bergen,,
793,Walderhaug,Ståle,NO,stale.walderhaug@sintef.no,trondheim,,
794,Brekke,Kristin,NO,,oslo,,
795,Sommerfelt,Maja,NO,,oslo,,
796,Ökvist,Mats,NO,,oslo,,
797,Dyrhol-Riise,Anne Margarita,NO,,oslo,,
798,Kvale,Dag,NO,dag.kvale@medisin.uio.no.,oslo,,
799,Corthay,Alexandre,NO,alexandre.corthay@medisin.uio.no,oslo,,
800,Pedersen-Bjergaard,Stig,NO,stig.pedersen-bjergaard@farmasi.uio.no,oslo,,
801,Magnus,J H,NO,,lilehammer sanitetsforening rheumatism hospital,,
802,Kvaslerud,Anette Borger,NO,,oslo,,
803,Hussain,Amjad Iqbal,NO,,oslo,,
804,Auensen,Andreas,NO,,oslo,,
805,Ueland,Thor,NO,,oslo,,
806,Michelsen,Annika E,NO,,oslo,,
807,Pettersen,Kjell Ingar,NO,,oslo,,
808,Aukrust,Pål,NO,,oslo,,
809,Mørkrid,Lars,NO,,oslo,,
810,Gullestad,Lars,NO,,oslo,,
811,Broch,Kaspar,NO,,oslo,,
812,Bjerve,K S,NO,,university hospital of trondheim,,
813,Danielsen,Britt Viola,NO,britt.viola.danielsen@hvl.no.,bergen,,
814,Sand,Anne Marit,NO,,bergen,,
815,Rosland,Jan Henrik,NO,,bergen,,
816,Førland,Oddvar,NO,,bergen,,
817,Kristensen,H,NO,hanne.kristensen@r-bup.no,oslo,,
818,Aune,S,NO,,university of bergen,,
819,Lång,Emma,NO,,oslo,,
820,Połeć,Anna,NO,,oslo,,
821,Lång,Anna,NO,,oslo,,
822,Blicher,Pernille,NO,,oslo,,
823,Rowe,Alexander D,NO,,oslo,,
824,Tønseth,Kim A,NO,,oslo,,
825,Jackson,Catherine J,NO,,oslo,,
826,Utheim,Tor P,NO,,oslo,,
827,Eriksson,Jens,NO,,oslo,,
828,Bøe,Stig Ove,NO,stig.ove.boe@rr-research.no.,oslo,,
829,Lund,M B,NO,,university of oslo,,
830,Torbergsen,K,NO,,trondheim,,
831,Vodák,Daniel,NO,,oslo,,
832,Lorenz,Susanne,NO,,oslo,,
833,Nakken,Sigve,NO,,oslo,,
834,Aasheim,Lars Birger,NO,,oslo,,
835,Holte,Harald,NO,,oslo,,
836,Bai,Baoyan,NO,,oslo,,
837,Myklebost,Ola,NO,,oslo,,
838,Meza-Zepeda,Leonardo A,NO,,oslo,,
839,Hovig,Eivind,NO,ehovig@ifi.uio.no.,oslo,,
840,Glomsrød,B,NO,,fredrikstad,,
841,Grevstad,H J,NO,,university of bergen,,
842,Qiao,Z G,NO,,solberg,,
843,McSherry,Wilfred,NO,w.mcsherry@staffs.ac.uk.,bergen,,
844,Werner,Anne,NO,anne.werner@skk.uio.no,n-0315 oslo,,
845,Gouravan,Sarina,NO,sarina.gouravan@rr-research.no.,oslo,,
846,Meza-Zepeda,Leonardo A,NO,leonardo.a.meza-zepeda@rr-research.no.,oslo,,
847,Myklebost,Ola,NO,ola.myklebost@uib.no.,oslo,,
848,Stratford,Eva W,NO,evaped@rr-research.no.,oslo,,
849,Munthe,Else,NO,else.munthe@rr-research.no.,oslo,,
850,Gjertsen,Jan-Erik,NO,jan-erik.gjertsen@helse-bergen.no,bergen,,
851,Vollset,K W,NO,,5020 bergen,,
852,Folkvord,A,NO,,bergen,,
853,Browman,H I,NO,,storebø,,
854,Karlsen,Anette,NO,,n- oslo,,
855,Sottmann,Jonas,NO,,oslo,,
856,Fjellvåg,Helmer,NO,,oslo,,
857,Vajeeston,Ponniah,NO,,oslo,,
858,Wragg,David S,NO,,oslo,,
859,Ekra,Else Mari Ruberg,NO,else.m.ekra@uia.no,university of bergen,,
860,Halvorsen,Kjell H,NO,,tromsø,,
861,Selbaek,Geir,NO,,tønsberg,,
862,Ruths,Sabine,NO,,bergen,,
863,Opdal,S H,NO,,oslo,,
864,Rødland,Ernst K,NO,kristian.rodland@rr-research.no,oslo,,
865,Normand,Camilla,NO,,bergen,,
866,Bogale,Nigussie,NO,,stavanger,,
867,Dickstein,Kenneth,NO,,bergen,,
868,Malerød,Lene,NO,,university of oslo,,
869,Mehl,Arne,NO,arne.mehl@hnt.no.,n-,,
870,Åsvold,Bjørn Olav,NO,,trondheim,,
871,Kümmel,Angela,NO,,levanger,,
872,Lydersen,Stian,NO,,trondheim,,
873,Paulsen,Julie,NO,,n-,,
874,Haugan,Ingvild,NO,,trondheim,,
875,Solligård,Erik,NO,,trondheim,,
876,Damås,Jan Kristian,NO,,trondheim,,
877,Harthug,Stig,NO,,bergen,,
878,Edna,Tom-Harald,NO,,trondheim,,
879,Blaisdell,Amy,NO,amyblaisdell@gmail.com.,bergen,,
880,Müller,F,NO,,national hospital,,
881,Heldal,M,NO,,oslo,,
882,Kaasen,Anne,NO,,oslo,,
883,Helbig,Anne,NO,,oslo,,
884,Malt,Ulrik F,NO,,oslo,,
885,Næs,Tormod,NO,,ås,,
886,Skari,Hans,NO,,oslo,,
887,Haugen,Guttorm,NO,,oslo,,
888,Fosså,S D,NO,,oslo,,
889,Bugge,Anders,NO,,oslo,,
890,Skjørland,K K,NO,,university of oslo,,
891,Kulseth,M A,NO,,as,,
892,Bergdahl,Jan,NO,,tromsø,,
893,Tillberg,Anders,NO,,tromsø,,
894,Grydeland,Håkon,NO,,oslo,,
895,Skotheim,Siv,NO,,bergen,,
896,Dahl,Lisbeth,NO,,bergen,,
897,Handeland,Katina,NO,,bergen,,
898,Frøyland,Livar,NO,,bergen,,
899,Lie,Øyvind,NO,,bergen,,
900,Øyen,Jannike,NO,,bergen,,
901,Kjellevold,Marian,NO,,bergen,,
902,Stormark,Kjell Morten,NO,,bergen,,
903,Graff,Ingvild Eide,NO,,bergen,,
904,Ellensen,Eirin N,NO,eirin.ellensen@uib.no.,drøbak,,
905,Wisborg,Torben,NO,,tromsø,,
906,Hunskaar,Steinar,NO,,bergen,,
907,Zakariassen,Erik,NO,,drøbak,,
908,Cardoso,Inês,NO,i.d.r.cardoso@medisin.uio.no.,oslo,,
909,Stamnaes,Jorunn,NO,,oslo,,
910,Iversen,Rasmus,NO,,oslo,,
911,Andersen,Jan Terje,NO,,oslo,,
912,Sollid,Ludvig M,NO,,oslo,,
913,Stavrum,Ruth,NO,,bergen,,
914,Øiestad,Britt Elin,NO,,oslo,,
915,Bryn,K,NO,,oslo,,
916,Bjørge,L,NO,,bergen,,
917,Hereng,T H,NO,,oslo,,
918,Gudmundsen,T E,NO,,drammen,,
919,Sand,K M,NO,,bergen,,
920,Bjørkvoll,Eirin,NO,eirin.bjorkvoll@bio.ntnu.no,no- trondheim,,
921,Soma,J,NO,johannes.soma@medisin.ntnu.no,university hospital of trondheim,,
922,Alstadhaug,Karl B,NO,karl.bjornar.alstadhaug@nlsh.no,nordlandssykehuset bodø,,
923,Larsen,C P,NO,,oslo,,
924,Lyngstad,Trude Marie,NO,,oslo,,
925,Qviller,Lars,NO,,oslo,,
926,Sindre,Hilde,NO,,oslo,,
927,Brun,Edgar,NO,,oslo,,
928,Kristoffersen,Anja B,NO,,oslo,,
929,Henriksen,C,NO,,oslo,,
930,Kolotkin,R L,NO,,førde,,
931,Andersen,J R,NO,,førde,,
932,Fossum,Solveig,NO,,oslo,,
933,Enger,T B,NO,,trondheim,,
934,Besada,E,NO,emilio.besada@unn.no,tromsø,,
935,Pape,Hilde,NO,,n-0403 oslo,,
936,Bretteville-Jensen,Anne Line,NO,,n-0403 oslo,,
937,Eggesbø,M,NO,,oslo,,
938,Rivedal,E,NO,edgar.rivedal@labmed.uio.no,n- oslo,,
939,Åkerstedt,J,NO,akerstedt@vetinst.no,sandnes,,
940,Leistad,E,NO,elizabeth.leistad@ioks.uio.no,ullevål hospital,,
941,Stavem,K,NO,knut.stavem@klinmed.uio.no,nordbyhagen,,
942,Reksten,Tove Ragna,NO,,bergen n-,,
943,Jonsson,Roland,NO,,bergen n-,,
944,Röhrl,Kari,NO,kari.rohrl@medisin.uio.no.,oslo,,
945,Guren,Marianne Grønlie,NO,,oslo,,
946,Småstuen,Milada Cvancarova,NO,,oslo,,
947,Rustøen,Tone,NO,,oslo,,
948,Haugstad,T S,NO,,university of oslo,,
949,Schanke,A K,NO,,nesoddtangen,,
950,Stray-Pedersen,Babill,NO,,oslo university clinic,,
951,Liland,Kristian Hovde,NO,,n-1432 ås,,
952,Gill,Peter,NO,,n-0424 oslo,,
953,Ottersen,O P,NO,,university of oslo,,
954,Torsheim,Torbjørn,NO,,university of bergenbergen,,
955,Pallesen,Ståle,NO,,university of bergenbergen,,
956,Andreassen,Cecilie S,NO,,university of bergenbergen,,
957,Rosenberg,Marianne Lenes,NO,,n-0315 oslo,,
958,Nguyen,Minh Van,NO,minhntu@gmail.com,bergen,,
959,Ytrehus,Kirsti,NO,,uit the arctic university of norway,,
960,Salvadori,G,NO,,oslo,,
961,Junges,R,NO,,oslo,,
962,Åmdal,H A,NO,,oslo,,
963,Petersen,F C,NO,f.c.petersen@odont.uio.no.,oslo,,
964,Rypdal,K,NO,,tromsø,,
965,Nordøy,A,NO,medan@rito.no,university of tromsø,,
966,Gjestad,Caroline,NO,,oslo,,
967,Haslemo,Tore,NO,,oslo,,
968,Andreassen,Ole A,NO,,oslo,,
969,Molden,Espen,NO,,oslo,,
970,Holen,Are,NO,,and st. olav university hospital,,
971,Kadri,Naveen K,NO,,1432 ås,,
972,Fristad,I,NO,inge.fristad@odont.uib.no,bergen,,
973,Midgard,Rune,NO,rmidgard@online.no,molde,,
974,Fors,Terese,NO,,tromsø,,
975,Brattland,Camilla,NO,camilla.brattland@uit.no.,tromsø,,
976,Eythórsson,Einar,NO,,oslo,,
977,Weines,Jørn,NO,,tromsø,,
978,Sunnanå,Knut,NO,,bergen,,
979,Pandur,Seila,NO,,university of tromsø,,
980,Dittmann,Ingeborg,NO,,sørumsand,,
981,Jensen,Tine K,NO,,0317 oslo,,
982,Hylland,Ketil,NO,ketil.hylland@niva.no,n- oslo,,
983,Smevik,B,NO,,oslo,,
984,Lossius,M I,NO,mlossius@heltef.no,university of oslo,,
985,Stubhaug,Ingunn,NO,ingunn.stubhaug@nifes.no,bergen,,
986,Halvorsen,R,NO,,oslo,,
987,Syse,Aslak,NO,asyse@jus.uio.no,universitetet i oslo,,
988,Paulsen,Göran,NO,,oslo n-,,
989,Helbostad,Jorunn L,NO,jorunn.helbostad@isf.uib.no,bergen,,
990,Moan,Johan,NO,,montebello  oslo,,
991,Storvik,Geir,NO,geirs@math.uio.no,oslo,,
992,Materstvedt,Lars Johan,NO,,trondheim,,
993,Hermansen,Stig Eggen,NO,stig.eggen.hermansen@unn.no,tromsø,,
994,Hagen,K,NO,knut.hagen@ntnu.no,trondheim,,
995,Lindemann,Kristina,NO,,oslo,,
996,Bruserud,O,NO,,bergen,,
997,Bakke,S J,NO,,university of oslo,,
998,Smiseth,Otto A,NO,,oslo,,
999,Andersen,Oyvind S,NO,,oslo,,
1000,Gude,Einar,NO,,oslo,,
1001,Brinkmann,Gina H,NO,gina_hetland@hotmail.com.,skien,,
1002,Norli,Ellen S,NO,,skien,,
1003,Kvien,Tore K,NO,,skien,,
1004,Haugen,Anne J,NO,,skien,,
1005,Grøvle,Lars,NO,,skien,,
1006,Nygaard,Halvor,NO,,skien,,
1007,Bjørneboe,Olav,NO,,skien,,
1008,Thunem,Cathrine,NO,,skien,,
1009,Mjaavatten,Maria D,NO,,skien,,
1010,Lie,Elisabeth,NO,,skien,,
1011,Johne,B,NO,berit.johne@nycomed.telemax.no,oslo,,
1012,Fenstad,Anette A,NO,,trondheim,,
1013,Bustnes,Jan O,NO,,tromsø,,
1014,Lierhagen,Syverin,NO,,trondheim,,
1015,Gabrielsen,Kristin M,NO,,trondheim,,
1016,Hanssen,Sveinn A,NO,,tromsø,,
1017,Moe,Børge,NO,,trondheim,,
1018,Jenssen,Bjørn M,NO,,trondheim,,
1019,Aukland,S M,NO,stein.magnus.aukland@helse-bergen.no,bergen,,
1020,Broen,Anne Nordal,NO,a.n.broen@basalmed.uio.no,oslo,,
1021,Witsø,Eivind,NO,eivind.witso@stolav.no,trondheim,,
1022,Sylte,I,NO,,university of tromsø,,
1023,Kvalem,Helen Engelstad,NO,,no-0456 oslo,,
1024,Haugen,Margaretha,NO,,no-0403 oslo,,
1025,Brantsæter,Anne Lise,NO,,no-0403 oslo,,
1026,Meltzer,Helle Margrete,NO,,no-0403 oslo,,
1027,Alexander,Jan,NO,,no-0403 oslo,,
1028,Thomsen,Cathrine,NO,,no-0403 oslo,,
1029,Frøshaug,May,NO,,no-0403 oslo,,
1030,Bremnes,Nanna Margrethe Bruun,NO,,no-0403 oslo,,
1031,Broadwell,Sharon Lynn,NO,,no-0403 oslo,,
1032,Granum,Berit,NO,,no-0403 oslo,,
1033,Knutsen,Helle Katrine,NO,,no-0403 oslo,,
1034,Lønning,P E,NO,plon@haukeland.no,bergen,,
1035,Bjørk,Ida Torunn,NO,,university of oslo,,
1036,Stuge,Britt,NO,britt.stuge@medisin.uio.no,n-0318 oslo,,
1037,Austad,Gudrun,NO,,stavanger,,
1038,Joa,Inge,NO,,stavanger,,
1039,Johannessen,Jan Olav,NO,,stavanger,,
1040,Larsen,Tor Ketil,NO,,stavanger,,
1041,Wang,J E,NO,jacob.wang@klinmed.uio.no,n- oslo,,
1042,Dalgard,Olav,NO,,oslo,,
1043,Midgard,Håvard,NO,,oslo university hospital,,
1044,Havelin,L I,NO,,bergen,,
1045,Barratt-Due,Andreas,NO,,oslo,,
1046,Råbu,Marit,NO,,oslo,,
1047,Moltu,Christian,NO,,førde,,
1048,Binder,Per-Einar,NO,,bergen,,
1049,McLeod,John,NO,,oslo,,
1050,Deledda,Stefano,NO,stefano.deledda@ife.no,no- kjeller,,
1051,Zedrosser,Andreas,NO,andreas.zedrosser@hit.no.,bø i telemark,,
1052,Swenson,Jon E,NO,,ås,,
1053,Mercer,J B,NO,,university of tromsø,,
1054,Reitan,Nina Kristine,NO,nina.reitan@ntnu.no,trondheim,,
1055,Sprater,F,NO,,bergen,,
1056,Brandtzaeg,P,NO,,university of oslo,,
1057,Sekiguchi,Osamu,NO,,n-0315 oslo,,
1058,Gjerde,H,NO,,oslo,,
1059,Solheim,Anne Marit,NO,anne.marit.solheim@sshf.no.,kristiansand,,
1060,Mygland,Åse,NO,,kristiansand,,
1061,Ljøstad,Unn,NO,,kristiansand,,
1062,Melbye,H,NO,,university of tromsø,,
1063,Lund,Hanne,NO,,oslo,,
1064,Myhr,Arnhild,NO,arnhilrm@stud.ntnu.no.,trondheim,,
1065,Haugan,Tommy,NO,,steinkjer,,
1066,Espnes,Geir A,NO,,trondheim,,
1067,Lillefjell,Monica,NO,,trondheim,,
1068,Holte,Oyvind,NO,oholte@farmasi.uio.no,university of oslo,,
1069,Hullstein,Ingunn,NO,,oslo,,
1070,Alme,J,NO,,bergen,,
1071,Arsene,I C,NO,,oslo,,
1072,Batzing,P C,NO,,oslo,,
1073,Djuvsland,Ø,NO,,bergen,,
1074,Dordic,O,NO,,oslo,,
1075,Helstrup,H,NO,,bergen,,
1076,Hetland,K F,NO,,bergen,,
1077,Kileng,B,NO,,bergen,,
1078,Langoy,R,NO,,tonsberg,,
1079,Lardeux,A,NO,,oslo,,
1080,Lien,J,NO,,tonsberg,,
1081,Lindal,S,NO,,oslo,,
1082,Loenne,P I,NO,,bergen,,
1083,Mahmood,S M,NO,,oslo,,
1084,Milosevic,J,NO,,oslo,,
1085,Nesbo,S V,NO,,bergen,,
1086,Nystrand,J,NO,,bergen,,
1087,Qvigstad,H,NO,,oslo,,
1088,Rehman,A,NO,,bergen,,
1089,Richter,M,NO,,oslo,,
1090,Røed,K,NO,,oslo,,
1091,Röhrich,D,NO,,bergen,,
1092,Skaali,T B,NO,,oslo,,
1093,Tambave,G J,NO,,bergen,,
1094,Tveter,T S,NO,,oslo,,
1095,Ullaland,K,NO,,bergen,,
1096,Velure,A,NO,,bergen,,
1097,Wagner,B,NO,,bergen,,
1098,Wikne,J,NO,,oslo,,
1099,Zhang,H,NO,,bergen,,
1100,Zhao,C,NO,,oslo,,
1101,Zhou,Z,NO,,bergen,,
1102,Zhu,H,NO,,bergen,,
1103,Boulland,Jean-Luc,NO,,the biotechnology centre of oslo,,
1104,de Wijn,Astrid S,NO,,trondheim,,
1105,Sesseng,S,NO,,oslo,,
1106,Rossow,I,NO,ingeborg.m.rossow.@sifa.no,oslo,,
1107,Skurtveit,Svetlana,NO,,norwegian institute of public heath,,
1108,Clausen,Thomas,NO,,university of oslo,,
1109,Bytingsvik,Jenny,NO,,no- trondheim,,
1110,Cui,Guanglin,NO,guanglin.cui@yahoo.com,tromsø,,
1111,Spein,Anna R,NO,annas@ism.uit.no,n- tromsø,,
1112,Elde,M,NO,,university of tromsø,,
1113,Amdam,Gro V,NO,,aas,,
1114,Beisland,H O,NO,,oslo,,
1115,Zhang,Tianzhou,NO,,oslo,,
1116,Braun,Ursula,NO,,oslo,,
1117,Leitges,Michael,NO,,oslo,,
1118,Breivik,Torbjørn,NO,tbreivik@odont.uio.no,oslo,,
1119,Hoff,G,NO,hofg@online.no,skien,,
1120,Braunagel,Michael,NO,,oslo,,
1121,Sørensen,I M,NO,i.m.sorensen@medisin.uio.no,oslo,,
1122,Dullie,Luckson,NO,ldullie@pih.org.,bergen,,
1123,Meland,Eivind,NO,,bergen,,
1124,Hetlevik,Øystein,NO,,bergen,,
1125,Mildestvedt,Thomas,NO,,bergen,,
1126,Gjesdal,Sturla,NO,,bergen,,
1127,Skirbekk,Vegard,NO,,oslo,,
1128,Mellblom,A V,NO,,oslo,,
1129,Løken-Amsrud,Kristin I,NO,,lillehammer,,
1130,Lund,Karl Erik,NO,kel@sirus.no,oslo,,
1131,Bugge,Kari E,NO,kari.bugge@ahus.no,oslo,,
1132,Nordrum,Ivar S,NO,,trondheim,,
1133,Hansen,J B,NO,,university of tromsø,,
1134,Endresen,I M,NO,,university of bergen,,
1135,Kjaeve,J,NO,,university of tromsø,,
1136,Saether,Bernt-Erik,NO,,trondheim,,
1137,Jakobsen,Gunnhild,NO,gunnhild.jakobsen@ntnu.no.,trondheim,,
1138,Engstrøm,Morten,NO,,trondheim,,
1139,Paulsen,Ørnulf,NO,,trondheim,,
1140,Sjue,Karin,NO,,tønsberg,,
1141,Raj,Sunil X,NO,,trondheim,,
1142,Thronæs,Morten,NO,,trondheim,,
1143,Hjermstad,Marianne Jensen,NO,,oslo,,
1144,Kaasa,Stein,NO,,oslo,,
1145,Klepstad,Pål,NO,,trondheim,,
1146,Asberg,A,NO,arne.asberg@rit.no,trondheim university hospital,,
1147,Helseth,Sølvi,NO,solvi.helseth@su.hio.no,oslo,,
1148,Evensen,Kari Anne Indredavik,NO,,trondheim,,
1149,Viken,H D,NO,,university of oslo,,
1150,Åsberg,Anders,NO,,oslo,,
1151,Sollid,Ludvig M,NO,l.m.sollid@medisin.uio.no.,oslo,,
1152,Albrechtsen,D,NO,,oslo,,
1153,Friborg,Oddgeir,NO,ofriborg@psyk.uit.no,tromsø,,
1154,Jalili,Mahsa,NO,,trondheim,,
1155,Dahl,A E,NO,anne.dahl@stolav.no,trondheim,,
1156,Leren,Trond P,NO,,oslo,,
1157,Strøm,Thea Bismo,NO,,oslo,,
1158,Berge,Knut Erik,NO,,oslo,,
1159,Hoel,Terje,NO,,oslo,,
1160,Lønning,P E,NO,plon@haukeland.no,bergen,,
1161,Delalande,Anthony,NO,,bergen,,
1162,Finset,Arnstein,NO,,oslo,,
1163,Ørnes,Knut,NO,,oslo,,
1164,Refsum,H,NO,,oslo,,
1165,Ramstad,H,NO,hanne.m.ramstad@veths.no,oslo,,
1166,Oppedal,B R,NO,,national hospital,,
1167,Manfra,Ornella,NO,ornella.manfra@medisin.uio.no.,oslo,,
1168,Frisk,Michael,NO,,oslo,,
1169,Louch,William E,NO,,oslo,,
1170,Lu,Li,NO,li.lu@ntnu.no,trondheim,,
1171,Arnesen,Thomas,NO,,bergen,,
1172,Wik,Lars,NO,,oslo,,
1173,Kramer-Johansen,Jo,NO,,oslo,,
1174,Eftestøl,Trygve,NO,,stavanger,,
1175,Taylor,Richard G,NO,,dirdal,,
1176,Stormo,Svein K,NO,sveink@nfh.uit.no,tromsø,,
1177,Sakhi,Amrit K,NO,,n-0316 oslo,,
1178,Braun,F N,NO,nicholas.braun@fagmed.uit.no,university of tromsø,,
1179,Occhipinti,Giovanni,NO,,n- bergen,,
1180,Daehlen,Marianne,NO,marianne.daehlen@fafo.no,0608 oslo,,
1181,Chen,Jian,NO,,bergen n-,,
1182,Hammer,Hilde Berner,NO,hbham@online.no,oslo,,
1183,Instanes,Geir,NO,,bergen,,
1184,Maleckar,Mary M,NO,mmaleck@simula.no.,lysaker,,
1185,Lines,Glenn T,NO,,oslo 0316,,
1186,Koivumäki,Jussi T,NO,,lysaker,,
1187,Aadland,Eivind,NO,,sogndal,,
1188,Ylvisåker,Einar,NO,,sogndal,,
1189,Honnemyr,Maria,NO,,bergen,,
1190,Bruserud,Øystein,NO,oystein.bruserud@helse-bergen.no.,bergen,,
1191,Brenner,Annette K,NO,,bergen,,
1192,Halvorsen,Per Steinar,NO,per.steinar.halvorsen@rikshospitalet.no,oslo,,
1193,Sandset,P M,NO,p.m.sandset@medisin.uio.no,oslo,,
1194,Reistad,Trine,NO,trine.reistad@ffi.no,n- kjeller,,
1195,Jacobsen,Øyvind,NO,oyvind.jacobsen@farmasi.uio.no,oslo,,
1196,Christoffersen,T,NO,,tromsø,,
1197,Børretzen,M,NO,,national hospital,,
1198,Schjølberg,Synnve,NO,,oslo,,
1199,Nordahl-Hansen,Anders,NO,,oslo,,
1200,Stenberg,Nina,NO,,oslo,,
1201,Havdahl,Alexandra,NO,,oslo,,
1202,Øyen,Anne-Siri,NO,,oslo,,
1203,Eisemann,Martin R,NO,,tromsø,,
1204,Ueland,Hans Olav,NO,,bergen,,
1205,Haugen,Olav H,NO,,bergen,,
1206,Rødahl,Eyvind,NO,,bergen,,
1207,Andreassen,Ole A,NO,o.a.andreassen@psykiatri.uio.no,oslo,,
1208,Paulsen,R E,NO,,kjeller,,
1209,Moosmayer,Stefan,NO,,baerum postterminal,,
1210,Furnes,Bodil,NO,,stavanger,,
1211,Høydal,Morten A,NO,,trondheim,,
1212,Ueland,Per Magne,NO,per.ueland@ikb.uib.no,bergen,,
1213,Haugen,Olav H,NO,,bergen,,
1214,Nepstad,Lise,NO,,bergen,,
1215,Morken,Tora Sund,NO,,trondheim,,
1216,Vestrheim,Didrik F,NO,,oslo,,
1217,Rostad,Hanne Marie,NO,hanne-marie.rostad@hioa.no.,oslo,,
1218,Utne,Inger,NO,,oslo,,
1219,Grov,Ellen Karine,NO,,oslo,,
1220,Halvorsrud,Liv,NO,,oslo,,
1221,van Walsem,Marleen R,NO,r.m.v.walsem@medisin.uio.no.,oslo,,
1222,Howe,Emilie I,NO,,oslo,,
1223,Ruud,Gunvor A,NO,,oslo,,
1224,Frich,Jan C,NO,,oslo,,
1225,Andelic,Nada,NO,,oslo,,
1226,Ekås,Guri Ranum,NO,,oslo,,
1227,Jahnsen,F L,NO,,university of oslo,,
1228,Jacobsen,P B,NO,,oslo,,
1229,Saetre,Glenn-Peter,NO,,oslo,,
1230,Král,Miroslav,NO,,oslo,,
1231,Bičík,Vítězslav,NO,,oslo,,
1232,Acharya,Ganesh,NO,ganesh.acharya@unn.no,tromsø,,
1233,Skriudalen,S,NO,,kjeller,,
1234,Teland,J A,NO,,kjeller,,
1235,Vege,A,NO,,university of oslo,,
1236,Sorsdahl,Anne Brit,NO,anne.sorsdahl@isf.uib.no,bergen,,
1237,Hartgill,T W,NO,,oslo,,
1238,Mughal,Awais A,NO,awaisam@gmail.com.,oslo,,
1239,Grieg,Zanina,NO,zanina_grieg@yahoo.no.,oslo,,
1240,Skjellegrind,Håvard,NO,havard@skjellegrind.no.,oslo,,
1241,Fayzullin,Artem,NO,artem.fayzullin@rr-research.no.,oslo,,
1242,Lamkhannat,Mustapha,NO,lamkhannat@gmail.com.,oslo,,
1243,Joel,Mrinal,NO,mrinaj@medisin.uio.no.,oslo,,
1244,Ahmed,M Shakil,NO,muhammad.shakil.ahmed@rr-research.no.,oslo,,
1245,Murrell,Wayne,NO,wayne.murrell@rr-research.no.,oslo,,
1246,Vik-Mo,Einar O,NO,einar.vik-mo@rr-research.no.,oslo,,
1247,Langmoen,Iver A,NO,i.a.langmoen@medisin.uio.no.,oslo,,
1248,Stangeland,Biljana,NO,biljana.stangeland@labmed.uio.no.,oslo,,
1249,Ottestad,Inger,NO,,lillestrøm,,
1250,Farbu,E,NO,elisabeth.farbu@haukeland.no,bergen,,
1251,Haram,Kjell,NO,,bergen,,
1252,Guren,Marianne Grønlie,NO,,oslo,,
1253,Diep,Lien My,NO,,oslo,,
1254,Rustøen,Tone,NO,,oslo,,
1255,Hammer,Hilde Berner,NO,hbham@online.no,n- oslo,,
1256,Tølløfsrud,P A,NO,p.a.tollofsrud@klinmed.uio.no,oslo,,
1257,Bekkelund,Svein Ivar,NO,,n- tromsø,,
1258,Adli,E,NO,,oslo,,
1259,Larsen,Anett K,NO,,tromsø,,
1260,Ueland,T,NO,thor.ueland@medisin.uio.no,n- oslo,,
1261,Peron,Mirco,NO,mirco.peron@ntnu.no.,trondheim,,
1262,Razavi,Seyed Mohammad Javad,NO,javad.razavi@ntnu.no.,trondheim,,
1263,Torgersen,Jan,NO,jan.torgersen@ntnu.no.,trondheim,,
1264,Berto,Filippo,NO,filippo.berto@ntnu.no.,trondheim,,
1265,Edvardsen,Bente,NO,,oslo,,
1266,Eikrem,Wenche,NO,,oslo,,
1267,Bondas,Terese,NO,,bodø,,
1268,Hansen,Bent-Are,NO,,førde,,
1269,Tilseth,Rune,NO,,førde,,
1270,Finjord,Torgeir,NO,,førde,,
1271,Bruserud,Øyvind,NO,,bergen,,
1272,Husebekk,Anne,NO,,tromsø,,
1273,Hafstad,Anne,NO,,tromsø,,
1274,Engesæter,Lars B,NO,lars.engesaeter@helse-bergen.no,bergen,,
1275,Gudding,R,NO,,oslo,,
1276,Kravdal,Håkon,NO,hakon.kravdal@studmed.uio.no,0316 oslo,,
1277,Djurovic,Srdjan,NO,,university of oslo,,
1278,Balasuriya,Chandima N D,NO,,trondheim,,
1279,Stunes,Astrid Kamilla,NO,,trondheim,,
1280,Mosti,Mats P,NO,,trondheim,,
1281,Schei,Berit,NO,,trondheim,,
1282,Indredavik,Marit S,NO,,trondheim,,
1283,Hals,Ingrid K,NO,,trondheim,,
1284,Evensen,Kari Anne I,NO,,trondheim,,
1285,Syversen,Unni,NO,,trondheim,,
1286,Leon,David A,NO,,9037 tromsø,,
1287,Hansen,Rune,NO,,trondheim,,
1288,Hetland,G,NO,,oslo,,
1289,Natvig,Bård,NO,bard.natvig@samfunnsmed.uio.no,oslo,,
1290,Lüdtke,Thies,NO,,tromsø,,
1291,Luna,L,NO,luisa.luna@labmed.uio.no,oslo,,
1292,Kirkengen,A L,NO,,oslo,,
1293,Landaas,Elisabeth Toverud,NO,,bergen,,
1294,Aarsland,Tore Ivar Malmei,NO,,bergen,,
1295,Ulvik,Arve,NO,,bergen,,
1296,Halmøy,Anne,NO,,bergen,,
1297,Ueland,Per Magne,NO,,bergen,,
1298,Haavik,Jan,NO,,bergen,,
1299,Vikan,Torkel,NO,torkel.vikan@unn.no,tromsø,,
1300,Aune,S,NO,,bergen,,
1301,Morken,Tone,NO,tone.morken@isf.uib.no,bergen,,
1302,Otterlei,M,NO,,n- trondheim,,
1303,Waaktaar,Trine,NO,trine.waaktaar@r-bup.no,oslo,,
1304,Brandal,Petter,NO,petter.brandal@klinmed.uio.no,oslo,,
1305,Hallmo,P,NO,,oslo,,
1306,Gjeilo,Kari Hanne,NO,kari.hanne.gjeilo@stolav.no,trondheim,,
1307,Salvesen,K A,NO,,trondheim university hospital,,
1308,Krogseth,Ingjerd S,NO,isk@nilu.no,no- kjeller,,
1309,Wisløff,F,NO,,oslo,,
1310,Haug,Anita,NO,anita.haug@vetinst.no,oslo,,
1311,Weber,Clemens,NO,,trondheim,,
1312,Furlund Owe,Jone,NO,jone.furlund.owe@helse-bergen.no,bergen,,
1313,Johansen,B,NO,,university of oslo,,
1314,Tho,Ingunn,NO,ingunn.tho@uit.no,universitetet i tromsø,,
1315,Gjerde,H,NO,hgj@nyocomed.com,oslo,,
1316,Gramstad,Arne,NO,arne.gramstad@haukeland.no,bergen,,
1317,Bergersen,Linda Hildegaard,NO,,0316 oslo,,
1318,Grøndahl,Jan Robert,NO,janrob@c2i.net,university of oslo,,
1319,Whitelaw,A,NO,,oslo,,
