temp_id,lastname,firstname,countries_scope,email,town,role,url
1,Mejdell,C M,NO,,oslo,,
2,Lin,Chenchen,NO,,bergen,,
3,Våge,Villy,NO,,voss,,
4,Mjøs,Svein Are,NO,,bergen,,
5,Kvalheim,Olav Martin,NO,olav.kvalheim@kj.uib.no.,bergen,,
6,Osnes,Berge,NO,berge.osnes@psybb.uib.no,bergen,,
7,Nylund,A,NO,are.nylund@bio.uib.no,bergen,,
8,Skeie,Geir Olve,NO,gske@haukeland.no,n- bergen,,
9,Leivestad,T,NO,,oslo,,
10,Lislevand,T,NO,terje.lislevand@bm.uib.no,bergen,,
11,Stubnova,Viera,NO,,oslo,,
12,Solligård,Erik,NO,erik.solligard@ntnu.no,trondheim,,
13,Frich,L,NO,,university of bergen,,
14,Ramtvedt,Bjørn E,NO,,fredrikstad,,
15,Bonarjee,V V,NO,,stavanger,,
16,Goplen,Frederik K,NO,frederik.goplen@ore.uib.no,n- bergen,,
17,Langhelle,Audun,NO,audun.langhelle@snla.no,n-,,
18,Hundal,O,NO,oivind.hundal@haukeland.no,university of bergen,,
19,Gaustad,Ann Helen,NO,,hamar,,
20,Boberg,K M,NO,,oslo,,
21,Jørgensen,Kåre B,NO,,n- stavanger,,
22,Wall,Samuel T,NO,,oslo,,
23,Hinson,Andy,NO,,oslo,,
24,Bohnhorst,J,NO,janne.bohnhorst@ntnu.no,trondheim,,
25,Skrede,Inger,NO,inger.skrede@bio.uio.no,n-0316 oslo,,
26,Malterud,Kirsti,NO,kirsti.malterud@isf.uib.no,bergen,,
27,Gulati,Sasha,NO,,trondheim,,
28,Madsbu,Mattis A,NO,,trondheim,,
29,Solberg,Tore K,NO,,tromsø,,
30,Sørlie,Andreas,NO,,tromsø,,
31,Giannadakis,Charalampis,NO,,trondheim,,
32,Skram,Marius K,NO,,oslo,,
33,Nygaard,Øystein P,NO,,trondheim,,
34,Jakola,Asgeir S,NO,legepost@gmail.com.,trondheim,,
35,Skjesol,Astrid,NO,,n- tromsø,,
36,Iliev,Dimitar B,NO,,n- tromsø,,
37,Thomassen,Ernst I S,NO,,n- tromsø,,
38,Tollersrud,Linn Greiner,NO,,n- tromsø,,
39,Sobhkhez,Mehrdad,NO,,n- tromsø,,
40,Lindenskov Joensen,Lisbeth,NO,,n- tromsø,,
41,Tveiten,Oystein Vesterli,NO,,bergen,,
42,Lund-Johansen,Morten,NO,,bergen,,
43,Høieggen,A,NO,aud.hoieggen@ioks.uio.no,university of oslo,,
44,Engstrøm,M J,NO,,trondheim,,
45,Solli,Linn,NO,,ås ᅟ,,
46,Håvelsrud,Othilde Elise,NO,,0424 oslo,,
47,Horn,Svein Jarle,NO,,ås ᅟ,,
48,Rike,Anne Gunn,NO,,n-0806 oslo,,
49,Falnes,Johannes,NO,johannes.falnes@ntnu.no,trondheim,,
50,Kristensen,Vessela,NO,v.n.kristensen@medisin.uio.no,oslo,,
51,Ravuri,Chandra,NO,,university of tromsø,,
52,Karlsen,Bjorg,NO,bjorg.karlsen@hs.his.no,n-4068 stavanger,,
53,Bach-Gansmo,E T,NO,edvin.bach-gansmo@ioks.uio.no,university of oslo,,
54,Weider,Siri,NO,,trondheim,,
55,Indredavik,Marit Saebø,NO,,trondheim,,
56,Lydersen,Stian,NO,,trondheim,,
57,Hestad,Knut,NO,,trondheim,,
58,Krohne,Kariann,NO,kariann.krohne@hioa.no.,oslo,,
59,Winje,Dagfinn,NO,,bergen,,
60,Dovran,Anders,NO,,grimstad,,
61,Arefjord,Kjersti,NO,,bergen,,
62,Johnsen,Erik,NO,,0450 oslo,,
63,Kroken,Rune Andreas,NO,,0450 oslo,,
64,Anda-Ågotnes,Liss-Gøril,NO,,stavanger,,
65,Thimm,Jens C,NO,,9037 tromsø,,
66,Sinkeviciute,Igne,NO,,bergen,,
67,Løberg,Else-Marie,NO,,5021 bergen,,
68,Klingen,I,NO,ingeborg.klingen@nibio.no.,ås,,
69,Naess,A C,NO,a.c.b.nass@medetikk.uio.no,n-0317 oslo,,
70,Haugaa,Kristina H,NO,kristina.haugaa@rr-research.no.,oslo,,
71,Edvardsen,Thor,NO,,oslo,,
72,Ingul,Charlotte B,NO,,trondheim,,
73,Tjønna,Arnt E,NO,,trondheim,,
74,Follestad,Turid,NO,,trondheim,,
75,Hosseini,Mansoureh S,NO,,trondheim,,
76,Hollekim-Strand,Siri M,NO,,trondheim,,
77,Ro,Torstein B,NO,,trondheim,,
78,Haram,Margrete,NO,,trondheim,,
79,Huuse,Else Marie,NO,,trondheim,,
80,Gullestad,Frida Slagstad,NO,,university of oslo,,
81,Reine,Simen,NO,simen.reine@kjemi.uio.no,n-0315 oslo,,
82,Dieset,Ingrid,NO,,institute of clinical medicine,,
83,Mørch,Ragni,NO,,institute of clinical medicine,,
84,Steen,Nils Eiel,NO,,institute of clinical medicine,,
85,Hope,Sigrun,NO,,institute of clinical medicine,,
86,Reponen,Elina J,NO,,institute of clinical medicine,,
87,Laskemoen,Jannicke F,NO,,institute of clinical medicine,,
88,Ueland,Thor,NO,,tromsø,,
89,Aukrust,Pål,NO,,oslo,,
90,Melle,Ingrid,NO,,institute of clinical medicine,,
91,Andreassen,Ole A,NO,,institute of clinical medicine,,
92,Vikanes,Ase,NO,ase.vigdis.vikanes@fhi.no,n-0403 oslo,,
93,Bratlid,Trond,NO,trond.bratlid@rito.no,university of tromsø,,
94,Hovden,Inger Anette Hynås,NO,,oslo,,
95,Pfeiffer,Helle Cecilie Viekilde,NO,,oslo,,
96,Engedal,K,NO,,oslo,,
97,Pope,Phillip B,NO,phil.pope@umb.no,ås,,
98,Hale,Sarah E,NO,,no-0806 oslo,,
99,Gargano,Daniela,NO,,stavanger,,
100,Caspersen,Cecilie,NO,ceciliecaspersen@hotmail.com,oslo,,
101,Eide,P K,NO,,oslo,,
102,Wynn,Rolf,NO,rolf.wynn@gmail.com,university of tromsø,,
103,Aslaksen,A,NO,,haukeland hospital,,
104,Fanaee-T,Hadi,NO,,oslo,,
105,Målen,Hiwa,NO,,bergen,,
106,Haware,Rahul V,NO,,tromsø,,
107,Martinussen,Pål E,NO,,norwegian university of science and technology,,
108,Rydland,Håvard T,NO,,norwegian university of science and technology,,
109,Stornes,Per,NO,,norwegian university of science and technology,,
110,Eikemo,Terje A,NO,,norwegian university of science and technology,,
111,Holm,Søren,NO,soren.holm@manchester.ac.uk.,oslo,,
112,Leikanger,S,NO,,university of oslo,,
113,Aas,Per Arne,NO,,n- trondheim,,
114,Støver,Morten,NO,morten.stover@ntnu.no,trondheim,,
115,Repisky,Michal,NO,,n- tromsø,,
116,Sundgot-Borgen,J,NO,,olso,,
117,Buanes,T,NO,,bergen,,
118,Bugge,M K,NO,,oslo,,
119,Cameron,D,NO,,oslo,,
120,Catmore,J R,NO,,oslo,,
121,Dale,O,NO,,bergen,,
122,Eigen,G,NO,,bergen,,
123,Feigl,S,NO,,oslo,,
124,Franconi,L,NO,,oslo,,
125,Garonne,V,NO,,oslo,,
126,Gjelsten,B K,NO,,oslo,,
127,Gramstad,E,NO,,oslo,,
128,Liebig,W,NO,,bergen,,
129,Lipniacka,A,NO,,bergen,,
130,Maeland,S,NO,,bergen,,
131,Martin Dit Latour,B,NO,,bergen,,
132,Morisbak,V,NO,,oslo,,
133,Nilsen,J K,NO,,oslo,,
134,Ould-Saada,F,NO,,oslo,,
135,Pajchel,K,NO,,oslo,,
136,Pedersen,M,NO,,oslo,,
137,Raddum,S,NO,,oslo,,
138,Read,A L,NO,,oslo,,
139,Røhne,O,NO,,oslo,,
140,Sandaker,H,NO,,oslo,,
141,Serfon,C,NO,,oslo,,
142,Smestad,L,NO,,bergen,,
143,Stapnes,S,NO,,oslo,,
144,Strandlie,A,NO,,oslo,,
145,Stugu,B,NO,,bergen,,
146,Yang,Z,NO,,bergen,,
147,Zalieckas,J,NO,,bergen,,
148,Pedersen,Karin K,NO,,oslo,,
149,Ogaard,B,NO,bogaard@odont.uio.no,university of oslo,,
150,Oedegaard,Ketil Joachim,NO,keti@haukeland.no,haukeland university hospital,,
151,Bugten,Vegard,NO,vegard.bugten@ntnu.no,trondheim,,
152,Rolim,Natale,NO,,trondheim,,
153,Silva,Gustavo J J,NO,,trondheim,,
154,Moreira,José B N,NO,,trondheim,,
155,Alves,Marcia N,NO,,trondheim,,
156,Wohlwend,Martin,NO,,trondheim,,
157,Gebriel,Mohammed,NO,,trondheim,,
158,Hagen,Lars,NO,,trondheim,,
159,Sharma,Animesh,NO,,trondheim,,
160,Slupphaug,Geir,NO,,trondheim,,
161,Wisløff,Ulrik,NO,,trondheim,,
162,Tungu,Alexander Mtemi,NO,,bergen,,
163,Westergren,Thomas,NO,,kristiansand,,
164,Ågmo,Anders,NO,,tromsø,,
165,Høstmark,Arne Torbjørn,NO,a.t.hostmark@medisin.uio.no,university of oslo,,
166,Nøstbakken,Ole Jakob,NO,ono@nifes.no,5817 bergen,,
167,Åsvold,B O,NO,bjorn.o.asvold@ntnu.no,trondheim,,
168,Gabrielsen,Maiken Elvestad,NO,,trondheim,,
169,Skogholt,Anne Heidi,NO,,trondheim,,
170,Winsvold,Bendik Slagsvold,NO,,oslo,,
171,Hveem,Kristian,NO,,trondheim,,
172,Hjartåker,Anette,NO,,0317 oslo,,
173,Heggebø,Kristian,NO,,oslo,,
174,Simon,Sébastien,NO,sebastien.simon@chemeng.ntnu.no,n- trondheim,,
175,Engdahl,B,NO,,oslo,,
176,Rimol,Lars M,NO,,oslo,,
177,Aslaksen,A,NO,,bergen,,
178,García-Agudo,L,NO,lidiagarciaagudo@gmail.com.,avdeling for medisinsk mikrobiologi. helse møre og romsdal molde sykehus. parkvegen 84.  molde,,
179,Eide,Arne H,NO,,oslo,,
180,Suo,Zhenhe,NO,zhenhes@labmed.uio.no,oslo,,
181,Reistad,O,NO,ole.reistad@nrpa.no,østerås,,
182,Eribe,E R,NO,emenike@odont.uio.no,university of oslo,,
183,Sveinsson,O,NO,,university of bergen,,
184,Brudeli,Bjarne,NO,,n-0316 oslo,,
185,Navaratnarajah,Mirusha,NO,,n-0316 oslo,,
186,Andressen,Kjetil Wessel,NO,,university of oslo,,
187,Manfra,Ornella,NO,,university of oslo,,
188,Moltzau,Lise Román,NO,,university of oslo,,
189,Nilsen,Nils Olav,NO,,n- oslo,,
190,Levy,Finn Olav,NO,,university of oslo,,
191,Bardal,Ellen Marie,NO,,no- trondheim,,
192,Wolff,Katharina,NO,katharina.wolff@psysp.uib.no,department of psychosocial science,,
193,Lindbaek,Morten,NO,morten.lindbak@medisin.uio.no,oslo,,
194,Kotopoulis,Spiros,NO,,bergen,,
195,Faye,T,NO,,n- as,,
196,Alsaker,Kjersti,NO,kjersti.alsaker@isf.uib.no,university of bergen,,
197,Besada,Emilio,NO,emilio.besada@unn.no.,tromsø,,
198,Bruvold,Morten,NO,,trondheim,,
199,Marini,Elettra Sara,NO,,oslo,,
200,Røislien,Jo,NO,,4036 stavanger,,
201,Bukten,Anne,NO,,oslo,,
202,Clausen,Thomas,NO,,oslo,,
203,Malde,M K,NO,,department of odontology,,
204,Thaulow,E,NO,,oslo,,
205,Graff,Bjørn A,NO,,oslo,,
206,Skogseid,I M,NO,inger.marie.skogseid@rikshospitalet.no,oslo,,
207,Soreide,E,NO,,oslo,,
208,Nordsletten,L,NO,,oslo,,
209,Wesche,Jørgen,NO,jorgen.wesche@labmed.uio.no,oslo,,
210,Zachrisson,Björn U,NO,zachriss@odont.uio.no,university of oslo,,
211,Blix,Ellen,NO,,oslo,,
212,Brurberg,Kjetil G,NO,,oslo,,
213,Reierth,Eirik,NO,,tromsø,,
214,Reinar,Liv M,NO,,oslo,,
215,Øian,Pål,NO,,tromsø,,
216,Søreide,K,NO,ksoreide@mac.com,stavanger university hospital,,
217,Reigstad,Bjørn,NO,bre@nlsh.no,bodø,,
218,Moum,T,NO,,university of tromsø,,
219,Eyjolfsson,Elvar M,NO,,trondheim,,
220,Weiderpass,Elisabete,NO,,tromsø,,
221,Reikerås,Olav,NO,olav.reikeras@rikshospitalet.no,n- oslo,,
222,Wijmenga,Cisca,NO,,oslo,,
223,Brannsether,B,NO,elbb@sus.no,bergen,,
224,Steinsbu,Bjørn O,NO,bjorn.steinsbu@geo.uib.no,n- bergen,,
225,Rogne,Sigbjørn,NO,,tromsø,,
226,Vangberg,Torgil,NO,,tromsø,,
227,Eldevik,Petter,NO,,tromsø,,
228,Wikran,Gry,NO,,tromsø,,
229,Mathiesen,Ellisiv B,NO,,tromsø,,
230,Schirmer,Henrik,NO,,tromsø,,
231,Kvam,Ann Kristin,NO,a.k.kvam@medisin.uio.no,oslo,,
232,Melve,Guro Kristin,NO,guro.kristin.melve@helse-bergen.no.,n- bergen,,
233,Ersvaer,Elisabeth,NO,elisabeth.ersver@hib.no.,n- bergen,,
234,Akkök,Çiğdem Akalın,NO,uxciak@ous-hf.no.,n- oslo,,
235,Ahmed,Aymen Bushra,NO,aymen.bushra.ahmed@helse-bergen.no.,n- bergen,,
236,Kristoffersen,Einar K,NO,einar.kristoffersen@uib.no.,n- bergen,,
237,Hervig,Tor,NO,tor.audun.hervig@helse-bergen.no.,n- bergen,,
238,Bruserud,Øystein,NO,oystein.bruserud@haukeland.no.,n- bergen,,
239,Ulvestad,Elling,NO,elling.ulvestad@helse-bergen.no,bergen,,
240,Namtvedt,Silje K,NO,,lorenskog,,
241,Hugdahl,K,NO,,bergen,,
242,Tannaes,Tone,NO,tone.tannas@medisin.uio.no,lørenskog,,
243,Rudolfsen,Geir,NO,geir.rudolfson@ib.uit.no,tromsø,,
244,Nordeng,Hedvig,NO,h.m.e.nordeng@medisin.uio.no,oslo,,
245,Indredavik,Marit S,NO,marit.s.indredavik@ntnu.no,trondheim,,
246,Wangen,Knut R,NO,,oslo,,
247,Fiane,Arnt E,NO,,n- oslo,,
248,Larsen,Trine,NO,,bergen,,
249,Hausken,Trygve,NO,,bergen,,
250,Otteraaen Ystad,Synne,NO,,bergen,,
251,Hovdenak,Nils,NO,,bergen,,
252,Mueller,Bernd,NO,,bergen,,
253,Lied,Gülen Arslan,NO,,bergen,,
254,Ystrom,E,NO,,oslo,,
255,Stene-Larsen,K,NO,,oslo,,
256,Holmstrøm,H,NO,,oslo university hospital,,
257,Vollrath,M E,NO,,oslo,,
258,Hjelstuen,Mari H B,NO,hjem@sus.no,stavanger,,
259,Akslen,L,NO,,bergen,,
260,Andersen,Kristin,NO,,montebello,,
261,Bjørsvik,Hans-René,NO,hans.bjorsvik@kj.uib.no,n- bergen,,
262,Langhamer,Olivia,NO,olanghamer@gmail.com,trondheim,,
263,Wilkens,Philip,NO,philip.wilkens@medisin.uio.no,oslo,,
264,Engedal,Knut,NO,,oslo,,
265,Selbaek,Geir,NO,,oslo,,
266,Espevik,T,NO,,university of trondheim,,
267,Laparie,M,NO,,9296 tromsø,,
268,Sageng,Heidi,NO,,oslo university hospital,,
269,Smith,Camilla,NO,,oslo,,
270,Benterud,J G,NO,,ullevål hospital,,
271,Syse,Astri,NO,,oslo,,
272,Molin,Marianne,NO,molinmarianne@gmail.com.,oslo,,
273,Cramariuc,Dana,NO,,bergen,,
274,Rogge,Barbara Patricia,NO,,bergen,,
275,Lønnebakken,Mai Tone,NO,,bergen,,
276,Pedersen,Terje R,NO,,oslo,,
277,Gerdts,Eva,NO,,bergen,,
278,Mygland,A,NO,aase.mygland@sshf.no,kristiansand,,
279,Lønning,Per Eystein,NO,,bergen,,
280,Bjøro,K,NO,,oslo,,
281,Sohlberg,S,NO,,oslo,,
282,Park,Joonsang,NO,,oslo,,
283,Sørensen,L,NO,,bergen,,
284,Hamang,Anniken,NO,anniken.hamang@isf.uib.no,bergen,,
285,Augustinaite,S,NO,,n-0317 oslo,,
286,Lillehammer,Trine,NO,trinelil@rr-research.no,oslo,,
287,Haukeland,John Willy,NO,j.w.haukeland@medisin.uio.no,oslo,,
288,Kanli,H,NO,,university of oslo,,
289,Pedersen,Willy,NO,willy.pedersen@sosiologi.uio.no,oslo,,
290,Kvien,Tore,NO,,oslo,,
291,Rasmussen,L T,NO,,university of tromsø,,
292,Andersen,Finn H,NO,finn.andersen@ntnu.no.,ålesund,,
293,Jensen,Hallvard,NO,,tromsø,,
294,Knudsen,Rune,NO,,tromsø,,
295,Amundsen,Per-Arne,NO,,tromsø,,
296,Sundt,Rolf C,NO,rolf.sundt@iris.no,n-4068 stavanger,,
297,Wisløff,Ulrik,NO,ulrik.wisloff@medisin.ntnu.no,trondheim,,
298,Stray-Pedersen,Asbjørg,NO,,oslo 0424,,
299,Prescott,Trine E,NO,,oslo,,
300,Gerstner,Thorsten,NO,,arendal,,
301,Aslaksen,Kathinka,NO,,kristiansand,,
302,Komisarczuk,Anna Z,NO,,bergen,,
303,Grotmol,Sindre,NO,,bergen,,
304,Nilsen,Frank,NO,,bergen,,
305,Johansen,Ragnhild,NO,ragnhild.johansen@stolav.no.,7441,,
306,Bele,Irene Velsvik,NO,irene.bele@hivolda.no,volda,,
307,Grøn,B,NO,,rikshospitalet,,
308,Rolin,Johannes,NO,,university of oslo,,
309,Engelsen,Ingeborg B,NO,iben@helse-bergen.no,bergen,,
310,Giil,Lasse Melvær,NO,,bergen,,
311,Gilbert,Mads,NO,,tromsø,,
312,Bjørnerud,Atle,NO,,oslo,,
313,Laine,Katariina,NO,,fredrikstad,,
314,Eggesbø,Merete,NO,,oslo,,
315,Iszatt,Nina,NO,,oslo,,
316,Hartnik,Thomas,NO,thomas.hartnik@bioforsk.no,frederik a. dahls vei 20,,
317,Kilvaer,Thomas Karsten,NO,,tromsø,,
318,Breivik,Harald,NO,,oslo,,
319,Strømsø,Helge I,NO,h.i.stromso@ped.uio.no,n-0317 oslo,,
320,Hov,M R,NO,,drøbak,,
321,Nome,T,NO,,oslo,,
322,Zakariassen,E,NO,,drøbak,,
323,Russell,D,NO,,oslo,,
324,Røislien,J,NO,,oslo,,
325,Lossius,H M,NO,,drøbak,,
326,Lund,C G,NO,,drøbak,,
327,Połeć,Anna,NO,anna.polec@oslo-universitetssykehus.no,oslo,,
328,Raiborg,Camilla,NO,,n- oslo,,
329,McCubbin,M,NO,,oslo,,
330,Hanssen,Sveinn Are,NO,,tromsø,,
331,Bustnes,Jan Ove,NO,,tromsø,,
332,Schnug,Lisbeth,NO,,ås,,
333,Bourgeon,Sophie,NO,,tromsø,,
334,Johnsen,Trond Vidar,NO,,tromsø,,
335,Ballesteros,Manuel,NO,,tromsø,,
336,Herzke,Dorte,NO,,tromsø,,
337,Jaspers,Veerle L B,NO,,trondheim,,
338,Halley,Duncan J,NO,,trondheim,,
339,Moum,Truls,NO,,bodø,,
340,Ims,Rolf Anker,NO,,tromsø,,
341,Erikstad,Kjell Einar,NO,,tromsø,,
342,Hildrum,Bjørn,NO,bjorn.hildrum@hnt.no,namsos,,
343,Pradhan,Srutarshi,NO,pradhan.srutarshi@phys.ntnu.no,trondheim,,
344,Erke,Maja G,NO,,tromsø,,
345,Kyrdalen,Ingebjørg L,NO,,tønsberg,,
346,Rosseland,Leiv A,NO,,oslo,,
347,Hofsø,Kristin,NO,,oslo,,
348,Småstuen,Milada C,NO,,oslo,,
349,Rustøen,Tone,NO,,oslo,,
350,Aloosh,Arash,NO,,oslo,,
351,Aas-Eng,Mee Kristine,NO,,oslo,,
352,Brokstad,K A,NO,,university of bergen,,
353,Holck,P,NO,per.holck@basalmed.uio.no,university of oslo,,
354,Omdal,R,NO,,stavanger,,
355,Vatten,L,NO,,trondheim,,
356,Davidson,Ben,NO,bend@ulrik.uio.no,university of oslo,,
357,Mathiesen,Geir,NO,,ås,,
358,Kuczkowska,Katarzyna,NO,,ås,,
359,Mackenzie,Alasdair,NO,,ås,,
360,Agger,Jane W,NO,,ås,,
361,Eijsink,Vincent G H,NO,,ås,,
362,Quist-Paulsen,Petter,NO,petter.quist-paulsen@stolav.no,trondheim,,
363,Sunde,Arne,NO,,trondheim,,
364,Tollefsen,Elin,NO,elin.tollefsen@ntnu.no,trondheim,,
365,Alne,H,NO,,as,,
366,Stenseth,Nils Chr,NO,,oslo 3,,
367,Kirkendall,Lawrence R,NO,,oslo 3,,
368,Hugdahl,K,NO,,department of biological and medical psychology,,
369,Roalkvam,Sidsel,NO,,oslo,,
370,Nordby,Halvor,NO,halvor.nordby@medisin.uio.no,oslo,,
371,Sylte,I,NO,,university of tromsø,,
372,Eide,Arne H,NO,arne.h.eide@sintef.no.,oslo,,
373,Dyrstad,Karin,NO,,trondheim,,
374,Braathen,Stine H,NO,,oslo,,
375,Halvorsen,Thomas,NO,,trondheim,,
376,Rød,Jan Ketil,NO,,trondheim,,
377,Bergersen,L H,NO,l.h.bergersen@medisin.uio.no,n-0317 oslo,,
378,Binder,Per-Einar,NO,,bergen,,
379,Moltu,Christian,NO,,bergen,,
380,Dundas,Ingrid,NO,,bergen,,
381,Aarab,N,NO,nadia.aarab@iris.no,mekjarvik 12 n- randaberg,,
382,Naess,Pål A,NO,pane@uus.no,n- oslo,,
383,Friberg,Febe,NO,febe.friberg@uis.no,university of stavanger,,
384,Ge,J,NO,,university of tromsø school of medicine,,
385,Fjordbakk,Cathrine T,NO,,n- oslo,,
386,Nilsen,Line B,NO,,university of oslo,,
387,Ribicic,Deni,NO,deni.ribicic@sintef.no.,trondheim,,
388,McFarlin,Kelly Marie,NO,,trondheim,,
389,Netzer,Roman,NO,,trondheim,,
390,Brakstad,Odd Gunnar,NO,,trondheim,,
391,Throne-Holst,Mimmi,NO,,trondheim,,
392,Størseth,Trond Røvik,NO,,trondheim,,
393,Sigrunarson,Vidir,NO,,trondheim,,
394,Moljord,Inger Elise Opheim,NO,,trondheim,,
395,Steinsbekk,Aslak,NO,,trondheim,,
396,Eriksen,Lasse,NO,,trondheim,,
397,Morken,Gunnar,NO,,trondheim,,
398,Ramberg,Maria,NO,,oslo,,
399,Tørmoen,Anita J,NO,,oslo,,
400,Haga,Egil,NO,,oslo,,
401,Sund,Anne M,NO,,trondheim,,
402,Grøholt,Berit,NO,,oslo,,
403,Zakariassen,Henrik,NO,,as,,
404,Saleh,I M,NO,imans@odont.uio.no,haslum,,
405,Görbitz,Carl Henrik,NO,g.h.gorbitz@kjemi.uio.no,n-0315 oslo,,
406,Patel,Hitendra R H,NO,,tromso,,
407,Sørby,Magnus H,NO,,no- kjeller,,
408,Risør,Mette Bech,NO,,tromsø,,
409,Aure,Marit H,NO,m.h.aure@odont.uio.no,0316 oslo,,
410,Blomhoff,Rune,NO,rune.blomhoff@medisin.uio.no,oslo,,
411,Steindal,Simen A,NO,steindal@diakonhjemmet.no,oslo,,
412,Nygaard,Harald A,NO,harald.nygaard@isf.uib.no,bergen,,
413,Meling,T R,NO,,oslo,,
414,Talukdar,M S,NO,mioannid@cape.uwaterloo.ca,trondheim,,
415,Vatne,Solfrid,NO,solfrid.vatne@himolde.no,molde,,
416,Vatn,M H,NO,,oslo,,
417,Halvorsen,Inger,NO,inger.halvorsen@r-bup.no,drammen,,
418,Leganger,Anette,NO,anette.leganger@psych.uib.no,university of bergen,,
419,Skolbekken,John-Arne,NO,john-arne.skolbekken@svt.ntnu.no,trondheim,,
420,Ribu,Lis,NO,lis.ribu@su.hio.no,oslo,,
421,Hagen,Espen,NO,,norwegian university of life sciences ås,,
422,Norheim,Eivind S,NO,,norwegian university of life sciences ås,,
423,Pettersen,Klas H,NO,,norwegian university of life sciences ås,,
424,Einevoll,Gaute T,NO,,norwegian university of life sciences ås,,
425,Skogstad,Marit,NO,marit.skogstad@stami.no.,0033 oslo,,
426,Lunde,Lars-Kristian,NO,lars-kristian.lunde@stami.no.,box  0033 oslo,,
427,Ulvestad,Bente,NO,bente.ulvestad@stami.no.,0033 oslo,,
428,Aass,Hans Christian D,NO,h.c.aass@medisin.uio.no.,ullevaal,,
429,Clemm,Thomas,NO,thomas.clemm@mesta.no.,rådal,,
430,Mamen,Asgeir,NO,asgeir.mamen@nhck.no.,0107 oslo,,
431,Skare,Øivind,NO,oivind.skare@stami.no.,0033 oslo,,
432,Kvåle,Rune,NO,rune.kvale@kreftregisteret.no,oslo,,
433,Andrew,E,NO,,oslo,,
434,Norheim,Gunnstein,NO,gunnstein.norheim@fhi.no.,oslo,,
435,Seterelv,Siri,NO,,oslo,,
436,Arnesen,Trude M,NO,,oslo,,
437,Mengshoel,Anne Torunn,NO,,oslo,,
438,Tønjum,Tone,NO,,oslo,,
439,Rønning,Janne O,NO,,oslo,,
440,Eldholm,Vegard,NO,,oslo,,
441,Johannessen,G Skoien,NO,,n- oslo,,
442,Laake,J H,NO,,university of oslo,,
443,Kaartvedt,Stein,NO,,0316 oslo,,
444,Paulsen,Maria Lund,NO,,bergen,,
445,Tönnesson,Kajsa,NO,,5020 bergen,,
446,Tveita,Anders Aune,NO,anders.aune.tveita@uit.no,tromsø,,
447,Klaeboe,Halvdan,NO,halvdan.klaboe@hit.no,telemark,,
448,Vedeler,L,NO,,university of oslo,,
449,Reikerås,Olav,NO,,oslo,,
450,Borgen,Pål,NO,,oslo,,
451,Egeland,Thore,NO,,aas,,
452,Bjertnaes,Oyvind,NO,oan@kunnskapssenteret.no,oslo,,
453,Foss,B,NO,,bergen,,
454,Todnem,K,NO,karitod@online.no,trondheim,,
455,Eriksen,Arvid A,NO,,bergen,,
456,Johnsen,Joakim S,NO,,bergen,,
457,Tennøe,Anders H,NO,,bergen,,
458,Bungum,L,NO,,university of tromsø,,
459,Bergø,G W,NO,,university of bergen,,
460,Berg,Einar,NO,einar.berg@odont.uib.no,university of bergen,,
461,Rolstad,B,NO,,university of oslo,,
462,Sun,C,NO,sunc@fagmed.uit.no,tromsø,,
463,Vokac,M,NO,,oslo,,
464,Olsen,Anne Berit,NO,,bergen,,
465,Nilsen,Hanne,NO,,bergen,,
466,Åsberg,Ann,NO,,trondheim,,
467,Sigurdardottir,S,NO,,nesoddtangen,,
468,Røed,Knut H,NO,,oslo,,
469,Ihler,Carl-Fredrik,NO,,oslo,,
470,Strand,Eric,NO,,oslo,,
471,Ryeng,Hege,NO,,tromsø,,
472,Naess,I A,NO,inger.anne.ness@ntnu.no,trondheim,,
473,Salvesen,R,NO,rolf.salvesen@c2i.net,nordland sentralsykehus,,
474,Hodt,Anders,NO,anders.hodt@medisin.uio.no.,oslo,,
475,Hisdal,Jonny,NO,,oslo,,
476,Stranden,Einar,NO,,oslo,,
477,Atar,Dan,NO,,oslo,,
478,Steine,Kjetil,NO,,oslo,,
479,Kalseth,Jorid,NO,jorid.kalseth@sintef.no.,trondheim,,
480,Lassemo,Eva,NO,,trondheim,,
481,Magnussen,Jon,NO,,trondheim,,
482,Gullestad,Lars,NO,,baerum,,
483,Gold,Christian,NO,christian.gold@hisf.no,sandane,,
484,Rønningen,K S,NO,,oslo,,
485,Nordstrand,Line M,NO,,oslo,,
486,Hegstad,E,NO,,oslo,,
487,Bentzen,Heidi Beate,NO,,oslo,,
488,Budin-Ljøsne,Isabelle,NO,,oslo,,
489,Nicholson,David G,NO,,trondheim,,
490,Larsen,Helge,NO,,stavanger,,
491,Morton,H Craig,NO,h.c.morton@medisin.uio.no,oslo,,
492,Mørk,N J,NO,,sandvika,,
493,Nkansah,Marian Asantewah,NO,maan4gr@yahoo.co.uk,kristiansand,,
494,Petersen,F C,NO,cpaiva@odont.uio.no,n oslo,,
495,Bjørklund,Geir,NO,bjorklund@conem.org.,mo i rana,,
496,Berntsen,Sveinung,NO,sveinung.berntsen@nih.no,oslo,,
497,Henriksen,Anne Hildur,NO,anne.h.henriksen@medisin.ntnu.no,trondheim,,
498,Nilsen,Sara Marie,NO,sara.m.nilsen@ntnu.no,trondheim,,
499,Minde,Gunn-Tove,NO,gunn.minde@hih.no,harstad,,
500,Karevold,Evalill,NO,evalill.karevold@fhi.no,oslo,,
501,Lund,Bendik,NO,,trondheim,,
502,Liestøl,Sigurd,NO,,oslo,,
503,Anke,A G,NO,,nesoddtangen,,
504,Li,Yanjun,NO,,n- trondheim,,
505,Gerdts,Eva,NO,,bergen,,
506,Rossebo,Anne,NO,,aker,,
507,Pedersen,Terje R,NO,,oslo,,
508,Rasmussen,Ingvild S,NO,,kopervik,,
509,Arefjord,Kjersti,NO,,bergen,,
510,Winje,Dagfinn,NO,,bergen,,
511,Dovran,Anders,NO,,bergen,,
512,Collas,P,NO,philc@medisin.uio.no,oslo,,
513,Westre,Bjørn,NO,,ålesund,,
514,Giske,Anita,NO,,ålesund,,
515,Guttormsen,Hilde,NO,,ålesund,,
516,Sørbye,Sveinung Wergeland,NO,,tromsø,,
517,Skjeldestad,Finn Egil,NO,,tromsø,,
518,Sagberg,Fridulv,NO,fs@toi.no,n- oslo,,
519,Baghirov,Habib,NO,,trondheim,,
520,de Lange Davies,Catharina,NO,,trondheim,,
521,Hovda,Knut Erik,NO,kehovda@yahoo.com,oslo,,
522,Slettedal,Jon Klokk,NO,jon.klokk.slettedal@gmail.com,ullevål,,
523,Hollung,K,NO,,university of oslo,,
524,Diem,Alexandra K,NO,,fornebu,,
525,Fung,Chunkit,NO,,oslo,,
526,Sesso,Howard D,NO,,oslo,,
527,Williams,Annalynn M,NO,,oslo,,
528,Kerns,Sarah L,NO,,oslo,,
529,Monahan,Patrick,NO,,oslo,,
530,Abu Zaid,Mohammad,NO,,oslo,,
531,Feldman,Darren R,NO,,oslo,,
532,Hamilton,Robert J,NO,,oslo,,
533,Vaughn,David J,NO,,oslo,,
534,Beard,Clair J,NO,,oslo,,
535,Kollmannsberger,Christian K,NO,,oslo,,
536,Cook,Ryan,NO,,oslo,,
537,Althouse,Sandra,NO,,oslo,,
538,Ardeshir-Rouhani-Fard,Shirin,NO,,oslo,,
539,Lipshultz,Steve E,NO,,oslo,,
540,Einhorn,Lawrence H,NO,,oslo,,
541,Fossa,Sophie D,NO,,oslo,,
542,Travis,Lois B,NO,,oslo,,
543,Haugland,Helge,NO,helge.haugland@norskluftambulanse.no.,drøbak,,
544,Rehn,Marius,NO,,drøbak,,
545,Klepstad,Pål,NO,,trondheim,,
546,Krüger,Andreas,NO,,drøbak,,
547,Eichele,Heike,NO,,university of bergenbergen,,
548,Eichele,Tom,NO,,university of bergenbergen,,
549,Marquardt,Lynn,NO,,university of bergenbergen,,
550,Adolfsdottir,Steinunn,NO,,university of bergenbergen,,
551,Hugdahl,Kenneth,NO,,university of bergenbergen,,
552,Sørensen,Lin,NO,,university of bergenbergen,,
553,Plessen,Kerstin J,NO,,university of bergenbergen,,
554,Søgaard,A J,NO,,university of tromsø,,
555,Engesæter,Birgit,NO,,oslo,,
556,van Diermen Hidle,Bianca,NO,,stavanger,,
557,Hansen,Mona,NO,,lørenskog,,
558,Moltu,Pia,NO,,stavanger,,
559,Staby,Kjersti Mangseth,NO,,bergen,,
560,Borchgrevink-Persen,Siri,NO,,trondheim,,
561,Vintermyr,Olav K,NO,,bergen,,
562,Lönnberg,Stefan,NO,,oslo,,
563,Nygård,Mari,NO,,oslo,,
564,Janssen,Emiel A M,NO,,stavanger,,
565,Christiansen,Irene Kraus,NO,irene.kraus.christiansen@ahus.no.,lørenskog,,
566,Besada,Emilio,NO,emilio.besada@unn.no,tromsø,,
567,Fuglerud,Kristin Skeide,NO,,oslo,,
568,Leister,Wolfgang,NO,,oslo,,
569,Bai,Aleksander,NO,,oslo,,
570,Farsjø,Caroline,NO,,university of oslo,,
571,Moen,Anne,NO,,university of oslo,,
572,Kanavin,Øivind J,NO,oka@frambu.no.,siggerud,,
573,Fjermestad,Krister W,NO,,oslo,,
574,Heir,Even,NO,,ås,,
575,Møretrø,Trond,NO,,ås,,
576,Langsrud,Solveig,NO,,ås,,
577,Vindas,Marco A,NO,marco.vindas@umb.no,ås,,
578,Langbach,Odd,NO,,lørenskog,,
579,Kristoffersen,Anne Karin,NO,,oslo,,
580,Abesha-Belay,Emnet,NO,,oslo,,
581,Enersen,Morten,NO,,oslo,,
582,Røkke,Ola,NO,,lørenskog,,
583,Olsen,Ingar,NO,,oslo,,
584,Enger,Tone,NO,,oslo,,
585,Skarstein,Kathrine,NO,,bergen,,
586,Liaaen Jensen,Janicke,NO,,oslo,,
587,Abrahamsen,Hilde,NO,,university of oslo,,
588,Wide,K,NO,,bergen,,
589,Gunnes,S,NO,,university of tromsø,,
590,Røsok,Bård Ingvald,NO,,oslo,,
591,Björnbeth,Bjorn Atle,NO,,oslo,,
592,Vural,G,NO,,oslo,,
593,Solheim,K E,NO,,oslo,,
594,Solberg,Erna,NO,,oslo,,
595,Klitkou,Søren Toksvig,NO,,oslo,,
596,Siriyappagouder,Prabhugouda,NO,,bodø,,
597,Lokesh,Jep,NO,,bodø,,
598,Fernandes,Jorge M O,NO,,bodø,,
599,Kiron,Viswanath,NO,,bodø,,
600,Holck,A,NO,askild.holck@nofima.no,n- aas,,
601,Persson,Karin,NO,,oslo university hospital,,
602,Eldholm,Rannveig,NO,,trondheim,,
603,Benth,Jūratė Šaltytė,NO,,akershus university hospital,,
604,Kersten,Hege,NO,,skien,,
605,Knapskog,Anne-Brita,NO,,oslo university hospital,,
606,Saltvedt,Ingvild,NO,,university hospital of trondheim,,
607,Selbaek,Geir,NO,,ottestad,,
608,Engedal,Knut,NO,,oslo university hospital,,
609,Ellingsen,Christine,NO,,oslo,,
610,Holten,K,NO,,kristiansand,,
611,Kvitsand,Hanne M L,NO,hanne.kvitsand@ntnu.no,trondheim,,
612,Nordang,Gry B N,NO,gry.namlos.nordang@rr-research.no,oslo,,
613,Karlsen,Heidi,NO,,university of oslo,,
614,Lillemoen,Lillian,NO,,university of oslo,,
615,Magelssen,Morten,NO,,university of oslo,,
616,Førde,Reidun,NO,,university of oslo,,
617,Pedersen,Reidar,NO,,university of oslo,,
618,Gjerberg,Elisabeth,NO,,university of oslo,,
619,Taraldsen,Kristin,NO,kristin.taraldsen@ntnu.no,trondheim,,
620,Holmen,Oddgeir Lingaas,NO,,levanger,,
621,Hveem,Kristian,NO,,levanger,,
622,Halvorsen,Sigrun,NO,sigrun.h@online.no,oslo,,
623,Herzke,Dorte,NO,,no- tromsø,,
624,Moe,Børge,NO,,trondheim,,
625,Gabrielsen,Geir Wing,NO,,no- tromsø,,
626,Bustnes,Jan Ove,NO,,no- tromsø,,
627,Matre,Kjell,NO,kjell.matre@helse-bergen.no,n- bergen,,
628,Vik-Mo,Audun O,NO,audunvik-mo@online.no,dr einar martens' research group for biological psychiatry and bergen mental health research center,,
629,Bindoff,Laurence A,NO,,bergen,,
630,Wisløff,F,NO,,oslo,,
631,Hansen,Andreas Ernst,NO,andreas.ernst.hansen@oslo-universitetssykehus.no.,oslo,,
632,Skjaerseth,Eivinn,NO,eivinn.skjaerseth@stolav.no.,trondheim,,
633,Xu,Chong-Yu,NO,,n-0315 oslo,,
634,Fønnebø,V,NO,,university of tromsø,,
635,Huber,Sandra,NO,,tromsø,,
636,Warner,Nicholas A,NO,,tromsø,,
637,Nygård,Torgeir,NO,,trondheim,,
638,Harju,Mikael,NO,,tromsø,,
639,Uggerud,Hilde T,NO,,kjeller,,
640,Hanssen,Linda,NO,,tromsø,,
641,Leiros,I,NO,,university of tromso,,
642,Hofer,Tim,NO,,oslo,,
643,Stefanoff,Pawel,NO,,oslo,,
644,Holme,Ingar,NO,ingar.holme@nih.no,oslo,,
645,Brekke,I B,NO,,oslo,,
646,Orlin,J R,NO,,oslo,,
647,Falk,Ragnhild Sorum,NO,,oslo,,
648,Hofvind,Solveig,NO,solveig.hofvind@kreftregisteret.no.,oslo,,
649,Tran-Minh,Nhut,NO,,tønsberg n-,,
650,Vollrath,Margarete E,NO,,norwegian institute of public health and university of oslo,,
651,Torgersen,Svenn,NO,,university of oslo,,
652,Sandberg,,NO,,university of bergen,,
653,von Unge,Magnus,NO,,akershus university hospital and university of oslo,,
654,Edwards,Andrew G,NO,,lysaker,,
655,Louch,William E,NO,,oslo,,
656,Roe,James M,NO,,0317 oslo,,
657,Mathiesen,Nina C,NO,,0317 oslo,,
658,Moberget,Torgeir,NO,,0317 oslo,,
659,Alnæs,Dag,NO,,0317 oslo,,
660,Sneve,Markus H,NO,,0317 oslo,,
661,Mengesha,Zebasil,NO,,n-5817 bergen,,
662,Grung,Bjørn,NO,,n-5020 bergen,,
663,Wiik-Nielsen,Christer R,NO,christer.nielsen@vetinst.no,oslo,,
664,Veiby,O P,NO,,oslo,,
665,Nilsen,Kristian Bernhard,NO,kristian.b.nilsen@ntnu.no,trondeim,,
666,Braendvang,Morten,NO,,blindern,,
667,Brinchmann-Hansen,O,NO,,oslo,,
668,Støen,R,NO,,trondheim,,
669,Bjørnskau,Torkel,NO,,oslo,,
670,Eftedal,Ingrid,NO,,trondheim,,
671,Ardestani,Simin Berenji,NO,,trondheim,,
672,Jørum,Ellen,NO,,oslo,,
673,Øiestad,Britt Elin,NO,,oslo,,
674,Fernø,Johan,NO,,bergen n-,,
675,Wallenius,Marianne,NO,marianne.wallenius@ntnu.no,st. olavs hospital,,
676,Umu,Sinan Uğur,NO,,oslo,,
677,Langseth,Hilde,NO,,oslo,,
678,Bucher-Johannessen,Cecilie,NO,,oslo,,
679,Fromm,Bastian,NO,,oslo,,
680,Lauritzen,Marianne,NO,,oslo,,
681,Leithaug,Magnus,NO,,oslo,,
682,Lyle,Robert,NO,,oslo,,
683,Rounge,Trine B,NO,,oslo,,
684,Nord,E,NO,,n-0403 oslo,,
685,Bogen,Bjarne,NO,,oslo,,
686,Lausund,Kristian Blindheim,NO,ola.nilsen@kjemi.uio.no,0315 oslo,,
687,Petrovic,Veljko,NO,ola.nilsen@kjemi.uio.no,0315 oslo,,
688,Nilsen,Ola,NO,ola.nilsen@kjemi.uio.no,0315 oslo,,
689,Paulsen,J E,NO,,oslo,,
690,Kaiser,Sabine,NO,,tromsø,,
691,Patras,Joshua,NO,,tromsø,,
692,Martinussen,Monica,NO,,tromsø,,
693,Jensen,Christer Andre,NO,,ålesund,,
694,Acosta Roa,Ana María,NO,,ålesund,,
695,Lund,Jo-Åsmund,NO,,trondheim,,
696,Frengen,Jomar,NO,,trondheim,,
697,Koht,Jeanette,NO,,drammen,,
698,Gerstner,Thorsten,NO,,sørlandet hospital,,
699,Moland,Siri,NO,,sørlandet hospital,,
700,Feng,Yiming,NO,,trondheim,,
701,Kopplin,Georg,NO,,trondheim,,
702,Draget,Kurt I,NO,,trondheim,,
703,Svilaas,A,NO,asvilaas@online.no,kongsberg,,
704,Helgeland,M I,NO,,university of oslo,,
705,Dahlgren,Camilla Lindvall,NO,camilla.lindvall@dahlgren.no.,0424 oslo,,
706,Stedal,Kristin,NO,post.psykiskhelse@oslo-universitetssykehus.no.,0424 oslo,,
707,Grimholt,T K,NO,,oslo,,
708,Jacobsen,D,NO,,oslo,,
709,Haavet,O R,NO,,oslo,,
710,Ekeberg,Ø,NO,,oslo,,
711,Hasvold,Pål,NO,,oslo,,
712,Stannard,Suzanne Louise,NO,suzanne.stannard@helse-bergen.no.,haukeland university hospital,,
713,Røste,L S,NO,,university of oslo,,
714,Munang'andu,Hetron Mweemba,NO,,0033 oslo,,
715,Dysvik,Elin,NO,elin.dysvik@uis.no,stavanger,,
716,Mylonakou,Maria N,NO,,oslo,,
717,Gabrielsen,O S,NO,,university of oslo,,
718,Skeie,Guri,NO,,university of tromsø-the arctic university of norway,,
719,Weiderpass,Elisabete,NO,,university of tromsø-the arctic university of norway,,
720,Brenner,Annette K,NO,,bergen,,
721,Tvedt,Tor Henrik Anderson,NO,,bergen,,
722,Nepstad,Ina,NO,,bergen,,
723,Rye,Kristin P,NO,,bergen,,
724,Hagen,Karen M,NO,,bergen,,
725,Reikvam,Håkon,NO,,bergen,,
726,Bruserud,Øystein,NO,,bergen,,
727,Hale,Sarah E,NO,,n-0806 oslo,,
728,Kristensen,G,NO,,oslo,,
729,Dale,Hanna Fjeldheim,NO,,bergen,,
730,Jensen,Caroline,NO,,bergen,,
731,Hausken,Trygve,NO,,bergen,,
732,Lied,Einar,NO,,ålesund,,
733,Hatlebakk,Jan Gunnar,NO,,bergen,,
734,Brønstad,Ingeborg,NO,,bergen,,
735,Hoff,Dag Arne Lihaug,NO,,ålesund,,
736,Lied,Gülen Arslan,NO,,bergen,,
737,Shahzidi,Susan,NO,,oslo,,
738,Olsen,Sandra E,NO,,trondheim,,
739,Bjørgaas,Marit R,NO,,trondheim,,
740,Åsvold,Bjørn O,NO,,trondheim,,
741,Sand,Trond,NO,,trondheim,,
742,Stjern,Marit,NO,,trondheim,,
743,Nilsen,Kristian B,NO,kristian.b.nilsen@ntnu.no.,ullevål,,
744,Shabestari,M,NO,,oslo,,
745,Kise,N J,NO,,akershus,,
746,Landin,M A,NO,,oslo,,
747,Sesseng,S,NO,,oslo,,
748,Hellund,J C,NO,,oslo,,
749,Reseland,J E,NO,,oslo,,
750,Eriksen,E F,NO,,oslo,,
751,Haugen,I K,NO,,oslo,,
752,Folvik,Geir,NO,geir.folvik@helse-bergen.no,bergen,,
753,Frich,Jan Christian,NO,,oslo,,
754,Fosså,Alexander,NO,,oslo,,
755,Straume,Karin,NO,karinstraume@hotmail.com,finnmark,,
756,Takeda,Hideki,NO,,oslo,,
757,Nair,Remya R,NO,remya.nair@uis.no.,stavanger,,
758,Protasova,Evgenia,NO,evgy.pro@gmail.com.,stavanger,,
759,Strand,Skule,NO,skule.strand@uis.no.,stavanger,,
760,Bilstad,Torleiv,NO,torleiv.bilstad@uis.no.,stavanger,,
761,Knudsen,G P S,NO,gun.peggy.knudsen@rikshospitalet.no,oslo,,
762,Roth,Christine,NO,christine.roth@fhi.no,oslo,,
763,Polder,Anuschka,NO,,0033 oslo,,
764,Gabrielsen,Geir Wing,NO,,no- tromsø,,
765,Blix,A S,NO,,university of tromsø,,
766,Pihlstrøm,Lasse,NO,lasse.pihlstrom@rikshospitalet.no,rikshospitalet,,
767,Bhatti,Rebecca,NO,,legevakten i oslo,,
768,Kvernflaten,Birgit,NO,,oslo,,
769,Shigdel,Rajesh,NO,,tromsø,,
770,Osima,Marit,NO,,tromsø,,
771,Joakimsen,Ragnar M,NO,,tromsø,,
772,Eriksen,Erik F,NO,,oslo,,
773,Husby,G,NO,,university hospital of tromsø,,
774,Sørlie,Anniken,NO,,oslo,,
775,Næss,Solveig,NO,,oslo,,
776,Ness,Torbjørn V,NO,,ås,,
777,Einevoll,Gaute T,NO,,ås,,
778,Nornes,S,NO,,tromso,,
779,Paulsen,Mari Mohn,NO,m.m.paulsen@medisin.uio.no.,oslo 0317,,
780,Myhre,Jannicke Borch,NO,j.b.myhre@medisin.uio.no.,oslo 0317,,
781,Andersen,Lene Frost,NO,l.f.andersen@medisin.uio.no.,oslo 0317,,
782,Ruland,Cornelia M,NO,cornelia.ruland@rikshospitalet.no,oslo,,
783,Lindstedt,Bjørn-Arne,NO,bjorn-arne.lindstedt@fhi.no,n- oslo,,
784,Hegstad,A C,NO,,university of tromso,,
785,Petersen,M T,NO,,trondheim,,
786,Ekås,Guri Ranum,NO,,oslo,,
787,Moksnes,Håvard,NO,,oslo,,
788,Grindem,Hege,NO,,oslo,,
789,Risberg,May Arna,NO,,oslo,,
790,Engebretsen,Lars,NO,,oslo,,
791,Pfeiffer,H C,NO,,oslo,,
792,Godal,Tore,NO,tore.godal@mfa.no.,oslo,,
793,Lingvall,Fredrik,NO,fredrik.lingvall@ifi.uio.no,no-0316 oslo,,
794,Hussain,Badra,NO,,no-0376 oslo,,
795,Thieu,Minh Khai Le,NO,,no-0376 oslo,,
796,Johnsen,Gaute Floer,NO,,no-0376 oslo,,
797,Reseland,Janne Elin,NO,,no-0376 oslo,,
798,Hunskaar,Steinar,NO,steinar.hunskar@isf.uib.no,no- bergen,,
799,Engstrøm,Monica J,NO,,trondheim,,
800,Bofin,Anna M,NO,anna.bofin@ntnu.no.,trondheim,,
801,Humerfelt,S,NO,,university of bergen,,
802,Tveiten,Helge,NO,,tromsø,,
803,Mårvik,R,NO,,trondheim,,
804,Hjertager Krog,Norun,NO,,oslo,,
805,Marit Aasvang,Gunn,NO,,oslo,,
806,Oftedal,Bente,NO,,oslo,,
807,Vegard Weyde,Kjell,NO,,oslo,,
808,Landvik,Nina E,NO,,oslo,,
809,Provan,Sella Aarrestad,NO,,oslo,,
810,Berg,Inger Jorid,NO,,oslo,,
811,Hammer,Hilde Berner,NO,,oslo,,
812,Mathiessen,Alexander,NO,,oslo,,
813,Kvien,Tore Kristian,NO,,oslo,,
814,Semb,Anne Grete,NO,,oslo,,
815,Müller,F,NO,,university of oslo,,
816,Zachrisson,Bjørn U,NO,,oslo,,
817,Hinderaker,S G,NO,,bergen,,
818,Gullestad,L,NO,,oslo,,
819,Pettersen,Svein Arne,NO,,tromso,,
820,Hamre,Lars Are,NO,lars.hamre@bio.uib.no,bergen 5020,,
821,Fevang,Børre,NO,borre.fevang@medisin.uio.no,n- oslo,,
822,Winger,Anette,NO,,oslo,,
823,Melbye,Elisabeth L,NO,elisabeth.l.melbye@uis.no,stavanger,,
824,Lerum,Sverre Vigeland,NO,,oslo,,
825,Solbraekke,Kari Nyheim,NO,,oslo,,
826,Frich,Jan C,NO,,oslo,,
827,Boldingh Debernard,Karen A,NO,k.b.debernard@farmasi.uio.no,oslo,,
828,Dybvik,Eva,NO,,bergen,,
829,Furnes,Ove,NO,,bergen,,
830,Gjertsen,Jan-Erik,NO,,bergen,,
831,Gjessing,Håkon K,NO,hakon.gjessing@fhi.no,oslo,,
832,Johnsen,Erik,NO,erij@ihelse.net,n- bergen,,
833,Gjesdal,Sturla,NO,sturla.gjesdal@isf.uib.no,university of bergen,,
834,Szodoray,Peter,NO,,oslo,,
835,Corbin,J Hope,NO,hopecorbin@yahoo.com,university of bergen,,
836,Hansen,Jesper,NO,,high north research centre  tromsø,,
837,Hansen,Thomas,NO,,high north research centre  tromsø,,
838,Krogvold,Lars,NO,,oslo,,
839,Dahl-Jorgensen,Knut,NO,,oslo,,
840,Austgulen,L T,NO,,university of bergen,,
841,Tofthagen,Randi,NO,randi.tofthagen@ldh.no,oslo,,
842,Thomas,Jean-Baptiste,NO,jean.b.thomas@ntnu.no.,gjøvik,,
843,Lønnebakken,M T,NO,mai.tone.lonnebakken@helse-bergen.no,bergen,,
844,Waage,A,NO,,oslo,,
845,Breivik,,NO,,oslo,,
846,Lappegård,Trude,NO,,oslo,,
847,Andreassen,Ole A,NO,,oslo,,
848,Sigurdsen,Ulf,NO,u.e.w.sigurdsen@medisin.uio.no,oslo,,
849,Reiersøl,Odd,NO,solverv@solverv.com,oslo,,
850,Kurabachew,Mekonnen,NO,mekonnen.kurabachew@cih.uib.no,n- bergen,,
851,Eiken,H G,NO,,haukeland hospital,,
852,Thomassen,Lars,NO,,bergen,,
853,Logallo,Nicola,NO,,bergen,,
854,Merlot,Patrick,NO,,n-0315 oslo,,
855,Izsák,Róbert,NO,,n-0315 oslo,,
856,Borgoo,Alex,NO,,n-0315 oslo,,
857,Helgaker,Trygve,NO,,n-0315 oslo,,
858,Reine,Simen,NO,,n-0315 oslo,,
859,Chomutare,Taridzo,NO,,tromsø,,
860,Oftung,F,NO,fredrik.oftung@folkehelsa.no,oslo,,
861,Sandset,Else Charlotte,NO,,oslo,,
862,Midtvedt,K,NO,,oslo,,
863,Xu,Xiang Ming,NO,,university of stavanger,,
864,Sørlie,Morten,NO,,ås,,
865,Engeland,Anders,NO,anders.engeland@isf.uib.no,oslo,,
866,Ramirez-Llodra,Eva,NO,,oslo,,
867,Amaro,Teresa,NO,,bergen,,
868,Isaksen,Astrid Steen,NO,astrid.isaksen@hib.no,bergen college,,
869,Elsais,Ahmed,NO,ahmed.elsais@medisin.uio.no.,0424 oslo,,
870,Heimdal,J H,NO,john.heimdal@ore.uib.no,bergen,,
871,Hals,E,NO,,university of bergen,,
872,Pallesen,Ståle,NO,,bergen,,
873,Dahl,A,NO,,university of oslo,,
874,Jakimovska,V M,NO,,nesoddtangen,,
875,Kostovski,E,NO,,nesoddtangen,,
876,Biering-Sørensen,F,NO,,nesoddtangen,,
877,Lidal,I B,NO,,nesoddtangen,,
878,Midthjell,Kristian,NO,,levanger,,
879,Holmen,Jostein,NO,,levanger,,
880,Holmen,Turid Lingaas,NO,,levanger,,
881,Blikman,Maria J C,NO,,bergen,,
882,Jacobsen,Hege R,NO,,bergen,,
883,Eide,Geir Egil,NO,,bergen,,
884,Meland,Eivind,NO,,bergen,,
885,Stuge,Britt,NO,britt.stuge@medisin.uio.no,oslo,,
886,Evensen,G,NO,,oslo,,
887,Hjälmhult,Esther,NO,,bergen,,
888,Tallaksen,C M,NO,,oslo,,
889,Norheim,Ole F,NO,,bergen,,
890,Lundin,Knut E A,NO,,oslo,,
891,Røe,Cecilie,NO,,oslo,,
892,Fagerland,Morten W,NO,,oslo,,
893,Granan,Lars-Petter,NO,,oslo,,
894,Kristoffersen,Anders,NO,anders.kristoffersen@stolav.no,n- trondheim,,
895,Osterud,B,NO,,university of tromsø,,
896,Steiner,Timothy J,NO,,trondheim,,
897,Stovner,Lars Jacob,NO,,trondheim,,
898,Vollset,Stein Emil,NO,,bergen,,
899,Høiseth,Gudrun,NO,gudrun.hoiseth@fhi.no,no-0403 oslo,,
900,Johansen,Odd Erik,NO,,vestre viken hospital trust,,
901,Gullestad,Lars,NO,,oslo,,
902,Birkeland,Kåre I,NO,,oslo,,
903,Orvik,Elsa,NO,,vestre viken hospital trust,,
904,Fagerland,Morten W,NO,,oslo,,
905,Urheim,Stig,NO,,oslo,,
906,Aakhus,Svend,NO,,oslo,,
907,Gramstad,Astrid,NO,,university of tromsø,,
908,Hetlevik,Øystein,NO,oystein.hetlevik@isf.uib.no,bergen,,
909,Nilsen,T I,NO,,n-,,
910,Vatten,Lars J,NO,,trondheim,,
911,Helöe,L A,NO,,blindern,,
912,Korvald,Hanne,NO,,oslo,,
913,Hjermstad,Marianne J,NO,marianne.j.hjermstad@ntnu.no.,oslo,,
914,Bjordal,Kristin,NO,,oslo,,
915,Herlofson,Bente B,NO,,oslo,,
916,Vodák,Daniel,NO,,oslo university hospital,,
917,Gilbertson,Simon,NO,simon.gilbertson@grieg.uib.no,bergen,,
918,Håvik,Aril Løge,NO,,bergen,,
919,Bruland,Ove,NO,,bergen,,
920,Aarhus,Mads,NO,,oslo,,
921,Kalland,Karl-Henning,NO,,bergen,,
922,Stokowy,Tomasz,NO,,bergen,,
923,Lund-Johansen,Morten,NO,,bergen,,
924,Knappskog,Per-Morten,NO,per.knappskog@helse-bergen.no.,bergen,,
925,Lepland,Aivo,NO,aivo.lepland@ngu.no,trondheim,,
926,Haug,K,NO,,university of bergen,,
927,Feet,B A,NO,,oslo,,
928,Nilssen,O,NO,oivindn@fagmed.uit.no,nlvf,,
929,Lied,Gülen Arslan,NO,,university of bergen,,
930,Andersen,Jan Fredrik,NO,,n- bergen,,
931,Adekoya,Olayiwola A,NO,,no- tromsø,,
932,Sylte,Ingebrigt,NO,,no- tromsø,,
933,Urbancsok,János,NO,janos.urbancsok@ntnu.no.,no- trondheim,,
934,Andreassen,O A,NO,,oslo,,
935,Einevoll,Gaute T,NO,,ås,,
936,Storeng,Katerini T,NO,katerini.storeng@sum.uio.no,oslo 0317,,
937,Mehl,Anna,NO,,kjeller,,
938,Islam,M Kamrul,NO,,bergen,,
939,Kjerstad,Egil,NO,,bergen,,
940,Berg,Rigmor C,NO,,oslo,,
941,Stensland,Eva,NO,,tromsø,,
942,Johnsen,Stein Harald,NO,,tromsø,,
943,Mathiesen,Ellisiv,NO,,tromsø,,
944,Gillespie,Mark A K,NO,,sogndal,,
945,Buanes,T,NO,,bergen,,
946,Bugge,M K,NO,,oslo,,
947,Cameron,D,NO,,oslo,,
948,Catmore,J R,NO,,oslo,,
949,Dale,O,NO,,bergen,,
950,Eigen,G,NO,,bergen,,
951,Feigl,S,NO,,oslo,,
952,Franconi,L,NO,,oslo,,
953,Garonne,V,NO,,oslo,,
954,Gjelsten,B K,NO,,oslo,,
955,Gramstad,E,NO,,oslo,,
956,Kastanas,A,NO,,bergen,,
957,Liebig,W,NO,,bergen,,
958,Lipniacka,A,NO,,bergen,,
959,Maeland,S,NO,,bergen,,
960,Latour,B Martin Dit,NO,,bergen,,
961,Morisbak,V,NO,,oslo,,
962,Nilsen,J K,NO,,oslo,,
963,Ould-Saada,F,NO,,oslo,,
964,Pajchel,K,NO,,oslo,,
965,Pedersen,M,NO,,oslo,,
966,Raddum,S,NO,,oslo,,
967,Read,A L,NO,,oslo,,
968,Røhne,O,NO,,oslo,,
969,Sandaker,H,NO,,oslo,,
970,Serfon,C,NO,,oslo,,
971,Sjursen,T B,NO,,bergen,,
972,Smestad,L,NO,,bergen,,
973,Stapnes,S,NO,,oslo,,
974,Strandlie,A,NO,,oslo,,
975,Stugu,B,NO,,bergen,,
976,Yang,Z,NO,,bergen,,
977,Zalieckas,J,NO,,bergen,,
978,Anmarkrud,N,NO,,lillehammer fylkessykehus,,
979,Hvatum,M,NO,,national hospital,,
980,Hovik,R,NO,,university of oslo,,
981,Saugstad,O D,NO,o.d.saugstad@klinmed.uio.no,university of oslo,,
982,Wright,M S,NO,,university of oslo,,
983,Borg,Marit,NO,,drammen,,
984,Borkamo,Erling Dahl,NO,erling.dahl@helse-bergen.no,bergen,,
985,Hartvigsen,Gunnar,NO,,tromsø,,
986,Lindsetmo,Rolv-Ole,NO,,tromsø,,
987,Bellika,Johan Gustav,NO,,tromsø,,
988,Chu,Song-Yun,NO,,bergen,,
989,Shi,Li-Bin,NO,,bergen,,
990,Chen,Jian,NO,,bergen,,
991,Fell,Anne Kristin M,NO,anne-kristin.fell@sthf.no,n- skien,,
992,Ertzeid,G,NO,gudvor.ertzeid@rikshopitalet.no,oslo,,
993,Hoff,Geir,NO,hofg@online.no,skien,,
994,Tibballs,J E,NO,,oslo,,
995,Fykse,E M,NO,else-marie.fykse@ffi.no,kjeller,,
996,Melve,K K,NO,,university of bergen,,
997,Håskjold,E,NO,,rikshospitalet,,
998,Spreng,U J,NO,ulispreng@hotmail.com,vestre viken hf,,
999,Zafran,N,NO,,oslo,,
1000,Jacobsen,M B,NO,,oslo,,
1001,Rasmussen,Erik B,NO,,oslo,,
1002,Mosevoll,Knut Anders,NO,,bergen,,
1003,Devold,M,NO,,university of bergen,,
1004,Amundsen,E K,NO,e.k.amundsen@medisin.uio.no.,oslo,,
1005,Urdal,P,NO,,oslo,,
1006,Henriksson,C E,NO,,oslo,,
1007,Grøntvedt,Randi Nygaard,NO,randi.grontvedt@fiskeriforskning.no,tromsø,,
1008,Fjeld,Karianne,NO,,n- bergen,,
1009,Molven,Anders,NO,,n- bergen,,
1010,Aksnes,Tonje Amb,NO,tonjeamb.aksnes@ulleval.no,oslo,,
1011,Dørum,Elisabeth,NO,,oslo,,
1012,Myklebust,Christiane Filion,NO,,oslo,,
1013,Sandset,Per Morten,NO,,0370 oslo,,
1014,Haaheim,L R,NO,,university of bergen,,
1015,Lie,Elisabeth,NO,,oslo,,
1016,Slettaløkken,Gunnar,NO,,lillehammer,,
1017,Baerheim,Anders,NO,anders.barheim@isf.uib.no,university of bergen,,
1018,Foss,Christina,NO,christina.foss@hiak.no,blindern,,
1019,Stray-Pedersen,B,NO,,university of oslo,,
1020,Frøen,J F,NO,,oslo,,
1021,Kristoffersen,E S,NO,,oslo,,
1022,Straand,J,NO,,oslo,,
1023,Russell,M B,NO,,nordbyhagen,,
1024,Lundqvist,C,NO,,lørenskog,,
1025,Koht,Jeanette,NO,,drammen,,
1026,Løstegaard,Sven Olav,NO,,oslo,,
1027,Wedding,Iselin,NO,,oslo,,
1028,Tallaksen,Chantal Me,NO,,oslo,,
1029,Sandvig,K,NO,ksandvig@radium.uio.no,oslo,,
1030,Gjelstad,Astrid,NO,,oslo,,
1031,Pedersen-Bjergaard,Stig,NO,,oslo,,
1032,Seip,Knut Fredrik,NO,,oslo,,
1033,Aven,Terje,NO,terje.aven@uis.no,stavanger,,
1034,Børretzen,Peer,NO,peer.borretzen@gmail.com,as,,
1035,Segerström,Susanna,NO,susanna.segerstrom@lul.se,n- haslum,,
1036,Waldum,H L,NO,helge.waldum@medisin.ntnu.no,trondheim,,
1037,Muellner,T,NO,,ulleval hospital and oslo university,,
1038,Standerholen,Fride Berg,NO,,hamar,,
1039,Waterhouse,Karin Elisabeth,NO,,hamar,,
1040,Larsgard,Anne Guro,NO,,hamar,,
1041,Garmo,Randi Therese,NO,,hamar,,
1042,Myromslien,Frøydis Deinboll,NO,,hamar,,
1043,Sunde,Jan,NO,,hamar,,
1044,Ropstad,Erik,NO,,oslo,,
1045,Klinkenberg,Geir,NO,,trondheim,,
1046,Hagtvedt,Trond,NO,,norway university of oslo,,
1047,Seierstad,Therese,NO,,oslo university hospital,,
1048,Lund,Kjersti V,NO,,oslo university hospital,,
1049,Løndalen,Ayca M,NO,,oslo university hospital,,
1050,Smith,Hans-Jørgen,NO,,norway university of oslo,,
1051,Geier,Oliver M,NO,,oslo university hospital,,
1052,Holte,Harald,NO,,oslo university hospital,,
1053,Aaløkken,Trond Mogens,NO,trond.mogens.aalokken@rikshospitalet.no.,oslo university hospital,,
1054,Gudmundsen,Anita C,NO,,tromsoe,,
1055,Norbye,Bente,NO,,tromsoe,,
1056,Obstfelder,Aud,NO,,tromsoe,,
1057,Taxt,Torfinn,NO,,bergen,,
1058,Mair,I W,NO,,university of tromsø,,
1059,Madsen,Lise,NO,,bergen,,
1060,Michler,Ralf Peter,NO,ralf-peter.michler@stolav.no,st. olavs hospital,,
1061,Hjalmarsen,Audhild,NO,audhild.hjalmarsen@unn.no.,tromsoe n,,
1062,Eilertsen,Gro,NO,,tromsø,,
1063,Wackers,Ger,NO,ger.wackers@hin.no.,narvik,,
1064,Rudi,Knut,NO,knut.rudi@umb.no,ås,,
1065,Kristoffersen,Simen M,NO,,0316 oslo,,
1066,Vassbakk-Brovold,Karianne,NO,,kristiansand,,
1067,Berntsen,Sveinung,NO,,kristiansand,,
1068,Fegran,Liv,NO,,kristiansand,,
1069,Lian,Henrik,NO,,kristiansand,,
1070,Mjåland,Odd,NO,,kristiansand,,
1071,Mjåland,Svein,NO,,kristiansand,,
1072,Seiler,Stephen,NO,,kristiansand,,
1073,Kersten,Christian,NO,,kristiansand,,
1074,Lund,E,NO,,university of tromsø,,
1075,Rosseland,A R,NO,,university of oslo,,
1076,Verreault,Jonathan,NO,jonathan@npolar.no,no- tromsø,,
1077,Indahl,A,NO,,fredrikstad,,
1078,Espelund,Mari,NO,,norwegian defence research establishment kjeller,,
1079,Klaveness,Dag,NO,,university of oslo oslo,,
1080,Høyer,Helle,NO,helle.hoyer@sthf.no,skien,,
1081,Munk,Ane Cecilie,NO,,stavanger,,
1082,Wedman,J,NO,,bergen,,
1083,Lodrup Carlsen,K C,NO,,oslo,,
1084,Skrindo,I,NO,,oslo,,
1085,Carlsen,K H,NO,,oslo,,
1086,Hovland,V,NO,,oslo,,
1087,Mowinckel,P,NO,,oslo,,
1088,Liestøl,S,NO,sigurdli@ulrik.uio.no,oslo,,
1089,Hellebust,Taran Paulsen,NO,taran.paulsen.hellebust@nrpa.no,oslo,,
1090,ten Tusscher,K H W J,NO,khwjtuss@hotmail.com,lysaker,,
1091,Haugen,T S,NO,torbjhau@online.no,oslo,,
1092,Røtnes,J S,NO,,university of oslo,,
1093,Celius,E G,NO,,oslo,,
1094,Graff,Pål,NO,,oslo,,
1095,Kristoffersen,Anne K,NO,,n-0316 oslo,,
1096,Klein,Uwe,NO,,n-0316 oslo,,
1097,Ertresvag,Kjetil,NO,,oslo,,
1098,Moinichen,Inger,NO,,oslo,,
1099,Emblem,Raghnild,NO,,oslo,,
1100,Saraste,Jaakko,NO,,university of bergen bergen,,
1101,Egestad,Helen,NO,helen.egestad@uit.no.,tromsø,,
1102,Sejersted,Yngve,NO,,n- oslo,,
1103,Kaminski,Michal Filip,NO,,oslo,,
1104,Kymre,Linn,NO,,oslo,,
1105,Simm,Roger,NO,,oslo,,
1106,Skotland,Tore,NO,,oslo,,
1107,Sandvig,Kirsten,NO,ksandvig@ibv.uio.no.,0316 oslo,,
1108,Mero,Inger-Lise,NO,i.l.mero@medisin.uio.no,n- oslo,,
1109,Ekelund,Ulf,NO,,oslo,,
1110,Kuhn,J A,NO,,tromsø,,
1111,Knudsen,R,NO,,tromsø,,
1112,Kristoffersen,R,NO,,tromsø,,
1113,Amundsen,P-A,NO,,tromsø,,
1114,Völgyes,David,NO,,oslo,,
1115,Gossé,M,NO,,trondheim,,
1116,Nordbø,S A,NO,,trondheim,,
1117,Pukstad,B,NO,,trondheim,,
1118,Malola,Sami,NO,,0315 oslo,,
1119,Aarsland,Dag,NO,,university of bergen,,
1120,Jynge,P,NO,,university of trondheim,,
1121,Reims,H,NO,,oslo,,
1122,Martines,Jose,NO,,bergen,,
1123,Saugstad,Ola Didrik,NO,odsaugstad@rr-research.no,university of oslo,,
1124,Larsson,Bo,NO,bo.larsson@ntnu.no,trondheim,,
1125,Kleppa,L,NO,liv.kleppa@medisin.uio.no,n- oslo,,
1126,Reisaeter,A V,NO,anna.varberg.reisaeter@rikshospitalet.no,university of oslo,,
1127,Chaudhry,Farrukh A,NO,,oslo,,
1128,Bonsaksen,Tore,NO,tore.bonsaksen@oslomet.no.,oslo,,
1129,Grimholt,Tine K,NO,,oslo,,
1130,Skogstad,Laila,NO,,oslo,,
1131,Lerdal,Anners,NO,,oslo,,
1132,Ekeberg,Øivind,NO,,oslo,,
1133,Heir,Trond,NO,,oslo,,
1134,Schou-Bredal,Inger,NO,,oslo,,
1135,Løchting,Ida,NO,idalochting@gmail.com.,oslo,,
1136,Garratt,Andrew M,NO,,oslo,,
1137,Storheim,Kjersti,NO,,oslo,,
1138,Werner,Erik L,NO,,bergen,,
1139,Grotle,Margreth,NO,,oslo,,
1140,Maelandsmo,G M,NO,,oslo,,
1141,Stokke,Runar,NO,ida.steen@bio.uib.no,bergen,,
1142,Knapstad,Marit,NO,,bergen,,
1143,Øverland,Simon,NO,,bergen,,
1144,Eide,Leslie Sofia Pareja,NO,,bergen,,
1145,Norekvål,Tone Merete,NO,,university of bergen,,
1146,Ranhoff,Anette Hylen,NO,,university of bergen,,
1147,Nordrehaug,Jan Erik,NO,,university of bergen,,
1148,Ove Hufthammer,Karl,NO,,bergen,,
1149,Kuiper,Karel Kier-Jan,NO,,bergen,,
1150,Bleie,Øyvind,NO,,bergen,,
1151,Langørgen,Jørund,NO,,bergen,,
1152,Haaverstad,Rune,NO,,university of bergen,,
1153,Schaufel,Margrethe Aase,NO,,bergen,,
1154,Bentzen,Anne Gry,NO,anne.gry.bentzen@unn.no,tromsø,,
1155,Bergseth,Steinar,NO,,lysaker,,
1156,Lien,Sigbjørn,NO,,ås,,
1157,Omholt,Stig W,NO,,ås,,
1158,Sandve,Simen R,NO,,ås,,
1159,Vik,Jon Olav,NO,,ås,,
1160,Wargelius,Anna,NO,,bergen,,
1161,Kashala-Abotnes,Espérance,NO,,bergen,,
1162,Flaatten,H,NO,,bergen,,
1163,Bjerke,Øyvind,NO,,norwegian university of science and technologytrondheim,,
1164,Pedersen,Arve Vorland,NO,,norwegian university of science and technologytrondheim,,
1165,Aune,Tore K,NO,,nord universitylevanger,,
1166,Lorås,Håvard,NO,,norwegian university of science and technologytrondheim,,
1167,Boldingh,M I,NO,,oslo,,
1168,Brunborg,C,NO,,oslo,,
1169,Faiz,K W,NO,,lørenskog,,
1170,Heldal,A T,NO,,bergen,,
1171,Maniaol,A H,NO,,oslo,,
1172,Müller,K I,NO,,tromsø,,
1173,Rasmussen,M,NO,,oslo,,
1174,Øymar,K,NO,,stavanger,,
1175,Kerty,E,NO,,oslo,,
1176,Granlund,Mats,NO,,oslo,,
1177,Mydel,Piotr,NO,,n-,,
1178,Buanes,T,NO,,oslo,,
1179,Bjelland,Ingvar,NO,ingvar.bjelland@helsebergen.no,bergen,,
1180,Aarli,A,NO,,university of bergen,,
1181,Ekelund,Ulf,NO,ulf.ekelund@nih.no.,oslo,,
1182,Tønnessen,F E,NO,finn-egil.tonnessen@slf.his.no,center for reading research in stavanger,,
1183,Wiig,Siri,NO,,stavanger,,
1184,Ree,Eline,NO,,stavanger,,
1185,Johannessen,Terese,NO,,stavanger,,
1186,Strømme,Torunn,NO,,stavanger,,
1187,Storm,Marianne,NO,,stavanger,,
1188,Aase,Ingunn,NO,,stavanger,,
1189,Ullebust,Berit,NO,,førde,,
1190,Holen-Rabbersvik,Elisabeth,NO,,stavanger,,
1191,Hurup Thomsen,Line,NO,,stavanger,,
1192,Sandvik Pedersen,Anne Torhild,NO,,stavanger,,
1193,Aase,Karina,NO,,stavanger,,
1194,Smedbakken,Linda M,NO,,oslo,,
1195,Michelsen,Annika E,NO,,oslo,,
1196,Skjelland,Mona,NO,,oslo,,
1197,Bjerkeli,Vigdis,NO,,oslo,,
1198,Sagen,Ellen Lund,NO,,oslo,,
1199,Taskén,Kjetil,NO,,oslo,,
1200,Bendz,Bjørn,NO,,oslo,,
1201,Gullestad,Lars,NO,,oslo,,
1202,Holm,Sverre,NO,,oslo,,
1203,Aukrust,Pål,NO,,oslo,,
1204,Bruland,Oyvind S,NO,,oslo,,
1205,Utheim,T P,NO,,oslo,,
1206,Helvik,J V,NO,vidar.helvik@mbi.uib.no,university of bergen,,
1207,Munthe,L A,NO,l.a.munthe@ioks.uio.no,oslo,,
1208,Hartveit,F,NO,,bergen,,
1209,Eide,T J,NO,,university of tromsøo,,
1210,Aanderud,S,NO,,university of tromsø,,
1211,Magnusson,K,NO,,diakonhjemmet hospital,,
1212,Brekke,Eva M F,NO,,trondheim,,
1213,Sunde,Kjetil,NO,,oslo,,
1214,Llorente,A,NO,,montebello,,
1215,Hegvik,Tor-Arne,NO,tor-arne.hegvik@uib.no.,bergen,,
1216,Instanes,Johanne Telnes,NO,,bergen,,
1217,Haavik,Jan,NO,,bergen,,
1218,Klungsøyr,Kari,NO,,bergen,,
1219,Engeland,Anders,NO,,bergen,,
1220,Akbari,Mansour,NO,,trondheim,,
1221,Westerberg,Ane C,NO,a.c.westerberg@medisin.uio.no,oslo,,
1222,Fougner,K J,NO,,trondheim,,
1223,Radtke,Maria Anita,NO,,trondheim,,
1224,Moi,Line L Haugan,NO,,n-,,
1225,Fasmer,Ole Bernt,NO,ole.fasmer@kliniskmedisin.uib.no,bergen,,
1226,Shi,Chun-Lin,NO,,oslo,,
1227,Butenko,Melinka A,NO,m.a.butenko@ibv.uio.no.,oslo,,
1228,Sollid,Ludvig M,NO,l.m.sollid@labmed.uio.no,oslo,,
1229,Skomedal,T,NO,lor.skomedal@labmed.uio.no,university of oslo,,
1230,Wallenius,Marianne,NO,marianne.wallenius@ntnu.no,n- trondheim,,
1231,Sánchez-Hernández,Javier,NO,,tromsø,,
1232,Amundsen,Per-Arne,NO,,tromsø,,
1233,Kurz,Martin Wilhelm,NO,kuma@sus.no,stavanger,,
1234,Ersland,Lars,NO,,bergen,,
1235,Craven,Alexander R,NO,,bergen,,
1236,Dwyer,Gerard Eric,NO,,bergen,,
1237,Grüner,Eli Renate,NO,,university of bergen,,
1238,Austgulen,Rigmor,NO,rigmor.austgulen@medisin.ntnu.no,trondheim,,
1239,Damås,J K,NO,j.k.damas@klinmed.uio.no,oslo,,
1240,He,D,NO,dong.he@samfunnsmed.uio.no,n-,,
1241,Frøysaker,T,NO,,oslo,,
1242,Egeland,Jens,NO,,tønsberg,,
1243,Holmen,Tom Langerud,NO,,tønsberg,,
1244,Bang-Kittilsen,Gry,NO,,tønsberg,,
1245,Bigseth,Therese Torgersen,NO,,tønsberg,,
1246,Engh,John Abel,NO,,tønsberg,,
1247,Faye-Lund,H,NO,,oslo,,
1248,Drevon,Christian A,NO,,oslo,,
1249,Gøransson,L G,NO,gola@sus.no,stavanger,,
1250,Kardel,K R,NO,,oslo,,
1251,Dowdall,M,NO,mark.dowdall@nrpa.no,østerås,,
1252,Wik,H S,NO,,oslo,,
1253,Liestøl,K,NO,,oslo,,
1254,Hadders,Hans,NO,hans.hadders@svt.ntnu.no,trondheim,,
1255,Lien,Lise Marie E,NO,,bergen,,
1256,Tvedt,Birger,NO,,bergen,,
1257,Heinrich,Daniel,NO,,akershus university hospital lørenskog,,
1258,Moore,Jennifer L,NO,jmoore@knowledgetranslation.org.,oslo/nesodden,,
1259,Friis,Svein,NO,,oslo,,
1260,Gundersen,Elisabeth Troøyen,NO,,rykkinn,,
1261,Nordvik,Jan E,NO,,oslo/nesodden,,
1262,Kotsadam,Andreas,NO,ako@nova.no,oslo,,
1263,Haugnes,Hege S,NO,hege.sagstuen.haugnes@uit.no,tromsø,,
1264,Mordal,Jon,NO,jon.mordal@piv.no,oslo,,
1265,Jensen,Chris,NO,,norwegian university of science and technology,,
1266,Simonsen,Carmen,NO,c.e.simonsen@medisin.uio.no,oslo,,
1267,Karlsbakk,Egil,NO,egil.karlsbakk@bio.uib.no,department of biology,,
1268,Olsaker,I,NO,,oslo,,
1269,Sivertsen,Børge,NO,,bergen,,
1270,Pallesen,Ståle,NO,,bergen,,
1271,Hysing,Mari,NO,,bergen,,
1272,Aure,Miriam Ragle,NO,,0318 oslo,,
1273,Mørk,Hanne Håberg,NO,,oslo,,
1274,Vitelli,Valeria,NO,,oslo,,
1275,Lundgren,Steinar,NO,,7491 trondheim,,
1276,Børresen-Dale,Anne-Lise,NO,,0318 oslo,,
1277,Kristensen,Vessela,NO,,1478 lørenskog,,
1278,Svanes,C,NO,cecilie.svanes@med.uib.no,bergen,,
1279,Grewal,Harleen M S,NO,harleen.grewal@gades.uib.no,bergen,,
1280,Oen,Amy M P,NO,,n-0806 oslo,,
1281,Opdahl,S,NO,signe.opdahl@ntnu.no,trondheim n-7491,,
1282,Frøen,J Frederik,NO,frederik.froen@fhi.no,oslo,,
1283,Suleyman,S,NO,,university of oslo,,
1284,Berge,Eivind,NO,,oslo,,
1285,Stojanovic,Aleksander,NO,,tromsø/oslo,,
1286,Utheim,Tor Paaske,NO,,oslo,,
1287,Chen,Xiangjun,NO,,tromsø/oslo,,
1288,Ræder,Sten,NO,,tromsø/oslo,,
1289,Ruoff,P,NO,,stavanger college,,
1290,Moen,Mette Haase,NO,mette.moen@medisin.ntnu.no,trondheim,,
1291,Sandvik,Gunhild Falleth,NO,,oslo,,
1292,Gude,Tore,NO,tore.gude@medisin.uio.no,university of oslo,,
1293,Mesna,O J,NO,,oslo,,
1294,Schultz,Johannes K,NO,,lørenskog,,
1295,Brekke,Kurt R,NO,,bergen,,
1296,Holmås,Tor Helge,NO,,bergen,,
1297,Monstad,Karin,NO,,bergen,,
1298,Frisch,K,NO,,oslo,,
1299,Småge,S B,NO,,oslo,,
1300,Brevik,Ø J,NO,,oslo,,
1301,Duesund,H,NO,,oslo,,
1302,Nylund,A,NO,,bergen,,
1303,von Unge,Magnus,NO,,oslo,,
1304,Fedorcsák,P,NO,,university of oslo,,
1305,Schwartz,Thomas,NO,thomas.schwartz@medisin.uio.no.,oslo,,
1306,Sjaastad,Ivar,NO,,oslo,,
1307,Flatø,Berit,NO,,oslo,,
1308,Vistnes,Maria,NO,,oslo,,
1309,Christensen,Geir,NO,,oslo,,
1310,Sanner,Helga,NO,,oslo,,
1311,Brändli,Rahel C,NO,,n-0806 oslo,,
1312,Gerecht,Andrea C,NO,,0316 oslo,,
1313,Henderiks,Jorijntje,NO,,0316 oslo,,
1314,Jacobsen,I D,NO,ioanna.d.jacobsen@uit.no.,tromsö,,
1315,Crossner,C-G,NO,,tromsö,,
1316,Eriksen,H M,NO,,tromsö,,
1317,Espelid,I,NO,,oslo,,
1318,Ullbro,C,NO,,tromsö,,
1319,Arp,Hans Peter H,NO,,n-0806 oslo,,
1320,Kupryianchyk,Darya,NO,,n-0806 oslo,,
1321,Fougner,Stine Lyngvi,NO,s.l.fougner@medisin.uio.no,n- oslo,,
1322,Augusti,Else-Marie,NO,,oslo,,
1323,Krokstad,Steinar,NO,steinar.krokstad@ntnu.no.,levanger,,
1324,Sund,Erik R,NO,,levanger,,
1325,Holmen,Turid Lingaas,NO,,levanger,,
1326,Rangul,Vegar,NO,,levanger,,
1327,Bauman,Adrian,NO,,levanger,,
1328,Johansen,B K,NO,,n-0033 oslo,,
1329,Helvik,Anne-Sofie,NO,,division tynset,,
1330,Tangsrud,S E,NO,,oslo,,
1331,Moritz,Volker,NO,,telemark hospital - department of medicine skien,,
1332,Holme,Oyvind,NO,,oslo,,
1333,Leblanc,Marissa,NO,,research support services oslo,,
1334,Hoff,Geir,NO,,oslo,,
1335,Tsukanaka,Masako,NO,masakotsukanaka@gmail.com.,oslo,,
1336,Karlsen,Morten,NO,morten.karlsen@chiron.no.,trondheim,,
1337,Liu,Huiling,NO,huiling.liu@chiron.no.,trondheim,,
1338,Johansen,Jon Eigill,NO,jon.johansen@chiron.no.,trondheim,,
1339,Hoff,Bård Helge,NO,bard.helge.hoff@chem.ntnu.no.,trondheim,,
1340,Xu,Cheng,NO,cheng.xu@nmbu.no.,oslo,,
1341,Evensen,Øystein,NO,oystein.evensen@nmbu.no.,oslo,,
1342,Munang'andu,Hetron Mweemba,NO,hetroney.mweemba.munangandu@nmbu.no.,oslo,,
1343,Bjørge,Tone,NO,tone.bjorge@isf.uib.no,n- bergen,,
1344,Lovland,A,NO,,n-0033 oslo,,
1345,Müller,Hans-Peter,NO,hans-peter.muller@fagmed.uit.no,n- breivika,,
1346,Lytvyn,Lyubov,NO,,blindern  oslo,,
1347,Vandvik,Per Olav,NO,,gjøvik,,
1348,Austarheim,Ingvild,NO,,oslo,,
1349,Christensen,Bjørn E,NO,,trondheim,,
1350,Hegna,Ida K,NO,,oslo,,
1351,Bye,Ragnar,NO,,oslo,,
1352,Michaelsen,Terje E,NO,,oslo,,
1353,Inngjerdingen,Marit,NO,,university of oslo,,
1354,Paulsen,Berit S,NO,,oslo,,
1355,Prestgaard,Erik,NO,,oslo,,
1356,Hodnesdal,Christian,NO,,oslo,,
1357,Engeseth,Kristian,NO,,oslo,,
1358,Erikssen,Jan,NO,,oslo,,
1359,Bodegård,Johan,NO,,ullevål,,
1360,Liestøl,Knut,NO,,oslo,,
1361,Gjesdal,Knut,NO,,oslo,,
1362,Kjeldsen,Sverre E,NO,,oslo,,
1363,Grundvold,Irene,NO,,ullevål,,
1364,Berge,Eivind,NO,,ullevål,,
1365,Haugen,Oddbjørn,NO,,bergen,,
1366,Løseth,S,NO,sissel.loseth@unn.no,tromsø,,
1367,Vikenes,Kjell,NO,,n- bergen,,
1368,Aabakken,Lars,NO,,oslo,,
1369,Wilhelmsen,Maja,NO,maja.wilhelmsen@uit.no.,tromsø,,
1370,Robberstad,Bjarne,NO,bjarne.robberstad@cih.uib.no,bergen,,
1371,Austveg,Berit,NO,ba@helsetilsynet.no,0032 oslo,,
1372,Venke Gran,Siv,NO,siv.venke.gran@hibu.no,buskerud university college,,
1373,Bjerre,Anna,NO,,oslo,,
1374,Fougner,Stine L,NO,s.l.fougner@medisin.uio.no,oslo,,
1375,Maehlen,M T,NO,,oslo,,
1376,Lie,B A,NO,,oslo,,
1377,Magelssen,H,NO,henriette.magelsen@radiumhospitalet.no,oslo,,
1378,Søndenaa,K,NO,kasoende@online.no,stavanger,,
1379,Pedersen,J I,NO,,university of oslo,,
1380,Amundsen,Rune,NO,rune.amundsen@farmasi.uio.no,0316 oslo,,
1381,Aune,Dagfinn,NO,d.aune@imperial.ac.uk.,oslo,,
