temp_id,lastname,firstname,countries_scope,email,town,role,url
1,Saugstad,Ola Didrik,NO,odsaugstad@rr-research.no,university of oslo,,
2,Adli,E,NO,,0316 oslo,,
3,Sigmundsson,H,NO,hermundurs@svt.ntnu.no,trondheim,,
4,Steinshamn,Håvard,NO,,n- tingvoll,,
5,Berg,Anita,NO,,n-0315 oslo,,
6,Sandvik,L,NO,,central hospital of akershus,,
7,Einum,Sigurd,NO,sigurd.einum@ninatrd.ninaniku.no,no- trondheim,,
8,Leyshon-Sørland,K,NO,,rikshospitalet,,
9,Aase,Ingunn,NO,ingunn.aase@uis.no.,stavanger n-,,
10,Lund,J,NO,johan.lund@samfunnsmed.uio,university of oslo,,
11,Larheim,T A,NO,,university of oslo,,
12,Stuen,S,NO,,kyrkjev 332/334 n- sandnes,,
13,Langslet,Gisle,NO,,oslo,,
14,Vilming,S T,NO,,university of oslo,,
15,Omer,M K,NO,,n- oslo,,
16,Alvseike,O,NO,,n- oslo,,
17,Heggebø,Kristian,NO,,oslo metropolitan university,,
18,Tøge,Anne Grete,NO,,oslo metropolitan university,,
19,Dahl,Espen,NO,,oslo metropolitan university,,
20,Berg,John Erik,NO,,oslo metropolitan university,,
21,Jonasson,C,NO,christian.jonasson@med.uib.no,university of bergen,,
22,van den Tillaar,Roland,NO,,levanger,,
23,Fuglstad,Pål,NO,,levanger,,
24,Islam,Ashraful,NO,ashraful.islam@uit.no.,tromsø,,
25,Fossum,Vegard,NO,,tromsø,,
26,Hansen,Ann Kristin,NO,,tromsø,,
27,Urbarova,Ilona,NO,,tromsø,,
28,Knutsen,Gunnar,NO,,tromsø,,
29,Martinez-Zubiaurre,Inigo,NO,,tromsø,,
30,Veierød,Marit Bragelien,NO,m.b.veierod@medisin.uio.no,n-0317 oslo,,
31,Friis,S,NO,,ullevål university hospital,,
32,Erichsen,Hans Christian,NO,,oslo,,
33,Saga,Susan,NO,,7491 trondheim,,
34,Seim,Arnfinn,NO,,7491 trondheim,,
35,Mørkved,Siv,NO,,7006 trondheim,,
36,Vinsnes,Anne Guttormsen,NO,,7004 trondheim,,
37,Rehn,M,NO,,drøbak,,
38,Røislien,J,NO,,drøbak,,
39,Lockey,D J,NO,,stavanger,,
40,Brodtkorb,Eylert,NO,eylert.brodtkorb@medisin.ntnu.no,trondheim,,
41,Dørum,A,NO,,oslo,,
42,Ravna,A W,NO,,university of tromsø,,
43,Bech,C,NO,,university of trondheim,,
44,Bjerkvig,R,NO,,haukeland hospital,,
45,Deilkås,Ellen,NO,,1478 lørenskog,,
46,Vonen,Barthold,NO,,langnes 9037 tromsø,,
47,Athanasiu,Lavinia,NO,lavinia.athanasiu@medisin.uio.no.,oslo,,
48,Smorr,Lisa-Lena H,NO,,oslo,,
49,Tesli,Martin,NO,,oslo,,
50,Røssberg,Jan I,NO,,oslo,,
51,Sønderby,Ida E,NO,,oslo,,
52,Spigset,Olav,NO,,trondheim,,
53,Djurovic,Srdjan,NO,,oslo,,
54,Andreassen,Ole A,NO,,oslo,,
55,Kjelsberg,E,NO,,university of oslo,,
56,Bakke,B,NO,berit.bakke@stami.no,oslo,,
57,Angen,Øystein,NO,,oslo,,
58,Raballo,Andrea,NO,,trondheim,,
59,Brogger,Jan,NO,,bergen,,
60,Eichele,Tom,NO,,bergen,,
61,Aanestad,Eivind,NO,,bergen,,
62,Olberg,Henning,NO,,bergen,,
63,Hjelland,Ina,NO,,bergen,,
64,Aurlien,Harald,NO,,bergen,,
65,Vollrath,Margarete E,NO,margarete.vollrath@psykologi.uio.no,norwegian institute of public health,,
66,Høiseth,Gudrun,NO,gudrun.hoiseth@fhi.no,oslo,,
67,Søreide,Jon Arne,NO,,bergen,,
68,Karlsen,Lars Normann,NO,,stavanger,,
69,Rødven,Rolf,NO,,no-9269 tromsø,,
70,Hansen,Espen,NO,,no- tromsø,,
71,Mølmann,Jørgen,NO,,no-9269 tromsø,,
72,Maage,Amund,NO,,n-5817 bergen,,
73,Duinker,Arne,NO,,n-5817 bergen,,
74,Julshamn,Kaare,NO,,n-5817 bergen,,
75,Iversen,Svein A,NO,,n-5817 bergen,,
76,Høivik,M L,NO,,oslo,,
77,Løvstad,R A,NO,,university of oslo,,
78,Bjørge,Tone,NO,tone.bjorge@isf.uib.no,n- bergen,,
79,Tropé,C,NO,,oslo,,
80,Høyheim,B,NO,bjorn.hoyheim@veths.no,oslo,,
81,Anfinsen,Ole-Gunnar,NO,ole-gunnar.anfinsen@rikshospitalet.no,university hospital of oslo,,
82,Schnaars,Christian,NO,,n- oslo,,
83,Eriksen,Siri,NO,,1432 ås,,
84,Dahm,Anders E A,NO,,oslo,,
85,Dobrovolska,Olena,NO,,trondheim,,
86,Czapka,Elżbieta Anna,NO,,oslo,,
87,Gerwing,Jennifer,NO,,lørenskog,,
88,Sagbakken,Mette,NO,,oslo,,
89,Karamanlidis,A A,NO,akaramanlidis@gmail.com.,ås,,
90,Skrede,T,NO,,sogndal,,
91,Steene-Johannessen,J,NO,,oslo,,
92,Anderssen,S A,NO,,sogndal,,
93,Resaland,G K,NO,,sogndal,,
94,Ekelund,U,NO,,oslo,,
95,Bleka,Ø,NO,,0403 oslo,,
96,Egeland,T,NO,,1432 ås,,
97,Trieu,Mai-Chi,NO,,bergen,,
98,Zhou,Fan,NO,,bergen,,
99,Lartey,Sarah Larteley,NO,,bergen,,
100,Mjaaland,Siri,NO,,bergen,,
101,Cox,Rebecca Jane,NO,,bergen,,
102,Kvien,Tore K,NO,,oslo,,
103,Mikalsen,Ingvild Bruun,NO,miib@sus.no.,stavanger,,
104,Diserud,O H,NO,diserud@math.ntnu.no,trondheim,,
105,Dahl,Kitty,NO,,oslo,,
106,Skarphedinsson,Gudmundur,NO,,oslo,,
107,Valderhaug,Robert,NO,,trondheim,,
108,Weidle,Bernhard,NO,,trondheim,,
109,Wentzel-Larsen,Tore,NO,,oslo,,
110,Ivarsson,Tord,NO,,oslo,,
111,Toft,Ingrid,NO,ingrid.toft@unn.no.,tromsø,,
112,Ness-Jensen,Eivind,NO,,levanger,,
113,Lappegård,K T,NO,knut.lappegard@nlsh.no,bodø,,
114,Grewal,H M,NO,,bergen,,
115,Wik,L,NO,lars.wik@chello.no,oslo,,
116,Møller,Mona,NO,,oslo,,
117,Gjelstad,Ingrid M Fange,NO,,oslo,,
118,Baksaas,Ingebjørg,NO,,skien,,
119,Grande,Tone,NO,,skien,,
120,Aukrust,Inger Reidun,NO,,oslo,,
121,Drevon,Christian A,NO,,oslo,,
122,Dunn,Jason M,NO,,oslo,,
123,Abelsen,Birgit,NO,birgit.abelsen@uit.no.,tromsø,,
124,Olsen,Jan Abel,NO,jan.abel.olsen@uit.no.,tromsø,,
125,Hagen,B,NO,,university of trondheim,,
126,Hovdenes,Jan,NO,,oslo,,
127,Grunewaldt,Kristine Hermansen,NO,,trondheim,,
128,Skranes,Jon,NO,,trondheim,,
129,Brubakk,Ann-Mari,NO,,trondheim,,
130,Lähaugen,Gro C C,NO,,trondheim,,
131,Van de Velde,Stijn,NO,,oslo,,
132,Jamtvedt,Gro,NO,,oslo,,
133,Vandvik,Per Olav,NO,,oslo,,
134,Flottorp,Signe,NO,,oslo,,
135,Alam,Md Azharul,NO,,ås,,
136,Gauslaa,Yngvar,NO,,ås,,
137,Solhaug,Knut Asbjørn,NO,,ås,,
138,Aursand,Ida G,NO,ida.g.aursand@sintef.no,trondheim,,
139,Julshamn,Kaare,NO,kju@nifes.no,n-5817 bergen,,
140,Aleksejūniene,Jolanta,NO,jolanta@odont.uio.no,oslo,,
141,Isakson,Pauline,NO,,oslo,,
142,Høj,Lone,NO,lhoj@aims.gov.au,bergen,,
143,Restrepo,Eliette,NO,,trondheim,,
144,Lonka,Radek,NO,,trondheim,,
145,Müller,Daniel B,NO,,trondheim,,
146,Brandt,Ingunn,NO,,oslo,,
147,Nilsen,Thomas Sevenius,NO,,oslo,,
148,Harris,Jennifer R,NO,,oslo,,
149,Mazzola,Federico,NO,,n- trondheim,,
150,Haugen,Mads H,NO,mads.haugen@rr-research.no,oslo,,
151,Elstad,Ingunn,NO,ingunn.elstad@hitos.no,tromsø,,
152,Zambrana,Imac Maria,NO,,oslo,,
153,Berg,Ansgar,NO,,bergen,,
154,Dumitrescu,Alexandrina L,NO,alexandrina.dumitrescu@uit.no,university of tromsø,,
155,Garmann,Nina Gram,NO,,oslo,,
156,Kristoffersen,Kristian Emil,NO,,ski,,
157,Simonsen,Hanne Gram,NO,,oslo,,
158,Gaustad,Jon-Vidar,NO,,oslo,,
159,Willumsen,Tiril,NO,tiril@odont.uio.no,university of oslo,,
160,Elsås,T,NO,,university of trondheim,,
161,Molund,Marius,NO,,grålum,,
162,Husebye,Elisabeth Ellingsen,NO,,oslo,,
163,Hellesnes,Jan,NO,,oslo,,
164,Nilsen,Fredrik,NO,,grålum,,
165,Hvaal,Kjetil,NO,,oslo,,
166,Jelsness-Jørgensen,Lars-Petter,NO,ljel@online.no,fredrikstad,,
167,Perlovich,German L,NO,,n- tromsø,,
168,Heggelund,Lars,NO,lars.heggelund@klimmed.uio.no,oslo,,
169,Edin,Nina Frederike Jeppesen,NO,,oslo,,
170,Pettersen,Erik O,NO,,oslo,,
171,Karwinski,W,NO,,haukeland hospital,,
172,Knudsen,R,NO,,9037 tromsø,,
173,Hytterød,S,NO,,n- oslo,,
174,Hansen,H,NO,,n- oslo,,
175,Cox,Rebecca J,NO,rebecca.cox@gades.uib.no,bergen,,
176,Matre,Dagfinn,NO,,oslo,,
177,Nilsen,Kristian Bernhard,NO,,oslo,,
178,Hansen,Anne Helen,NO,anne.helen.hanzen@gmail.com,tromsø,,
179,Stenseng,Frode,NO,frode.stenseng@samfunn.ntnu.no.,trondheim,,
180,Skalicka,Vera,NO,,trondheim,,
181,Wichstrøm,Lars,NO,,trondheim,,
182,Bagøien,Tor Egil,NO,tor-egil.bagoien@hint.no,røstad,,
183,Søreide,Kjetil,NO,,bergen,,
184,Hadders,Hans,NO,hans.hadders@hist.no,sør-trøndelag,,
185,Bing-Jonsson,Pia Cecilie,NO,pb@usn.no.,kongsberg,,
186,McCormack,Brendan,NO,,kongsberg,,
187,Fagerström,Lisbeth,NO,,kongsberg,,
188,Waugh,Courtney A,NO,,trondheim,,
189,Arukwe,Augustine,NO,,trondheim,,
190,Jaspers,Veerle L B,NO,,trondheim,,
191,Christoforou,Andrea,NO,andrea.christoforou@med.uib.no,bergen,,
192,Oltedal,Leif,NO,,n- bergen,,
193,Bø,K,NO,,oslo,,
194,Steen,Harald B,NO,h.b.steen@labmed.uio.no,oslo,,
195,Finnanger,Torun Gangaune,NO,,trondheim,,
196,Reigstad,Bjørn,NO,breigstad@gmail.com.,bodø,,
197,Kvernmo,Siv,NO,,tromsø,,
198,Sundgot-Borgen,J,NO,,oslo,,
199,Fan,Qiong,NO,,0317 oslo,,
200,Moen,Anders,NO,,0317 oslo,,
201,Anonsen,Jan Haug,NO,,0317 oslo,,
202,Bindesbøll,Christian,NO,,0317 oslo,,
203,Sæther,Thomas,NO,,0317 oslo,,
204,Carlson,Cathrine Rein,NO,,oslo,,
205,Garberg,Håvard T,NO,,oslo,,
206,Huun,Marianne U,NO,,oslo,,
207,Escobar,Javier,NO,,oslo,,
208,Løberg,Else-Marit,NO,,oslo,,
209,Solberg,Rønnaug,NO,,oslo,,
210,Didrik Saugstad,Ola,NO,,oslo,,
211,Mollnes,T E,NO,,bodø,,
212,Buccino,Alessio P,NO,,oslo,,
213,Ness,Torbjørn V,NO,,ås,,
214,Häfliger,Philipp D,NO,,oslo,,
215,Fyhn,Marianne,NO,,oslo,,
216,Einevoll,Gaute T,NO,,oslo,,
217,Steensrud,Tor,NO,tor.steensrud@unn.no,n- tromsø,,
218,Jüse,Ulrike,NO,ulrike.juse@rr-research.no,oslo,,
219,Klemetsdal,B,NO,,university of tromsø,,
220,Håkonsen,Helle,NO,helle.hakonsen@farmasi.uio.no,oslo,,
221,Peersen,Kari,NO,,tønsberg,,
222,Munkhaugen,John,NO,,drammen hospital,,
223,Gullestad,Lars,NO,,university of oslo,,
224,Liodden,Toril,NO,,tønsberg,,
225,Moum,Torbjorn,NO,,university of oslo,,
226,Dammen,Toril,NO,,university of oslo,,
227,Otterstad,Jan E,NO,,tønsberg,,
228,Ytterstad,Børge,NO,boergey@online.no,university of tromsø,,
229,Sitek,J C,NO,,oslo,,
230,Hatchett,William,NO,,bodø,,
231,Gullestad,Lars,NO,lars.gullestad@medisin.uio.no,oslo,,
232,Strand,Tor A,NO,,university of bergen,,
233,Sommerfelt,Halvor,NO,,university of bergen,,
234,Martines,Jose,NO,,university of bergen,,
235,Hjorth,M,NO,,oslo,,
236,Pourteymour,S,NO,,oslo,,
237,Langleite,T M,NO,,oslo,,
238,Lee,S,NO,,oslo,,
239,Holen,T,NO,,oslo,,
240,Gulseth,H L,NO,,oslo,,
241,Birkeland,K I,NO,,oslo,,
242,Jensen,J,NO,,oslo,,
243,Drevon,C A,NO,,oslo,,
244,Norheim,F,NO,,oslo,,
245,Sørensen,Vigdis,NO,vigdis.sorensen@labmed.uio.no,oslo,,
246,Skyberg,K,NO,knutsk@stami.no,oslo,,
247,Odegaard,S,NO,,haukeland hospital,,
248,Debenham,John J,NO,,oslo,,
249,Cools,Freya,NO,,oslo,,
250,Midtgaard,Fred,NO,,oslo,,
251,Robertson,Lucy J,NO,,oslo,,
252,Åsli,Lene A,NO,,tromsø,,
253,Braaten,Tonje,NO,,tromsø,,
254,Lund,Eiliv,NO,,tromsø,,
255,Skeie,Guri,NO,,tromsø,,
256,Skrede,Silje,NO,,bergen,,
257,Polushina,Tatiana,NO,,bergen,,
258,Andreassen,Ole A,NO,,oslo,,
259,Fernø,Johan,NO,,bergen,,
260,Hellard,Stephanie Le,NO,,bergen,,
261,Knudsen,Eva C,NO,evacecilie.knudsen@ulleval.no,oslo,,
262,Larsen,Terje H,NO,tjla@haukeland.no,university of bergen,,
263,Vikström,Johan,NO,,stavanger,,
264,Hjelstuen,Mari Hb,NO,,stavanger,,
265,Wasbø,Ellen,NO,,stavanger,,
266,Mjaaland,Ingvil,NO,,stavanger,,
267,Dybvik,Kjell Ivar,NO,,stavanger,,
268,Tombre,Ingunn M,NO,,tromsø,,
269,Samanipour,Saer,NO,,oslo,,
270,Reid,Malcolm J,NO,,oslo,,
271,Bæk,Kine,NO,,oslo,,
272,Thomas,Kevin V,NO,,oslo,,
273,Meckler,Nele,NO,,bergen,,
274,Klepstad,Pål,NO,pal.klepstad@medisin.ntnu.no,trondheim,,
275,Bjömelv,S,NO,sigrid.bjornelv@hnt.no,levanger,,
276,Holand,Øystein,NO,,1432 ås,,
277,Körner,H,NO,,stavanger,,
278,Lund,M B,NO,,university of oslo,,
279,Guldvog,B,NO,,sandvika,,
280,Ormhaug,Silje M,NO,,oslo,,
281,Jensen,Tine K,NO,,oslo,,
282,Eftestol,T,NO,trygve-e@ux.his.no,stavanger,,
283,Sonnewald,U,NO,,trondheim,,
284,Pelanis,Rasa,NO,,oslo,,
285,Mellembakken,Jan Roar,NO,,oslo,,
286,Fedorcsak,Peter,NO,,oslo,,
287,Brorson,S H,NO,,oslo,,
288,Orstavik,Ragnhild E,NO,ragnhild.orstavik@ioks.uio.no,oslo,,
289,Høglend,P,NO,,university of oslo,,
290,Plósz,Benedek Gy,NO,benedek.plosz@niva.no,oslo,,
291,Dysvik,Elin,NO,,stavanger,,
292,Smith,H J,NO,h.j.smith@rh.uio.no,oslo,,
293,Rosenvinge,J H,NO,,tromsø,,
294,Sorbye,Sveinung W,NO,sveinung.sorbye@unn.no,tromso,,
295,Amdam,Gro V,NO,,aas,,
296,Erchinger,Friedemann,NO,friedemann.erchinger@helse-bergen.no,bergen,,
297,Odegård,Rønnaug,NO,,trondheim,,
298,Wichstrøm,Lars,NO,,trondheim,,
299,Eid,H M,NO,hilde.olsen@ioks.uio.no,oslo,,
300,Nilsson,Göran E,NO,g.e.nilsson@ibv.uio.no.,oslo,,
301,Lefevre,Sjannie,NO,,oslo,,
302,Chortatos,Arthur,NO,athanasc@medisin.uio.no.,oslo,,
303,Haugen,Margaretha,NO,margaretha.haugen@fhi.no.,oslo,,
304,Iversen,Per Ole,NO,p.o.iversen@medisin.uio.no.,oslo,,
305,Vikanes,Åse,NO,asevigdis.vikanes@fhi.no.,oslo,,
306,Eberhard-Gran,Malin,NO,megr@fhi.no.,oslo,,
307,Bjelland,Elisabeth Krefting,NO,elisabethkrefting.bjelland@fhi.no.,oslo,,
308,Magnus,Per,NO,per.magnus@fhi.no.,oslo,,
309,Veierød,Marit B,NO,m.b.veierod@medisin.uio.no.,oslo,,
310,Eidhammer,Gunnar,NO,,drammen,,
311,Fossmark,Reidar,NO,reidar.fossmark@ntnu.no,trondheim,,
312,van Nes,Solveig,NO,solveig.van-nes@akvaforsk.no,as,,
313,Rasmussen,Kristen,NO,kristen.rasmussen@norskluftambulanse.no.,stavanger,,
314,Langdalen,Henrik,NO,,stavanger,,
315,Sollid,Stephen J M,NO,,stavanger,,
316,Abrahamsen,Eirik Bjorheim,NO,,stavanger,,
317,Sørskår,Leif Inge K,NO,,stavanger,,
318,Bondevik,Gunnar Tschudi,NO,,bergen,,
319,Abrahamsen,Håkon B,NO,,stavanger,,
320,Wehbi,Vanessa L,NO,,oslo,,
321,Taskén,Kjetil,NO,,oslo,,
322,Kashulin,A,NO,,oslo,,
323,Seredkina,N,NO,,tromsø,,
324,Sørum,H,NO,,oslo,,
325,Tangerås,Line H,NO,,trondheim,,
326,Silva,Gabriela B,NO,,trondheim,,
327,Stødle,Guro S,NO,,trondheim,,
328,Gierman,Lobke M,NO,,trondheim,,
329,Skei,Bente,NO,,trondheim,,
330,Collett,Karin,NO,,bergen,,
331,Beversmark,Anne-Lise,NO,,trondheim,,
332,Skråstad,Ragnhild B,NO,,trondheim,,
333,Thomsen,Liv Cecilie V,NO,,bergen,,
334,Bjørge,Line,NO,,bergen,,
335,Rikardsen,Oddveig,NO,,tromsoe,,
336,Andersen,Sjur,NO,,trondheim,,
337,Bjørge,Christine,NO,,trondheim,,
338,Eide,Dag Markus,NO,,oslo,,
339,Husøy,Trine,NO,,oslo,,
340,van der Hagen,Marianne,NO,,trondheim,,
341,Lillicrap,Adam David,NO,,oslo,,
342,Mikalsen,Marius,NO,marius.mikalsen@sintef.no,no-,,
343,Wolff,Anette S B,NO,,bergen,,
344,Soreide,Endre,NO,,oslo,,
345,Nordsletten,Lars,NO,,oslo,,
346,Kjeken,R,NO,kjeken@bio.uio.no,oslo,,
347,Lunder,N,NO,,the public dental service of oppland,,
348,Lorentzen,Steinar,NO,steinar.lorentzen@medisin.uio.no,oslo,,
349,Bosnes,O,NO,,namsos,,
350,Dahl,O-P,NO,,namsos,,
351,van Dijk,Jiska,NO,,trondheim,,
352,Mobarak,K A,NO,kmobarak@bigfoot.com,university of oslo,,
353,Reitan,J B,NO,,osteräs,,
354,Tvete,Ingunn Fride,NO,,oslo,,
355,Bjørner,Trine,NO,,oslo,,
356,Skomedal,Tor,NO,,oslo,,
357,Sommerfeldt,Hanne-Marthe,NO,,bergen,,
358,Farup,Ivar,NO,ivar.farup@hig.no,n- gjøvik,,
359,Møller,Pål,NO,pal.moller@klinmed.uio.no.,oslo,,
360,Kurtze,N,NO,verdalfh@online.no,north-troendelag research institute,,
361,Steiner,Timothy J,NO,t.steiner@imperial.ac.uk.,no- trondheim,,
362,Bouzga,Aud M,NO,,n- oslo,,
363,Simon,Christian R,NO,,n- oslo,,
364,Dolva,Anne-Stine,NO,anne-stine.dolva@hil.no.,lillehammer university college,,
365,Kleiven,Jo,NO,,lillehammer university college,,
366,Kollstad,Marit,NO,,lillehammer university college,,
367,Solberg,Rønnaug,NO,,oslo,,
368,Munkerud,Siri Fauli,NO,siri.fauli.munkerud@legeforeningen.no,0107 oslo,,
369,Indredavik,Marit S,NO,marit.s.indredavik@ntnu.no,no- trondheim,,
370,Kermen,Florence,NO,,trondheim,,
371,Backe,Paul Hoff,NO,,n-0424 oslo,,
372,Elgstøen,Katja B,NO,,n-0424 oslo,,
373,Mørkrid,Lars,NO,,n-0424 oslo,,
374,Bjørås,Magnar,NO,,n-7491 trondheim,,
375,Heyerdahl,F,NO,,oslo,,
376,Hovda,K E,NO,,oslo,,
377,Øgaard,B,NO,bogaard@odont.uio.no,oslo,,
378,Lee,YeonKyeong,NO,,ås,,
379,Olsen,Jorunn E,NO,,ås,,
380,Wangensteen,Arnlaug,NO,,oslo,,
381,Bahr,Roald,NO,,oslo,,
382,Rizvi,Syed Mohammad Husain,NO,,oslo,,
383,Aagnes,Bjarte,NO,,oslo,,
384,Holdaas,Hallvard,NO,,oslo,,
385,Gude,Einar,NO,,oslo,,
386,Boberg,Kristin Muri,NO,,oslo,,
387,Bjørtuft,Øystein,NO,,oslo,,
388,Helsing,Per,NO,,oslo,,
389,Leivestad,Torbjørn,NO,,oslo,,
390,Møller,Bjørn,NO,,oslo,,
391,Gjersvik,Petter,NO,,oslo,,
392,Fuglerud,Bettina M,NO,,n-0316 oslo,,
393,Lemma,Roza B,NO,,n-0316 oslo,,
394,Wanichawan,Pimthanya,NO,,n-0316 oslo,,
395,Sundaram,Arvind Y M,NO,,n-0424 oslo,,
396,Eskeland,Ragnhild,NO,,n-0316 oslo,,
397,Gabrielsen,Odd S,NO,,n-0316 oslo,,
398,Bjørnstad,Linn G,NO,,no- oslo,,
399,Lødrup Carlsen,K C,NO,,ullevål hospital,,
400,Husberg,C,NO,,oslo,,
401,Abebe,Fekadu,NO,,oslo,,
402,Rye,Inga Hansine,NO,,oslo,,
403,Russnes,Hege,NO,,oslo,,
404,Børresen-Dale,Anne-Lise,NO,,oslo,,
405,Collas,P,NO,philippe.collas@basalmed.uio.no,oslo,,
406,Ulven,Stine M,NO,,oslo,,
407,Glenday,Kathleen,NO,kglenday@nchecr.unsw.edu.au,oslo,,
408,Nenseter,M S,NO,,university of oslo,,
409,Bramness,Jørgen G,NO,,oslo,,
410,Bogen,B,NO,b.bogen@labmed.uio.no,university of oslo,,
411,Tripathi,Sushil,NO,,trondheim,,
412,Vercruysse,Steven,NO,,trondheim,,
413,Chawla,Konika,NO,,trondheim,,
414,Thommesen,Liv,NO,,norwegian university of science and technology (ntnu)  trondheim,,
415,Mathisen,Berit,NO,,tromsø,,
416,Christiansen,F O.,NO,,steinkjer,,
417,Massey,Richard,NO,,oslo,,
418,Hisdal,Jonny,NO,,oslo,,
419,Aakhus,Svend,NO,,oslo,,
420,Gullestad,Lars,NO,,university of oslo,,
421,Urheim,Stig,NO,,oslo,,
422,Bergmo,Trine S,NO,trine.bergmo@telemed.no,n- tromsø,,
423,Pedersen,Gabriel K,NO,,a department of clinical science; university of bergen; bergen,,
424,Uhlin-Hansen,L,NO,,university of tromsø,,
425,Norum,J,NO,jannorum@fagmed.uit.no,university hospital of tromsø,,
426,Byška,Jan,NO,,bergen,,
427,Bø,K,NO,kari.bo@nih.no,oslo,,
428,Høiseth,Gudrun,NO,gugu@fhi.no,0403 oslo,,
429,Planque,Benjamin,NO,,tromsø,,
430,Lindstrøm,Ulf,NO,,tromsø,,
431,Subbey,Sam,NO,,bergen,,
432,Johansen,P W,NO,per.w.johansen@rikshospitalet.no,oslo,,
433,Boberg,Kirsten Muri,NO,kirsten.boberg@rikshospitalet.no,oslo,,
434,Alme,K N,NO,,bergen,,
435,Engelsen,B A,NO,,bergen,,
436,Naik,M,NO,,bergen,,
437,Naess,H,NO,,bergen,,
438,Skotheim,Rolf I,NO,,oslo,,
439,Lothe,Ragnhild A,NO,,oslo,,
440,Paulo,Paula,NO,,oslo,,
441,Teixeira,Manuel R,NO,,oslo,,
442,Knapstad,Marit,NO,,bergen,,
443,Overland,Simon,NO,,bergen,,
444,Straume,Oddbjørn,NO,,bergen,,
445,Bakke,V,NO,,oslo,,
446,Sporsem,H,NO,,oslo,,
447,Von der Lippe,E,NO,,oslo,,
448,Nordøy,I,NO,,oslo,,
449,Lao,Y,NO,,oslo,,
450,Nyrerød,H C,NO,,oslo,,
451,Sandvik,L,NO,,oslo,,
452,Hårvig,K R,NO,,oslo,,
453,Bugge,J F,NO,,oslo,,
454,Helset,E,NO,,oslo,,
455,Thesen,J,NO,janecke.thesen@isf.uib.no,university of bergen,,
456,Ulvatne,Hilde,NO,hilde@toslab.no,n- tromsø,,
457,Bolstad,Geir H,NO,,no-,,
458,Steinrücken,Pia,NO,,n- bergen,,
459,Erga,Svein Rune,NO,,n- bergen,,
460,Mjøs,Svein Are,NO,,n- bergen,,
461,Kleivdal,Hans,NO,,n- bergen,,
462,Prestegard,Siv Kristin,NO,,n- bergen,,
463,Tomazella,Gisele G,NO,,university of bergen bergen,,
464,Wiker,Harald G,NO,,university of bergen bergen,,
465,de Souza,Gustavo A,NO,,oslo university oslo,,
466,Svarstad,Einar,NO,,bergen,,
467,Jensenius,Mogens,NO,mogens.jensenius@ioks.uio.no,oslo,,
468,Hersoug,A G,NO,a.g.hersoug@psykiatri.uio.no,department of psychiatry and psychologym university of oslo,,
469,Petersen,Fernanda C,NO,,n,,
470,Tahiri,Andliena,NO,,lørenskog,,
471,Aure,Miriam R,NO,,oslo,,
472,Kristensen,Vessela N,NO,v.n.kristensen@medisin.uio.no.,lørenskog,,
473,Bråten,Line Skute,NO,,ås,,
474,Sødring,Marianne,NO,,ås,,
475,Paulsen,Jan Erik,NO,,ås,,
476,Snipen,Lars Gustav,NO,,ås,,
477,Rudi,Knut,NO,,ås,,
478,Mavragani,Maria,NO,,university of bergen,,
479,Ottersen,Ole P,NO,,oslo,,
480,Pahle,Andreas Saxlund,NO,andreas.pahle@gmail.com.,oslo,,
481,Sørli,Daniel,NO,,tromsø,,
482,Kristiansen,Ivar Sønbø,NO,,oslo,,
483,Deraas,Trygve S,NO,,tromsø,,
484,Halvorsen,Peder A,NO,,tromsø,,
485,Holmen,T L,NO,,verdal,,
486,Purvis,K,NO,,oslo,,
487,Bastian,D,NO,,oslo,,
488,Strøm,Henriette Kyrrestad,NO,henriette.kyrrestad@uit.no.,tromsø,,
489,Adolfsen,Frode,NO,frode.adolfsen@uit.no.,tromsø,,
490,Handegård,Bjørn Helge,NO,bjorn.helge.handegaard@uit.no.,tromsø,,
491,Natvig,Henrik,NO,henrik.natvig@psykologi.uio.no.,oslo,,
492,Eisemann,Martin,NO,martin.eisemann@uit.no.,tromsø,,
493,Martinussen,Monica,NO,monica.martinussen@uit.no.,tromsø,,
494,Koposov,Roman,NO,roman.koposov@uit.no.,tromsø,,
495,Bjørnvold,M,NO,marit.bjornvold@medisin.uio.no,no-0315 oslo,,
496,Engebretsen,Lars,NO,,oslo,,
497,Hvattum,E,NO,,oslo,,
498,Juvkam,Kari Hilde,NO,khjuvkam@online.no,grimstad legesenter,,
499,Skjelbakken,Tove,NO,tove.skjelbakken@ism.uit.no,tromsø,,
500,Nygård,Jan F,NO,j.f.nygard@online.no,oslo,,
501,Heldal,Frode,NO,frodeheldal@mac.com,trondheim,,
502,Berglund,G I,NO,,university of tromsø,,
503,Hugdahl,K,NO,,university of bergen,,
504,Kleveland,P M,NO,,trondheim,,
505,Bergsholm,Per,NO,per.bergsholm@gmail.com,perbe@ous-hf.no department of neuroscience faculty of medicine ntnu and tiller dps division of psychiatry st olav's hospital trondheim,,
506,Spiteri,Thierry,NO,,tromsø,,
507,Kayed,K,NO,,nordbyhagen,,
508,Gundersen,K,NO,,oslo,,
509,Bruusgaard,J C,NO,,oslo,,
510,Egner,I M,NO,,oslo,,
511,Eftestøl,E,NO,,oslo,,
512,Bengtsen,M,NO,,oslo,,
513,Adlhart,Christian,NO,,oslo n-0315,,
514,Thorstensen,Tage,NO,,n-0316 oslo,,
515,Kaale,Bertel Rune,NO,kaale@c2i.net,n- sandane,,
516,Rødevand,Olaf,NO,,oslo,,
517,Agewall,Stefan,NO,,oslo,,
518,Ursin,Giske,NO,,oslo,,
519,Qureshi,Samera A,NO,,oslo,,
520,Bjørnstad,Per G,NO,pgbjo@yahoo.de,oslo,,
521,Kise Hjertstrøm,Helle,NO,helle.k.hjertstrom@uit.no.,tromsø,,
522,Obstfelder,Aud,NO,aud.obstfelder@ntnu.no.,gjøvik,,
523,Norbye,Bente,NO,bente.norbye@uit.no.,tromsø,,
524,Skinningsrud,Beate,NO,beate.skinningsrud@medisin.uio.no,n- oslo,,
525,Raballo,Andrea,NO,,trondheim,,
526,Pande,H,NO,,bodö county hospital,,
527,Østerås,N,NO,,oslo,,
528,Grønhaug,G,NO,,oslo,,
529,Hagen,K B,NO,,oslo,,
530,Haugvik,Sven-Petter,NO,sphaugvik@yahoo.de.,oslo,,
531,Falk,Ragnhild Sørum,NO,,oslo,,
532,Labori,Knut Jørgen,NO,,oslo,,
533,Gladhaug,Ivar Prydz,NO,,oslo,,
534,Sorbye,Halfdan,NO,,bergen,,
535,Stefansson,Vidar T N,NO,,tromsø,,
536,Jenssen,Trond G,NO,,oslo,,
537,Mathisen,Ulla D,NO,,tromsø,,
538,Schei,Jørgen,NO,,tromsø,,
539,Solbu,Marit D,NO,,tromsø,,
540,Wilsgaard,Tom,NO,,tromsø,,
541,Melsom,Toralf,NO,,tromsø,,
542,Breivik,Harald,NO,,no- oslo,,
543,Burger,E A,NO,,oslo,,
544,Emblem,Kyrre E,NO,kyrre.eeg.emblem@rikshospitalet.no,n- oslo,,
545,Spada,F,NO,,n- bergen,,
546,Wyller,T B,NO,,oslo,,
547,Fredriksen,Ase,NO,ase.fredriksen@farm.uib.no,bergen,,
548,Camus,Lionel,NO,,tromsø,,
549,Gabrielsen,Geir Wing,NO,,tromsø,,
550,Midttun,Øivind,NO,nkjbm@uib.no,n- bergen,,
551,Buø,L,NO,,oslo,,
552,Hutchings,Jeffrey A,NO,,oslo,,
553,Risnes,Louise F,NO,,oslo,,
554,Dahal-Koirala,Shiva,NO,,oslo,,
555,Sandve,Geir K,NO,,oslo,,
556,Lundin,Knut Ea,NO,,oslo,,
557,Qiao,Shuo-Wang,NO,,oslo,,
558,Sollid,Ludvig M,NO,,oslo,,
559,Johansen,Pål-Ørjan,NO,,oslo,,
560,Krebs,Teri Suzanne,NO,krebs@ntnu.no.,trondheim,,
561,Øian,Pål,NO,pal.oian@unn.no,universitetssykehuset nord-norge,,
562,Sodeland,Marte,NO,marte.sodeland@umb.no,n- aas,,
563,Bjerke,K,NO,,university of oslo,,
564,Andersen,Lars Bo,NO,lars.bo.andersen@nih.no,oslo,,
565,Hugdahl,K,NO,hugdahl@psych.uib.no,university of bergen,,
566,Andrén-Sandberg,A,NO,agan@haukeland.no,bergen,,
567,Ueland,Thor,NO,r.ueland@medisin.uio.no,oslo,,
568,Blomhoff,Rune,NO,,oslo,,
569,Aubi,Oscar,NO,,bergen,,
570,Knappskog,Per M,NO,,bergen,,
571,Martinez,Aurora,NO,aurora.martinez@uib.no.,bergen,,
572,Andersen,Jan Terje,NO,janta@imbv.uio.no,oslo,,
573,Horntvedt,May-Elin T,NO,may-elin.t.horntvedt@usn.no.,kongsberg,,
574,Nordsteien,Anita,NO,,kongsberg,,
575,Fermann,Torbjørg,NO,,kongsberg,,
576,Severinsson,Elisabeth,NO,,kongsberg,,
577,Fosså,A,NO,,oslo,,
578,Høiseth,Arne Didrik,NO,,oslo,,
579,Neukamm,Anke,NO,,oslo,,
580,Hagve,Tor-Arne,NO,,lørenskog,,
581,Omland,Torbjørn,NO,,oslo,,
582,Brekke,Pål H,NO,,oslo,,
583,Søyseth,Vidar,NO,,oslo,,
584,Amble,Ingunn,NO,,vikersund,,
585,Gude,Tore,NO,,vikersund,,
586,Ulvenes,Pål,NO,,vikersund,,
587,Stubdal,Sven,NO,,vikersund,,
588,Wampold,Bruce E,NO,,vikersund,,
589,Kavaliauskiene,Simona,NO,,0316 oslo,,
590,Bergan,Jonas,NO,,oslo,,
591,Sandvig,Kirsten,NO,,0316 oslo,,
592,Skottun,Bernt C,NO,,oslo,,
593,Løvland,A,NO,atle.lovland@vetinst.no,oslo,,
594,Madhun,Abdullah S,NO,,n- bergen,,
595,Støylen,I J,NO,inge.stoylen@psych.uib.no,university of bergen,,
596,Holdaas,H,NO,,oslo,,
597,Dolva,Anne-Stine,NO,anne-stine.dolva@hil.no,n- lillehammer,,
598,Ekrem,Torbjørn,NO,,trondheim,,
599,Braaten,Hans Fredrik Veiteberg,NO,,oslo 0371,,
600,Yakushev,Evgeniy,NO,,oslo 0349,,
601,Skei,Jens,NO,,oslo,,
602,Olsvik,B,NO,,university of oslo,,
603,Funk,J,NO,,oslo,,
604,Rye,Morten Beck,NO,mortenry@phys.chem.ntnu.no,trondheim,,
605,Edeline,Eric,NO,,0316 oslo,,
606,Bere,E,NO,e.t.bere@medisin.uio.no,oslo,,
607,Eichner,Christiane,NO,christiane.eichner@bio.uib.no.,bergen,,
608,Dalvin,Sussie,NO,sussie.dalvin@imr.no.,bergen,,
609,Skern-Mauritzen,Rasmus,NO,rasmus.skern@imr.no.,bergen,,
610,Malde,Ketil,NO,ketil.malde@imr.no.,bergen,,
611,Kongshaug,Heidi,NO,heidi.kongshaug@bio.uib.no.,bergen,,
612,Nilsen,Frank,NO,frank.nilsen@bio.uib.no.,bergen,,
613,Holthe,M R,NO,,oslo,,
614,Brenna,Øystein,NO,,trondheim,,
615,Zisko,Nina,NO,,trondheim,,
616,Nauman,Javaid,NO,,trondheim,,
617,Sandbakk,Silvana Bucher,NO,,trondheim,,
618,Aspvik,Nils Petter,NO,,trondheim,,
619,Salvesen,Øyvind,NO,,trondheim,,
620,Carlsen,Trude,NO,,trondheim,,
621,Viken,Hallgeir,NO,,trondheim,,
622,Ingebrigtsen,Jan Erik,NO,,trondheim,,
623,Wisløff,Ulrik,NO,,trondheim,,
624,Stensvold,Dorthe,NO,dorthe.stensvold@ntnu.no.,trondheim,,
625,Eide,Arne H,NO,arne.h.eide@sintef.no,oslo,,
626,Heier,B T,NO,berit.heier@vetinst.no,oslo,,
627,Moholdt,Trine,NO,trine.moholdt@ntnu.no,trondheim,,
628,Lien,Lars,NO,,elverum,,
629,Halvorsen,Jon Anders,NO,,oslo,,
630,Balieva,Flora,NO,,stavanger,,
631,Eikrem,W,NO,,0349 oslo,,
632,Edvardsen,B,NO,,0316 oslo,,
633,Gjerstad,Johannes,NO,johannes.gjerstad@stami.no,n-0033 oslo,,
634,Guise,Veslemøy,NO,veslemoy.guise@uis.no.,stavanger,,
635,Wiig,Siri,NO,,stavanger,,
636,Nybakken,Line,NO,,ås,,
637,Trønnes,Håvard,NO,,bergen,,
638,Gausdal,G,NO,,bergen,,
639,Lundqvist,C,NO,a.c.lundqvist@medisin.uio.no,lørenskog,,
640,Bahr,Roald,NO,,oslo,,
641,Clarsen,Ben,NO,,oslo,,
642,Engebretsen,Lars,NO,,oslo,,
643,Hald,J K,NO,,university of oslo,,
644,Rønning,H F,NO,,university of oslo,,
645,Edson,A J,NO,,bergen,,
646,Fladmark,K E,NO,,bergen,,
647,Boitsov,Stepan,NO,,bergen,,
648,Aukrust,P,NO,,national hospital,,
649,Skorpen,A,NO,aina.skorpen@hsh.no,stord,,
650,Fernández-Méndez,Mar,NO,,tromsø,,
651,Skaane,Per,NO,per.skaane@ulleval.no,n- oslo,,
652,Johnsen,May Trude,NO,maytrude@online.no,university of tromsø,,
653,Ragnum,H B,NO,,oslo 0424,,
654,Vlatkovic,L,NO,,oslo,,
655,Lie,A K,NO,,oslo,,
656,Axcrona,K,NO,,oslo,,
657,Julin,C H,NO,,oslo 0424,,
658,Frikstad,K M,NO,,oslo 0424,,
659,Hole,K H,NO,,oslo,,
660,Seierstad,T,NO,,oslo,,
661,Lyng,H,NO,,oslo 0424,,
662,Bjarkøy,Ragnhild Øye,NO,rob@hib.no,bergen,,
663,Waterloo,Svanhild,NO,svanhild.h.waterloo@uit.no.,tromsø,,
664,Lund-Johansen,Per,NO,per.lund-johnsen@helse-bergen.no,bergen,,
665,Pierre-Jerome,Claude,NO,,lorenskog,,
666,Llinares,Claudio,NO,,n- oslo,,
667,Mota,David F,NO,,n- oslo,,
668,Egaas,E,NO,eliann.egaas@vetinst.no,oslo,,
669,Malt,Eva Albertsen,NO,eva.albertson@psych.uib.no,bergen,,
670,Wynn,Rolf,NO,rolf.wynn@gmail.com,tromsø,,
671,Bains,Simer Jit,NO,,oslo,,
672,Mahic,Milada,NO,,oslo,,
673,Myklebust,Tor Åge,NO,,oslo,,
674,Småstuen,Milada Cvancarova,NO,,oslo,,
675,Yaqub,Sheraz,NO,,oslo,,
676,Dørum,Liv Marit,NO,,oslo,,
677,Bjørnbeth,Bjørn Atle,NO,,oslo,,
678,Møller,Bjørn,NO,,oslo,,
679,Brudvik,Kristoffer Watten,NO,,oslo,,
680,Taskén,Kjetil,NO,,oslo,,
681,Heier,Lise,NO,,0316 oslo,,
682,Bramness,Jørgen G,NO,jorgen.bramness@fhi.no,oslo,,
683,Rogde,S,NO,,university of oslo,,
684,Nygaard,Egil,NO,egil.nygaard@nkvts.unirand.no,oslo,,
685,Kristoffersen,Arne S,NO,arne.kristoffersen@uib.no.,n-5020,,
686,Erga,Svein R,NO,,n-5020,,
687,Hamre,Børge,NO,,n-5020,,
688,Frette,Øyvind,NO,,n-5020,,
689,Edler von Eyben,F,NO,,minnesund,,
690,Sioud,Mouldy,NO,,n-,,
691,Christensen,B E,NO,,n- trondheim-nth,,
692,Ahlstrøm,O,NO,oystein.ahlstrom@ihf.nlh.no,as,,
693,Tonstad,S,NO,serena.tonstad@rh.uio.no,oslo,,
694,Brunetti,Marta,NO,,oslo,,
695,Gorunova,Ludmila,NO,,oslo,,
696,Davidson,Ben,NO,,oslo,,
697,Heim,Sverre,NO,,oslo,,
698,Panagopoulos,Ioannis,NO,,oslo,,
699,Micci,Francesca,NO,,oslo,,
700,Zedrosser,Andreas,NO,,bø,,
701,Swenson,Jon E,NO,,no- ås,,
702,Zuo,H,NO,,bergen,,
703,Ueland,P M,NO,,bergen,,
704,Midttun,Ø,NO,,bergen,,
705,Tell,G S,NO,,bergen,,
706,Langhammer,A,NO,,trondheim,,
707,Hveem,K,NO,,trondheim,,
708,Næss,M,NO,,trondheim,,
709,Ulvik,A,NO,,bergen,,
710,Dickstein,Kenneth,NO,,bergen,,
711,Opdahl,Anders,NO,a.opdahl@gmail.com.,oslo,,
712,Sørlie,Morten,NO,,n- ås,,
713,Brunetti,Marta,NO,,oslo,,
714,Strandabø,Rønnaug A U,NO,,oslo,,
715,Micci,Francesca,NO,,oslo,,
716,Berstad,A,NO,,bergen,,
717,Moatshe,Gilbert,NO,,oslo,,
718,Vöcking,Oliver,NO,,bergen,,
719,Kourtesis,Ioannis,NO,,bergen,,
720,Tumu,Sharat Chandra,NO,,bergen,,
721,Hausen,Harald,NO,,bergen,,
722,Herseth,Jan I,NO,jan-inge.herseth@hf.hio.no.,oslo,,
723,Mikkelsen,Alexander,NO,,n- trondheim,,
724,Dommersnes,Paul,NO,,n-0271 oslo,,
725,Fossum,Jon Otto,NO,,n-0271 oslo,,
726,Bonsaksen,Tore,NO,,oslo,,
727,Traeen,B,NO,,oslo,,
728,Voronkov,Andrew E,NO,,0768,,
729,Meling,G I,NO,,university of oslo,,
730,Rustan,Arild C,NO,,oslo,,
731,Hassfjell,S,NO,s.p.hassfjell@kjemi.uio.no,university of oslo,,
732,Hauge,H H,NO,hhhauge@krebs.uio.no,university of oslo,,
733,Lillehammer,M,NO,marie.lillehammer@umb.no,n- as,,
734,Hellstrøm,Torgeir,NO,,oslo,,
735,Kaufmann,Tobias,NO,,oslo,,
736,Andelic,Nada,NO,,oslo,,
737,Soberg,Helene L,NO,,oslo,,
738,Sigurdardottir,Solrun,NO,,nesoddtangen,,
739,Helseth,Eirik,NO,,oslo,,
740,Andreassen,Ole A,NO,,oslo,,
741,Westlye,Lars T,NO,,oslo,,
742,Rolfsjord,Leif Bjarte,NO,,elverum,,
743,Skjerven,Håvard Ove,NO,,oslo,,
744,Carlsen,Kai-Håkon,NO,,oslo,,
745,Mowinckel,Petter,NO,,oslo,,
746,Bains,Karen Eline Stensby,NO,,oslo,,
747,Bakkeheim,Egil,NO,,oslo,,
748,Lødrup Carlsen,Karin C,NO,,oslo,,
749,Waldeland,Einar,NO,,oslo,,
750,Sequeira,Sarah Dos Santos,NO,sarah.sequeira@psybp.uib.no,university of bergen,,
751,Jordet,Geir,NO,geir.jordet@gmail.com,oslo,,
752,Hay,Gry,NO,gry.hay@medisin.uio.no,oslo,,
753,Nyström,Bo,NO,bo.nystrom@kjemi.uio.no,n-0315 oslo,,
754,Burger,Emily A,NO,,oslo,,
755,Nygård,Mari,NO,,oslo,,
756,Kristiansen,Ivar S,NO,,oslo,,
757,Mustaparta,Hanna,NO,hanna.mustaparta@bio.ntnu.no,trondheim,,
758,Følling,I,NO,,trondheim,,
759,Løvlie,Astrid Louise,NO,astridlovlie@gmail.com.,oslo,,
760,Madar,Ahmed Ali,NO,,oslo,,
761,Drevon,Christian A,NO,,oslo,,
762,Bjelland,Ingvar,NO,,bergen,,
763,Fosså,Sophie D,NO,,oslo,,
764,Loge,Jon H,NO,,oslo,,
765,Dahl,Alv A,NO,,oslo,,
766,Zachrisson,Björn U,NO,zachriss@odont.uio.no,oslo,,
767,Møllendal,Harald,NO,harald.mollendal@kjemi.uio.no,no-0315 oslo,,
768,Tylleskar,Thorkild,NO,,bergen,,
769,Sheng,Xia,NO,,oslo,,
770,Repnik,Urska,NO,,oslo,,
771,Uleberg,O,NO,,trondheim,,
772,Kristiansen,T,NO,,oslo,,
773,Pape,K,NO,,trondheim,,
774,Romundstad,P R,NO,,trondheim,,
775,Klepstad,P,NO,,trondheim,,
776,Alfonso,Jose H,NO,,oslo,,
777,Løvseth,Eva K,NO,,oslo,,
778,Samant,Yogindra,NO,,trondheim,,
779,Holm,Jan-Ø,NO,,oslo,,
780,Veierød,Marit Bragelien,NO,m.b.veierod@medisin.uio.no,oslo,,
781,Lofstad,G Elisabeth,NO,elisabeth.lofstad@svt.ntnu.no,trondheim,,
782,Petersen,S B,NO,,trondheim,,
783,Katta,Kirankumar,NO,,no- bergen,,
784,Sembajwe,Lawrence F,NO,,no- bergen,,
785,Kveberg,Lise,NO,,oslo,,
786,Reed,W,NO,wenchere@ulrik.uio.no,university of oslo,,
787,Raastad,M,NO,,university of oslo,,
788,Becker,Frank,NO,frank.becker@sunnaas.no,0318 oslo,,
789,Topor,Alain,NO,alain.topor@socarb.su.se.,kristiansand,,
790,Soler,A M,NO,anams@radium.uio.no,n- oslo,,
791,Fosmark,Dag Sigurd,NO,dag.fosmark@medisin.uio.no,n- oslo,,
792,Piro,Fredrik N,NO,f.n.piro@medisin.uio.no,n-0317 oslo,,
793,Fuglei,Eva,NO,,n- tromsø,,
794,Hatchett,R J,NO,,n-0403 oslo,,
795,Kondo,Hideki,NO,,trondheim,,
796,Vaerøy,H,NO,,university of oslo,,
797,Oie,E,NO,,oslo,,
798,Stangeland,Marcus,NO,,bergen,,
799,Engjom,Trond,NO,,bergen,,
800,Gilja,Odd Helge,NO,,bergen,,
801,Dimcevski,Georg,NO,,bergen,,
802,Nylund,Kim,NO,,bergen,,
803,Krogvold,Lars,NO,,oslo,,
804,Dahl-Jørgensen,Knut,NO,,oslo,,
805,Lund-Johansen,P,NO,,haukeland hospital,,
806,Guttormsen,A B,NO,anne.guttormsen@farm.uib.no,university of bergen,,
807,Bratlid,D,NO,,trondheim,,
808,Hoem,N O,NO,,university of oslo,,
809,Johansen,T,NO,,university of tromsø,,
810,Tonstad,S,NO,,oslo,,
811,Andresen,Christian André,NO,christian.andresen@ntnu.no,n- trondheim,,
812,Zuo,Hui,NO,,bergen,,
813,Ueland,Per M,NO,,bergen,,
814,Seifert,Reinhard,NO,,bergen,,
815,Løland,Kjetil H,NO,,bergen,,
816,Pedersen,Eva R,NO,,bergen,,
817,Schuster,Peter M,NO,,bergen,,
818,Karlsson,Therese,NO,,bergen,,
819,Tell,Grethe S,NO,,bergen,,
820,Schartum-Hansen,Hall,NO,,hamar,,
821,Olset,Hilde,NO,,bergen,,
822,Svenningsson,Mads,NO,,bergen,,
823,Strand,Elin,NO,,bergen,,
824,Nilsen,Dennis W,NO,,stavanger,,
825,Nordrehaug,Jan E,NO,,bergen,,
826,Dhar,Indu,NO,,bergen,,
827,Nygård,Ottar,NO,,bergen,,
828,Myklebust,Geirmund,NO,geirmund.myklebust@aassh.no,tromsø,,
829,Jacobsen,N,NO,,university of oslo,,
830,Undseth,Christine,NO,,oslo university hospital,,
831,Rekstad,Bernt Louni,NO,,oslo university hospital,,
832,Brændengen,Morten,NO,,oslo university hospital,,
833,Dueland,Svein,NO,,oslo university hospital,,
834,Tveit,Kjell Magne,NO,,norway; university of oslo,,
835,Arntzen,Magnus Ø,NO,,no-1432 aas,,
836,Mathiesen,Geir,NO,,no-1432 aas,,
837,Skaugen,Morten,NO,,no-1432 aas,,
838,Eijsink,Vincent G H,NO,,no-1432 aas,,
839,Nieder,Carsten,NO,carsten.nieder@nlsh.no.,bodø,,
840,Kämpe,Thomas A,NO,,bodø,,
841,Engljähringer,Kirsten,NO,,bodø,,
842,Mohamed,Hasaan G,NO,hasaanmiligy@hotmail.com.,bergen,,
843,Idris,Shaza B,NO,shaza.idris@uib.no.,bergen,,
844,Åstrøm,Anne N,NO,anne.aastrom@uib.no.,bergen,,
845,Mustafa,Kamal,NO,kamal.mustafa@uib.no.,bergen,,
846,Ibrahim,Salah O,NO,salah.ibrahim@uib.no.,bergen,,
847,Mustafa,Manal,NO,manal.mustafa@odont.uib.no.,bergen,,
848,Bernklev,T,NO,tbernkle@c2i.net,university of oslo,,
849,Boye,K,NO,,oslo,,
850,Berner,J-M,NO,,oslo,,
851,Hompland,I,NO,,oslo,,
852,Bruland,Ø S,NO,,oslo,,
853,Stoldt,S,NO,,oslo,,
854,Sundby Hall,K,NO,,oslo,,
855,Bjerkehagen,B,NO,,oslo,,
856,Hølmebakk,T,NO,,oslo,,
857,Madsen,Lise,NO,,bergen,,
858,Myrmel,Lene S,NO,,bergen,,
859,Fjære,Even,NO,,bergen,,
860,Liaset,Bjørn,NO,,bergen,,
861,Nedrebø,Torbjørn,NO,,university of bergen,,
862,Strömskag,K E,NO,,molde county hospital,,
863,Corander,Jukka,NO,,oslo,,
864,Pfeffer,P F,NO,,oslo,,
865,Taskén,K A,NO,,n- oslo,,
866,Al-Aoukaty,A,NO,ala.aoukaty@basalmed.uio.no,n- oslo,,
867,Bizuayehu,Teshome Tilahun,NO,ttb@uin.no.,bodø,,
868,Johansen,Steinar D,NO,steinar.johansen@uit.no.,bodø,,
869,Puvanendran,Velmurugu,NO,velmurugu.puvanendran@nofima.no.,tromsø,,
870,Toften,Hilde,NO,hilde.toften@nofima.no.,tromsø,,
871,Babiak,Igor,NO,igor.babiak@uin.no.,bodø,,
872,Robertson,Julia,NO,,rikshospitalet,,
873,Iversen,O H,NO,,university of oslo,,
874,Ugland,T O,NO,terje.ugland@sshf.no.,kristiansand,,
875,Haugeberg,G,NO,,kristiansand,,
876,Svenningsen,S,NO,,arendal,,
877,Ugland,S H,NO,,kristiansand,,
878,Berg,Ø H,NO,,kristiansand,,
879,Pripp,A H,NO,,oslo,,
880,Nordsletten,L,NO,,oslo,,
881,Wilsgaard,T,NO,tom.wilsgaard@uit.no,tromsø,,
882,Magnusson,S,NO,,university of oslo,,
883,Pettersen,R D,NO,rolf.pettersen@klinmed.uio.no,oslo,,
884,Kostovski,E,NO,emil.kostovski@sunnaas.no,nesoddtangen,,
885,Møllendal,Harald,NO,harald.mollendal@kjemi.uio.no,no-0315 oslo,,
886,Hjermstad,Marianne Jensen,NO,m.j.hjermstad@medisin.uio.no,oslo,,
887,Østensvik,Tove,NO,tove.ostensvik@skogoglandskap.no,as,,
888,Murberg,Terje A,NO,terje.a.murberg@hs.his.no,stavanger university college,,
889,Szodoray,P,NO,szodoray@gmail.com,oslo,,
890,Atar,Dan,NO,,oslo,,
891,Aall,Carlo,NO,,sogndal,,
892,Baltruszewicz,Marta,NO,,sogndal,,
893,Moberg,Karen Richardsen,NO,,sogndal,,
894,Etokebe,G E,NO,g.e.etokebe@labmed.uio.no,oslo,,
895,Fernandez-Luque,Luis,NO,luis.luque@norut.no,tromso,,
896,Leren,T P,NO,,oslo,,
897,Teale,A M,NO,a.m.teale@kjemi.uio.no,n-0315 oslo,,
898,Aksnes,Tonje A,NO,tonjeamb.aksnes@ulleval.no,n- oslo,,
899,Okkenhaug,Gudny,NO,go@ngi.no,n-1432 ås,,
900,Johansen,Monika Alise,NO,monika.alise.johansen@telemed.no,tromsø,,
901,Skogli,Erik Winther,NO,erik.skogli@sykehuset-innlandet.no.,oslo,,
902,Skogseid,I M,NO,,oslo,,
903,Brinchmann,Jan E,NO,j.e.brinchmann@medisin.uio.no,oslo,,
904,Ohlson,Mikael,NO,,ås,,
905,Zhan,W,NO,,no-0316 oslo,,
906,Haram,Kjell,NO,,bergen,,
907,Mortensen,Jan Helge,NO,,bergen,,
908,Trondsen,Marianne V,NO,marianne.trondsen@telemed.no.,n- troms&#248;,,
909,Datiko,Daniel G,NO,danieljohn42@yahoo.com,bergen,,
910,Engebretsen,Eivind,NO,eivind.engebretsen@medisin.uio.no.,oslo,,
911,Heggen,Kristin,NO,,oslo,,
912,Wieringa,Sietse,NO,,oslo,,
913,Braekkan,Sigrid K,NO,sigrid.brakkan@uit.no,university of tromsø,,
914,Buanes,T,NO,,bergen,,
915,Bugge,L,NO,,oslo,,
916,Bugge,M K,NO,,oslo,,
917,Cameron,D,NO,,oslo,,
918,Catmore,J R,NO,,oslo,,
919,Dale,O,NO,,bergen,,
920,Eigen,G,NO,,bergen,,
921,Franconi,L,NO,,oslo,,
922,Gjelsten,B K,NO,,oslo,,
923,Gramstad,E,NO,,oslo,,
924,Kastanas,A,NO,,bergen,,
925,Liebig,W,NO,,bergen,,
926,Lipniacka,A,NO,,bergen,,
927,Martin Dit Latour,B,NO,,bergen,,
928,Ould-Saada,F,NO,,oslo,,
929,Pajchel,K,NO,,oslo,,
930,Pedersen,M,NO,,oslo,,
931,Read,A L,NO,,oslo,,
932,Røhne,O,NO,,oslo,,
933,Rosendahl,P L,NO,,bergen,,
934,Sandaker,H,NO,,bergen,,
935,Sjursen,T B,NO,,bergen,,
936,Smestad,L,NO,,bergen,,
937,Stapnes,S,NO,,oslo,,
938,Strandlie,A,NO,,oslo,,
939,Stugu,B,NO,,bergen,,
940,Ugland,M,NO,,bergen,,
941,Omvik,P,NO,,bergen,,
942,Andreassen,Cecilie Schou,NO,,stavanger,,
943,Pallesen,Ståle,NO,,bergen,,
944,Skare,Øivind,NO,,oslo,,
945,Gjessing,Håkon K,NO,,oslo,,
946,Gjerdevik,Miriam,NO,,bergen,,
947,Haaland,Øystein A,NO,,bergen,,
948,Romanowska,Julia,NO,,bergen,,
949,Lie,Rolv T,NO,,bergen,,
950,Jugessur,Astanand,NO,,oslo,,
951,Mumm,Florian,NO,,trondheim,,
952,Ness,Gro Oddveig,NO,,bergen,,
953,Brandtzaeg,P,NO,,rikshospitalet,,
954,Nestaas,Eirik,NO,,vestfold,,
955,Grøvle,Lars,NO,,grålum,,
956,Fjeld,Olaf,NO,,oslo,,
957,Haugen,Anne Julsrud,NO,,grålum,,
958,Helgeland,Jon,NO,,oslo,,
959,Småstuen,Milada Cvancarova,NO,,oslo,,
960,Solberg,Tore Kristian,NO,,tromsø,,
961,Zwart,John-Anker,NO,,university of oslo,,
962,Grotle,Margreth,NO,,oslo,,
963,Jacobsen,N,NO,,dental faculty,,
964,Modalsli,E H,NO,,trondheim,,
965,Åsvold,B O,NO,,trondheim,,
966,Romundstad,P R,NO,,trondheim,,
967,Langhammer,A,NO,,trondheim,,
968,Hoff,M,NO,,trondheim,,
969,Forsmo,S,NO,,trondheim,,
970,Saunes,M,NO,,trondheim university hospital,,
971,Hvaal,K,NO,,oslo,,
972,Haga,H J,NO,,haukeland university hospital,,
973,Henriksen,E O,NO,,n- tromsø,,
974,Mangseth,Kjersti,NO,,bergen,,
975,Søreide,E,NO,soed@sir.no,stavanger,,
976,Krøger,Elsebeth,NO,,grimstad,,
977,Louch,William E,NO,w.e.louch@medisin.uio.no,oslo,,
978,Norheim,Eivind,NO,,norwegian university of life sciences aas,,
979,Einevoll,Gaute T,NO,,university of oslooslo,,
980,Sellevold,O F,NO,,university of trondheim,,
981,Almås,B,NO,,university of bergen,,
982,Winther,Bjørn,NO,,oslo,,
983,Abraityte,Aurelija,NO,,oslo,,
984,Lunde,Ida G,NO,,oslo,,
985,Askevold,Erik T,NO,,oslo,,
986,Michelsen,Annika E,NO,,oslo,,
987,Christensen,Geir,NO,,oslo,,
988,Aukrust,Pål,NO,,oslo,,
989,Yndestad,Arne,NO,,oslo,,
990,Fiane,Arnt,NO,,oslo,,
991,Andreassen,Arne,NO,,oslo,,
992,Aakhus,Svend,NO,,oslo,,
993,Dahl,Christen P,NO,,oslo,,
994,Gullestad,Lars,NO,,oslo,,
995,Broch,Kaspar,NO,,oslo,,
996,Ueland,Thor,NO,thor.ueland@medisin.uio.no.,oslo,,
997,Steigedal,Tonje S,NO,tonje.strommen@ntnu.no,trondheim,,
998,Biringer,Eva,NO,eva.biringer@psyk.uib.no,bergen,,
999,Løkken,Per,NO,per.lokken@odont.uio.no,0317 oslo,,
1000,Moe,Svein Erik,NO,,oslo,,
1001,Pettersen,Gunn,NO,gunn.pettersen@rito.no,university hospital of tromsø,,
1002,Frich,Lars,NO,larsfrich@hotmail.com,oslo,,
1003,Haugen,Arvid S,NO,arvid.haugen@helse-bergen.no,bergen,,
1004,Aarvak,T,NO,,oslo,,
1005,Bahr,R,NO,,oslo,,
1006,Bøe,Anette S,NO,anette.boe@med.uib.no,bergen,,
1007,von der Lippe,Anna Louise,NO,,oslo,,
1008,Oddli,Hanne Weie,NO,,oslo,,
1009,Halvorsen,Margrethe Seeger,NO,,oslo,,
1010,Grimstad,Oystein,NO,oystein.grimstad@ntnu.no,trondheim,,
1011,Moatshe,Gilbert,NO,,oslo,,
1012,Eide,Nina E,NO,,trondheim,,
1013,Flagstad,Øystein,NO,,trondheim,,
1014,Landa,Arild,NO,,trondheim,,
1015,Arnestad,Marianne,NO,,oslo 0403,,
1016,Lande,Russell,NO,r.lande@imperial.ac.uk.,no- trondheim,,
1017,Engen,Steinar,NO,,no- trondheim,,
1018,Sæther,Bernt-Erik,NO,,no- trondheim,,
1019,Abathun,Asresash D,NO,,oslo,,
1020,Gele,Abdi A,NO,,oslo,,
1021,Sundby,Johanne,NO,,oslo,,
1022,Søreide,Kjetil,NO,,bergen,,
1023,Desserud,Kari F,NO,,bergen,,
1024,Førland,D T,NO,,oslo,,
1025,Elameen,Abdelhameed,NO,abdelhameed.elameen@nibio.no.,n- aas,,
1026,Eiken,Hans Geir,NO,hansgeir.eiken@nibio.no.,n- aas,,
1027,Fløystad,Ida,NO,ida.floystad@nibio.no.,n- svanvik,,
1028,Knudsen,Geir,NO,geir.knudsen@nibio.no.,n- aas,,
1029,Hagen,Snorre B,NO,snorre.hagen@nibio.no.,n- svanvik,,
1030,Giercksky,K E,NO,,university of oslo,,
1031,Shigdel,Rajesh,NO,,tromsø,,
1032,Klouman,Elise,NO,,tromsø,,
1033,Bhandari,Anita,NO,,tromsø,,
1034,Ahmed,Luai A,NO,,tromsø,,
1035,Bøhn,Synne-Kristin Hoffart,NO,synn@ous-hf.no.,oslo,,
1036,Fosså,Sophie Dorothea,NO,,oslo,,
1037,Wisløff,Torbjørn,NO,,oslo,,
1038,Thorsen,Lene,NO,,oslo,,
1039,Langslet,Ellen,NO,,rud,,
1040,Valdersnes,Stig,NO,,n-5817 bergen,,
1041,Birkenes,Anita,NO,,n-5817 bergen,,
1042,Froyland,Livar,NO,,n-5817 bergen,,
1043,Baghestan,Elham,NO,elham.baghestan@helse-bergen.no,bergen,,
1044,Enger,T B,NO,,trondheim,,
1045,Lunz,D,NO,,trondheim,,
1046,Bull,N,NO,nils.bull@isf.uib.no,university of bergen,,
1047,Nilssen,D E,NO,,oslo,,
1048,Morken,Tone,NO,tone.morken@uni.no.,bergen,,
1049,Alsaker,Kjersti,NO,,bergen,,
1050,Johansen,Ingrid H,NO,,bergen,,
1051,Gudbrandsson,Birgir,NO,,oslo,,
1052,Wallenius,Marianne,NO,,trondheim,,
1053,Garen,Torhild,NO,,oslo,,
1054,Henriksen,Tore,NO,,oslo,,
1055,Molberg,Øyvind,NO,,oslo,,
1056,Palm,Øyvind,NO,,oslo,,
1057,Flato,Berit,NO,,oslo,,
1058,Sandvig,K,NO,,oslo,,
1059,Tveita,T,NO,,university of tromsø,,
1060,Nygaard,H,NO,,fyllingsdalen sykehjem,,
1061,Van Moorter,Bram,NO,,no-7485 trondheim,,
1062,Kaczensky,Petra,NO,,no-7485 trondheim,,
1063,Linnell,John D C,NO,,no-7485 trondheim,,
1064,Mattisson,Jenny,NO,,no-7485 trondheim,,
1065,Mysterud,Atle,NO,,no- oslo,,
1066,Odden,John,NO,,no- oslo,,
1067,O'Hara,Robert B,NO,,trondheim,,
1068,Rolandsen,Christer Moe,NO,,no-7485 trondheim,,
1069,Solberg,Erling J,NO,,no-7485 trondheim,,
1070,Strand,Olav,NO,,no-7485 trondheim,,
1071,Hjortsjö,C,NO,carl.hjortsjo@odont.uio.no,oslo,,
1072,Zwetnow,N N,NO,,oslo,,
1073,Spigset,O,NO,olav.spigset@relis.rit.no,n- trondheim,,
1074,Vatten,L J,NO,lars.vatten@medisin.ntnu.no,trondheim,,
1075,Salvesen,Helga B,NO,helga.salvesen@haukeland.no,bergen,,
1076,Bryne,M,NO,,university of oslo,,
1077,Melum,Espen,NO,,oslo,,
1078,Nordstoga,K,NO,knut.nordstoga@veths.no,oslo,,
1079,Bjørnland,T,NO,,university of oslo,,
1080,Berge,Trygve,NO,,vestre viken hospital trust,,
1081,Vigen,Thea,NO,,lørenskog,,
1082,Pervez,Mohammad Osman,NO,,lørenskog,,
1083,Ihle-Hansen,Haakon,NO,,vestre viken hospital trust,,
1084,Lyngbakken,Magnus Nakrem,NO,,lørenskog,,
1085,Omland,Torbjørn,NO,,lørenskog,,
1086,Smith,Pål,NO,,lørenskog,,
1087,Steine,Kjetil,NO,,lørenskog,,
1088,Røsjø,Helge,NO,,lørenskog,,
1089,Tveit,Arnljot,NO,,vestre viken hospital trust,,
1090,Rayyan,Saleh,NO,,n- bergen,,
1091,Eilevstjønn,Joar,NO,joar.eilevstjonn@laerdal.no,n- stavanger,,
1092,Valgardsdottir,Rut,NO,,n oslo,,
1093,Saugstad,Ola Didrik,NO,,oslo,,
1094,Yadetie,Fekadu,NO,,bergen,,
1095,Bjørneklett,Silje,NO,,bergen,,
1096,Garberg,Hilde Kristin,NO,,bergen,,
1097,Oveland,Eystein,NO,,bergen,,
1098,Berven,Frode,NO,,bergen,,
1099,Goksøyr,Anders,NO,,bergen,,
1100,Karlsen,Odd André,NO,odd.karlsen@uib.no.,bergen,,
1101,Heldal,Einar,NO,,oslo,,
1102,Nygaard,O P,NO,,university hospital of tromso,,
1103,Malterud,K,NO,kirsti.malterud@isf.uib.no,bergen,,
1104,Norum,K R,NO,,university of oslo,,
1105,Netzer,Roman,NO,,no- trondheim,,
1106,Kraby,Maria Ryssdal,NO,maria.r.kraby@ntnu.no.,trondheim,,
1107,Opdahl,Signe,NO,,trondheim,,
1108,Russnes,Hege Giercksky,NO,,oslo,,
1109,Bofin,Anna M,NO,,trondheim,,
1110,Høiset,S,NO,,porsgrunn,,
1111,Melve,Kari Klungsøyr,NO,kari.melve@isf.uib.no,university of bergen,,
1112,Strømme,Petter,NO,,oslo,,
1113,Torgersbråten,Anette,NO,,oslo,,
1114,Holmgren,Asbjørn,NO,,oslo,,
1115,Høneren Johansson,Linda,NO,,oslo,,
1116,Babovic,Almira,NO,,oslo,,
1117,Frengen,Eirik,NO,,oslo,,
1118,Misceo,Doriana,NO,,oslo,,
1119,Waage,Anne,NO,,oslo,,
1120,Håvik,B,NO,,n-,,
1121,Dyrstad,Sindre M,NO,sindre.dyrstad@uis.no.,stavanger,,
1122,Kvalø,Silje E,NO,,stavanger,,
1123,Alstveit,Marianne,NO,,stavanger,,
1124,Skage,Ingrid,NO,,stavanger,,
1125,Øiestad,Åse Marit Leere,NO,,oslo,,
1126,Karinen,Ritva,NO,,oslo,,
1127,Rogde,Sidsel,NO,,oslo,,
1128,Nilsen,Stian,NO,,oslo,,
1129,Boye Eldor,Kari-Beate,NO,,oslo,,
1130,Brochmann,Gerd-Wenche,NO,,oslo,,
1131,Arnestad,Marianne,NO,,oslo,,
1132,Øiestad,Elisabeth Leere,NO,,oslo,,
1133,Kristoffersen,Lena,NO,,oslo,,
1134,Vindenes,Vigdis,NO,,oslo,,
1135,Grosse,Susann,NO,,n-,,
1136,Lunde,Ketil,NO,,oslo,,
1137,Aakhus,Svend,NO,,oslo,,
1138,Forfang,Kolbjørn,NO,,oslo,,
1139,Rezk-Lega,F,NO,,university of oslo,,
1140,Søndenaa,K,NO,,stavanger,,
1141,Melbye,Hasse,NO,hasse.melbye@uit.no,tromsø,,
1142,Kallenborn,Roland,NO,roland.kallenborn@nilu.no,no- kjeller,,
1143,Varghese,Mercy,NO,mercy.varghese@medisin.uio.no,oslo,,
1144,Bergh,Irmelin,NO,,oslo,,
1145,Mala,Tom,NO,,oslo,,
1146,Bø,Kari,NO,,oslo,,
1147,Haakstad,Lene A H,NO,,oslo,,
1148,Stuge,Britt,NO,,oslo,,
1149,Lund,Eiliv,NO,,tromso,,
1150,Flatmark,T,NO,,bergen,,
1151,Bogevik,A S,NO,andre.bogevik@nofima.no,storebø,,
1152,Langen,Ingrid,NO,,ulleval university hospital,,
1153,Halvorsen,Sigrun,NO,,oslo,,
1154,Lange,H,NO,,oslo,,
1155,Johansen,O H,NO,,tønsberg,,
1156,Vold,L,NO,,oslo,,
1157,Robertson,L J,NO,,oslo,,
1158,Anthonisen,I L,NO,,tønsberg,,
1159,Nygard,K,NO,,oslo,,
1160,Stordal,Kirsten I,NO,kirsten.irene.stordal@helse-bergen.no,bergen,,
1161,Müller,F,NO,fredrik.muller@labmed.uio.no,oslo,,
1162,Haakstad,Lene Annette Hagen,NO,lahaakstad@nih.no,0806 oslo,,
1163,Collins,Andrew,NO,a.r.collins@medisin.uio.no.,0316 oslo,,
1164,Erichsen,V,NO,,university of bergen,,
1165,Husøy,T,NO,trine.husoy@fhi.no,no- oslo,,
1166,Lindberg,Nina,NO,,oslo,,
1167,Olderøy,G,NO,,bergen,,
1168,Haugsten,Ellen Margrethe,NO,,norway ; department of biochemistry; institute for cancer research; the norwegian radium hospital; oslo university hospital; oslo,,
1169,Valen,G,NO,,university of tromsø,,
1170,Haukland,H H,NO,mlabhh@rito.no,n- tromsø,,
1171,Vestvik,Ida K,NO,,oslo,,
1172,Chelsom,J,NO,,haukeland hospital and university of bergen,,
1173,Solstad,Therese,NO,,n- bergen,,
1174,Hatløy,A,NO,,university of oslo,,
1175,Fjellaksel,Richard,NO,,tromsø,,
1176,Boomgaren,Marc,NO,,tromsø,,
1177,Sundset,Rune,NO,,tromsø,,
1178,Haraldsen,Ira H,NO,,oslo,,
1179,Hansen,Jørn H,NO,,tromsø,,
1180,Riss,Patrick J,NO,,oslo,,
1181,Holmsen,Marte Sofie Martinsen,NO,mats.tilset@kjemi.uio.no.,n-0315 oslo,,
1182,Carlsen,Benedicte,NO,,bergen,,
1183,Kvifte,Gunnar Mikalsen,NO,,bergen,,
1184,Stene-Johansen,Kathrine,NO,kathrine.stene-johansen@fhi.no,0403 oslo,,
1185,Dahl,S G,NO,,university of tromsø,,
1186,Kvarme,Lisbeth Gravdal,NO,lisbeth.gravdal-kvarme@hioa.no.,oslo,,
1187,Aabø,Liv Sandnes,NO,,oslo,,
1188,Sæteren,Berit,NO,,oslo,,
1189,Milner,Jos M,NO,jos.milner@gmail.com,koppang,,
1190,Egeland,Thore,NO,thore.egeland@umb.no,oslo,,
1191,Grytten Torkildsen,N,NO,nina.grytten@helse-bergen.no,bergen,,
1192,Rørvik,J,NO,,bergen,,
1193,Madsen,J E,NO,,oslo,,
1194,Walstad,R A,NO,,university of trondheim,,
1195,Mathiasen,Mathias L,NO,,trondheim,,
1196,Berg,E S,NO,,rikshospitalet,,
1197,Søreide,Jon Arne,NO,jonarne.soreide@uib.no.,stavanger,,
1198,Undersrud,Erling Sandøy,NO,,stavanger,,
1199,Al-Saiddi,Mohammed S S,NO,,stavanger,,
1200,Tholfsen,Tore,NO,,stavanger,,
1201,Søreide,Kjetil,NO,,stavanger,,
1202,Nymoen,Dag Andre,NO,dnymoen@ous-hf.no.,oslo,,
1203,Holth,Arild,NO,arilh@ous-hf.no.,oslo,,
1204,Hetland Falkenthal,Thea E,NO,thehet@ous-hf.no.,oslo,,
1205,Tropé,Claes G,NO,c.g.trope@medisin.uio.no.,oslo,,
1206,Davidson,Ben,NO,bend@medisin.uio.no.,oslo,,
1207,Sæle,Paul,NO,,bergen,,
1208,Østhus,Eirik,NO,,bergen,,
1209,Ådalen,Sondre,NO,,bergen,,
1210,Nasir,Elwalid F,NO,,bergen,,
1211,Mustafa,Manal,NO,,bergen,,
1212,Cramariuc,Dana,NO,dana.cramariuc@helse-bergen.no,bergen,,
1213,Landrø,N I,NO,,oslo,,
1214,Farhan,Hesso,NO,hesso.farhan@medisin.uio.no.,oslo,,
1215,Lehmann,A K,NO,,university of bergen,,
1216,Nymo,Ingebjørg H,NO,,tromsø,,
1217,Godfroid,Jacques,NO,,tromsø,,
1218,Eskild,Anne,NO,anne.eskild@medisin.uio.no,university of oslo,,
1219,Jakobsen,J,NO,,oslo,,
1220,Wergeland,E,NO,ebba.wergeland@samfunnsmed.uio.no,university of oslo,,
1221,Dickstein,K,NO,,stavanger,,
1222,Bjørneboe,G A,NO,,oslo,,
1223,Pot,Hanneke,NO,,oslo,,
1224,Wilsgaard,Tom,NO,tom.wilsgaard@uit.no,tromsø,,
1225,Anderssen,S H,NO,,tromsø,,
1226,Sohlberg,S,NO,,oslo,,
1227,Hoff,M,NO,mari.hoff@ntnu.no,trondheim,,
1228,Solbjør,Marit,NO,,trondheim,,
1229,Forsmo,Siri,NO,,trondheim,,
1230,Skolbekken,John-Arne,NO,,trondheim,,
1231,Arntzen,K J,NO,,trondheim,,
1232,Myrset,Heidi R,NO,,oslo,,
1233,Henriksen,Stian,NO,,tromsø,,
1234,Tylden,Garth D,NO,,tromsø,,
1235,Sharma,Biswa Nath,NO,,tromsø,,
1236,Rinaldo,Christine Hanssen,NO,christine.rinaldo@unn.no.,tromsø,,
1237,Bjørnstad,Hanne,NO,,bodø,,
1238,Skurtveit,Svetlana,NO,svetlana.skurtveit@fhi.no,oslo,,
1239,Birketvedt,G S,NO,,university of tromsø,,
1240,Starkeby,M,NO,,n- oslo,,
1241,Torp,S,NO,steffen.torp@isf.uib.no,n- tjøme,,
1242,Zamanzadeh,Mirzaman,NO,,ås,,
1243,Hagen,Live Heldal,NO,,ås,,
1244,Svensson,Kine,NO,,ås,,
1245,Linjordet,Roar,NO,,ås,,
1246,Horn,Svein Jarle,NO,svein.horn@nmbu.no.,ås,,
1247,Holme,J A,NO,,oslo,,
1248,Ovaskainen,Otso,NO,,trondheim,,
1249,Haddeland,U,NO,,oslo,,
1250,Kongsgaard,U E,NO,,oslo,,
1251,Krogdahl,Ashild,NO,,n-0033 oslo,,
1252,Viken,M K,NO,m.k.viken@medisin.uio.no,oslo,,
1253,Bjorvatn,B,NO,bjorn.bjorvatn@isf.uib.no,university of bergen,,
1254,Flaten,A K,NO,,university of oslo,,
1255,Asfaw,N,NO,,n-0316 oslo,,
1256,Tronstad,Christian,NO,,oslo university hospital-rikshospitalet,,
1257,Gilhus,N E,NO,,university of bergen,,
1258,Karlsen,Anette,NO,,0316 oslo,,
1259,Tøndervik,Anne,NO,anne.tondervik@sintef.no,trondheim,,
1260,Wendelbo,Ø,NO,oystein.wendelbo@haukeland.no,bergen,,
1261,Moltu,Kristine,NO,,0317 oslo,,
1262,Henjum,Karen,NO,,0424 oslo,,
1263,Oberprieler,Nikolaus G,NO,,0317 oslo,,
1264,Bjørnbeth,Bjørn A,NO,,0424 oslo,,
1265,Hald,Erin M,NO,erin.mathiesen.hald@uit.no,n- tromsø,,
1266,Tourasse,Nicolas J,NO,nicolat@biotek.uio.no,n- oslo,,
1267,Engdahl,Bo,NO,bo.engdahl@fhi.no,oslo,,
1268,Tøge,Anne Grete,NO,anne-grete.toge@hioa.no.,oslo,,
1269,Westerhausen,René,NO,,oslo,,
1270,Lerdal,A,NO,anners.lerdal@hibu.no,drammen,,
1271,Hovda,Knut Erik,NO,kehovda@yahoo.com,oslo n-,,
1272,Roberts,Aubrey Jane,NO,,oslo,,
1273,Sætre,Glenn-Peter,NO,,oslo,,
1274,Hurum,Jørn Harald,NO,,oslo,,
1275,Saetrom,Pål,NO,,n- trondheim,,
1276,Bogen,Bjarne,NO,b.bogen@labmed.uio.no,rikshospitalet,,
1277,Steine,Kjetil,NO,kjetil.steine@medisin.uio.no,oslo,,
1278,van den Tillaar,Roland,NO,,levanger,,
1279,Jebsen,Nina L,NO,,bergen,,
1280,Juul-Kristensen,Birgit,NO,,bergen,,
1281,Braathen,L R,NO,,oslo,,
1282,Ruud,Tom E,NO,tomruud@online.no,oslo,,
1283,Hurlen,M,NO,,oslo,,
1284,Kristiansen,Magnhild Gangsøy,NO,magnhild.gangsoy.kristiansen@nlsh.no,nordland hospital,,
1285,Halstensen,T S,NO,,university of oslo,,
1286,Holm,S,NO,,university of oslo,,
1287,Ekelund,Ulf,NO,,oslo,,
1288,Pankiv,Serhiy,NO,,tromsø,,
1289,Dybwad,A,NO,,university of oslo,,
1290,Kjos,Morten,NO,,n-1432 as,,
1291,Kjelsberg,E,NO,,university of oslo,,
1292,Melum,Espen,NO,,oslo,,
1293,Fegran,Liv,NO,liv.fegran@hia.no,kristiansand,,
1294,Heldal,Hilde Elise,NO,,n-5817 bergen,,
1295,Flo,Janita K,NO,,n-5817 bergen,,
1296,Sværen,Ingrid,NO,,n-5817 bergen,,
1297,Gäfvert,Torbjörn,NO,,n- østerås,,
1298,Haanes,Hallvard,NO,,n- østerås,,
1299,Føyn,Lars,NO,,n-5817 bergen,,
1300,Rudjord,Anne Liv,NO,,n- østerås,,
1301,Vossius,C,NO,,stavanger university hospital,,
1302,Mathiesen,W T,NO,,stavanger university hospital,,
1303,Søreide,E,NO,,stavanger university hospital,,
1304,Vevelstad,Merete,NO,,n-0403 oslo,,
1305,Antypas,Konstantinos,NO,konstantinos.antypas@telemed.no.,tromsø,,
1306,Benestad,H B,NO,,university of oslo,,
1307,Camilio,Ketil André,NO,,tromsø,,
1308,Dugal,R,NO,,sandefjord,,
1309,Sandberg,Sverre,NO,,bergen,,
1310,Strømsheim,Marie D,NO,,oslo n-0315,,
1311,Wisløff,Torbjørn,NO,,oslo,,
1312,Riisberg,Ingvild,NO,,no-0316 oslo,,
1313,Dalgard,Olav,NO,olav.dalgard@medisin.uio.no,oslo,,
1314,Hilt,B,NO,bjorn.hilt@medisin.ntnu.no,n- trondheim,,
1315,Rudolfsen,G,NO,,tromsø,,
1316,Teien,H-C,NO,,ås,,
1317,Sneve,M K,NO,,oslo,,
1318,Sødring,Marianne,NO,,oslo,,
1319,Gunnes,Gjermund,NO,,oslo,,
1320,Paulsen,Jan Erik,NO,jan.erik.paulsen@nmbu.no.,oslo,,
1321,Clemm,Hege,NO,,bergen,,
1322,Halvorsen,Thomas,NO,,bergen,,
1323,Rødningen,Olaug Kristin,NO,olaug.rodningen@klinmed.uio.no,oslo,,
1324,Kvien,Tore K,NO,,oslo,,
1325,Berg,Torill,NO,,university of oslo oslo,,
1326,Kero,Ida,NO,,trondheim,,
1327,Vaarbakken,Kjartan,NO,,bergen,,
1328,Bjørkøy,Geir,NO,,tromsø,,
1329,Sunde,Pia T,NO,titerud@odont.uio.no,0316 oslo,,
1330,Jørgensen,J J,NO,,oslo,,
1331,Oyen,O,NO,,oslo,,
1332,Hansen,T W,NO,t.w.r.hansen@klinmed.uio.no,oslo,,
1333,Westlie,L,NO,lwestlien@online.no,oslo,,
1334,Capelli,Carlo,NO,,oslo,,
1335,Johannessen,Dag Clement,NO,,oslo,,
1336,Helle,Svein I,NO,,bergen,,
1337,Aksnes,Anne-Kirsti,NO,,oslo,,
1338,Kirkebøen,K A,NO,,ullevål hospital,,
1339,Pang,Kevin,NO,,bergen n-,,
1340,Engebretsen,Lars,NO,,oslo,,
1341,Davari,Nazanin,NO,,no- trondheim,,
1342,Daub,Christopher D,NO,,no- trondheim,,
1343,Åstrand,Per-Olof,NO,,no- trondheim,,
