temp_id,lastname,firstname,countries_scope,email,town,role,url
1,Camus,L,NO,lionel.camus@unis.no,n- randaberg,,
2,Søreide,E,NO,,stavanger,,
3,Degré,M,NO,,university of oslo,,
4,Huh,Junghwan,NO,,no- trondheim,,
5,Natvig,Gerd Karin,NO,,bergen,,
6,Macsali,Ferenc,NO,,bergen,,
7,Skulstad,Svein Magne,NO,,bergen,,
8,Vanky,Eszter,NO,,trondheim,,
9,Gòmez Real,Francisco,NO,,university of bergen,,
10,Gislefoss,Randi E,NO,randi.gislefoss@kreftregisteret.no,oslo,,
11,Anda,Erik Eik,NO,erik.anda@ism.uit.no,tromsø,,
12,Kjeldsen,,NO,,oslo,,
13,Petersen,Per Hyltoft,NO,,bergen,,
14,Lepland,A,NO,,trondheim,,
15,Petrovski,Goran,NO,,oslo,,
16,Brodtkorb,Eylert,NO,eylert.brodtkorb@medisin.ntnu.no,trondheim,,
17,Pedersen,H K,NO,,university hospital of tromsoe,,
18,Fimland,G,NO,,university of oslo,,
19,Drevon,Christian A,NO,c.a.drevon@medisin.uio.no.,oslo,,
20,Gundersen,Thomas E,NO,teg@vitas.no.,oslo,,
21,Skeie,S,NO,,stavanger,,
22,Waersted,M,NO,,oslo,,
23,Lydersen,C,NO,,department of biology,,
24,Gray,,NO,,oslo,,
25,Hetland,G,NO,,oslo,,
26,Larsen,A I,NO,al-i-lar@online.no,stavanger,,
27,Strand,K,NO,,blindern,,
28,Fernández-Luque,Luis,NO,,tromso,,
29,Tonstad,S,NO,sesrena.tonstad@ulleval.no,oslo,,
30,Steier,J A,NO,,school of medicine,,
31,Mørk,N J,NO,,oslo,,
32,Andersen,P,NO,,oslo,,
33,Lystad,Alf Håkon,NO,,university of oslo,,
34,Mjøs,Svein A,NO,,bergen,,
35,Waktola,Habtewold D,NO,,bergen,,
36,Torbergsen,T,NO,,tromsö,,
37,Wefring,E T,NO,grande@ntnu.no.,trondheim,,
38,Lycus,Pawel,NO,,ås,,
39,Lovise Bøthun,Kari,NO,,ås,,
40,Bergaust,Linda,NO,,ås,,
41,Reier Bakken,Lars,NO,,ås,,
42,Frostegård,Åsa,NO,,ås,,
43,Strand,Kari R,NO,,oslo n-0316,,
44,Syversen,Unni,NO,,trondheim,,
45,Tønsberg,Tor,NO,,n-5020 bergen,,
46,Heltne,J K,NO,,bergen,,
47,Rosta,Judith,NO,judith.rosta@legeforeningen.no,oslo,,
48,Østensvik,Ø,NO,oyvin.ostensvik@veths.no,oslo,,
49,Pérez de Frutos,Javier,NO,javier.perezdefrutos@sintef.no.,trondheim,,
50,Hofstad,Erlend F,NO,,trondheim,,
51,Solberg,Ole Vegard,NO,,trondheim,,
52,Tangen,Geir Arne,NO,,trondheim,,
53,Lindseth,Frank,NO,,trondheim,,
54,Langø,Thomas,NO,,trondheim,,
55,Elle,Ole Jakob,NO,,oslo,,
56,Mårvik,Ronald,NO,,trondheim,,
57,Lehmann,Stine,NO,,bergen,,
58,Breivik,Kyrre,NO,,bergen,,
59,Bergland,A,NO,,oslo,,
60,Sivertsen,Børge,NO,borge.sivertsen@fhi.no,bergen,,
61,Vollan,Hilde S,NO,h.s.vollan@medisin.uio.no,university of oslo,,
62,Arukwe,A,NO,augustine.arukewe@mbi.uib.no,n-5020 bergen,,
63,Malaquias,Manuel António E,NO,,bergen,,
64,Almberg,S S,NO,sigrun.saur@ntnu.no,n- trondheim,,
65,Ganz,J C,NO,,oslo,,
66,Reikerås,Olav,NO,olav.reikeras@ous-hf.no.,oslo,,
67,Risvoll,Geir B,NO,,stavanger,,
68,Thorsen,Kristian,NO,,stavanger,,
69,Ruoff,Peter,NO,,stavanger,,
70,Drengstig,Tormod,NO,tormod.drengstig@uis.no.,stavanger,,
71,Foss,A,NO,,oslo,,
72,Pradhan,Srutarshi,NO,pradhan.srutarshi@ntnu.no,n- trondheim,,
73,Mikalsen,A,NO,,tromsø,,
74,Eggesbø,Merete,NO,merete.eggesbo@fhi.no,n-0403 oslo,,
75,Weldon,Simon,NO,,ås,,
76,Whittington,Richard,NO,,trondheim,,
77,Thomsen,Cathrine,NO,cathrine.thomsen@folkehelsa.no,oslo,,
78,Rønning,Sissel B,NO,,no- ås,,
79,Carlson,Cathrine R,NO,,oslo,,
80,Stang,Espen,NO,,0424 oslo,,
81,Kolset,Svein O,NO,,oslo,,
82,Hollung,Kristin,NO,,no- ås,,
83,Pedersen,Mona E,NO,,no- ås,,
84,Bringager,Christine B,NO,christine.bringager@medisin.uio.no,oslo,,
85,Sonnewald,Ursula,NO,,trondheim,,
86,Engebretsen,Lars,NO,,oslo,,
87,Tveita,Ingrid Aune,NO,ingrid.aune.tveita@nordlandssykehuset.no.,bodø,,
88,Madsen,Martin Ragnar Skjerve,NO,,bodø,,
89,Nielsen,Erik Waage,NO,,bodø,,
90,Warncke,T,NO,,university of oslo,,
91,Voronov,Alexey,NO,,no- trondheim,,
92,Tsakoumis,Nikolaos E,NO,,no- trondheim,,
93,Borg,Marit,NO,,drammen,,
94,Berg,T J,NO,t.j.berg@ioks.uio.no,oslo,,
95,Nordström,A,NO,,tromsø,,
96,Delogu,Francesco,NO,,ås,,
97,Gabrielsen,Christina,NO,,ås,,
98,Larsen,Grete Jorunn Sølvberg,NO,grete.larsen@diakonsyk.no,oslo,,
99,Sjaastad,O,NO,,trondheim university hospital,,
100,Solheim,T,NO,,university of oslo,,
101,Fauchald,P,NO,,oslo,,
102,Nilsson,Johnny,NO,,oslo,,
103,Mikkola,Ingvild,NO,,n- tromsø,,
104,Bjorvatn,K,NO,,university of bergen school of dentistry,,
105,Balchen,Marte,NO,,0316 oslo,,
106,Haug,Line Småstuen,NO,,no-0403 oslo,,
107,Mesna,O J,NO,,national institute of public health,,
108,Browman,Howard I,NO,,n- storebø,,
109,Mathiassen,Børge,NO,borge.mathiassen@unn.no,tromsø,,
110,Zachrisson,Anders,NO,johnaz@online.no,n-0317 oslo,,
111,Hansen,Ernst A,NO,ernst.albin.hansen@nih.no,oslo,,
112,Stuen,S,NO,,tromsø,,
113,Manzetti,Sergio,NO,,vangsnes,,
114,Magelssen,Morten,NO,magelssen@gmail.com,oslo,,
115,Trondsen,E,NO,,university of oslo,,
116,Reshchikov,Alexey,NO,,oslo,,
117,Aune,Tore Kristian,NO,tore.k.aune@hint.no,levanger,,
118,Bakken,Torkild,NO,,trondheim,,
119,Kongsrud,Jon Anders,NO,,bergen,,
120,Oug,Eivind,NO,,grimstad,,
121,Sikorski,Andrey,NO,,tromsø,,
122,Johansen,Robert André,NO,,tromsø,,
123,Capa,Maria,NO,,trondheim,,
124,Lagerløv,P,NO,,university of oslo,,
125,Gundersen,Y,NO,yngvar.gundersen@ffi.no,kjeller,,
126,Gjerde,Hallvard,NO,hallvard.gjerde@fhi.no,0403 oslo,,
127,Aavitsland,P,NO,preben.aavitsland@folkehelsa.no,oslo,,
128,Grut,Harald,NO,,oslo,,
129,Revheim,Mona-Elisabeth,NO,,oslo,,
130,Line,Pål-Dag,NO,,oslo,,
131,Weiderpass,Elisabete,NO,,tromsø,,
132,Rasmussen,Inge-André,NO,,trondheim,,
133,Haugen,A,NO,,oslo,,
134,Knudtzon,J,NO,,drammen,,
135,Vold,Inger M N,NO,,n- trondheim,,
136,Aaberge,L,NO,laaaberg@online.no,oslo,,
137,Salvesen,H B,NO,,bergen,,
138,Vereijken,Beatrix,NO,beatrix.vereijken@ntnu.no.,trondheim,,
139,Helbostad,Jorunn,NO,jorunn.helbostad@ntnu.no.,trondheim,,
140,Taraldsen,Kristin,NO,kristin.taraldsen@ntnu.no.,trondheim,,
141,Fosså,Sophie D,NO,,oslo,,
142,Samulin Erdem,Johanna,NO,,oslo,,
143,Notø,Heidi Ødegaard,NO,,oslo,,
144,Skare,Øivind,NO,,oslo,,
145,Lie,Jenny-Anne S,NO,,oslo,,
146,Petersen-Øverleir,Marte,NO,,oslo,,
147,Zienolddiny,Shanbeh,NO,,oslo,,
148,Waage,Christin W,NO,,lørenskog,,
149,Strømholm,T,NO,,university hospital of trondheim,,
150,Singh,Gurvinder,NO,,trondheim,,
151,Jonassen,Rune,NO,rune.jonassen@psykologi.uio.no,oslo,,
152,Andersen,Erlend K F,NO,,olso,,
153,Møretrø,Trond,NO,trond.moretro@matforsk.no,n- as,,
154,Balikuddembe,Michael S,NO,,university of bergen,,
155,Tylleskär,Thorkild,NO,,university of bergen,,
156,Kulseng-Hanssen,S,NO,,baerum hospital,,
157,Gerwing,Jennifer,NO,,lørenskog,,
158,Gulbrandsen,Pål,NO,,lørenskog,,
159,Breivik,Jarle,NO,jbreivik@medisin.uio.no,universitetet i oslo,,
160,Pinholt,E M,NO,,university of oslo,,
161,Waage,A,NO,,university of trondheim,,
162,Einvik,Christer,NO,,tromsø n-,,
163,Sveinbjörnsson,Baldur,NO,,tromsø n-,,
164,Carlsen,F,NO,,university of trondheim,,
165,Olasveengen,Theresa M,NO,t.m.olasveengen@medisin.uio.no,n- oslo,,
166,Aamodt,Henrik,NO,,ullevål,,
167,Engen,Stian Andre,NO,,university of oslo,,
168,Schreurs,Olav,NO,,university of oslo,,
169,Schenck,Karl,NO,,university of oslo,,
170,Blix,Inger Johanne Schytte,NO,,university of oslo,,
171,Anda,Erik Eik,NO,erik.anda@uit.no,tromsø,,
172,Atar,Dan,NO,dan.atar@online.no.,n -  oslo,,
173,Lien,Lars,NO,lars.lien@medisin.uio.no.,0318 oslo,,
174,Lindekleiv,H,NO,,tromsø,,
175,Andersen,Per Normann,NO,pernoan@gmail.com.,lillehammer,,
176,Eliassen,Carl Fredrik,NO,,oslo,,
177,Thjötta,T,NO,,christiana,,
178,Grosås,Siv,NO,,oslo,,
179,Lingaas,Frode,NO,,oslo,,
180,Prestrud,Kristin Wear,NO,,oslo,,
181,Ropstad,Ernst-Otto,NO,,oslo,,
182,Sönmez,Nasrettin,NO,,oslo,,
183,Røssberg,Jan Ivar,NO,,oslo,,
184,Evensen,Julie,NO,,oslo,,
185,Barder,Helene Eidsmo,NO,,oslo,,
186,Ten Velden Hegelstad,Wenche,NO,,stavanger,,
187,Joa,Inge,NO,,stavanger,,
188,Johannessen,Jan Olav,NO,,stavanger,,
189,Langeveld,Hans,NO,,stavanger,,
190,Larsen,Tor Ketil,NO,,stavanger,,
191,Melle,Ingrid,NO,,oslo,,
192,Opjordsmoen,Stein,NO,,oslo,,
193,Rund,Bjørn Rishovd,NO,,oslo,,
194,Vaglum,Per,NO,,oslo,,
195,Friis,Svein,NO,,oslo,,
196,Toft,Kim G,NO,kim.toft@ge.com,n-0401 oslo,,
197,Aarsland,Dag,NO,,stavanger,,
198,Fladby,Tormod,NO,,university of oslo,,
199,Mbizvo,E M,NO,elizabethmbizvo@hotmail.com,oslo,,
200,Thommessen,M,NO,,university of oslo,,
201,Brinchmann-Hansen,O,NO,,oslo,,
202,Bennick,A,NO,,oslo,,
203,Torgersen,Y,NO,,oslo,,
204,Lønnebakken,Mai Tone,NO,,bergen,,
205,Stangvaltaite,Lina,NO,,tromsø,,
206,Hurlen,Petter,NO,petter.hurlen@ahus.no,lørenskog,,
207,Yingcharoen,K,NO,,university of oslo,,
208,Filseth,Ole Magnus,NO,ole.magnus.filseth@unn.no,n- tromsø,,
209,Linaker,Olav M,NO,olav.linaker@medisin.utnu.no,trondheim,,
210,Sreedhara,Ashoka,NO,ashoka.sreedhara@umb.no,aas,,
211,Gilboe,I M,NO,,diakonhjemmet hospital,,
212,Forberg,Knut,NO,,n- bergen,,
213,Goksøyr,A,NO,,university of bergen,,
214,Gundersen,Vidar,NO,vidar.gundersen@basalmed.uio.no,n-,,
215,Andersen,B M,NO,,university hospital of tromsø,,
216,Liisberg,U,NO,,bergen,,
217,Madsen,L,NO,,bergen,,
218,Kringlen,E,NO,,university of oslo,,
219,Christensen,Tom,NO,tom.christensen@ntnu.no,trondheim,,
220,Bjørke Monsen,Anne Lise,NO,,university of bergen,,
221,Haugan,I R,NO,,university of bergen,,
222,Laterza,Vito,NO,,oslo,,
223,Monclair,Tom,NO,tom.monclair@rikshospitalet.no,no- oslo,,
224,Flatmark,Kjersti,NO,kjersti.flatmark@labmed.uio.no,oslo,,
225,Huiberts,Ashild,NO,,bergen,,
226,Medbø,Astri,NO,astri.medbo@uit.no,tromsø,,
227,Foss,Christina,NO,i.c.foss@medisin.uio.no,oslo,,
228,Schniers,Armin,NO,,tromsø,,
229,Goll,Rasmus,NO,,tromsø,,
230,Pasing,Yvonne,NO,,tromsø,,
231,Sørbye,Sveinung Wergeland,NO,,tromsø,,
232,Florholmen,Jon,NO,,tromsø,,
233,Hansen,Terkel,NO,,tromsø,,
234,Ellingsen,D G,NO,,porsgrunn,,
235,Bogen,Bjarne,NO,,oslo,,
236,Bruserud,O,NO,,bergen,,
237,Magnaes,B,NO,,oslo university hospital,,
238,Sand,K M,NO,,bergen,,
239,Naess,H,NO,,bergen,,
240,Thomassen,L,NO,,bergen,,
241,Hoff,J M,NO,,bergen,,
242,Sioud,Mouldy,NO,mosioud@ulrik.uio.no,oslo,,
243,Hvalvik,Sigrun,NO,,faculty of health and social studies,,
244,Farup,P G,NO,,gjøvik,,
245,Bergh,K,NO,,university of trondheim,,
246,Gilbert,M Thomas P,NO,,trondheim,,
247,Fenaroli,Federico,NO,,oslo,,
248,Repnik,Urska,NO,,oslo,,
249,Skjeldal,Frode Miltzov,NO,,oslo,,
250,Frei,Dominik M,NO,,oslo,,
251,Bagherifam,Shahla,NO,,n- oslo,,
252,Kocere,Agnese,NO,,oslo,,
253,Griffiths,Gareth,NO,,oslo,,
254,Skeie,G O,NO,geir.olve.skeie@helse-bergen.no,university of bergen,,
255,Skrivarhaug,Torild,NO,,oslo,,
256,Ignjatovic,Dejan,NO,,forde,,
257,Lifjeld,Jan T,NO,j.t.lifjeld@nhm.uio.no,oslo,,
258,Sleboda,J,NO,,oslo,,
259,Patil,Vishwanath,NO,,as,,
260,Lamvik,J,NO,,trondheim university hospital,,
261,Bårnes,Guro K,NO,,oslo,,
262,Kristiansen,Paul A,NO,,oslo,,
263,Bohlin,Jon,NO,,oslo,,
264,Caugant,Dominique A,NO,dominique.caugant@fhi.no.,oslo,,
265,Johnsen,Magnar,NO,,tromsø,,
266,Johansen,K,NO,,university of oslo,,
267,Göransson,Magnus,NO,,ås,,
268,Strömsöe,K,NO,,oslo,,
269,Langeland,Eva,NO,eva.langeland@hib.no.,bergen,,
270,Tuntland,Hanne,NO,,bergen,,
271,Førland,Oddvar,NO,,bergen,,
272,Aas,Eline,NO,,oslo,,
273,Folkestad,Bjarte,NO,,bergen,,
274,Jacobsen,Frode F,NO,,bergen,,
275,Kjeken,Ingvild,NO,,oslo,,
276,Berhe,Nega,NO,nega_berhe@yahoo.com.,oslo,,
277,Meza-Zepeda,Leonardo A,NO,,oslo,,
278,Bjørnaes,Helge,NO,helge.bjornes@epilepsy.no,sandvika,,
279,Fæste,Christiane K,NO,christiane.faste@vetinst.no,n- oslo,,
280,Syversen,S W,NO,s.w.syversen@medisin.uio.no,oslo,,
281,Eriksen,Willy,NO,w.b.eriksen@medisin.uio.no,0403 oslo,,
282,Gao,Tao,NO,tao.gao@kjemi.uio.no,oslo,,
283,Stavang,Jon Anders,NO,,n- as,,
284,Svendby,T,NO,,kjeller,,
285,Walker,S-E,NO,,kjeller,,
286,Velken,A S,NO,,0663 oslo,,
287,Castell,N,NO,,kjeller,,
288,Solberg,S,NO,,kjeller,,
289,Haugen,M,NO,,oslo,,
290,Brandtzaeg,Per,NO,per.brandtzaeg@medisin.uio.no,rikshospitalet-radiumhospitalet medical center,,
291,Skagseth,Susann,NO,,tromsø,,
292,Christopeit,Tony,NO,,tromsø,,
293,Akhter,Sundus,NO,,tromsø,,
294,Bayer,Annette,NO,,tromsø,,
295,Samuelsen,Ørjan,NO,,tromsø,,
296,Leiros,Hanna-Kirsti S,NO,hanna-kirsti.leiros@uit.no.,tromsø,,
297,Lappegard,Øystein,NO,oystein.lappegard@vestreviken.no,ål,,
298,Fjell,Anders M,NO,andersmf@psykologi.uio.no,university of oslo,,
299,Jacobsen,Bjarne K,NO,,tromsø,,
300,Persson,Lars-Erik,NO,,narvik,,
301,Søreide,Kjetil,NO,,stavanger,,
302,Reite,Andreas,NO,,stavanger,,
303,Haaverstad,Rune,NO,,stavanger,,
304,Bjørklund,Geir,NO,,mo i rana,,
305,Larsen,Tor Ketil,NO,,university of bergen,,
306,Brønnick,Kolbjørn,NO,,stavanger,,
307,Bjerkeset,O,NO,,stavanger,,
308,Saether,Bernt-Erik,NO,bernt.erik.sather@bio.ntnu.no,n- trondheim,,
309,Birkeland,K I,NO,,oslo,,
310,Lossius,Hans Morten,NO,hans.morten.lossius@snla.no.,drøbak,,
311,Iversen,Johanne Marie,NO,johanniv@stud.ntnu.no,norges teknisk-naturvitenskapelige universitet,,
312,Vaudel,Marc,NO,,university of bergen,,
313,Emaus,Nina,NO,,tromsø,,
314,Lian,Olaug,NO,,tromsø,,
315,Van de Velde,Stijn,NO,,oslo,,
316,Lytvyn,Lyubov,NO,,olso,,
317,Helsingen,Lise,NO,,oslo,,
318,Knutsen,Gunnar,NO,,tromso,,
319,Olsen,Nina Rydland,NO,,bergen,,
320,Kristiansen,Annette,NO,,oslo,,
321,Tølløfsrud,Per Arne,NO,p.a.tollofsrud@klinmed.uio.no,oslo,,
322,Natvik,Eli,NO,,førde,,
323,Groven,Karen Synne,NO,,oslo,,
324,Råheim,Målfrid,NO,,bergen,,
325,Gjengedal,Eva,NO,,bergen,,
326,Knutsen,Helle K,NO,helle.knutsen@fhi.no,oslo,,
327,Dahal-Koirala,Shiva,NO,,oslo,,
328,Yu,Hao,NO,,oslo,,
329,Jahnsen,Jørgen,NO,,oslo,,
330,Qiao,Shuo-Wang,NO,,oslo,,
331,Sollid,Ludvig M,NO,,oslo,,
332,Delaleu,Nicolas,NO,nicolas.delaleu@gades.uib.no,5021 bergen,,
333,Lecomte,Nicolas,NO,nicolas.lecomte@uit.no,tromsø,,
334,Vanem,Thy Thy,NO,,oslo,,
335,Geiran,Odd Ragnar,NO,,oslo,,
336,Krohg-Sørensen,Kirsten,NO,,oslo,,
337,Røe,Cecilie,NO,,oslo,,
338,Paus,Benedicte,NO,,oslo,,
339,Rand-Hendriksen,Svend,NO,,nesoddtangen,,
340,Folkow,L P,NO,,university of tromsø,,
341,Erpelding,Marion,NO,,n-0316 oslo,,
342,Sinha,Santanu,NO,,n- trondheim,,
343,Tallakstad,Ken Tore,NO,,n-0316 oslo,,
344,Hansen,Alex,NO,,n- trondheim,,
345,Flekkøy,Eirik Grude,NO,,n-0316 oslo,,
346,Måløy,Knut Jørgen,NO,,n-0316 oslo,,
347,Fuglebakk,Edvin,NO,,bergen,,
348,Reuter,Nathalie,NO,,bergen,,
349,Raspotnig,M,NO,,bergen,,
350,Hoven,Gunn Beate,NO,,n- oslo,,
351,Tveita,T,NO,,tromsø,,
352,Lothe,R A,NO,rlothe@ulrik.uio.no,oslo,,
353,Eg,Ragnhild,NO,,simula research laboratory oslo,,
354,Behne,Dawn M,NO,,norwegian university of science and technology trondheim,,
355,Daatland,Svein Olav,NO,,oslo,,
356,Amofah,Hege Andersen,NO,,bergen,,
357,Bjorvatn,Bjørn,NO,,university of bergen,,
358,Haaverstad,Rune,NO,,university of bergen,,
359,Hufthammer,Karl Ove,NO,,bergen,,
360,Kuiper,Karel Kj,NO,,bergen,,
361,Ranhoff,Anette Hylen,NO,,bergen,,
362,Norekvål,Tone M,NO,tone.norekval@helse-bergen.no.,university of bergen,,
363,Storm,H,NO,hanne.storm@medisin.uio.no,oslo,,
364,Hansen,Bjørge Herman,NO,bjorge.herman.hansen@nih.no,oslo,,
365,Enerly,Espen,NO,,n- oslo,,
366,Kuśmierczyk,Tomasz,NO,,norwegian university of science and technology trondheim,,
367,Turzer,Martin,NO,,oslo,,
368,Weiss,Daniel,NO,daniw@ntnu.no.,trondheim,,
369,Lillefjell,Monica,NO,monica.lillefjell@ntnu.no.,trondheim,,
370,Magnus,Eva,NO,eva.magnus@ntnu.no.,trondheim,,
371,Grav,H J,NO,,blindern,,
372,Tveito,Aslak,NO,aslak@simula.no,lysaker,,
373,Iversen,Erik,NO,erik.iversen@olympiatoppen.no,oslo,,
374,Sen,Arunima,NO,,tromsø,,
375,Svenning,Mette Marianne,NO,,tromsø,,
376,Widström,E,NO,,tromsø,,
377,Lyngstadaas,S P,NO,spl@odont.uio.no,blindern,,
378,Bratlien,Unni,NO,unni.bratlien@sykehuset-innlandet.no,ottestad,,
379,Tøn,H,NO,,oslo,,
380,Taskén,K,NO,,sarpsborg,,
381,Abrahamsen,T G,NO,,oslo,,
382,Borkamo,Erling Dahl,NO,erling.dahl@helse-bergen.no,bergen,,
383,Benneche,T,NO,,university of oslo,,
384,Ferrante,Linda,NO,linda.ferrante@fhi.uio.no,oslo,,
385,Gjerden,Pål,NO,pal.gjerden@sthf.no,skien n-,,
386,Guldberg,C A,NO,,university of oslo,,
387,Nguyen,Nga H T,NO,,kjeller,,
388,Honningsvåg,Lasse-Marius,NO,lassemar@stud.ntnu.no,trondheim,,
389,Esser,Kjell B,NO,khell.esser@noragric.nlh.no,n-1432 as,,
390,Modanese,C,NO,,trondheim,,
391,Arnberg,L,NO,,trondheim,,
392,Di Sabatino,M,NO,,trondheim,,
393,Hartmann,A,NO,,oslo,,
394,Jørgensen,Beate Fosse,NO,,oslo,,
395,Skarstein,Dag,NO,,oslo,,
396,Schultz,Jon-Håkon,NO,,tromsø,,
397,Berget,Ellen,NO,,bergen,,
398,Helgeland,Lars,NO,,bergen,,
399,Liseth,Knut,NO,,bergen,,
400,Løkeland,Turid,NO,,bergen,,
401,Molven,Anders,NO,,bergen,,
402,Vintermyr,Olav Karsten,NO,,bergen,,
403,Dölle,Christian,NO,,bergen,,
404,Ziegler,Mathias,NO,,university of bergen,,
405,Lønning,P E,NO,,bergen,,
406,Eidet,Jon R,NO,,oslo,,
407,Bjørklund,Geir,NO,,mo i rana,,
408,Gupta,Puja,NO,puja.gupta@mbi.uib.no,n-5020 bergen,,
409,Holm,Anne Lise,NO,anne.holm@hsh.no,haugesund,,
410,Gudmund Hinderaker,Sven,NO,,bergen,,
411,Skogseth,Ragnhild,NO,,bergen,,
412,Soennesyn,Hogne,NO,,stavanger,,
413,Chwiszczuk,Luiza,NO,,bergen,,
414,Rongve,Arvid,NO,,bergen,,
415,Aarsland,Dag,NO,,stavanger,,
416,Xie,R K,NO,xieruik@yahoo.com,oslo,,
417,Olstorn,Havard,NO,havard.olstorn@medisin.uio.no,university of oslo,,
418,Lønning,P E,NO,plon@haukeland.no,bergen,,
419,Omvik,P,NO,,haukeland hospital,,
420,Eksteen,J Johannes,NO,,tromsø no-9294,,
421,Svendsen,John S,NO,,tromsø no-9294,,
422,Rekdal,Øystein,NO,,tromsø no-9294,,
423,González,Raquel Rodríguez,NO,,n- bergen,,
424,Stray-Pedersen,Babill,NO,,oslo,,
425,Torkildsen,O,NO,oivind.torkildsen@gmail.com,bergen,,
426,Bargmann,Tessa,NO,,bergen,,
427,Finsen,V,NO,,trondheim university hospital,,
428,Skraastad,Erlend,NO,erlend.skraastad@vestreviken.no.,oslo,,
429,Ræder,Johan,NO,,oslo,,
430,Dahl,Vegard,NO,,oslo,,
431,Bjertnæs,Lars J,NO,,tromsø,,
432,Kuklin,Vladimir,NO,,lørenskog,,
433,Wisløff,Ulrik,NO,,trondheim,,
434,Edvardsen,Thor,NO,,oslo,,
435,Pryme,Ian F,NO,ian.pryme@ibmb.uib.no,no- bergen,,
436,Clarsen,Benjamin,NO,,oslo,,
437,Bahr,Roald,NO,,oslo,,
438,Andersson,Stig Haugsboe,NO,,oslo,,
439,Munk,Rikke,NO,,oslo,,
440,Myklebust,Grethe,NO,,oslo,,
441,Hofstad,B,NO,,oslo,,
442,Ellingjord-Dale,Merete,NO,,oslo,,
443,Vos,Linda,NO,,oslo,,
444,Tretli,Steinar,NO,,oslo,,
445,Hofvind,Solveig,NO,,oslo,,
446,Ursin,Giske,NO,giske.ursin@kreftregisteret.no.,oslo,,
447,Kjeken,Ingvild,NO,,oslo,,
448,Holm,Inger,NO,,oslo university hospital,,
449,Steindal,Arnfinn Hykkerud,NO,,tromsø,,
450,Jacobsen,Ellisiv Lærum,NO,,oslo,,
451,Brovold,Therese,NO,,oslo,,
452,Bergland,Astrid,NO,,oslo,,
453,Bye,Asta,NO,,oslo,,
454,Pihlstrøm,Lasse,NO,,institute for clinical medicine,,
455,Toft,Mathias,NO,,oslo university hospital,,
456,Van den Broeck,Jan,NO,,bergen,,
457,Olsnes,Astrid Marta,NO,,bergen,,
458,Sønstevold,Tonje,NO,tonje.sonstevold@uib.no.,bergen,,
459,Johannessen,Anne Christine,NO,anne.johannessen@uib.no.,bergen,,
460,Stuhr,Linda,NO,linda.stuhr@uib.no.,bergen,,
461,Strøm,Nils J,NO,,n- oslo,,
462,Reikerås,Olav,NO,,n- oslo,,
463,Kristensen,Vessela N,NO,,lørenskog,,
464,Munang'andu,Hetron Mweemba,NO,hetron.munangandu@gmail.com,no-0033 oslo,,
465,Halse,Kirsten,NO,kirsten.halse@su.hio.no,faculty of nursing,,
466,Johansen,Jostein A,NO,,tromsø,,
467,Hansen,Jørn H,NO,,tromsø,,
468,Kristensen,V N,NO,,oslo,,
469,Rønning,B,NO,bernt.ronning@bio.ntnu.no,trondheim,,
470,Fossmark,Reidar,NO,reidar.fossmark@ntnu.no,trondheim,,
471,Berntzen,G,NO,,university of oslo,,
472,Ellingsen,Oyvind,NO,,trondheim,,
473,Solberg,Rønnaug,NO,ronnaug.solberg@medisin.uio.no,oslo,,
474,Rossow,I,NO,,oslo,,
475,Schjetlein,R,NO,,oslo,,
476,Sundset,Rune,NO,runes@fagmed.uit.no,tromsø,,
477,Bjerre,Anna,NO,,oslo,,
478,Handeland,Kjell,NO,kjell.handeland@vetinst.no,oslo,,
479,Bernabe,R D L C,NO,,oslo,,
480,Aliko,Ardita,NO,,bergen,,
481,Szczotok,Anna M,NO,,halden,,
482,Kjøniksen,Anna-Lena,NO,,halden,,
483,Andersen,Hilde Kjernlie,NO,,oslo,,
484,Völgyes,David,NO,,gjøvik,,
485,Martinsen,Anne Catrine Trægde,NO,,oslo,,
486,Berstad,Arnold,NO,arnold.berstad@med.uib.no,bergen,,
487,Caugant,Dominique A,NO,dominique.caugant@fhi.no,oslo,,
488,Ullsfoss,B N,NO,,university of oslo,,
489,Saebø,A,NO,,bergen university hospital,,
490,Gautvik,K M,NO,,university of oslo,,
491,Bersvendsen,H,NO,,tromsø,,
492,Syse,Aslak,NO,aslak.syse@jus.uio.no,university of oslo,,
493,Fleten,Caroline,NO,anne.caroline.fleten@fhi.no,n- oslo,,
494,Ekelund,Ulf,NO,,oslo,,
495,Haugvik,Sven-Petter,NO,svhaug@ous-hf.no.,oslo,,
496,Røsok,Bård Ingvald,NO,brosok@ous-hf.no.,oslo,,
497,Edwin,Bjørn,NO,bjorn.edwin@ous-hf.no.,oslo,,
498,Gladhaug,Ivar Prydz,NO,igladhau@ous-hf.no.,oslo,,
499,Mathisen,Øystein,NO,omathise@ous-hf.no.,oslo,,
500,Finsen,V,NO,vilh.finsen@medisin.ntnu.no,trondheim,,
501,Snipen,Lars,NO,lars.snipen@umb.no,as,,
502,Høiseth,Gudrun,NO,gudrun.hoiseth@fhi.no,n-0403 oslo,,
503,Liu,Hongliang,NO,,no- trondheim,,
504,Prot,Victorien Emile,NO,,no- trondheim,,
505,Mathelier,Anthony,NO,,n-5008 bergen,,
506,Schiøtz,Berit Lyng,NO,,oslo,,
507,Holst,N,NO,,university of tromsø,,
508,Svendsen,Ø S,NO,oyvind.svendsen@biomed.uib.no,bergen,,
509,Wijmenga,Cisca,NO,,oslo,,
510,Kaasa,Stein,NO,,oslo,,
511,Hjermstad,Marianne J,NO,,oslo,,
512,Stålesen,Jarle,NO,,no- kristiansand,,
513,Vik,Frøydis Nordgård,NO,,no- kristiansand,,
514,Hansen,Bjørge Herman,NO,,oslo,,
515,Berntsen,Sveinung,NO,,no- kristiansand,,
516,Dissen,E,NO,,university of oslo,,
517,Ericson,Ylva,NO,,longyearbyen,,
518,Gjengedal,Elin,NO,elin.gjengedal@nmbu.no.,aas,,
519,Kosiak,Elzbieta Barbara,NO,barbara.kosiak@vetinst.no,n-0033 oslo,,
520,Skyberg,K,NO,,oslo,,
521,Haugen,H,NO,,oslo,,
522,Myhrer,T,NO,,oslo,,
523,Ekeberg,Øivind,NO,oivind.ekeberg@aas.no,oslo,,
524,Danbolt,N C,NO,,university of oslo,,
525,Friis,S,NO,svein.friis@medisin.uio.no.,oslo,,
526,Stakkestad,Øystein,NO,,university of oslo oslo,,
527,Lyngstadaas,Ståle P,NO,,university of oslo oslo,,
528,Gordeladze,Jan O,NO,,university of oslo oslo,,
529,Reseland,Janne Elin,NO,,university of oslo oslo,,
530,Moksnes,Håvard,NO,havard.moksnes@nih.no.,oslo,,
531,Grindem,Hege,NO,,oslo,,
532,Aase,Heidi,NO,heidiaa@atferd.unirand.no,0118 oslo,,
533,Baekelandt,M,NO,,oslo,,
534,Hofstad,T,NO,,the gade institute,,
535,Schiøtz,Berit L,NO,b.l.schiotz@farmasi.uio.no,university of oslo,,
536,Thomas,Laurent F,NO,,trondheim,,
537,Martín-Durán,José M,NO,chema.martin@sars.uib.no,bergen,,
538,Thrane,Alexander S,NO,,bergen,,
539,Várnai,Anikó,NO,,aas,,
540,Enserink,Jorrit M,NO,,n- oslo,,
541,Eriksen,Bjørn Odvar,NO,,tromsø,,
542,Melsom,Toralf,NO,,tromsø,,
543,Olsen,Sequssuna,NO,sequssuna@hotmail.com.,bod ø,,
544,Sauter,Axel R,NO,sauter@start.no,oslo,,
545,Lie,E S,NO,,oslo,,
546,Fossum,Even,NO,,oslo,,
547,Wethal,T,NO,torgeir.wethal@medisin.uio.no,oslo,,
548,Gjertsen,Bjørn T,NO,bjorn.gjertsen@uib.no.,bergen,,
549,Kvarstein,Gunnvald,NO,,oslo,,
550,Schots,Pauke C,NO,pauke.schots@gmail.com.,tromsø,,
551,Bue,Marie E,NO,,tromsø,,
552,Nordøy,Erling S,NO,,tromsø,,
553,Meza-Zepeda,Leonardo A,NO,,oslo,,
554,Ryding,Mauritz,NO,,oslo,,
555,Uggerud,Einar,NO,,oslo,,
556,Saleh,I M,NO,imans@odont.uio.no,haslum,,
557,Ueland,Thor,NO,thor.ueland@medisin.uio.no,oslo,,
558,Caspari,Synnøve,NO,synnove.caspari@senior.hioa.no,oslo,,
559,Berg,K,NO,,ullevål university hospital,,
560,Pryme,Ian F,NO,ian.pryme@ibmb.uib.no,no- bergen,,
561,Sekiguchi,Osamu,NO,,oslo,,
562,Hautz,Wolf E,NO,,oslo,,
563,Schauber,Stefan K,NO,,oslo,,
564,Mikolajewska,Patrycja,NO,,oslo,,
565,Juzeniene,Asta,NO,,oslo,,
566,Moan,Johan,NO,,0316 oslo,,
567,Langseth,W,NO,,oslo,,
568,Oen,Amy M P,NO,amy.oen@ngi.no,oslo,,
569,Ihle-Hansen,Håkon,NO,haaihl@vestreviken.no.,drammen,,
570,Vigen,Thea,NO,,university of oslo,,
571,Ihle-Hansen,Hege,NO,,drammen,,
572,Rønning,Ole Morten,NO,,university of oslo,,
573,Berge,Trygve,NO,,drammen,,
574,Thommessen,Bente,NO,,lørenskog,,
575,Lyngbakken,Magnus Nakrem,NO,,university of oslo,,
576,Orstad,Eivind Bjørkan,NO,,lørenskog,,
577,Enger,Steve,NO,,drammen,,
578,Nygård,Ståle,NO,,oslo university hospital and the university of oslo,,
579,Røsjø,Helge,NO,,university of oslo,,
580,Tveit,Arnljot,NO,,drammen,,
581,Løkkeborg,Svein,NO,svein.lokkeborg@imr.no,bergen,,
582,Rees,David,NO,,bergen,,
583,Glenner,Henrik,NO,,bergen,,
584,Loftheim,Håvard,NO,anders.asberg@farmasi.uio.no.,oslo,,
585,Engeland,Anders,NO,,oslo,,
586,Furu,Kari,NO,,oslo,,
587,Karlstad,Øystein,NO,,oslo,,
588,Olsen,Esben Moland,NO,,n- his,,
589,Specht,Karsten,NO,,haukeland university hospital bergen,,
590,Hagen,K B,NO,,oslo,,
591,Åsberg,Anders,NO,,oslo,,
592,Waage,A,NO,,university of trondheim,,
593,Munang'andu,Hetron Mweemba,NO,,n-0033 oslo,,
594,Wu,Qinglan,NO,qinglan.wu@kjemi.uio.no,1432-as,,
595,Berge,Eivind,NO,,oslo,,
596,Nord,Andreas,NO,,tromsø,,
597,Andersen,O,NO,,university of oslo,,
598,Abrahamsen,A M,NO,,stavanger,,
599,Halvorsen,B,NO,,university of oslo,,
600,Noer,Agate,NO,,oslo,,
601,Moe,Morten C,NO,,oslo,,
602,Petrovski,Goran,NO,,oslo,,
603,Eikje,L S,NO,se@nsg.no,ås,,
604,Viken,Berit,NO,,kongsberg,,
605,Lyberg,Anne,NO,,kongsberg,,
606,Severinsson,Elisabeth,NO,,kongsberg,,
607,Obia,Alfred,NO,,ås,,
608,Mulder,Jan,NO,,ås,,
609,Dörsch,Peter,NO,,ås,,
610,Cole,George C,NO,,no-0315 oslo,,
611,Bolvin,Hélène,NO,,oslo,,
612,Defaye,Frehiwot Berhane,NO,frehiwot.berhane@gmail.com.,bergen,,
613,Norheim,Ole Frithjof,NO,ole.norheim@uib.no.,bergen,,
614,Miljeteig,Ingrid,NO,ingrid.miljeteig@uib.no.,bergen,,
615,Lyssimachou,Angeliki,NO,,trondheim,,
616,Heier,Hans Erik,NO,h.e.heier@medisin.uio.no,oslo university hospital,,
617,Fagerli,Karen Minde,NO,,oslo,,
618,Gauslaa,Yngvar,NO,,ås,,
619,Laake,Jon Henrik,NO,,oslo,,
620,Vandvik,Per Olav,NO,,oslo,,
621,Skjønsberg,O H,NO,,oslo,,
622,Dickstein,Kenneth,NO,,bergen,,
623,Brackman,D,NO,,haukeland hospital,,
624,Dunlop,O,NO,,oslo,,
625,Swenson,Jon E,NO,,trondheim 7485,,
626,Grønseth,Rune,NO,,bergen,,
627,Drengenes,Christine,NO,,bergen,,
628,Wiker,Harald G,NO,,bergen,,
629,Tangedal,Solveig,NO,,bergen,,
630,Xue,Yaxin,NO,,bergen,,
631,Husebø,Gunnar Reksten,NO,,bergen,,
632,Svanes,Øistein,NO,,bergen,,
633,Lehmann,Sverre,NO,,bergen,,
634,Aardal,Marit,NO,,bergen,,
635,Hoang,Tuyen,NO,,bergen,,
636,Kalananthan,Tharmini,NO,,bergen,,
637,Hjellestad Martinsen,Einar Marius,NO,,bergen,,
638,Orvedal Leiten,Elise,NO,,bergen,,
639,Aanerud,Marianne,NO,,bergen,,
640,Nordeide,Eli,NO,,bergen,,
641,Haaland,Ingvild,NO,,bergen,,
642,Jonassen,Inge,NO,,bergen,,
643,Bakke,Per,NO,,bergen,,
644,Eagan,Tomas,NO,,bergen,,
645,Ordóñez-Robles,María,NO,,no- trondheim,,
646,Indrebø,Marianne,NO,,oslo,,
647,Berg,Ansgar,NO,,bergen,,
648,Holmstrøm,Henrik,NO,,oslo,,
649,Seem,Egil,NO,,oslo,,
650,Guthe,Hans Jørgen,NO,,bergen,,
651,Wiig,Helge,NO,,bergen,,
652,Norgård,Gunnar,NO,,oslo,,
653,Okullo,Willy,NO,,n- bergen,,
654,Brekken,Reidar,NO,,trondheim,,
655,Selbekk,Tormod,NO,,trondheim,,
656,Kvien,Tore K,NO,,oslo,,
657,Kristianslund,Eirik Klami,NO,,oslo,,
658,Krokstad,Steinar,NO,steinar.krokstad@ntnu.no,norwegian university of science and technology,,
659,Pedersen,Reidar,NO,reidar.pedersen@medisin.uio.no,oslo,,
660,Rossetti,Cecilia,NO,,oslo,,
661,Ore,Odd Gøran,NO,,oslo,,
662,Halvorsen,Trine Grønhaug,NO,,oslo,,
663,Reubsaet,Léon,NO,j.l.reubsaet@farmasi.uio.no.,oslo,,
664,Halvorsen,Inger,NO,inger.halvorsen@r-bup.no,drammen,,
665,Drabløs,F,NO,,trondheim,,
666,Sandal,Gro M,NO,gro.sandal@psysp.uib.no,university of bergen,,
667,Gasior-Chrzan,B,NO,,tromsø,,
668,Tangen,J M,NO,,oslo,,
669,Bangera,R,NO,,sunndalsora,,
670,Leiknes,Ingrid,NO,leii@sus.no,stavanger,,
671,Malaba,L,NO,,university of oslo,,
672,Mensah,J K,NO,,as,,
673,Geiseler,S J,NO,,no- tromsø,,
674,Folkow,L P,NO,,no- tromsø,,
675,Flindt-Hansen,H,NO,,university of oslo,,
676,Lundervold,Astri J,NO,astri.lundervold@psych.uib.no,bergen,,
677,Rønning,O M,NO,omro@online.no,nordbyhagen,,
678,Hansen,Thor W R,NO,,oslo,,
679,Reknes,I,NO,,bergen,,
680,Harris,A,NO,,bergen,,
681,Einarsen,S,NO,,bergen,,
682,Ellingsen,D G,NO,,porsgrunn,,
683,Lamandé,Mathieu,NO,,ås,,
684,Ofstad,Eirik Hugaas,NO,,tromsø,,
685,Svennevig,Jan,NO,,oslo,,
686,Barton,David N,NO,david.barton@nina.no,oslo,,
687,Fjeld,Katrine G,NO,,oslo,,
688,Crespo Campo,L,NO,,no- oslo,,
689,Guttormsen,M,NO,,no- oslo,,
690,Larsen,A C,NO,,no- oslo,,
691,Renstrøm,T,NO,,no- oslo,,
692,Siem,S,NO,,no- oslo,,
693,Gronnerod,Cato,NO,cato.gronnerod@psykomatikk.no,university of oslo,,
694,Støylen,Asbjørn,NO,a-stoe@online.no,n- trondheim,,
695,Eriksen,H M,NO,,university of oslo,,
696,Kulseng,B,NO,,trondheim,,
697,Knivsberg,A M,NO,,stavanger college,,
698,Riksen,Elisabeth A,NO,,oslo,,
699,Lie,Rolv Terje,NO,rolv.lie@uib.no.,bergen,,
700,Moster,Dag,NO,,bergen,,
701,Strand,Per,NO,,oslo,,
702,Babic,Aleksandar,NO,,oslo 0373,,
703,Odland,Hans Henrik,NO,,oslo 0316,,
704,Gérard,Olivier,NO,,horten,,
705,Samset,Eigil,NO,,oslo 0373,,
706,Horgen,Gunnar,NO,gunar.horgen@hibu.no,kongsberg,,
707,Wang,Meng Y,NO,,oslo,,
708,Aschfalk,A,NO,aschfalk@veths.no,tromsø,,
709,Bruserud,Øystein,NO,oystein.bruserud@haukeland.no,n- bergen,,
710,Prasmickaite,Lina,NO,linap@ulrik.uio.no,oslo,,
711,Handeland,Kjell,NO,,oslo,,
712,Vikøren,Turid,NO,,oslo,,
713,Josefsen,Terje D,NO,,tromsø,,
714,Madslien,Knut,NO,,oslo,,
715,Valdecanas,Belinda,NO,,oslo,,
716,Uhlig,Silvio,NO,,oslo,,
717,Nielsen,Renie Birkedal,NO,,n-0315 oslo,,
718,Randby,Anna,NO,,oslo,,
719,Namtvedt,Silje K,NO,,oslo,,
720,Einvik,Gunnar,NO,,oslo,,
721,Hrubos-Strøm,Harald,NO,,oslo,,
722,Hagve,Tor-Arne,NO,,oslo,,
723,Drage Berentsen,Ragnhild,NO,,bergen,,
724,Haukanes,Bjørn I,NO,,bergen,,
725,Júlíusson,Pétur B,NO,,bergen,,
726,Rosendahl,Karen,NO,,bergen,,
727,Houge,Gunnar,NO,,bergen,,
728,Wood,Mollie E,NO,,oslo,,
729,Nordeng,Hedvig M E,NO,,oslo,,
730,Zahl,Sverre Morten,NO,sverre.zahl@gmail.com,bergen,,
731,Gilja,O H,NO,odd.gilja@meda.uib.no,university of bergen,,
732,Carlsen,Tor,NO,tor.carlsen@bio.uio.no,n-0316 oslo,,
733,Sagvolden,T,NO,terje.sagvolden@medisin.uio.no.,oslo,,
734,Espeland,Valbjørg,NO,valbjorg.espeland@hisf.no,førde,,
735,Bissaro,Bastien,NO,,ås,,
736,Røhr,Åsmund K,NO,,ås,,
737,Müller,Gerdt,NO,,ås,,
738,Chylenski,Piotr,NO,,ås,,
739,Skaugen,Morten,NO,,ås,,
740,Forsberg,Zarah,NO,,ås,,
741,Horn,Svein J,NO,,ås,,
742,Vaaje-Kolstad,Gustav,NO,,ås,,
743,Eijsink,Vincent G H,NO,,ås,,
744,Eilertsen,K-E,NO,,n- tromsø,,
745,Bjøro,Trine,NO,,oslo,,
746,Norheim,Ingrid,NO,,oslo,,
747,Strand,Tor A,NO,,lillehammer,,
748,Barikmo,Ingrid,NO,,oslo,,
749,Henjum,Sigrun,NO,,oslo,,
750,Atar,Dan,NO,,oslo university hospital ulleval and university of oslo,,
751,Dickstein,Kenneth,NO,,stavanger,,
752,Moan,J,NO,,oslo 3,,
753,Holand,Håkon,NO,,trondheim,,
754,Jensen,Henrik,NO,,trondheim,,
755,Tufto,Jarle,NO,,trondheim,,
756,Sæther,Bernt-Erik,NO,,trondheim,,
757,Ringsby,Thor Harald,NO,,trondheim,,
758,Alvik,Astrid,NO,astrid.alvik@medisin.uio.no,oslo,,
759,David,Florent,NO,flo_david@hotmail.com.,oslo,,
760,Seip,Kotryna,NO,,oslo,,
761,Fleten,Karianne G,NO,,oslo,,
762,Barkovskaya,Anna,NO,,oslo,,
763,Nygaard,Vigdis,NO,,oslo,,
764,Haugen,Mads H,NO,,oslo,,
765,Engesæter,Birgit Ø,NO,,oslo,,
766,Mælandsmo,Gunhild M,NO,,oslo,,
767,Prasmickaite,Lina,NO,,oslo,,
768,Tonstad,S,NO,,oslo,,
769,Zegeye,Ephrem Debebe,NO,,oslo,,
770,Balasingham,Seetha V,NO,,oslo,,
771,Laerdahl,Jon K,NO,,oslo,,
772,Homberset,Håvard,NO,,oslo,,
773,Kristiansen,Per E,NO,,oslo,,
774,Tønjum,Tone,NO,,oslo,,
775,Torsvik,Malvin,NO,,north trøndelag university college at levanger,,
776,Florholmen,Jon,NO,,tromsø,,
777,Goncearenco,Alexander,NO,,university of bergen,,
778,Stopkowicz,Stella,NO,,n- oslo,,
779,Østlie,Hilde Marit,NO,hilde.ostlie@ikbm.nlh.no,n-1432 as,,
780,Rollag,A,NO,,nordbyhagen,,
781,Heldahl,Mariann G,NO,mariann.g.heldahl@ntnu.no,trondheim,,
782,Rölla,G,NO,grolla@odont.uio.no,blindern,,
783,Muwonge,Adrian,NO,adrian.muwonge@veths.no,oslo,,
784,Markestad,T,NO,,university of bergen,,
785,Selås,Vidar,NO,,n-1432 ås,,
786,Brekke,Johan F,NO,,bergen,,
787,Johansen,Tone Bjordal,NO,tone.bjordal-johansen@vetinst.no,oslo,,
788,Flægstad,Trond,NO,trond.flaegstad@unn.no,universitetssykehuset nord-norge og universitetet i tromsø,,
789,Brataas,Arne,NO,,no,,
790,Oldereid,N B,NO,,oslo,,
791,Folkow,Lars P,NO,lars.folkow@uit.no.,tromsø no-,,
792,Blix,Arnoldus Schytte,NO,,tromsø no-,,
793,Dysthe,Dag Kristian,NO,,n-0316 oslo,,
794,Schiemann,Sabrina,NO,,bergen,,
795,Hong,Yu,NO,,bergen,,
796,Langsrud,Solveig,NO,solveig.langsrud@matforsk.no,as,,
797,Malt,Eva Albertsen,NO,eva.albertsen@psych.uib.no,n- bergen,,
798,Thomas,Matthew Gwynfryn,NO,,tromsø,,
799,Bårdsen,Bård-Jørgen,NO,,tromsø,,
800,Næss,Marius Warg,NO,,tromsø,,
801,Rofstad,Einar K,NO,einar.k.rofstad@rr-research.no,oslo,,
802,Ostvik,Ann E,NO,,trondheim,,
803,Lind,Ranveig,NO,,norway; university hospital of north norway,,
804,Grønlien,Jens Halvard,NO,,oslo,,
805,van Dulmen,Sandra,NO,,drammen,,
806,Schubert,Thomas W,NO,,oslo,,
807,Vanky,Eszter,NO,,trondheim,,
808,Odland,Maria Lisa,NO,,trondheim,,
809,Møllerløkken,Ole J,NO,ole.mollerlokken@isf.uib.no,bergen,,
810,Nieder,Carsten,NO,carsten.nieder@nlsh.no,bodø,,
811,Kerty,E,NO,,university of oslo,,
812,Rygg,M,NO,,university of tromsø,,
813,Gravdal,Karsten,NO,,bergen,,
814,Derocher,Andrew E,NO,,n- tromso,,
815,Rahim,Yousif,NO,rahim@online.no,harstad,,
816,Baerheim,Anders,NO,anders.barheim@isf.uib.no,university of bergen,,
817,Amundsen,E J,NO,eja@sirus.no,oslo,,
818,Heggelund,P,NO,,university of oslo,,
819,Morken,Gunnar,NO,gunnar.morken@ntnu.no,trondheim,,
820,Rosendahl,Karen,NO,,bergen,,
821,Bruserud,Ingvild Sævold,NO,,bergen,,
822,Oehme,Ninnie,NO,,bergen,,
823,Júlíusson,Pétur Benedikt,NO,,bergen,,
824,Müller,Lil-Sofie Ording,NO,,oslo,,
825,Seiler,Stephen,NO,stephen.seiler@hia.no,kristiansand,,
826,Moe,Rikke H,NO,rikke.moe@nrrk.no,oslo,,
827,Gjessing,Mona C,NO,,oslo,,
828,Aamelfot,Maria,NO,,oslo,,
829,Benestad,Sylvie L,NO,,oslo,,
830,Dale,Ole B,NO,,oslo,,
831,Thoen,Even,NO,,oslo,,
832,Weli,Simon C,NO,,oslo,,
833,Hasle,Gunnar,NO,,oslo,,
834,Mysterud,Atle,NO,atle.mysterud@bio.uio.no,no-0316 oslo,,
835,Johannessen,Asgeir,NO,asgeir.johannessen@medisin.uio.no,oslo,,
836,Anker,G B,NO,,bergen,,
837,Sæther,Bernt-Erik,NO,bernt-erik.sather@bio.ntnu.no.,trondheim,,
838,Grøtan,Vidar,NO,,trondheim,,
839,Engen,Steinar,NO,,trondheim,,
840,Brooks,Steven J,NO,,no- oslo,,
841,Grøsvik,Bjørn Einar,NO,,no-5817 bergen,,
842,Meier,Sonnich,NO,,no-5817 bergen,,
843,Sydnes,Magne O,NO,,no- stavanger,,
844,Sjåvik,Kristin,NO,,tromsø,,
845,Solheim,Ole,NO,,trondheim,,
846,Gulati,Sasha,NO,,trondheim,,
847,Weber,Clemens,NO,,trondheim,,
848,Ingebrigtsen,Tor,NO,,tromsø,,
849,Gomes,Tânia,NO,,no-0349 oslo,,
850,Brede,Dag A,NO,,ås,,
851,Lindbo Hansen,Elisabeth,NO,,1332 østerås,,
852,Mutoloki,Stephen,NO,,0033 oslo,,
853,Salbu,Brit,NO,,ås,,
854,Kassaye,Yetneberk A,NO,,ås,,
855,Olsen,Ann-Karin,NO,,0403 oslo,,
856,Oughton,Deborah,NO,,ås,,
857,Aleström,Peter,NO,,0033 oslo,,
858,Lyche,Jan L,NO,,0033 oslo,,
859,Pärn,Henrik,NO,henrik.parn@bio.ntnu.no,trondheim,,
860,Heitmann,Kristine,NO,kristine.heitmann@igs.uib.no.,bergen,,
861,Solheimsnes,Anja,NO,,bergen,,
862,Havnen,Gro C,NO,,oslo,,
863,Nordeng,Hedvig,NO,,oslo,,
864,Holst,Lone,NO,,bergen,,
865,Haugen,Nils Erland L,NO,nils.haugen@phys.ntnu.no,n- trondheim,,
866,Bakkevig,O,NO,,university of oslo,,
867,Furnes,Ove,NO,,bergen,,
868,Dale,Håvard,NO,,bergen,,
869,Eriksen,Hanne-Merete,NO,,oslo,,
870,Aavitsland,Preben,NO,,kristiansand,,
871,Skjeldestad,Finn Egil,NO,,tromsø,,
872,Rodríguez,Marta,NO,,oslo,,
873,Hessvik,Nina P,NO,,oslo,,
874,Lorenz,Susanne,NO,,oslo,,
875,Fromm,Bastian,NO,,oslo,,
876,Berge,Viktor,NO,,oslo,,
877,Sandvig,Kirsten,NO,,oslo,,
878,Llorente,Alicia,NO,alicia.martinez.llorente@rr-research.no.,oslo,,
879,Søreng,Kristiane,NO,,oslo,,
880,Munson,Michael J,NO,,oslo,,
881,Bjørndal,Gunnveig T,NO,,oslo,,
882,Pankiv,Serhiy,NO,,oslo,,
883,Simonsen,Anne,NO,anne.simonsen@medisin.uio.no.,oslo,,
884,Madslien,E H,NO,,oslo,,
885,Børud,Bente,NO,bente.borud@imbv.uio.no,oslo,,
886,Sandbæk,Mona,NO,mona.sandbak@hioa.no.,oslo,,
887,Bjørge,T,NO,tone.bjorge@isf.uib.no,n- bergen,,
888,Martinsen,Jan Ivar,NO,,oslo,,
889,Weiderpass,Elisabete,NO,,oslo,,
890,Kjaerheim,Kristina,NO,,oslo,,
891,Naess,Are,NO,,n-bergen,,
892,Stavem,Knut,NO,knut.stavem@klinmed.uio.no,nordbyhagen,,
893,Isaksen,J,NO,,lillehammer,,
894,Näsholm,Sven Peter,NO,svenpn@ifi.uio.no,trondheim,,
895,Lund,May Brit,NO,,oslo,,
896,Brunborg,Cathrine,NO,,oslo,,
897,Solberg,Steinar,NO,,oslo,,
898,Kongerud,Johny,NO,,oslo,,
899,Atar,Dan,NO,,oslo university hospital,,
900,Jakobsen,Jarl A,NO,,oslo,,
901,Mateos-Rivera,Alejandro,NO,,bergen,,
902,Øvreås,Lise,NO,,bergen,,
903,Wilson,Bryan,NO,,bergen,,
904,Yde,Jacob C,NO,,sogndal,,
905,Gjesdal,Ola,NO,,oslo,,
906,Trieu,Mai-Chi,NO,,bergen,,
907,Zhou,Fan,NO,,bergen,,
908,Lartey,Sarah Larteley,NO,,bergen,,
909,Mjaaland,Siri,NO,,bergen,,
910,Cox,Rebecca Jane,NO,,bergen,,
911,Eggesbø,Merete,NO,merete.eggesbo@fhi.no.,oslo,,
912,Frihagen,F,NO,,oslo,,
913,Larssen,Thorjørn,NO,thorjorn.larssen@niva.no,oslo,,
914,Skaugen,Morten,NO,morten.skaugen@ikb.nlh.no,n-1432 as-nlh,,
915,Istre,Olav,NO,,oslo,,
916,Bergersen,L H,NO,,oslo,,
917,Østhus,Ståle,NO,so@sirus.no,oslo,,
918,Skjerdal,Olaug Taran,NO,taran.skjerdal@dnv.com,tromsø n-,,
919,Bakke,O,NO,,trondheim,,
920,Rongved,P,NO,,oslo,,
921,Magdolenova,Zuzana,NO,,no- kjeller,,
922,Manø,Stein,NO,,no- kjeller,,
923,Dusinska,Maria,NO,,no- kjeller,,
924,Holme,Ingar,NO,ingar.holme@uus.no,oslo n-,,
925,Rootwelt,T,NO,,rikshospitalet,,
926,Kleive,Dyre,NO,,oslo,,
927,Olsen,Frank,NO,,tromsø,,
928,Lassen,Kristoffer,NO,,oslo,,
929,Breitve,Monica H,NO,,haugesund,,
930,Chwiszczuk,Luiza J,NO,,haugesund,,
931,Hynninen,Minna J,NO,,5009,,
932,Rongve,Arvid,NO,,5020,,
933,Brønnick,Kolbjørn,NO,,stavanger,,
934,Janvin,Carmen,NO,,stavanger,,
935,Langhammer,Birgitta,NO,,oslo,,
936,Sällström,Susanne,NO,,nesoddtangen,,
937,Becker,Frank,NO,,nesoddtangen,,
938,Stanghelle,Johan K,NO,,nesoddtangen,,
939,Skadberg,B T,NO,,university hospital of bergen,,
940,Seiler,Stephen,NO,,kristiansand,,
941,Rasmussen,M,NO,,oslo,,
942,Arntzen,Magnus Ø,NO,,oslo,,
943,Boddie,Paul,NO,,oslo,,
944,Frick,Rahel,NO,,oslo,,
945,Koehler,Christian J,NO,,oslo,,
946,Thiede,Bernd,NO,,oslo,,
947,Baekelandt,M,NO,,oslo,,
948,Tennøe,Simen,NO,,oslo,,
949,Halnes,Geir,NO,,oslo,,
950,Einevoll,Gaute T,NO,,oslo,,
951,Lund-Johansen,P,NO,,university of bergen school of medicine,,
952,Beegle-Krause,C J,NO,,trondheim,,
953,Hughes,Nick,NO,,tromsø,,
954,Reed,Mark,NO,,vikhammer,,
955,Bakke,Marit Jørgensen,NO,marit.bakke@nvh.no,n- oslo,,
956,Asghar,Shaheen,NO,,oslo,,
957,Elsås,T,NO,,university of trondheim,,
958,Kazazic,Maja,NO,,n- oslo,,
959,Tiainen,Hanna,NO,,oslo,,
960,Myhrer,Trond,NO,,no- kjeller,,
961,Mariussen,Espen,NO,,no- kjeller,,
962,Enger,Siri,NO,,no- kjeller,,
963,Seland,,NO,,n-,,
964,Omvik,P,NO,,bergen,,
965,Pedersen,Kristine B,NO,,tromsø,,
966,Lejon,Tore,NO,,tromsø,,
967,Slaughter,Laura A,NO,laura.slaughter@rikshospitalet.no,oslo,,
968,Otterlei,M,NO,,university of trondheim,,
969,Dimcevski,Georg,NO,,bergen,,
970,Skorstad,Mette,NO,mette.skorstad@gmail.com.,tonsberg,,
971,Lieng,Marit,NO,,oslo,,
972,Villegas-Ríos,David,NO,,his,,
973,Freitas,Carla,NO,,kristiansand,,
974,Moland,Even,NO,,his,,
975,Olsen,Esben M,NO,,his,,
976,Andersson,K B,NO,,university of oslo,,
977,Moe,Aud,NO,,nord-trøndelag,,
978,Brataas,Hildfrid V,NO,,nord-trøndelag,,
979,Vollset,Stein Emil,NO,vollset@uib.no,bergen,,
980,Breivik,Knut,NO,,no- kjeller,,
981,Tambs,K,NO,,university of oslo,,
982,Madhun,Abdullah S,NO,abdullah.madhun@gades.uib.no,n- bergen,,
983,Norum,Hilde M,NO,,oslo,,
984,Meyer,Haakon E,NO,haakon.meyer@fhi.no.,oslo,,
985,Holvik,Kristin,NO,,0403 oslo,,
986,Kleiveland,Charlotte R,NO,charlotte.kleiveland@umb.no,ås,,
987,Meberg,Alf,NO,alf.meberg@siv.no,tønsberg,,
988,Moshina,Nataliia,NO,,oslo,,
989,Roman,Marta,NO,,oslo,,
990,Sebuødegård,Sofie,NO,,oslo,,
991,Waade,Gunvor G,NO,,oslo,,
992,Ursin,Giske,NO,,oslo,,
993,Hofvind,Solveig,NO,,oslo,,
994,Berg,T,NO,,n-,,
995,Ekelund,Ulf,NO,,oslo,,
996,Stokkan,Karl-Arne,NO,karl-arne.stokkan@fagmed.uit.no,tromsø,,
997,Jacobsen,E B,NO,,university of bergen,,
998,Nord,Erik,NO,,oslo,,
999,Aakhus,Eivind,NO,,ottestad,,
1000,Fiskaadal,H J,NO,,ullevaal hospital,,
1001,Bekkelund,S I,NO,,university hospital tromsø,,
1002,Pedersen,Ingeborg,NO,,ås,,
1003,Patil,Grete,NO,,ås,,
1004,Berget,Bente,NO,,ås,,
1005,Ihlebæk,Camilla,NO,,ås,,
1006,Gonzalez,Marianne Thorsen,NO,,oslo,,
1007,Mayerhofer,Cristiane C K,NO,,oslo,,
1008,Awoyemi,Ayodeji O,NO,,oslo,,
1009,Lappegård,Knut Tore,NO,,bodø,,
1010,Hov,Johannes R,NO,,oslo,,
1011,Aukrust,Pål,NO,,oslo,,
1012,Hovland,Anders,NO,,bodø,,
1013,Halvorsen,Sigrun,NO,,oslo,,
1014,Seljeflot,Ingebjørg,NO,,oslo,,
1015,Gullestad,Lars,NO,,oslo,,
1016,Trøseid,Marius,NO,,oslo,,
1017,Broch,Kaspar,NO,,oslo,,
1018,Tvinnereim,Helene Meyer,NO,helene.tvinnereim@odont.uib.no,n- bergen,,
1019,Pedersen,Jesper Holst,NO,,lørenskog,,
1020,Tønnesen,Philip,NO,,lørenskog,,
1021,Ashraf,Haseem,NO,,lørenskog,,
1022,Hallenstvedt,E,NO,elin.hallenstvedt@fkf.no,n-1432 ås,,
1023,Tambs,Kristian,NO,kristian.tambs@fhi.no,n- oslo,,
1024,Brustugun,J,NO,,oslo,,
1025,Emberland,K E,NO,keem@fhi.no,oslo,,
1026,Aase,Karina,NO,karina.aase@uis.no,n- stavanger,,
1027,Djupesland,P G,NO,,university of oslo,,
1028,Øiestad,Åse Marit Leere,NO,,n-0424 oslo,,
1029,Rogde,Sidsel,NO,,n-0318 oslo,,
1030,Andersen,Jannike Mørch,NO,,n-0424 oslo,,
1031,Høiseth,Gudrun,NO,,n-0318 oslo,,
1032,Handal,Marte,NO,,n-0403 oslo,,
1033,Mørland,Jørg,NO,,n-0403 oslo,,
1034,Vindenes,Vigdis,NO,,n-0318 oslo,,
1035,Christensen,E,NO,eidi.christensen@stolav.no,trondheim,,
1036,Höglund,Erik,NO,,oslo,,
1037,Rønning,Helene Thorsen,NO,,n-0033 oslo,,
1038,Sydnes,Leiv K,NO,,n-5020 bergen,,
1039,van Dulmen,Sandra,NO,,drammen,,
1040,Bjerknes,Tale L,NO,,no- trondheim,,
1041,Moser,Edvard I,NO,,no- trondheim,,
1042,Holmedal,Lise Jofrid,NO,,stord,,
1043,Khoury,Janette,NO,,oslo,,
1044,Kvamme,Bent,NO,,oslo,,
1045,Schmidt,P P,NO,,university of oslo,,
1046,Abebe,Tatek,NO,tatek.abebe@svt.ntnu.no,trondheim,,
1047,Søreide,K,NO,,stavanger,,
1048,Terjesen,T,NO,,trondheim university hospital,,
1049,Sorteberg,Angelika,NO,,oslo,,
1050,Dahlberg,Daniel,NO,,oslo,,
1051,Nielsen,Morten Birkeland,NO,morten.nielsen@psysp.uib.no,bergen,,
1052,Høye,Sevald,NO,sevald.hoye@hihm.no,elverum,,
1053,Mollnes,T E,NO,,oslo,,
1054,Gupta,Mayuri,NO,,trondheim,,
1055,Berg,K,NO,,oslo,,
1056,Hjorth,Marit,NO,marit.hjorth@medisin.uio.no.,oslo,,
1057,Norheim,Frode,NO,,oslo,,
1058,Meen,Astri J,NO,,oslo,,
1059,Pourteymour,Shirin,NO,,oslo,,
1060,Lee,Sindre,NO,,oslo,,
1061,Holen,Torgeir,NO,,oslo,,
1062,Jensen,Jørgen,NO,,oslo,,
1063,Birkeland,Kåre I,NO,,oslo,,
1064,Martinov,Vladimir N,NO,,oslo,,
1065,Langleite,Torgrim M,NO,,oslo,,
1066,Eckardt,Kristin,NO,,oslo,,
1067,Drevon,Christian A,NO,,oslo,,
1068,Kolset,Svein O,NO,,oslo,,
1069,Olsen,Rose M,NO,,namsos,,
1070,Drottning,Monica,NO,monica.d@online.no,oslo,,
1071,Tyvand,Peder A,NO,,1432 aaas,,
1072,Jorkjend,Lars,NO,,university of oslo,,
1073,Lingaas,F,NO,,n-0033oslo,,
1074,Lie,K-I,NO,kai.lie@veths.no,oslo,,
1075,Brandtzaeg,P,NO,per.brandtzaeg@labmed.uio.no,national hospital,,
1076,Martinov,Vladimir N,NO,,n-0317 oslo,,
1077,Klingenberg,O,NO,,oslo,,
1078,van Dulmen,Sandra,NO,,drammen,,
1079,Akerø,A,NO,aina.akero@uus.no,oslo,,
1080,Andreassen,A K,NO,,oslo,,
1081,Sterud,Tom,NO,tom.sterud@medisin.uio.no,oslo,,
1082,Godang,Kristin,NO,kgodang@ous-hf.no.,oslo,,
1083,Olarescu,Nicoleta Cristina,NO,,oslo,,
1084,Bollerslev,Jens,NO,,oslo,,
1085,Heck,Ansgar,NO,,oslo,,
1086,Pedersen,Terje R,NO,t.r.pedersen@medisin.uio.no.,oslo,,
1087,Forsberg,Zarah,NO,,ås,,
1088,Mekasha,Sophanit,NO,,ås,,
1089,Loose,Jennifer S M,NO,,ås,,
1090,Røhr,Åsmund K,NO,,ås,,
1091,Eijsink,Vincent G H,NO,,ås,,
1092,Vaaje-Kolstad,Gustav,NO,gustav.vaaje-kolstad@nmbu.no.,ås,,
1093,Clench-Aas,J,NO,jocelyne.clench-aas@nilu.no,n- kjeller,,
1094,Jorde,R,NO,medrj@rito.no,tromso,,
1095,Hestenes,Siv M,NO,,tromsø,,
1096,Nerhus,Kari,NO,kari.nerhus@noklus.no,bergen,,
1097,Chen,Jian,NO,jian.chen@med.uib.no,bergen,,
1098,Oye,F,NO,,oslo,,
1099,Berge,V,NO,,oslo,,
1100,Katz,B,NO,,oslo,,
1101,Clancy,Anne,NO,,campus harstad,,
1102,Moshiro,Candida,NO,candida.moshiro@student.uib.no,university of bergen,,
1103,Gimmestad,Martin,NO,,trondheim,,
1104,Li,X,NO,,university of tromsø,,
1105,Bienfait,André M,NO,,bergen,,
1106,Bösl,Korbinian,NO,,trondheim,,
1107,Kandasamy,Richard K,NO,,trondheim,,
1108,Lindström,Bengt,NO,,trondheim,,
1109,Bjørnerheim,R,NO,,oslo 1,,
1110,Ystrom,Eivind,NO,eivind.ystrom@fhi.no,oslo,,
1111,Straume,Anne Hege,NO,,bergen,,
1112,Birkeland,Einar Elvbakken,NO,,bergen,,
1113,'Lønning,Per Eystein',NO,,bergen,,
1114,Skirbekk,Vegard,NO,,oslo,,
1115,Søreide,Kjetil,NO,,stavanger,,
1116,Beyer,Mona K,NO,bemk@sir.no,stavanger,,
1117,Taraldsrud,Eli,NO,,oslo,,
1118,Fevang,Børre,NO,,oslo,,
1119,Jørgensen,Silje F,NO,,oslo,,
1120,Moltu,Kristine,NO,,oslo,,
1121,Hilden,Vera,NO,,oslo,,
1122,Taskén,Kjetil,NO,,oslo,,
1123,Aukrust,Pål,NO,,oslo,,
1124,Myklebust,June H,NO,,oslo,,
1125,Chavez Panduro,E A,NO,,trondheim,,
1126,Torsæter,M,NO,,trondheim,,
1127,Gawel,K,NO,,trondheim,,
1128,Bjørge,R,NO,,trondheim,,
1129,Breiby,D W,NO,,trondheim,,
1130,Kjaerheim,K,NO,,oslo,,
1131,Paisley,L G,NO,lpa@svs.dk,oslo,,
1132,Rognes,Torbjørn,NO,,oslo,,
1133,Cornelissen,Gerard,NO,,oslo,,
1134,Schaanning,Morten,NO,,oslo,,
1135,Eek,Espen,NO,,oslo,,
1136,Malaquias,Manuel António E,NO,,bergen,,
1137,Dos Santos Sequeira,Sarah,NO,sequeirasarah@hotmail.com,bergen,,
1138,Thomsen,Cathrine,NO,cathrine.thomsen@fhi.no,n-0403 oslo,,
1139,Aasheim,H C,NO,,oslo,,
1140,Gundersen,S G,NO,,university of oslo,,
1141,Hadler-Olsen,E,NO,,tromsø,,
1142,Kainov,Denis E,NO,denikaino@gmail.com.,trondheim,,
1143,Liem,André,NO,andre.liem@ntnu.no,trondheim,,
1144,Romundstad,Pål R,NO,paalr@ntnu.no,trondheim,,
1145,Eggesbø,H B,NO,h.b.eggesbo@medisin.uio.no,oslo,,
1146,Landeweer,Elleke,NO,,university of oslo,,
1147,Urbanucci,Alfonso,NO,,oslo,,
1148,Evjen,Tove J,NO,,oslo,,
1149,Osland,Teresa M,NO,teresa.osland@med.uib.no,university of bergen,,
1150,Amiry-Moghaddam,Mahmood,NO,,oslo,,
1151,Thomas,Kolle Ekaney,NO,,n- tromsø,,
1152,Ellefsen,Stian,NO,stian.ellefsen@hil.no,lillehammer,,
1153,Riise,T,NO,,university of bergen,,
1154,Mercy,Inderjit Singh,NO,inderjit.mercy@bio.uio.no,1432 aas,,
1155,Skeie,Marit S,NO,marit.skeie@odont.uib.no,bergen,,
1156,Weider,L J,NO,ljweider@ou.edu,bergen,,
1157,Hansen,Kine Østnes,NO,,tromsø,,
1158,Andersen,Jeanette Hammer,NO,,tromsø,,
1159,Haaskjold,E,NO,,rikshospitalet,,
1160,Cvancarova,Milada,NO,,oslo,,
1161,Loge,Jon Håvard,NO,,oslo,,
1162,Fosså,Sophie D,NO,,oslo,,
1163,Rolin,Johannes,NO,johannes.rolin@medisin.uio.no.,oslo,,
1164,Vego,Heidi,NO,heidi.vego@studmed.uio.no.,oslo,,
1165,Maghazachi,Azzam A,NO,azzam.maghazachi@medisin.uio.no.,oslo,,
1166,Bunkholt Elstrand,Mari,NO,,n- oslo,,
1167,Forsman,M,NO,,oslo,,
1168,Rønnestad,Bent R,NO,bent.ronnestad@hil.no,lillehammer,,
1169,Moberget,Torgeir,NO,torgeir.moberget@gmail.com,university of oslo,,
1170,Moatshe,Gilbert,NO,,oslo,,
1171,Lamark,T,NO,trondl@farmasi.uit.no,tromsø,,
1172,Bjørheim,J,NO,,oslo,,
1173,Ma,LiWei,NO,ma.li-wei@labmed.uio.no,oslo,,
1174,Bidonde,Julia,NO,,oslo,,
1175,Weiderpass,Elisabete,NO,,tromsø,,
1176,Skeie,Guri,NO,,tromsø,,
1177,Berg,Kristin S,NO,,trondheim,,
1178,Stenseth,Roar,NO,,trondheim,,
1179,Pleym,Hilde,NO,,trondheim,,
1180,Wahba,Alexander,NO,,trondheim,,
1181,Videm,Vibeke,NO,vibeke.videm@ntnu.no.,trondheim,,
1182,Ness-Jensen,Eivind,NO,,levanger,,
1183,Hveem,Kristian,NO,,levanger,,
1184,Aryal,Krishna Kumar,NO,,oslo,,
1185,Alvik,Astrid,NO,,oslo,,
1186,Pedersen,Babill Stray,NO,,oslo,,
1187,Grøndahl,A M,NO,,oslo,,
1188,Ovretveit,John,NO,,bergen,,
1189,Eriksen,Kristin Ådnøy,NO,kristin.eriksen@hsh.no.,sweden; stord/haugesund university college,,
1190,Dahl,Hellen,NO,,stord/haugesund university college,,
1191,Karlsson,Bengt,NO,,buskerud university college,,
1192,Apeland,Terje,NO,apeland@online.no,stavanger,,
1193,Sanner,Helga,NO,,oslo,,
1194,Strømholm,Tonje,NO,,levanger,,
1195,Sletvold,N,NO,,university of oslo,,
1196,Johansen,Odd Erik,NO,,boehringer ingelheim norway ks,,
1197,Pettersen,Alf-Aage R,NO,alfaage@online.no.,oslo,,
1198,Bahr,R,NO,roald@nih.no,oslo,,
1199,Aarås,A,NO,arne.aaraas@alcatel.no,oslo,,
1200,Kirkevold,Marit,NO,marit.kirkevold@medisin.uio.no,university of oslo,,
1201,Nie,X,NO,xuguang.nie@gmail.com,bergen,,
1202,Einarsdóttir,I E,NO,,trondheim,,
1203,Nordmo,Morten,NO,,bergen,,
1204,Olsen,Olav Kjellevold,NO,,bergen,,
1205,Rosseland,Ragna,NO,,bergen,,
1206,Blågestad,Tone Fidje,NO,,bergen,,
1207,Pallesen,Ståle,NO,,bergen,,
1208,Holmberg,Hans-Christer,NO,,tromsø,,
1209,Tveit,Mari Sundli,NO,mari.tveit@umb.no,n-1432 aas,,
1210,Søreide,Jon Arne,NO,,bergen,,
1211,Spurkland,A,NO,,oslo,,
1212,Michelet,Mona,NO,,t--nsberg,,
1213,Røsvik,Janne,NO,,t--nsberg,,
1214,Selbaek,Geir,NO,,t--nsberg,,
1215,Kverneland,Magnhild,NO,,sandvika,,
1216,Molteberg,Ellen,NO,,sandvika,,
1217,Iversen,Per O,NO,,oslo,,
1218,Veierød,Marit B,NO,,oslo,,
1219,Taubøll,Erik,NO,,oslo,,
1220,Selmer,Kaja K,NO,,sandvika,,
1221,Nakken,Karl O,NO,,sandvika,,
1222,Bergquist,Ronny,NO,ronny.bergquist@ntnu.no.,trondheim,,
1223,Jensen,V,NO,,oslo,,
1224,Nieder,Carsten,NO,,9038 tromsø,,
1225,Al-Shibli,Khalid,NO,,bodø,,
1226,Tollåli,Terje,NO,,bodø,,
1227,Qu,Hong,NO,,n- trondheim,,
1228,Kjelstrup,Signe,NO,signe.kjelstrup@chem.ntnu.no,oslo,,
