temp_id,lastname,firstname,countries_scope,email,town,role,url
1,Rossow,I,NO,,oslo,,
2,Andersen,Marit Helen,NO,marit.andersen@ous-hf.no,oslo,,
3,Grøndahl,Frøy,NO,,0316 oslo,,
4,Klingenberg,Claus,NO,,tromsø,,
5,Eide,Hilde,NO,,drammen,,
6,van Dulmen,Sandra,NO,,drammen,,
7,Valle,Per C,NO,per.christian.valle@unn.no,harstad,,
8,Christensen,E,NO,,university of oslo,,
9,Aasland,R,NO,,university of bergen,,
10,Svartdal,Frode,NO,,tromsø,,
11,Boison,Solomon A,NO,,ås,,
12,Petersen,Per Hyltoft,NO,per.petersen@isf.uib.no,university of bergen,,
13,Colquhoun,Duncan J,NO,duncan.colquhoun@vetinst.no.,oslo,,
14,Berntsen,Erik Magnus,NO,,trondheim,,
15,Solheim,Ole,NO,,trondheim,,
16,Pradhan,Srutarshi,NO,srutarshi.pradhan@sintef.no,no- trondheim,,
17,Rouppe Van der Voort,Luc,NO,,oslo no-0315,,
18,Ogaard,B,NO,,university of oslo,,
19,Høgåsen,A K,NO,,oslo,,
20,Stadheim,Barbro Fossøy,NO,,oslo,,
21,Spasojevic,Milan,NO,milspa@ous-hf.no.,oslo,,
22,Mariathasan,Anthony B,NO,,oslo,,
23,Goscinski,Mariusz,NO,,oslo,,
24,Thorgersen,Ebbe B,NO,,oslo,,
25,Solbakken,Arne M,NO,,oslo,,
26,Gullestad,Hans-Petter,NO,,oslo,,
27,Ryder,Truls,NO,,oslo,,
28,Flatmark,Kjersti,NO,,oslo,,
29,Larsen,Stein G,NO,,oslo,,
30,Szabo,Attila,NO,attila.szabo@medisin.uio.no.,oslo,,
31,Djurovic,Srdjan,NO,,bergen,,
32,Thorsen,E,NO,,bergen,,
33,Vaagbø,G,NO,,bergen,,
34,Hellem,S,NO,,bergen,,
35,Olsnes,Carla,NO,carla.olsnes@ore.uib.no,bergen,,
36,Mirré,Virginia,NO,,no-0318 oslo,,
37,Brochmann,Christian,NO,,no-0318 oslo,,
38,Øye,Christine,NO,christine.oye@hsh.no.,stord/haugesund university college,,
39,Petersen,S O,NO,,trondheim,,
40,von Soest,Tilmann,NO,t.v.soest@psykologi.uio.no.,oslo,,
41,Sørbye,Liv Wergeland,NO,soerbye@diakonhjemmet.no,oslo,,
42,Gordeladze,J O,NO,,blindern,,
43,Raddum,Aase M,NO,,bergen,,
44,Bratlid,Dag,NO,dag.bratlid@ntnu.no,trondheim,,
45,Ueland,Thor,NO,,oslo,,
46,Schreiner,Thomas,NO,,oslo,,
47,Rabben,Kai Fredrik,NO,,siggerud,,
48,Bollerslev,Jens,NO,,oslo,,
49,Stenseth,Nils Chr,NO,,oslo,,
50,Iversen,B M,NO,,university of bergen,,
51,Nytrøen,Kari,NO,,oslo university hospital hf rikshospitalet,,
52,Risnes,Ivar,NO,ivar.risnes@rikshospitalet.no,n- oslo,,
53,Reppe,S,NO,,oslo,,
54,Gregersen,Ida,NO,,oslo,,
55,Sandanger,Øystein,NO,,oslo,,
56,Askevold,Erik T,NO,,oslo,,
57,Sagen,Ellen Lund,NO,,oslo,,
58,Yang,Kuan,NO,,oslo,,
59,Holm,Sverre,NO,,oslo,,
60,Pedersen,Turid M,NO,,oslo,,
61,Skjelland,Mona,NO,,oslo,,
62,Krohg-Sørensen,Kirsten,NO,,university of oslo oslo,,
63,Hansen,Trond Vidar,NO,,oslo,,
64,Dahl,Tuva Børresdatter,NO,,oslo,,
65,Otterdal,Kari,NO,,oslo,,
66,Espevik,Terje,NO,,trondheim,,
67,Aukrust,Pål,NO,,oslo,,
68,Yndestad,Arne,NO,,oslo,,
69,Halvorsen,Bente,NO,,oslo,,
70,Pollet,Bruno G,NO,,trondheim,,
71,Koch,Henrik,NO,,trondheim,,
72,Bonsaksen,Tore,NO,tore.bonsaksen@hioa.no,oslo,,
73,Berge,O G,NO,,university of bergen,,
74,Krajci,P,NO,,oslo,,
75,Fritsche,Lars G,NO,,trondheim,,
76,Falch,J A,NO,,oslo,,
77,Carlsen,S M,NO,,university hospital of trondheim,,
78,Hildrestrand,Gunn A,NO,,oslo,,
79,Alme,J,NO,,bergen,,
80,Altinpinar,S,NO,,bergen,,
81,Batzing,P C,NO,,oslo,,
82,Djuvsland,Ø,NO,,bergen,,
83,Dordic,O,NO,,oslo,,
84,Erdal,H A,NO,,bergen,,
85,Fehlker,D,NO,,bergen,,
86,Haaland,Ø,NO,,bergen,,
87,Helstrup,H,NO,,bergen,,
88,Hetland,K F,NO,,bergen,,
89,Huang,M,NO,,bergen,,
90,Kileng,B,NO,,bergen,,
91,Langoy,R,NO,,tonsberg,,
92,Lien,J,NO,,tonsberg,,
93,Lindal,S,NO,,oslo,,
94,Loenne,P I,NO,,bergen,,
95,Mahmood,S M,NO,,oslo,,
96,Milosevic,J,NO,,oslo,,
97,Nystrand,J,NO,,bergen,,
98,Qvigstad,H,NO,,oslo,,
99,Rehman,A,NO,,bergen,,
100,Richter,M,NO,,oslo,,
101,Røed,K,NO,,oslo,,
102,Röhrich,D,NO,,bergen,,
103,Skaali,T B,NO,,oslo,,
104,Skjerdal,K,NO,,bergen,,
105,Tveter,T S,NO,,oslo,,
106,Ullaland,K,NO,,bergen,,
107,Velure,A,NO,,bergen,,
108,Wagner,B,NO,,bergen,,
109,Wikne,J,NO,,oslo,,
110,Yang,S,NO,,bergen,,
111,Zhao,C,NO,,oslo,,
112,Zhou,Zhuo,NO,,bergen,,
113,Nilsen,Tom I L,NO,,trondheim,,
114,Romundstad,Pål,NO,,trondheim,,
115,Sætre,Glenn-Peter,NO,g.p.satre@ibv.uio.no.,0316 oslo,,
116,Cuevas,Angélica,NO,,0316 oslo,,
117,Hermansen,Jo S,NO,,0316 oslo,,
118,Elgvin,Tore O,NO,,0316 oslo,,
119,Fernández,Laura Piñeiro,NO,,0316 oslo,,
120,Sæther,Stein A,NO,,0316 oslo,,
121,Cascio Sætre,Camilla Lo,NO,,0316 oslo,,
122,Eroukhmanoff,Fabrice,NO,,0316 oslo,,
123,Doellner,H,NO,,university of trondheim,,
124,Gaustad,G,NO,,oslo,,
125,Rognum,T O,NO,,national hospital,,
126,Maagaard,Anne,NO,anne.maagaard@medisin.uio.no,oslo,,
127,Brodtkorb,Eylert,NO,,trondheim,,
128,Reimers,Arne,NO,,trondheim,,
129,Molden,Espen,NO,,oslo,,
130,Sætre,Erik,NO,,oslo,,
131,Johannessen,Svein I,NO,,oslo,,
132,Johannessen Landmark,Cecilie,NO,,oslo,,
133,Voigt,André,NO,andre.voigt@ntnu.no.,trondheim,,
134,Almaas,Eivind,NO,,trondheim,,
135,Grimmer,S,NO,,oslo,,
136,Lunde,E,NO,elunde@bio.uio.no,university of oslo,,
137,Kvåle,Reidar,NO,reidar.kvale@helse-bergen.no,bergen,,
138,Saetern,Ann Mari,NO,annmari@farmasi.uit.no,n- tromsø,,
139,Johnsen,Anne Siri,NO,,oslo,,
140,Sollid,Stephen J M,NO,,oslo,,
141,Wisborg,Torben,NO,,oslo,,
142,Gunnarsson,Björn,NO,,drøbak,,
143,Fevang,Espen,NO,,drøbak,,
144,Sunde,Geir Arne,NO,,bergen,,
145,Fredriksen,Knut,NO,,tromsø,,
146,Voelckel,Wolfgang,NO,,stavanger,,
147,Kanzer,Johanna,NO,,n- tromsø,,
148,Janakova,Libuse,NO,,n-0316 oslo,,
149,Stubhaug,Audun,NO,,oslo,,
150,Flægstad,Trond,NO,,tromsø,,
151,Nielsen,Christopher S,NO,,oslo,,
152,Carlsson,Anniken Hamang,NO,anniken.carlsson@stolav.no,university of bergen,,
153,Solberg,R,NO,,oslo,,
154,Petersen,Karina,NO,kpe@niva.no,n- oslo,,
155,Reigstad,Ole,NO,ole.reigstad@rikshospitalet.no,oslo,,
156,Torp,S,NO,steffen.torp@isf.uib.no,university of bergen,,
157,Skjørshammer,Morten,NO,,oslo,,
158,Chinkonde,Jacqueline R,NO,,university of oslo,,
159,Sundby,Johanne,NO,,university of oslo,,
160,de Paoli,Marina,NO,,oslo,,
161,Thorsen,Viva C,NO,,university of oslo,,
162,Johansen,K M,NO,,oslo,,
163,Svaasand,Lars O,NO,svaasand@fysel.ntnu.no,no- trondheim,,
164,Kurz,K D,NO,kurk@sus.no,stavanger,,
165,Anders,Phillipp,NO,,trondheim,,
166,Müller,Helen,NO,,trondheim,,
167,Grønvik,Karoline B,NO,,trondheim,,
168,Skjæret-Maroni,Nina,NO,,trondheim,,
169,Vereijken,Beatrix,NO,,trondheim,,
170,Bhowmik,B,NO,,oslo,,
171,Hernandez-Aguilar,R Adriana,NO,,oslo,,
172,Klausen,Sofie Strand,NO,,bergen,,
173,Reikvam,Håkon,NO,,bergen,,
174,Haukvik,Unn Kristin,NO,unn.haukvik@medisin.uio.no,university of oslo,,
175,Wiborg,I M,NO,,university of oslo,,
176,Ranheim,T,NO,,oslo,,
177,Bliksøen,M,NO,,oslo,,
178,Kaasbøll,O J,NO,,oslo,,
179,Alfsnes,K,NO,,oslo,,
180,Nymo,Ståle H,NO,,oslo,,
181,Rashidi,A,NO,,oslo,,
182,Ohm,I K,NO,,oslo,,
183,Attramadal,Håvard,NO,,oslo,,
184,Aukrust,P,NO,,oslo,,
185,Vinge,L E,NO,,oslo,,
186,Yndestad,A,NO,,oslo,,
187,Louch,W E,NO,w.e.louch@medisin.uio.no.,oslo,,
188,Lucas,G A,NO,,university hospital of trondheim,,
189,Lindenskov,Paal H H,NO,p.h.h.lindenskov@klinmed.uio.no,n- oslo,,
190,Storm,H,NO,,oslo,,
191,Triumf,Ellen C,NO,,n-1432-ås,,
192,Øyen,Ole,NO,ole.oyen@rikshospitalet.no,oslo,,
193,Egeland,Torstein,NO,,oslo,,
194,Kalfoss,Mary H,NO,mary.kalfoss@c2i.net,oslo,,
195,Gussgard,Anne Margrete,NO,,tromsø,,
196,Jokstad,Asbjorn,NO,,tromsø,,
197,Sivertsen,Einar Andreas,NO,,sandvika,,
198,Borgen,Pål Oliver,NO,,sandvika,,
199,Lapin,Morten,NO,morten.lapin@sus.no.,stavanger,,
200,Oltedal,Satu,NO,,stavanger,,
201,Tjensvoll,Kjersti,NO,,stavanger,,
202,Buhl,Tove,NO,,stavanger,,
203,Smaaland,Rune,NO,,stavanger,,
204,Garresori,Herish,NO,,stavanger,,
205,Glenjen,Nils Idar,NO,,bergen,,
206,Abelseth,Bente Kristin,NO,,bergen,,
207,Gilje,Bjørnar,NO,,stavanger,,
208,Nordgård,Oddmund,NO,,stavanger,,
209,Arnesen,Margrete,NO,,oslo,,
210,Müller,Lill Dannevig,NO,,oslo,,
211,Hullstein,Ingunn,NO,,oslo,,
212,Sayed,Karim,NO,,oslo,,
213,Brørs,Odd,NO,,oslo,,
214,Kringen,Marianne,NO,,oslo,,
215,Sagedal,Solbjørg,NO,,oslo,,
216,Gjesdal,Knut,NO,,oslo,,
217,Krajci,Peter,NO,,oslo,,
218,Helland,Turid,NO,,bergen,,
219,Sauer,Torill,NO,torill.sauer@ulleval.no,oslo,,
220,Finsen,V,NO,,trondheim university hospital,,
221,Mrema,Dorah,NO,,bergen,,
222,Lie,Rolv Terje,NO,,bergen,,
223,Østbye,Truls,NO,,bergen,,
224,Daltveit,Anne Kjersti,NO,anne.daltveit@uib.no.,bergen,,
225,Winther,Robert,NO,,n- brumunddal,,
226,Aasbrenn,Martin,NO,,n- gjøvik,,
227,Farup,Per G,NO,,n- brumunddal,,
228,Munshi,A Mazid,NO,,no- trondheim,,
229,Kauserud,H,NO,haavarka@bio.uio.no,n-0316 oslo,,
230,Oyvind,P E,NO,,bergen,,
231,Sitras,V,NO,,tromsø n-,,
232,Vederhus,John-Kåre,NO,john-kare.vederhus@sshf.no,kristiansand,,
233,Rokstad,Anne Mari,NO,anne.m.rokstad@ntnu.no.,trondheim,,
234,Haland,Trine F,NO,,oslo,,
235,Almaas,Vibeke M,NO,,oslo,,
236,Hasselberg,Nina E,NO,,oslo,,
237,Saberniak,Jørg,NO,,oslo,,
238,Leren,Ida S,NO,,oslo,,
239,Hopp,Einar,NO,,oslo,,
240,Edvardsen,Thor,NO,,oslo,,
241,Haugaa,Kristina H,NO,kristina.haugaa@rr-research.no.,oslo,,
242,Amundsen,Rune,NO,rune.amundsen@farmasi.uio.no,oslo,,
243,Frøystein,N A,NO,,university of bergen,,
244,Thorstensen,Anders,NO,anders.thorstensen@ntnu.no,trondheim,,
245,Haram,Kjell,NO,,bergen,,
246,Mortensen,Jan H,NO,,bergen,,
247,Spencer,Horace J,NO,,bergen,,
248,Saugstad,Ola Didrik,NO,odsaugstad@rr-research.no.,oslo,,
249,Fiane,A E,NO,,oslo,,
250,Ratikainen,Irja I,NO,irja.i.ratikainen@ntnu.no.,trondheim,,
251,Urnes,Jorgen,NO,jorgen.urnes@ntnu.no,trondheim,,
252,Fredriksen,Agnete Brunsvik,NO,a.b.fredriksen@medisin.uio.no,oslo,,
253,Wu,Qinghua,NO,zhenhes@medisin.uio.no.,oslo,,
254,Bugge,Erlend,NO,,tromsø,,
255,Nissen,Trygve,NO,,tromsø,,
256,Wynn,Rolf,NO,rolf.wynn@gmail.com.,tromsø,,
257,Berget,Gerd,NO,,oslo,,
258,Herstad,Jo,NO,,university of oslo,,
259,Sandnes,Frode Eika,NO,,oslo,,
260,Eide,Nils A,NO,,oslo,,
261,Baerland,Thomas P,NO,,oslo,,
262,Sauesund,Ellen,NO,,oslo,,
263,Lømo,Jon,NO,,oslo,,
264,Lund-Iversen,Marius,NO,,oslo,,
265,Liestøl,Sigurd,NO,,oslo,,
266,Herzke,D,NO,,no- tromsø,,
267,Harju,M,NO,,no- tromsø,,
268,Bech,C,NO,,no- trondheim,,
269,Gabrielsen,G W,NO,,no- tromsø,,
270,Jaspers,V L B,NO,,no- trondheim,,
271,Fugelli,K,NO,,university of oslo,,
272,Moen,Anne,NO,,drammen,,
273,Skylstad,V,NO,,bergen,,
274,Akol,A,NO,,bergen,,
275,Moland,K M,NO,,bergen,,
276,Engebretsen,I M S,NO,,bergen,,
277,Rugkåsa,Jorun,NO,jorun.rugkasa@ahus.no.,lørenskog,,
278,Monstad,Sissel E,NO,sissel.monstad@helse-bergen.no,bergen,,
279,Ulvestad,E,NO,elling.ulvestad@haukeland.no,bergen,,
280,Borgersen,G,NO,,oslo,,
281,Brkljacic,M,NO,,oslo,,
282,Sorensen,K,NO,,oslo,,
283,Eriksen,Marit,NO,,1432 as,,
284,Petrovski,G,NO,,oslo,,
285,Jacobsen,B K,NO,,university of tromsø,,
286,Nymo,S,NO,siren.nymo@ntnu.no.,trondheim,,
287,Coutinho,S R,NO,,trondheim,,
288,Eknes,P H,NO,,trondheim,,
289,Vestbostad,I,NO,,trondheim,,
290,Kulseng,B,NO,,trondheim,,
291,Martins,C,NO,,trondheim,,
292,Boström,Anne-Marie,NO,,stord/haugesund university college,,
293,Myrmel,Mette,NO,,oslo,,
294,Østensvik,Øyvin,NO,,oslo,,
295,Wennberg,Aina C,NO,,oslo,,
296,Robertson,Lucy J,NO,,oslo,,
297,Monefeldt,K,NO,,dental faculty university of oslo,,
298,Larsen,Alf Inge,NO,alfil@broadpark.no,stavanger,,
299,Rørvik,K,NO,,haukeland sykehus,,
300,Hjerkinn,E M,NO,elsa.hjerkinn@ulleval.no,oslo,,
301,Harboe,Morten,NO,,no- oslo,,
302,Svanes,C,NO,,university of bergen,,
303,Aukrust,P,NO,,oslo,,
304,Medhus,A W,NO,,oslo,,
305,Brandtzaeg,Per,NO,per.brandtzaeg@labmed.uio.no,n- oslo,,
306,Holtebekk,M Elizabeth,NO,,kristiansand,,
307,Vasseljen,O,NO,,trondheim fysikalske institutt,,
308,Pawar,Tina,NO,,oslo,,
309,Skinnes,Ragnhild,NO,,oslo,,
310,Høie,Kari,NO,,oslo,,
311,You,Panpan,NO,,oslo,,
312,Mørkrid,Lars,NO,,oslo,,
313,Eide,Lars,NO,,oslo,,
314,Bourgeon,Sophie,NO,,tromsø,,
315,Løvoll,Marie,NO,marie.lovoll@nfh.uit.no,n- tromsø,,
316,Thorud,E,NO,,university of oslo,,
317,Øyen,O,NO,ole.oyen@rikshospitalet.no,oslo,,
318,Flydal,Marte I,NO,,-bergen,,
319,Vestrheim,D F,NO,,oslo,,
320,Lange,H,NO,,oslo,,
321,Nygård,K,NO,,oslo,,
322,Borgen,K,NO,,oslo,,
323,Wester,A L,NO,,oslo,,
324,Kvarme,M L,NO,,ås,,
325,Vold,L,NO,,oslo,,
326,Aarsland,Dag,NO,,4000 stavanger,,
327,Johansen,Krisztina Kunszt,NO,,lørenskog,,
328,Hessen,Erik,NO,,university of oslo,,
329,Auning,Eirik,NO,,university of oslo,,
330,Fladby,Tormod,NO,,university of oslo,,
331,Bell,Rae F,NO,rae.bell@helse-bergen.no,bergen,,
332,Jens,Klaus J,NO,,porsgrunn,,
333,Laerum,H,NO,,university of oslo,,
334,Nygaard,H A,NO,,fyllingsdalen sykehjem,,
335,Stubberud,Anker,NO,ankers@stud.ntnu.no.,trondheim,,
336,Linde,Mattias,NO,,trondheim,,
337,Aune,Dagfinn,NO,,trondheim,,
338,Fadnes,Lars T,NO,,bergen,,
339,Vatten,Lars J,NO,,trondheim,,
340,Tonstad,Serena,NO,,oslo,,
341,Otnes,B,NO,,baerum hospital,,
342,Hikmat,Omar,NO,,bergen,,
343,Tzoulis,Charalampos,NO,,university of bergen,,
344,Klingenberg,Claus,NO,,tromso,,
345,Bindoff,Laurence A,NO,,university of bergen,,
346,Samdal,Ingunn A,NO,,n- oslo,,
347,Løvberg,Kjersti E,NO,,n- oslo,,
348,Miles,Christopher O,NO,,n- oslo,,
349,Ueland,Per M,NO,,bergen,,
350,Astrøm,Anne Nordrehaug,NO,anne.nordrehaug@cih.uib.no,n- bergen,,
351,Müller,Stig,NO,,lørenskog,,
352,Dybos,Sandra Amalie,NO,,trondheim,,
353,Flatberg,Arnar,NO,,trondheim,,
354,Halgunset,Jostein,NO,,trondheim,,
355,Viset,Trond,NO,,trondheim,,
356,Rolfseng,Toril,NO,,trondheim,,
357,Kvam,Solveig,NO,,trondheim,,
358,Skogseth,Haakon,NO,,trondheim,,
359,Alpers,Lise-Merete,NO,lisemal@hotmail.com,oslo,,
360,Fretheim,Atle,NO,atle.fretheim@shdir.no,n- oslo,,
361,Kileng,Øyvind,NO,,n- tromsø,,
362,Foerster,A,NO,,oslo,,
363,Irani,Julia,NO,,bergen,,
364,Morken,Frøydis,NO,,university of bergen bergen,,
365,Helland,Turid,NO,,uit the arctic university of norway tromsø,,
366,Hugdahl,Kenneth,NO,,university of bergen bergen,,
367,Specht,Karsten,NO,,haukeland university hospital bergen,,
368,Glover,Kevin Alan,NO,kevin.glover@imr.no,bergen,,
369,Hansen,Marianne D,NO,,trondheim,,
370,Johnsen,Ingvild B,NO,,trondheim,,
371,Stiberg,Kim A,NO,,trondheim,,
372,Sherstova,Tatyana,NO,,trondheim,,
373,Richard,Gabriel Mary,NO,,trondheim,,
374,Kandasamy,Richard K,NO,,trondheim,,
375,Aksnes,L H,NO,liv.hege.aksnes@radiumhospitalet.no,oslo,,
376,Rund,Bjørn Rishovd,NO,,oslo,,
377,Lewin,Simon,NO,,oslo,,
378,Carlsen,Benedicte,NO,,bergen,,
379,Glenton,Claire,NO,,oslo,,
380,Wainwright,Megan,NO,,bergen,,
381,Flottorp,Signe,NO,,oslo,,
382,Munthe-Kaas,Heather,NO,,oslo,,
383,Busk,Øyvind L,NO,,skien,,
384,Tveten,Kristian,NO,,skien,,
385,Hanevik,Hans Ivar,NO,,porsgrunn,,
386,Fell,Anne Kristin M,NO,,skien,,
387,Hjelmesæth,Jøran,NO,,oslo,,
388,Holla,Øystein L,NO,,skien,,
389,Hertel,Jens K,NO,,tønsberg,,
390,Ystrom,Eivind,NO,eivind.ystrom@fhi.no,oslo,,
391,Haande,Sigrid,NO,sigrid.haande@niva.no,oslo,,
392,Weiss,Thomas W,NO,,oslo,,
393,Arnesen,Harald,NO,,oslo,,
394,Seljeflot,Ingebjørg,NO,,oslo,,
395,Sagbakken,Mette,NO,,oslo,,
396,Ruan,Jian-Ping,NO,jianping_ruan@hotmail.com,university of bergen,,
397,Holmes,Tim D,NO,,bergen,,
398,Bryceson,Yenan T,NO,,bergen,,
399,Ernstsen,A,NO,,n-9001 tromsø,,
400,Iversen,Valentina Cabral,NO,valentina.iversen@medisin.ntnu.no,trondheim,,
401,Hansen,Bjørn Henrik,NO,,trondheim,,
402,Altin,Dag,NO,,trondheim,,
403,Øverjordet,Ida B,NO,,trondheim,,
404,Olsen,Anders J,NO,,trondheim,,
405,Salaberria,Iurgi,NO,,trondheim,,
406,Nordtug,Trond,NO,,trondheim,,
407,Bergman,Jenny,NO,jenny.bergman@helse-bergen.no,bergen,,
408,Bergh,K,NO,kare.bergh@medisin.ntnu.no,n- university hospital of trondheim,,
409,Frainer,André,NO,,tromsø,,
410,Storset,A K,NO,,oslo,,
411,Song,X,NO,,tromsø,,
412,Ottestad,Inger O,NO,,rikshospitalet university hospital,,
413,Skarpsno,Eivind Schjelderup,NO,,trondheim,,
414,Nilsen,Tom Ivar Lund,NO,,trondheim,,
415,Sand,Trond,NO,,trondheim,,
416,Hagen,Knut,NO,,trondheim,,
417,Mork,Paul Jarle,NO,,trondheim,,
418,Halvorsen,T B,NO,,trondheim university hospital,,
419,Nissen-Lie,Helene A,NO,h.a.nissen-lie@psykologi.uio.no,oslo,,
420,Hylland,Ketil,NO,,oslo,,
421,Bjorvatn,Afsaneh,NO,afsaneh.bjorvatn@snf.no,bergen,,
422,Rasmussen,L T,NO,,university of tromsø,,
423,Nordgreen,Janicke,NO,janicke.nordgreen@veths.no,oslo,,
424,Karlsen,S J,NO,,university of oslo,,
425,de Weerd,Louis,NO,louis.deweerd@unn.no,tromsø,,
426,Kristensen,Are,NO,,trondheim,,
427,Solheim,Tora Skeidsvoll,NO,,trondheim,,
428,Fløtten,Øystein,NO,,bergen,,
429,Grønberg,Bjørn Henning,NO,,trondheim,,
430,Einvik,Gunnar,NO,gunnar.einvik@medisin.uio.no,oslo,,
431,Wold,Jens Petter,NO,jens.petter.wold@nofima.no.,tromsø,,
432,Kermit,Martin,NO,,oslo,,
433,Segtnan,Vegard Herman,NO,,trollåsen,,
434,Råberg Kjøllesdal,Marte Karoline,NO,m.k.raberg@medisin.uio.no,oslo,,
435,Anker-Hansen,Camilla,NO,,kongsberg,,
436,Skovdahl,Kirsti,NO,,kongsberg,,
437,McCormack,Brendan,NO,,drammen,,
438,Tønnessen,Siri,NO,,kongsberg,,
439,Kristensen,Kasper Dahl,NO,,bergen,,
440,Bowitz Lothe,Inger Marie,NO,,oslo,,
441,Kleive,Dyre,NO,,oslo university hospital,,
442,Pomianowska,Ewa,NO,,vestre viken hospital trust,,
443,Cvancarova,Milada,NO,,oslo,,
444,Kure,Elin,NO,,oslo,,
445,Dueland,Svein,NO,,oslo university hospital,,
446,Gladhaug,Ivar P,NO,,oslo university hospital,,
447,Krauss,S,NO,,university of tromsø,,
448,Skalpe,I O,NO,,oslo,,
449,Heier,Hans Erik,NO,,n- sessvollmoen,,
450,Medby,Christian,NO,,n- sessvollmoen,,
451,Hjellvik,Vidar,NO,vidar.hjellvik@fhi.no,oslo,,
452,Byberg,Kristine Kjer,NO,kristine.kjer.byberg@sus.no.,stavanger,,
453,Mikalsen,Ingvild Bruun,NO,,stavanger,,
454,Eide,Geir Egil,NO,,bergen,,
455,Júlíusson,Pétur Benedikt,NO,,bergen,,
456,Øymar,Knut,NO,,stavanger,,
457,Fjørtoft,Ingunn,NO,ingunn.fjortoft@hit.no,notodden,,
458,Øversveen,Emil,NO,,trondheim,,
459,Rydland,Håvard T,NO,,trondheim,,
460,Eikemo,Terje A,NO,,trondheim,,
461,Agewall,Stefan,NO,stefan.agewall@medisin.uio.no.,oslo,,
462,Aas,I H Monrad,NO,maa@afi-wri.no,oslo,,
463,Morken,Tora Sund,NO,tora.s.morken@ntnu.no,trondheim,,
464,Jonsson,Grete,NO,grete.jonsson@rf.no,n- randaberg,,
465,Holte,H,NO,,oslo,,
466,Ruoff,P,NO,peter.ruoff@tn.his.no,stavanger university college,,
467,Panagopoulos,Ioannis,NO,,oslo,,
468,Meling,Terje,NO,meteee@sus.no,stavanger,,
469,Berge,Knut Erik,NO,,oslo,,
470,Gustavsen,Ingebjørg,NO,ingebjorg.g.gustavsen@fhi.no,oslo,,
471,Mjaaland,Ingvil,NO,,stavanger university hospital,,
472,Blix,Egil S,NO,,tromsø,,
473,Bakke,T A,NO,t.a.bakke@nhm.uio.no,oslo,,
474,Østrup,Olga,NO,,oslo,,
475,Grøholt,Else-Karin,NO,else-karin.groholt@fhi.no,0403 oslo,,
476,Krohn,Jørgen,NO,jorgen.krohn@helse-bergen.no,university of bergen,,
477,Lubelwana Hafver,Tandekile,NO,,oslo,,
478,Wanichawan,Pimthanya,NO,,oslo,,
479,Manfra,Ornella,NO,,oslo,,
480,de Souza,Gustavo Antonio,NO,,oslo,,
481,Lunde,Marianne,NO,,oslo,,
482,Martinsen,Marita,NO,,oslo,,
483,Louch,William Edward,NO,,oslo,,
484,Sejersted,Ole Mathias,NO,,oslo,,
485,Carlson,Cathrine Rein,NO,,oslo,,
486,Carlsen,K H,NO,,oslo,,
487,Spigset,Olav,NO,,trondheim,,
488,Schjøtt,Jan,NO,,bergen,,
489,Tichelaar,Y I G V,NO,,tromsø,,
490,Hanssen,Linda,NO,linda.hanssen@uit.no,no- tromso,,
491,Heggland,Liv-Helen,NO,liv-helen.heggland@sus.no,stavanger,,
492,Brunes,Audun,NO,,oslo,,
493,Heir,Trond,NO,,oslo,,
494,Blad,Jakob,NO,jakob.blad@unik.no,kjeller,,
495,Holme,Ingar,NO,ingar.holme@nih.no,oslo,,
496,Brandsaeter,Bjorn,NO,bjorn.brandsaeter@rikshospitalet.no,oslo,,
497,Seibt,Beate,NO,,university of oslo,,
498,Ranheim,B,NO,birgit.ranheim@veths.no,oslo,,
499,Koss-Harnes,D,NO,,oslo,,
500,Fredriksen,Per Morten,NO,permorten.fredriksen@kristiania.no.,oslo,,
501,Hjelle,Ole Petter,NO,,oslo,,
502,Mamen,Asgeir,NO,,oslo,,
503,Meza,Trine J,NO,,oslo,,
504,Westerberg,Ane C,NO,,oslo,,
505,Pleym,Hilde,NO,,trondheim,,
506,Skjerve,E,NO,eystein.skjerve@veths.no,oslo,,
507,Loro,Lado Lako,NO,lado.loro@gades.uib.no,n bergen,,
508,Michelsen,Annika E,NO,annika.michelsen@rr-research.no,oslo,,
509,Nishchyk,Anna,NO,,oslo,,
510,Chen,Weiqin,NO,,oslo,,
511,Steinbakk,Anita,NO,,stavanger,,
512,Bjørk,I T,NO,,university of oslo,,
513,Våbenø,Jon,NO,,sandnessjøen,,
514,Solteszova,V,NO,veronika.solteszova@ii.uib.no,university of bergen,,
515,Reiersen,H,NO,,blindern,,
516,Janák,K,NO,karel.janak@fhi.no,no-0403 oslo,,
517,Reas,Deborah Lynn,NO,,oslo,,
518,Lindvall Dahlgren,Camilla,NO,,oslo,,
519,Wonderlich,Joseph,NO,,oslo,,
520,Syversen,Gro,NO,,oslo,,
521,Lundin Kvalem,Ingela,NO,,oslo,,
522,Olsen,Karina Standahl,NO,karina.s.olsen@uit.no.,tromsø,,
523,Lund,Eiliv,NO,,tromsø,,
524,Raeder,J,NO,,oslo,,
525,Borge,G I,NO,grethe.iren.andersen@matforsk.nlh.no,as,,
526,Sundby,Svein,NO,,bergen,,
527,Kristiansen,Trond,NO,,bergen,,
528,Pihlstrøm,Lasse,NO,,oslo,,
529,Rengmark,Aina,NO,,oslo,,
530,Bjørnarå,Kari Anne,NO,,drammen,,
531,Larsen,Jan Petter,NO,,stavanger,,
532,Tysnes,Ole-Bjørn,NO,,bergen,,
533,Dietrichs,Espen,NO,,oslo,,
534,Toft,Mathias,NO,,oslo,,
535,Hansen,Alex,NO,,trondheim,,
536,Sumarokov,Yury A,NO,ysu002@post.uit.no.,tromsø,,
537,Brenn,Tormod,NO,tormod.brenn@uit.no.,tromsø,,
538,Kudryavtsev,Alexander V,NO,ispha09@gmail.com.,tromsø,,
539,Nilssen,Odd,NO,odd.nilssen@uit.no.,tromsø,,
540,Corander,Jukka,NO,,oslo,,
541,Hammer,T,NO,,university of oslo,,
542,Mjör,I A,NO,,haslum,,
543,Plahte,E,NO,erik.plahte@imf.nlh.no,p.o. box  n-1432 as,,
544,Sygna,Karin,NO,,no-1432 aas,,
545,Aasvang,Gunn Marit,NO,,n-0403 oslo,,
546,Aamodt,Geir,NO,,oslo,,
547,Oftedal,Bente,NO,,n-0403 oslo,,
548,Sandal,Tone,NO,,n- bergen,,
549,Fischer,T K,NO,thea@dadlnet.dk,bergen,,
550,Geitung,J T,NO,,oslo,,
551,Gran,J T,NO,jan.tore.gran@rikshospitalet.no,oslo,,
552,Laegreid,Torgils,NO,torgils.lagreid@iko.uib.no,bergen,,
553,Manseth,Even,NO,evert.manseth@ikbm.nlh.no,n-1432 as,,
554,Vetvik,Kjersti G,NO,,akershus university hospital,,
555,Bendvold,E,NO,,oslo,,
556,Bakken,Linda N,NO,linda.bakken@hibu.no,drammen,,
557,Edvardsen,Anne,NO,anne.edvardsen@glittreklinikken.no,hakadal,,
558,Hjälmhult,Esther,NO,ehj@hib.no,bergen,,
559,Stenmark,H,NO,,n- oslo,,
560,Ropstad,E,NO,erik.ropstad@veths.no,oslo,,
561,Mørch,K,NO,kristine.moerch@helse-bergen.no,bergen,,
562,Hessen,Dag O,NO,dag.hessen@bio.uio.no,oslo,,
563,Dalsgaard,Søren,NO,,kragerø,,
564,Faraone,Stephen V,NO,,bergen,,
565,Kjeldsen-Kragh,J,NO,,university of oslo,,
566,Kvistad,C E,NO,,bergen,,
567,Nacu,A,NO,,bergen,,
568,Novotny,V,NO,,bergen,,
569,Logallo,N,NO,,bergen,,
570,Waje-Andreassen,U,NO,,bergen,,
571,Naess,H,NO,,bergen,,
572,Thomassen,L,NO,,bergen,,
573,Strandenes,Geir,NO,,bergen,,
574,Hervig,Tor,NO,,bergen,,
575,Liu,Zhifeng,NO,,oslo and akershus university college of applied science,,
576,Chen,Weiqin,NO,,oslo and akershus university college of applied science,,
577,Aamodt,Geir,NO,geir.aamodt@fhi.no,nasjonalt folkehelseinstitutt,,
578,Fernandes,Linda,NO,linda.fernandes@medisin.uio.no,oslo,,
579,Grønning,M,NO,,tromsø region hospital,,
580,Rennemo,Erlend,NO,erlre@online.no,oslo,,
581,Holtan,A,NO,amyh@fagmed.uit.no,university of tromsø,,
582,Stenklev,Niels Christian,NO,niels.christian.stenklev@unn.no,tromsø,,
583,Karlsen,Tom H,NO,,oslo,,
584,Bakken,Inger Johanne,NO,inger.bakken@sintef.no,trondheim,,
585,Kaminski,Michal F,NO,,oslo,,
586,Bretthauer,Michael,NO,,oslo,,
587,Malmqvist,Stefan,NO,stefan.malmqvist@uis.no,stavanger,,
588,Faraone,Stephen V,NO,,bergen,,
589,Michels,L,NO,,ntnu. trondheim,,
590,Fossum,J O,NO,,ntnu. trondheim,,
591,Rozynek,Z,NO,,ntnu. trondheim,,
592,Hemmen,H,NO,,ntnu. trondheim,,
593,Rustenberg,K,NO,,ntnu. trondheim,,
594,Sobas,P A,NO,,kjeller,,
595,Kalantzopoulos,G N,NO,,kjeller,,
596,Knudsen,K D,NO,,kjeller,,
597,Berge,Hilde Moseby,NO,hilde.moseby.berge@nih.no,0318 oslo,,
598,Tegnander,E,NO,,trondheim university hospital,,
599,Nakken,Karl O,NO,,oslo university hospital,,
600,Berg,Siv Hilde,NO,siv.hilde.berg@sus.no.,stavanger,,
601,Rørtveit,Kristine,NO,,stavanger,,
602,Aase,Karina,NO,,stavanger,,
603,Tanbo,T,NO,,university of oslo,,
604,Fannemel,Madeleine,NO,,oslo,,
605,Wootton,Richard,NO,,tromsø,,
606,Deng,Bai-Chuan,NO,,bergen n-5007,,
607,Watten,R G,NO,,university of oslo,,
608,Salvesen,Helga B,NO,,bergen,,
609,Krakstad,Camilla,NO,,bergen,,
610,Vedeler,A,NO,,university of bergen,,
611,Lindboe,C F,NO,,kristiansand,,
612,Willard,Christer-Daniel,NO,,lorenskog,,
613,Kjaestad,Erik,NO,,lorenskog,,
614,Edwin,Bjorn,NO,,oslo,,
615,Ignjatovic,Dejan,NO,dexexer01@hotmail.com.,lorenskog,,
616,Aarli,A,NO,,university of bergen,,
617,Haugen,Ida Kristin,NO,haugen_ida@hotmail.com,oslo,,
618,de Lange,Ann-Marie Glasø,NO,,oslo,,
619,Bråthen,Anne Cecilie Sjøli,NO,,oslo,,
620,Rohani,Darius A,NO,,oslo,,
621,Grydeland,Håkon,NO,,oslo,,
622,Fjell,Anders M,NO,,oslo,,
623,Walhovd,Kristine B,NO,,oslo,,
624,Korsnes,Mónica Suárez,NO,monica.suarez.korsnes@nvh.no,n-0033 oslo,,
625,Kvaavik,Elisabeth,NO,ekvaavik@medisin.uio.no,university of oslo,,
626,Gislason,H,NO,,university of bergen,,
627,Vråle,Lasse,NO,,drammen,,
628,Hegge,Anne Bee,NO,a.b.hegge@farmasi.uio.no,oslo,,
629,Staff,Anne Cathrine,NO,annetine.staff@uus.no,oslo,,
630,McCourt,P A,NO,petermcc@fagmed.uit.no,tromso,,
631,Nylund,Kim,NO,,bergen,,
632,Hausken,Trygve,NO,,bergen,,
633,Gilja,Odd Helge,NO,,university of bergen,,
634,Goplen,Dorota,NO,dorota.goplen@biomed.uib.no,bergen,,
635,Stensvand,Arne,NO,,1433 ås,,
636,Børve,Jorunn,NO,,ås,,
637,Talgø,Venche,NO,,ås,,
638,Dolvik,Stina,NO,,oslo,,
639,Frisvold,Cathrine,NO,,oslo,,
640,Mosdøl,Annhild,NO,,oslo,,
641,Sjaastad,O,NO,,trondheim university hospital,,
642,Brurberg,Kjetil Gundro,NO,,bergen,,
643,Nykvist,Hanna,NO,,bergen,,
644,Uppstad,Per Henning,NO,per.h.uppstad@uis.no,stavanger,,
645,Biermann,Martin,NO,,bergen,,
646,Frøen,J Frederik,NO,j.f.froen@klinmed.uio.no,university of oslo,,
647,Thorsvik,Silje,NO,,trondheim,,
648,Damås,Jan Kristian,NO,,trondheim,,
649,Granlund,Atle vB,NO,,trondheim,,
650,Flo,Trude Helen,NO,,trondheim,,
651,Bergh,Kåre,NO,,stjørdal,,
652,Østvik,Ann Elisabet,NO,,trondheim,,
653,Sandvik,Arne Kristian,NO,,trondheim,,
654,Dusinska,M,NO,,kjeller,,
655,El Yamani,N,NO,,kjeller,,
656,Ovreås,L,NO,lise.ovreas@im.uib.no,university of bergen,,
657,Midtvedt,K,NO,karsten.midtvedt@rikshospitalet.no,oslo,,
658,Takle,Gunnhild W,NO,gunnhild.takle@bioforsk.no,as,,
659,Larsen,Stig,NO,,oslo,,
660,Wangensteen,T,NO,teresia.wangensteen@medisin.uio.no,oslo,,
661,Aadland,Eivind,NO,,førde,,
662,Andersen,John Roger,NO,,førde,,
663,Anderssen,Sigmund Alfred,NO,,sogndal,,
664,Kvalheim,Olav Martin,NO,,bergen,,
665,Fiane,A E,NO,,oslo,,
666,Gjerde,Line C,NO,line.gjerde@fhi.no,oslo,,
667,Almendingen,Kari,NO,kari.almendingen@hiak.no,lørenskog,,
668,Hoksrud,Aasne,NO,aasne.hoksrud@nih.no,oslo,,
669,Bakk,A,NO,audun.bakk@phys.ntnu.no,no-,,
670,Hermann,L S,NO,leif.hermann@got.meda.se,oslo,,
671,Vallittu,P K,NO,pekka.vallittu@utu.fi,scandinavian institute of dental materials,,
672,Løes,Inger Marie,NO,,bergen,,
673,Lønning,Per Eystein,NO,,bergen,,
674,Barene,S,NO,,elverum,,
675,Pettersen,S A,NO,,tromsø,,
676,Nord,K,NO,,oslo,,
677,Furnham,Adrian,NO,,olso,,
678,Benelmekki,Maria,NO,,no- trondheim,,
679,Ness-Jensen,Eivind,NO,,levanger,,
680,Andreassen,K,NO,karin.andreassen@uit.no.,n- tromsø,,
681,Hubbard,A,NO,,n- tromsø,,
682,Winsborrow,M,NO,,n- tromsø,,
683,Patton,H,NO,,n- tromsø,,
684,Vadakkepuliyambatta,S,NO,,n- tromsø,,
685,Plaza-Faverola,A,NO,,n- tromsø,,
686,Gudlaugsson,E,NO,,n- tromsø,,
687,Serov,P,NO,,n- tromsø,,
688,Deryabin,A,NO,,harstad,,
689,Mattingsdal,R,NO,,harstad,,
690,Mienert,J,NO,,n- tromsø,,
691,Bünz,S,NO,,n- tromsø,,
692,Kauserud,Håvard,NO,,n-0316 oslo,,
693,Trones,R,NO,roger.trones@kjemi.uio.no,university of oslo,,
694,Press,Charles McL,NO,charles.press@veths.no,oslo,,
695,Leder,Erica H,NO,,oslo no-,,
696,Stuen,S,NO,snorre.stuen@veths.no,sandnes,,
697,Muren,Ludvig Paul,NO,,n- bergen,,
698,Holst-Jensen,Arne,NO,arne.holst-jensen@vetinst.no,oslo,,
699,Bjørngaard,Johan Håkon,NO,johan.h.bjorngaard@ntnu.no,trondheim,,
700,Nordøy,E S,NO,,university of tromsø,,
701,Normann,Hans K,NO,ketiln@fagmed.uit.no,breivika,,
702,Svartdal,F,NO,frodes@psyk.uit.no,university of tromsø,,
703,Harboe,Morten,NO,,oslo,,
704,Johnson,Christina,NO,,oslo,,
705,Nymo,Stig,NO,,bodo,,
706,Ekholt,Karin,NO,,oslo,,
707,Schjalm,Camilla,NO,,oslo,,
708,Lindstad,Julie K,NO,,oslo,,
709,Pharo,Anne,NO,,oslo,,
710,Hellerud,Bernt Christian,NO,,oslo,,
711,Mollnes,Tom Eirik,NO,,oslo,,
712,Nilsson,Per H,NO,,oslo,,
713,Sterten,H,NO,,n-1432 ås,,
714,Haavik,J,NO,,university of bergen,,
715,Paus,Albert C,NO,,oslo,,
716,Holme,Pål Andrè,NO,,oslo,,
717,Tjønnfjord,Geir E,NO,,oslo,,
718,Vikse,Bjorn Egil,NO,,bergen,,
719,Figved,Wender,NO,,drammen,,
720,Grindem,Hege,NO,,oslo,,
721,Aaberg,Morten,NO,,drammen,,
722,Engebretsen,Lars,NO,,oslo,,
723,Vevelstad,M,NO,meve@fhi.no,oslo 0403,,
724,Husebo,Bettina Sandgathe,NO,,bergen,,
725,Flo,Elisabeth,NO,,bergen,,
726,Buanes,T,NO,,bergen,,
727,Bugge,L,NO,,oslo,,
728,Bugge,M K,NO,,oslo,,
729,Cameron,D,NO,,oslo,,
730,Eigen,G,NO,,bergen,,
731,Gjelsten,B K,NO,,oslo,,
732,Gramstad,E,NO,,oslo,,
733,Kastanas,A,NO,,bergen,,
734,Liebig,W,NO,,bergen,,
735,Lipniacka,A,NO,,bergen,,
736,Ould-Saada,F,NO,,oslo,,
737,Pajchel,K,NO,,oslo,,
738,Pedersen,M,NO,,oslo,,
739,Read,A L,NO,,oslo,,
740,Røhne,O,NO,,oslo,,
741,Rosendahl,P L,NO,,bergen,,
742,Sandaker,H,NO,,bergen,,
743,Sjursen,T B,NO,,bergen,,
744,Smestad,L,NO,,oslo,,
745,Stapnes,S,NO,,oslo,,
746,Strandlie,A,NO,,oslo,,
747,Stugu,B,NO,,bergen,,
748,Ugland,M,NO,,bergen,,
749,Mubarak,A,NO,,university of oslo,,
750,Tessema,T A,NO,,university of bergen,,
751,Hagen,Knut,NO,knut.hagen@ntnu.no,trondheim,,
752,Flaa,Arnljot,NO,arnljot.flaa@medisin.uio.no,oslo,,
753,Sioud,Mouldy,NO,,oslo,,
754,Nyakas,Marta,NO,,oslo,,
755,Sæbøe-Larssen,Stein,NO,,oslo,,
756,Mobergslien,Anne,NO,,oslo,,
757,Aamdal,Steinar,NO,,oslo,,
758,Kvalheim,Gunnar,NO,,oslo,,
759,Jørgensen,P F,NO,p.f.jorgensen@klinmed.uio.no,n- oslo,,
760,Solbakk,Jan Helge,NO,j.h.solbakk@medisin.uio.no,oslo,,
761,Tannaes,T,NO,,oslo,,
762,Søstrand,P,NO,,oslo,,
763,Lund,A,NO,,university of bergen,,
764,Brakstad,O G,NO,,trondheim,,
765,Langhammer,Arnulf,NO,,trondheim,,
766,Draget,K I,NO,,university of trondheim,,
767,Lien,Egil,NO,,trondheim,,
768,Li,Youxian,NO,,trondheim,,
769,Lund,Cecilie,NO,,trondheim,,
770,Nervik,Ida,NO,,trondheim,,
771,Loevenich,Simon,NO,,trondheim,,
772,Døllner,Henrik,NO,,trondheim,,
773,Anthonsen,Marit W,NO,,trondheim,,
774,Johnsen,Ingvild B,NO,ingvild.johnsen@ntnu.no.,trondheim,,
775,Ernst,G,NO,gernot.ernst@ks.ble.no,kongsberg,,
776,Nerbøvik,I-K G,NO,,bergen,,
777,Solheim,M A,NO,,bergen,,
778,Eggestøl,H Ø,NO,,bergen,,
779,Rønneseth,A,NO,,bergen,,
780,Jakobsen,R A,NO,,bergen,,
781,Wergeland,H I,NO,,bergen,,
782,Haugland,G T,NO,,bergen,,
783,Svare,Anders,NO,,n- trondheim,,
784,Winge,Ingeborg,NO,,no- bergen,,
785,Krogstad,B S,NO,,oslo,,
786,Aslaksen,A,NO,,university of bergen,,
787,Halvorsen,Sigrun,NO,,oslo,,
788,Ghanima,Waleed,NO,,oslo,,
789,Fride Tvete,Ingunn,NO,,oslo,,
790,Hoxmark,Cecilie,NO,,oslo,,
791,Falck,Pål,NO,,oslo,,
792,Solli,Oddvar,NO,,oslo,,
793,Jonasson,Christian,NO,,trondheim,,
794,Torp,Steffen,NO,steffen.torp@usn.no.,tønsberg,,
795,Alnaes,R,NO,,university of oslo,,
796,Alfstad,Kristin Å,NO,kristin.alfstad@oslo-universitetssykehus.no,oslo,,
797,Jakola,Asgeir S,NO,asgeir.s.jakola@ntnu.no,trondheim,,
798,D'Antonio,F,NO,,tromsø,,
799,Barratt-Due,Andreas,NO,andreas.barrattdue@gmail.com,oslo,,
800,Djurhuus,Rune,NO,rdj@nui.no,bergen,,
801,Bjørkeng,Eva K,NO,,tromsø,,
802,Stafsnes,Marit H,NO,,department of biotechnology and food science,,
803,Røst,Lisa M,NO,,department of biotechnology and food science,,
804,Brakstad,O G,NO,,trondheim,,
805,Lerdal,A,NO,,drammen,,
806,Dahl,Berit Misund,NO,,ålesund,,
807,Johnsen,B H,NO,,university of bergen,,
808,Petersen,Per Hyltoft,NO,per.petersen@isf.uib.no,bergen,,
809,Aarstad,Anne Kari Hersvik,NO,anne.aarstad@kir.uib.no,bergen,,
810,Taraldsen,Sølvi,NO,,oslo,,
811,Said,Maryan A,NO,,oslo,,
812,Sørbye,Ingvil Krarup,NO,,oslo,,
813,Vangen,Siri,NO,,oslo,,
814,Fløisand,Y,NO,,no- oslo,,
815,Oshaug,A,NO,,university of oslo,,
816,Sørheim,R,NO,,bergen,,
817,Eri,Lars M,NO,,oslo,,
818,Halvorsen,C E,NO,,oslo,,
819,Bramham,Clive R,NO,,bergen,,
820,Tjølsen,Arne,NO,,bergen,,
821,Eigen,G,NO,,n- bergen,,
822,Stugu,B,NO,,n- bergen,,
823,Flatmark,A,NO,,oslo,,
824,Solligård,Erik,NO,,trondheim,,
825,Aadahl,Petter,NO,,trondheim,,
826,Rootwelt,H,NO,,rikshospitalet,,
827,Stylidis,Michael,NO,,tromsø,,
828,Sharashova,Ekaterina,NO,,tromsø,,
829,Wilsgaard,Tom,NO,,tromsø,,
830,Leon,David A,NO,,tromsø,,
831,Heggelund,Geir,NO,,tromsø,,
832,Rösner,Assami,NO,,tromsø,,
833,Njølstad,Inger,NO,,tromsø,,
834,Løchen,Maja-Lisa,NO,,tromsø,,
835,Schirmer,Henrik,NO,,tromsø,,
836,Doni Jayavelu,Naresh,NO,,trondheim,,
837,Bar,Nadav,NO,,trondheim,,
838,Sweetman,Andrew K,NO,andrew.sweetman@iris.no.,randaberg,,
839,Dale,Trine,NO,,bergen,,
840,Grigalavicius,Mantas,NO,,n- oslo,,
841,Ma,Li Wei,NO,,n- oslo,,
842,Juraleviciute,Marina,NO,,n- oslo,,
843,Saugstad,Ola Didrik,NO,o.d.saugstad@medisin.uio.no.,oslo,,
844,Stray-Pedersen,Babill,NO,,oslo,,
845,Mgongo,Melina,NO,,oslo,,
846,Demuth,Andrea,NO,,n- bergen,,
847,Ottemöller,Lars,NO,,n- bergen,,
848,Keers,Henk,NO,,n- bergen,,
849,Hellebust,Taran Paulsen,NO,,oslo,,
850,Heikkilä,Ingrid Espe,NO,,østerås,,
851,Frykholm,Gunilla,NO,,østerås,,
852,Levernes,Sverre,NO,,oslo,,
853,Johannessen,Dag Clement,NO,,bergen,,
854,Bjerke,Hans,NO,,østerås,,
855,Olerud,Hilde,NO,,østerås,,
856,Egge,Kjetil H,NO,,oslo university hospital rikshospitalet and university of oslo,,
857,Filkuková,Petra,NO,petra.filkukova@psykologi.uio.no,oslo,,
858,Solevåg,A L,NO,,lørenskog,,
859,Löfmark,Anna,NO,,haugesund,,
860,Andersson,S,NO,,nesoddtangen,,
861,Fredheim,Jan Magnus,NO,janmagnus.fredheim@siv.no,tønsberg,,
862,Sandven,P,NO,,oslo,,
863,Solberg,C,NO,,university of tromsø,,
864,Araujo,Pedro,NO,pedro.araujo@nifes.no,n- bergen,,
865,Tolstik,Nikolai,NO,nikolai.tolstik@ntnu.no,trondheim,,
866,Liu,Fang,NO,fangli@radium.uio.no,oslo,,
867,Pochylski,Tomasz,NO,,oslo,,
868,Førsund,Linn Hege,NO,linn.hege.forsund@usn.no.,drammen,,
869,Grov,Ellen Karine,NO,,oslo,,
870,Helvik,Anne-Sofie,NO,,tønsberg,,
871,Juvet,Lene Kristine,NO,,drammen,,
872,Skovdahl,Kirsti,NO,,drammen,,
873,Eriksen,Siren,NO,,tønsberg,,
874,Breivik,Knut,NO,kbr@nilu.no,no- kjeller,,
875,Martiny,Sarah E,NO,,tromsø,,
876,Langsrud,Knut,NO,knut.langsrud@stolav.no,trondheim,,
877,Ariansen,Inger,NO,inger.ariansen@medisin.uio.no,oslo,,
878,Fykse,E M,NO,else-marie.fykse@ffi.no,kjeller,,
879,Solheim,Tora S,NO,,trondheim,,
880,Laird,Barry J A,NO,,trondheim,,
881,Balstad,Trude Rakel,NO,,trondheim,,
882,Stene,Guro B,NO,,trondheim,,
883,Bye,Asta,NO,,oslo,,
884,Pettersen,Caroline H,NO,,trondheim,,
885,Fayers,Peter,NO,,trondheim,,
886,Kaasa,Stein,NO,,trondheim,,
887,Schirmer-Mikalsen,K,NO,kari.schirmer@tolav.no,trondheim,,
888,Strand-Amundsen,Runar J,NO,,0316 oslo,,
889,Jönsson,E G,NO,,oslo,,
890,Johannesen,T B,NO,tomj@trollnet.no,oslo,,
891,Edvardsen,Thor,NO,,oslo university hospital and university of oslo,,
892,Haugaa,Kristina H,NO,,oslo university hospital and university of oslo,,
893,Hovdenak,N,NO,nils.hovdenak@helse-bergen.no,bergen,,
894,Faraone,Stephen V,NO,,bergen,,
895,Ytrehus,Bjørnar,NO,bjornar.ytrehus@nina.no.,trondheim,,
896,Barth,Zoltan,NO,,oslo,,
897,Nomeland Witczak,Birgit,NO,,oslo,,
898,Gjesdal,Knut,NO,,oslo,,
899,Sjaastad,Ivar,NO,ivar.sjaastad@medisin.uio.no.,oslo,,
900,Hodneland,Erlend,NO,erlend.hodneland@biomed.uib.no.,bergen,,
901,Larsson,Henrik B W,NO,,trondheim,,
902,Kyvik,K R,NO,,university of bergen,,
903,Heggelund,Jørn,NO,jorn.heggelund@ntnu.no,trondheim,,
904,Mollnes,T E,NO,,university of oslo,,
905,Arntzen,Ellen Christin,NO,,bodø,,
906,Straume,Bjørn Kåre,NO,,tromsø,,
907,Odeh,Francis,NO,,tromsø,,
908,Zanaboni,Paolo,NO,,tromsø,,
909,Normann,Britt,NO,,bodø,,
910,Uhlig,Silvio,NO,silvio.uhlig@vetinst.no,n- oslo,,
911,Åsberg,A,NO,,oslo,,
912,Lilleby,Wolfgang,NO,wolfgang.lilleby@ous-hf.no,oslo,,
913,Seglen,P O,NO,,oslo,,
914,Tarrason,L,NO,,lillestroem,,
915,Stray,Liv Larsen,NO,liv.l.stray@sshf.no.,sørlandet hospital,,
916,Langslet,Gisle,NO,,oslo,,
917,Hobbesland,A,NO,,skien,,
918,Skogholt,Anne Heidi,NO,,trondheim,,
919,Ryeng,Einar,NO,,trondheim,,
920,Erlandsen,Sten Even,NO,,trondheim,,
921,Skorpen,Frank,NO,,trondheim,,
922,Schønberg,Svanhild A,NO,,trondheim,,
923,Sætrom,Pål,NO,pal.satrom@ntnu.no.,trondheim,,
924,Haaheim,H,NO,,n-,,
925,Saugstad,O D,NO,,,,
926,Bettum,Ingrid J,NO,,oslo,,
927,Vasiliauskaite,Kotryna,NO,,oslo,,
928,Nygaard,Vigdis,NO,,oslo,,
929,Clancy,Trevor,NO,,oslo,,
930,Pettersen,Solveig J,NO,,oslo,,
931,Tenstad,Ellen,NO,,oslo,,
932,Mælandsmo,Gunhild M,NO,,tromsø,,
933,Hjertner,Ø,NO,oyvind.hjertner@medisin.ntnu.no,trondheim,,
934,Berle,Jan Øystein,NO,,n-5020 bergen,,
935,Wam,Hilde Karine,NO,hilde.wam@nibio.no.,ås,,
936,Nybakken,Line,NO,,ås,,
937,Weedon-Fekjaer,Harald,NO,harald.weedon-fekjaer@kreftregisteret.no,n- oslo,,
938,Nilsen,Ole Andreas,NO,ole-andreas.nilsen@uit.no.,tromsø,,
939,Ahmed,Luai Awad,NO,,tromsø,,
940,Winther,Anne,NO,,tromsø,,
941,Christoffersen,Tore,NO,,tromsø,,
942,Furberg,Anne-Sofie,NO,,tromsø,,
943,Grimnes,Guri,NO,,tromsø,,
944,Emaus,Nina,NO,,tromsø,,
945,Moe-Nilssen,Rolf,NO,rolf.moe-nilssen@isf.uib.no,n- bergen,,
946,Gerdts,Eva,NO,,bergen,,
947,Skogestad,Jonas,NO,,university of oslo,,
948,Louch,William E,NO,,university of oslo,,
949,Sejersted,Ole M,NO,,university of oslo,,
950,Sjaastad,Ivar,NO,,ullevål,,
951,Aronsen,Jan Magnus,NO,,oslo university hospital and university of oslo,,
952,Lekang,Katrine,NO,,bergen,,
953,Jonassen,Inge,NO,,bergen,,
954,Thompson,Eric M,NO,,bergen,,
955,Troedsson,Christofer,NO,,bergen,,
956,Mauseth,Siri A,NO,,trondheim,,
957,Skurtveit,Svetlana,NO,,oslo,,
958,Skovlund,Eva,NO,,oslo,,
959,Langhammer,Arnulf,NO,,trondheim,,
960,Spigset,Olav,NO,,trondheim,,
961,Geirdal,Amy Østertun,NO,amy-ostertun.geirdal@hioa.no.,oslo,,
962,Lundgreen,Kirsten,NO,,oslo,,
963,Nordhaug,D,NO,dagn@fagmed.uit.no,n- tromsø,,
964,Reichborn-Kjennerud,Ted,NO,ted.reichborn-kjennerud@fhi.no,university of oslo,,
965,Trøseid,Marius,NO,troseid@hotmail.com,oslo,,
966,Bjørnerud,A,NO,,oslo,,
967,Skinningsrud,Anders,NO,,lørenskog,,
968,Malaquias,Manuel António E,NO,,5020 bergen,,
969,Herrmann,Bent,NO,,tromsø,,
970,Andreassen,Kjell,NO,,norwegian institute of bioeconomy research ås,,
971,Børja,Isabella,NO,,norwegian institute of bioeconomy research ås,,
972,Dalsgaard,Lise,NO,,norwegian institute of bioeconomy research ås,,
973,Tveito,Ole E,NO,,norwegian meteorological institute oslo,,
974,Solberg,Svein,NO,,norwegian institute of bioeconomy research ås,,
975,Røsok,O,NO,,n- oslo,,
976,Møller,Turid,NO,,university hospital in trondheim,,
977,Melve,K K,NO,,university of bergen,,
978,Saugen,E,NO,,oslo,,
979,Brurberg,K G,NO,,n- oslo,,
980,Paulsen,Berit S,NO,b.s.paulsen@farmasi.uio.no.,n-0316 oslo,,
981,Haugen,Thrond O,NO,,0316 oslo,,
982,Aasen,G,NO,g.aasen@usa.net,oslo,,
983,Zucknick,Manuela,NO,,oslo,,
984,Reisaeter,Anna Varberg,NO,areisate@ous-hf.no,rikshospitalet,,
985,Nordin,Håkan,NO,,central hospital of rogaland,,
986,Haugvad,Anders,NO,,oslo,,
987,Strømseng,Arnljot Einride,NO,,no- kjeller,,
988,Puntervoll,P,NO,pal.puntervoll@mbi.uib.no,n- bergen,,
989,Malmqvist,Stefan,NO,stefan.malmqvist@uis.no,stavanger,,
990,Wyller,Vegard Bruun,NO,brwylle@online.no,n- oslo,,
991,Heuch,Ingrid,NO,ingrid.heuch@uus.no,oslo,,
992,Thuen,F,NO,,university of bergen,,
993,Oldenburg,Jan,NO,,oslo,,
994,Bremnes,Roy M,NO,,tromsø,,
995,Gedde-Dahl,T,NO,,oslo,,
996,Roalkvam,Irene,NO,,5006 bergen,,
997,Baumberger,Tamara,NO,,bergen,,
998,Pedersen,Rolf-B,NO,,bergen,,
999,Steen,Ida Helene,NO,,5006 bergen,,
1000,Bjørnstad,H,NO,,university of tromsø,,
1001,Ghanima,Waleed,NO,,sarpsborg,,
1002,Jelsness-Jørgensen,Lars-Petter,NO,,sarpsborg,,
1003,Ramstad,T,NO,,oslo cleft palate center,,
1004,Gjeilo,Kari H,NO,,trondheim,,
1005,Tamlagsrønning,Stian,NO,,trondheim,,
1006,Fjær,Erlend L,NO,,trondheim,,
1007,Eikemo,Terje A,NO,,trondheim,,
1008,Weltzien,Finn-Arne,NO,,oslo,,
1009,Stølen,Tomas O,NO,,trondheim,,
1010,Ulrik,Wisløff,NO,,trondheim,,
1011,Gigli-Bisceglia,Nora,NO,,trondheim,,
1012,Hamann,Thorsten,NO,,trondheim,,
1013,Henjum,Sigrun,NO,sigrun.henjum@hioa.no.,oslo,,
1014,Kjellevold,Marian,NO,marian.kjellevold@nifes.no.,bergen,,
1015,Chandyo,Ram K,NO,ram.chandyo@uib.no.,bergen 5020,,
1016,Frøyland,Livar,NO,livar.froyland@nifes.no.,bergen,,
1017,Strand,Tor A,NO,tor.strand@uib.no.,lillehammer,,
1018,Herfindal,Lars,NO,,n-5020 bergen,,
1019,Choudhury,Romy Roy,NO,,n- bergen,,
1020,Bjørnstad,Ronja,NO,,n- bergen,,
1021,Døskeland,Stein Ove,NO,,n- bergen,,
1022,Indahl,Aage,NO,,stavern,,
1023,Stensdotter,A K,NO,,trondheim,,
1024,Woodhouse,A,NO,,trondheim,,
1025,Vasseljen,O,NO,,trondheim,,
1026,Lyssenko,Valeriya,NO,,university of bergen,,
1027,Hesthagen,T,NO,,trondheim,,
1028,Jaspers,Veerle Leontina Bernard,NO,,trondheim,,
1029,Jortveit,Jarle,NO,,arendal,,
1030,Klcovansky,Jakob,NO,,oslo,,
1031,Eskedal,Leif,NO,,kristiansand,,
1032,Birkeland,Sigurd,NO,,oslo,,
1033,Døhlen,Gaute,NO,,oslo,,
1034,Holmstrøm,Henrik,NO,,oslo,,
1035,Gustafsson,B I,NO,bjorn.gustafsson@medisin.ntnu.no,trondheim,,
1036,Guzman-Herrador,B R,NO,,oslo,,
1037,Henjum,Sigrun,NO,sigrun.henjum@hiak.no,no- oslo,,
1038,Giskeødegård,Guro F,NO,,trondheim,,
1039,Madssen,Torfinn S,NO,,trondheim,,
1040,Euceda,Leslie R,NO,,trondheim,,
1041,Tessem,May-Britt,NO,,trondheim,,
1042,Moestue,Siver A,NO,,trondheim,,
1043,Bathen,Tone F,NO,,trondheim,,
1044,Skarstein,K,NO,,university of bergen,,
1045,Sekse,Ragnhild J Tveit,NO,ragnhild.johanne.sekse@helse-bergen.no,bergen,,
1046,Bach-Gansmo,E T,NO,,university of oslo,,
1047,Brandtzaeg,P,NO,,national hospital,,
1048,Andersen,Sigve,NO,,tromso,,
1049,Al-Saad,Samer,NO,,tromso,,
1050,Richardsen,Elin,NO,,tromso,,
1051,Stenvold,Helge,NO,,tromso,,
1052,Hald,Sigurd M,NO,,university of tromso,,
1053,Al-Shibli,Khalid,NO,,bodo,,
1054,Donnem,Tom,NO,,tromso,,
1055,Busund,Lill-Tove,NO,,tromso,,
1056,Bremnes,Roy M,NO,,tromso,,
1057,Arnstad,Ellen Dalen,NO,,levanger,,
1058,Rypdal,Veronika,NO,,uit the arctic university of norway,,
1059,Nordal,Ellen,NO,,uit the arctic university of norway,,
1060,Romundstad,Pål Richard,NO,,trondheim,,
1061,Rygg,Marite,NO,,trondheim,,
1062,Barraquand,Frédéric,NO,,tromsø,,
1063,Nygard,K,NO,,oslo,,
1064,Flato,Berit,NO,berit.flato@medisin.uio.no.,oslo,,
1065,Rygg,Marite,NO,,trondheim,,
1066,Nordal,Ellen Berit,NO,,tromsö,,
1067,Røisland,Mona,NO,,oslo,,
1068,Ødegård,Hanne Beate,NO,,oslo,,
1069,Hoftun,Gry Børmark,NO,,trondheim,,
1070,Songstad,Nils Thomas,NO,,tromsö,,
1071,Hietala,Ari M,NO,ari.hietala@skogforsk.no,as,,
1072,Johansen,B,NO,,university of oslo,,
1073,Munthe,L A,NO,,university of oslo,,
1074,Darj,Elisabeth,NO,,trondheim,,
1075,Sylte,I,NO,sylte@fagmed.uit.no,tromsø,,
1076,Stang,Espen,NO,,oslo,,
1077,Ganguly,Sumit,NO,,tromsø,,
1078,Vazquez-Lima,Hugo,NO,hugo.vazquez@uit.no.,tromsø,,
1079,Ghosh,Abhik,NO,abhik.ghosh@uit.no.,tromsø,,
1080,Sorbye,Halfdan,NO,,bergen,,
1081,Vikingstad,Erik,NO,,bergen,,
1082,Andersson,Eva,NO,,bergen,,
1083,Hansen,Tom Johnny,NO,tom.hansen@imr.no.,matredal,,
1084,Norberg,Birgitta,NO,,storebø,,
1085,Mayer,Ian,NO,,bergen,,
1086,Stefansson,Sigurd Olav,NO,,bergen,,
1087,Fjelldal,Per Gunnar,NO,,matredal,,
1088,Taranger,Geir Lasse,NO,,bergen,,
1089,Lillehammer,M,NO,marie.lillehammer@nofima.no,n- ås,,
1090,Elgstoen,Katja B P,NO,katja.elgstoen@rikshospitalet.no,oslo university hospital rikshospitalet,,
1091,Møller,Pål,NO,moller.pal@gmail.com,oslo,,
1092,Buchvold,Hogne Vikanes,NO,hognebuchvold@gmail.com.,bergen,,
1093,Moen,B E,NO,,haukeland sykehus,,
1094,Mellembakken,Jan Roar,NO,,oslo,,
1095,Vanky,Eszter,NO,,trondheim,,
1096,Tøsti,E,NO,,university of oslo,,
1097,Eriksen,Morten T,NO,mteriksen@start.no,drammen,,
1098,Geiseler,Samuel J,NO,samuel.geiseler@farmasi.uio.no.,oslo,,
1099,Morland,Cecilie,NO,cecilie.morland@farmasi.uio.no.,oslo,,
1100,Straume,Aksel,NO,,trondheim,,
1101,Dyregrov,Atle,NO,,bergen,,
1102,Dyregrov,Kari,NO,,bergen,,
1103,Repetto-Llamazares,Ada H V,NO,,oslo,,
1104,Larsen,Roy H,NO,,oslo,,
1105,Patzke,Sebastian,NO,,oslo,,
1106,Fleten,Karianne G,NO,,oslo,,
1107,Dahle,Jostein,NO,,oslo,,
1108,Lund-Johansen,Per,NO,,bergen,,
1109,Omvik,Per,NO,,bergen,,
1110,Møller,P,NO,,university of oslo,,
1111,Søreide,J A,NO,,bergen,,
1112,Undheim,Anne Mari,NO,,7491 trondheim,,
1113,Lydersen,Stian,NO,,7491 trondheim,,
1114,Kayed,Nanna Sønnichsen,NO,,7491 trondheim,,
1115,Malmo,Jostein,NO,,n- trondheim,,
1116,Averlid,Gertrud,NO,gaverlid@online.no,oslo,,
1117,Andersen,Tiina M,NO,,thoracic department department of physiotherapy haukeland university hospital department of clinical science university of bergen bergen,,
1118,Sandnes,Astrid,NO,,norway department of medicine innlandet hospital trust gjøvik,,
1119,Fondenes,Ove,NO,,thoracic department haukeland university hospital bergen,,
1120,Clemm,Hege,NO,,department of pediatrics haukeland university hospital department of clinical science university of bergen bergen,,
1121,Halvorsen,Thomas,NO,,department of pediatrics haukeland university hospital department of clinical science university of bergen bergen,,
1122,Nilsen,Roy M,NO,,the faculty of health and social sciences western norway university of applied sciences bergen,,
1123,Tysnes,Ole-Bjørn,NO,,department of neurology haukeland university hospital department of clinical medicine university of bergen bergen,,
1124,Heimdal,John-Helge,NO,,department of otolaryngology/head and neck surgery haukeland university hospital department of clinical medicine university of bergen bergen,,
1125,Vollsæter,Maria,NO,,thoracic department department of pediatrics haukeland university hospital department of clinical science university of bergen bergen,,
1126,Røksund,Ola D,NO,,department of pediatrics haukeland university hospital the faculty of health and social sciences western norway university of applied sciences bergen,,
1127,Gjerstad,J,NO,johannes.gjerstad@pki.uib.no,bergen,,
1128,Hamre,Kristin,NO,,5817 bergen,,
1129,Penglase,Samuel,NO,,5020 bergen,,
1130,Finn,Roderick Nigel,NO,,5817 bergen,,
1131,Olsvik,Pål A,NO,,5817 bergen,,
1132,Johnsen,Julie Føske,NO,julie.johnsen@vetinst.no.,oslo,,
1133,Viljugrein,Hildegunn,NO,,oslo,,
1134,Bøe,Knut Egil,NO,,ås,,
1135,Gulliksen,Stine Margrethe,NO,,oslo,,
1136,Grøndahl,Ann Margaret,NO,,oslo,,
1137,Sivertsen,Tore,NO,,oslo,,
1138,Mejdell,Cecilie Marie,NO,,oslo,,
1139,Eide,P K,NO,per.kristian.eide@rikshospitalet.no,oslo,,
1140,Myhrstad,Mari C W,NO,,oslo,,
1141,Thoresen,Magne,NO,,oslo,,
1142,Holven,Kirsten B,NO,,oslo,,
1143,Ulven,Stine M,NO,,oslo,,
1144,Brinchmann,Berit Støre,NO,,norway; university of tromsø - the artic university of norway,,
1145,Moe,Cathrine,NO,,norway; nord university,,
1146,Skarbø,Tove,NO,,nordland hospital trust,,
1147,Gendron,D,NO,,0316 oslo 3,,
1148,Selbekk,Anne Schanche,NO,,stavanger,,
1149,Sagvaag,Hildegunn,NO,,university of stavanger,,
1150,Fenstad,Anne Marie,NO,,haukeland university hospital,,
1151,Santi,Nina,NO,,oslo,,
1152,Strand,Elin Bolle,NO,,oslo university hospital,,
1153,Pauliuk,Stefan,NO,,trondheim,,
1154,Deng,Jing,NO,,trondheim,,
1155,Deng,Liyuan,NO,,trondheim,,
1156,Smidesang,Ingeborg,NO,ingeborg.smidesang@ntnu.no,trondheim,,
1157,Prydz,H,NO,,rikshospitalet,,
1158,Gammelsaeter,Runhild,NO,,oslo,,
1159,Rønnestad,Bent R,NO,bent.t.ronnestad@hit.no,bø,,
1160,Nilsen,Tom O,NO,tom.nilsen@bio.uib.no,n-,,
1161,Pedersen,G,NO,gustav.pedersen@helse-bergen.no,bergen,,
1162,Kristoffersen,Arne S,NO,arne.s.kristoffersen@gmail.com.,bergen,,
1163,Tzoulis,C,NO,,bergen,,
1164,Davidsen,Tonje,NO,,oslo,,
1165,Engan,T,NO,,university hospital of trondheim,,
1166,Knutsen,S,NO,,bergen,,
1167,Skogen,B,NO,,university hospital of tromsø,,
1168,Holte,A,NO,,oslo,,
1169,Winn,Richard M,NO,richard.winn@tst.nhs.uk,oslo,,
1170,Nylund,Kim,NO,mpkkn@med.uib.no,bergen,,
1171,Kvam,E,NO,,oslo,,
1172,Juzenas,Petras,NO,,oslo,,
1173,Hedberg,Annica,NO,,tromsø,,
1174,Haug,C J,NO,,rikshospitalet,,
1175,Baklien,Børge,NO,borge.baklien@hit.no.,porsgrunn,,
1176,Heiberg,Turid,NO,,oslo,,
1177,Kvien,Tore K,NO,,oslo,,
1178,Nes,B M,NO,,trondheim,,
1179,Jensen,Are Charles,NO,arej@ifi.uio.no,oslo,,
1180,Knaapila,M,NO,matti.knaapila@ife.no,kjeller no-,,
1181,König,Claudia,NO,claudia.konig@psyhp.uib.no,bergen,,
1182,Johnsson,A,NO,anders.johnsson@phys.ntnu.no,trondheim,,
1183,Iversen,Hilde Hestad,NO,,oslo,,
1184,Berntssen,Marc H G,NO,,bergen,,
1185,Hannisdal,Rita,NO,,bergen,,
1186,Buttle,Louise,NO,,sandnes,,
1187,Herlofson,Karen,NO,,arendal,,
1188,Stensvold,Hans Jorgen,NO,,oslo,,
1189,Klingenberg,Claus,NO,,tromso,,
1190,Stoen,Ragnhild,NO,,trondheim,,
1191,Moster,Dag,NO,,bergen,,
1192,Guthe,Hans Jorgen,NO,,bergen,,
1193,Astrup,Henriette,NO,,kristiansand,,
1194,Gronn,Morten,NO,,lorenskog,,
1195,Ronnestad,Arild E,NO,,oslo,,
1196,Tropé,Claes G,NO,,oslo,,
1197,Rimol,Lars M,NO,lars.rimol@psybp.uib.no,n-,,
1198,Martinsen,Jan Ivar,NO,,n-0304 oslo,,
1199,Borud,Einar Kristian,NO,,n- sessvollmoen,,
1200,Trøseid,Marius,NO,,oslo,,
1201,Edenberg,Jan,NO,jan.edenberg@sykehuset-innlandet.no,lillehammer,,
1202,Müller,Hans-Peter,NO,hans-peter.muller@fagmed.uit.no,breivika,,
1203,Hoff,Dag Arne Lihaug,NO,dag.hoff@helse-bergen.no,no- bergen,,
1204,Naume,Bjørn,NO,,oslo,,
1205,Bjørneboe,A,NO,,oslo,,
1206,Haugen,O H,NO,olav.haugen@haukeland.no,n- bergen,,
1207,Fenstad,Anette A,NO,,trondheim,,
1208,Bustnes,Jan O,NO,,tromsø,,
1209,Moe,Børge,NO,,trondheim,,
1210,Hanssen,Sveinn A,NO,,tromsø,,
1211,Gabrielsen,Kristin M,NO,,trondheim,,
1212,Herzke,Dorte,NO,,tromsø,,
1213,Lierhagen,Syverin,NO,,trondheim,,
1214,Jenssen,Bjørn M,NO,,trondheim,,
1215,Krøkje,Åse,NO,,trondheim,,
1216,Sandvik,H,NO,,university of bergen,,
1217,Olsen,Ingar,NO,,oslo,,
1218,Fjørtoft,Ingrid,NO,,bergen,,
1219,Lund,Reidar,NO,,no-0315 oslo,,
1220,Bergsjø,P,NO,,university of bergen,,
1221,Magnus,J H,NO,,tromsø,,
1222,Salvesen,Rolf,NO,rolf.salvesen@nlsh.no,nordland hospital,,
1223,Østbye,Kjartan,NO,,oslo,,
1224,Gregersen,Finn,NO,,oslo,,
1225,Klepaker,Tom,NO,,bergen,,
1226,Vøllestad,Leif Asbjørn,NO,asbjorn.vollestad@ibv.uio.no.,oslo,,
1227,Kopperud,Simen E,NO,s.e.kopperud@niom.no.,oslo,,
1228,Staxrud,Frode,NO,frode.staxrud@odont.uio.no.,oslo,,
1229,Espelid,Ivar,NO,ivar.espelid@odont.uio.no.,oslo,,
1230,Tveit,Anne Bjørg,NO,a.b.tveit@odont.uio.no.,oslo,,
1231,Klepp,K I,NO,,university of bergen,,
1232,Hetland,O,NO,,stavanger,,
1233,Urdal,P,NO,,oslo,,
1234,Kvittingen,E A,NO,,rikshospitalet,,
1235,Kvestad,Ingrid,NO,,bergen,,
1236,Vabø,Silje,NO,,bergen,,
1237,Kjellevold,Marian,NO,,bergen,,
1238,Nøstbakken,Ole Jakob,NO,,bergen,,
1239,Midtbø,Lisa Kolden,NO,,bergen,,
1240,Hysing,Mari,NO,,bergen,,
1241,Markhus,Maria Wik,NO,,bergen,,
1242,Madsen,Lise,NO,,bergen,,
1243,Handeland,Katina,NO,,bergen,,
1244,Graff,Ingvild Eide,NO,,bergen,,
1245,Lie,Øyvind,NO,,bergen,,
1246,Frøyland,Livar,NO,,bergen,,
1247,Stormark,Kjell Morten,NO,,bergen,,
1248,Dahl,Lisbeth,NO,,bergen,,
1249,Solberg,H E,NO,,oslo,,
1250,Riise,Trond,NO,,bergen,,
1251,Brandtzaeg,P,NO,,national hospital,,
1252,Lapin,Morten,NO,,n- stavanger,,
1253,Tjensvoll,Kjersti,NO,,n- stavanger,,
1254,Oltedal,Satu,NO,,n- stavanger,,
1255,Buhl,Tove,NO,,n- stavanger,,
1256,Gilje,Bjørnar,NO,,n- stavanger,,
1257,Smaaland,Rune,NO,,n- stavanger,,
1258,Nordgård,Oddmund,NO,,n- stavanger,,
1259,Jamtvedt,Gro,NO,grj@kunnskapssenteret.no,oslo,,
1260,Eilertsen,Anette L,NO,a.l.eilertsen@medisin.uio.no,oslo,,
1261,Eidsvaag,Vigdis Andersen,NO,,oslo,,
1262,Medhus,A,NO,,ullevål university hospital of oslo,,
1263,Ims,Rolf A,NO,,tromsø,,
1264,Akslen,L A,NO,,bergen,,
1265,Iversen,O H,NO,,rikshospitalet,,
1266,Johannsson,Erlingur,NO,erljo@hi.is.,bergen,,
1267,Ostad,Snorre A,NO,snorre.ostad@isp.uio.no,oslo,,
1268,Brekke,I B,NO,,oslo,,
1269,Ervik,Rune,NO,,bergen,,
1270,Akbari,Mansour,NO,akbari@sund.ku.dk,trondheim,,
1271,Juul,R,NO,,university hospital of trondheim,,
1272,Berg,Rigmor C,NO,rigmor.berg@nokc.no,oslo,,
1273,Berg,K,NO,,oslo,,
1274,Barratt-Due,Andreas,NO,,oslo,,
1275,Pischke,Søren Erik,NO,,oslo,,
1276,Nilsson,Per H,NO,,oslo,,
1277,Espevik,Terje,NO,,trondheim,,
1278,Mollnes,Tom Eirik,NO,,trondheim,,
1279,Steen,Vidar M,NO,,university of bergen,,
1280,Lenhard,Boris,NO,b.lenhard@imperial.ac.uk.,n- bergen,,
1281,Sandve,Geir K,NO,,oslo,,
1282,Nafstad,P,NO,per.nafstad@fhi.no,oslo,,
1283,Arsene,I,NO,,oslo,,
1284,Braseth,Turid Aarhus,NO,,5020 bergen,,
1285,Rosvik,Anne Synnove,NO,,n-6025 aalesund,,
1286,Warris,A,NO,adilia.warris@labmed.uio.no,university of oslo,,
1287,Straand,J,NO,,university of bergen,,
1288,Fernø,Johan,NO,,bergen,,
1289,Zahl,Per-Henrik,NO,,n-0403 oslo,,
1290,Dysvik,Elin,NO,elin.dysvik@uis.no,stavanger,,
1291,Holmberg,Hans-Christer,NO,,tromsø,,
1292,Stormorken,H,NO,,university of oslo,,
1293,Engedal,Knut,NO,knut.engedal@aldringoghelse.no,ullevaal,,
1294,Fossøy,Frode,NO,frode.fossoy@nhm.uio.no,oslo,,
1295,Moura,Marcel,NO,,oslo,,
1296,Måløy,Knut Jørgen,NO,,oslo,,
1297,Flekkøy,Eirik Grude,NO,,oslo,,
1298,Toussaint,Renaud,NO,,oslo,,
1299,Mørch-Johnsen,Lynn,NO,,oslo,,
1300,Nesvåg,Ragnar,NO,,oslo,,
1301,Jørgensen,Kjetil N,NO,,oslo,,
1302,Lange,Elisabeth H,NO,,oslo,,
1303,Hartberg,Cecilie B,NO,,oslo,,
1304,Haukvik,Unn K,NO,,oslo,,
1305,Kompus,Kristiina,NO,,bergen,,
1306,Westerhausen,René,NO,,oslo,,
1307,Osnes,Kåre,NO,,oslo,,
1308,Andreassen,Ole A,NO,,oslo,,
1309,Melle,Ingrid,NO,,oslo,,
1310,Hugdahl,Kenneth,NO,,bergen,,
1311,Agartz,Ingrid,NO,,oslo,,
1312,Kjendahl,A,NO,,nesoddtangen,,
1313,Mehl,R,NO,reidar.mehl@folkehelsa.no,oslo,,
1314,Gudmundsen,T E,NO,,drammen,,
1315,Bø,Kari,NO,,oslo,,
1316,Baekken,M,NO,morten.baekken@medisin.uio.no,oslo,,
1317,Carlsen,Karin Lodrup,NO,,oslo,,
1318,Ekeberg,Ole M,NO,o.m.ekeberg@medisin.uio.no,oslo,,
1319,Wasenius,A,NO,,tønsberg,,
1320,Lüdtke,Thies,NO,,tromsø,,
1321,Mathiessen,Alexander,NO,,oslo,,
1322,Slatkowsky-Christensen,Barbara,NO,,oslo,,
1323,Kvien,Tore K,NO,,oslo,,
1324,Haugen,Ida K,NO,,oslo,,
1325,Berner Hammer,Hilde,NO,,oslo,,
1326,Haugen,Fred,NO,,oslo,,
1327,Bjoerkesett,Eva,NO,,alta,,
1328,Campana,Andrea,NO,,alta,,
1329,Panizza,Giacomo,NO,,alta,,
1330,Weydahl,Andi,NO,,alta,,
1331,Holm-Hansen,C,NO,,university of bergen,,
1332,Celius,E G,NO,,oslo,,
1333,Oien,Torbjørn,NO,torbjorn.oien@ntnu.no,trondheim,,
1334,Ohm,Ingrid Kristine,NO,,oslo,,
1335,Belland Olsen,Maria,NO,,oslo,,
1336,Alfsnes,Katrine,NO,,oslo,,
1337,Bliksøen,Marte,NO,,oslo,,
1338,Øgaard,Jonas,NO,,oslo,,
1339,Ranheim,Trine,NO,,oslo,,
1340,Nymo,Ståle Haugset,NO,,oslo,,
1341,Holmen,Yangchen Dhondup,NO,,oslo,,
1342,Aukrust,Pål,NO,,oslo,,
1343,Yndestad,Arne,NO,,oslo,,
1344,Vinge,Leif Erik,NO,,oslo,,
1345,Yoccoz,Nigel G,NO,,n- oslo 3,,
1346,Eilertsen,Karl-Erik,NO,karl-erik.eilertsen@fagmed.uit.no,tromsø,,
1347,Zidan,Hassan El-Banna,NO,,no  trondheim,,
1348,Svensson,U Peter,NO,,no  trondheim,,
1349,Nielsen,Johan L,NO,,lysaker,,
1350,Bar,Nadav S,NO,,trondheim,,
1351,Diep,Dzung B,NO,,ås,,
1352,Conradsen,Stein,NO,stein.conradsen@helse-mr.no.,volda,,
1353,Gjerseth,Mette Muren,NO,,volda,,
1354,Kvangarsnes,Marit,NO,,volda,,
1355,Opheim,Gun Lisbet,NO,,oslo,,
1356,Zucknick,Manuela,NO,,oslo,,
1357,Henriksen,Tore,NO,,oslo,,
1358,Haugen,Guttorm,NO,,oslo,,
1359,Seland,Johan,NO,,bergen,,
1360,Rustad,Cecilie F,NO,,oslo,,
1361,Stray-Pedersen,Asbjørg,NO,,oslo,,
1362,Tveten,Kristian,NO,,skien,,
1363,Ivarsson,Tord,NO,tord.ivarsson@r-bup.no,oslo 0405,,
1364,Holm,Sverre,NO,sverre.holm@rr-research.no,n- oslo,,
1365,Løyland,Borghild,NO,,oslo,,
1366,Nejad,Shirin,NO,,oslo,,
1367,Katla,A K,NO,katla@nmt-mrog.rl.no,stavanger,,
1368,Glomsaker,T B,NO,tom@glomsaker.no,4068 stavanger,,
1369,Tjønnfjord,G E,NO,,oslo,,
1370,Halvorsen,Tarje Onsøien,NO,,trondheim,,
1371,Sundstrøm,Stein,NO,,trondheim,,
1372,Fløtten,Øystein,NO,,bergen,,
1373,Brustugun,Odd T,NO,,oslo,,
1374,Brunsvig,Paal,NO,,oslo,,
1375,Aasebø,Ulf,NO,,tromsø,,
1376,Bremnes,Roy M,NO,,tromsø,,
1377,Kaasa,Stein,NO,,trondheim,,
1378,Grønberg,Bjørn H,NO,,trondheim,,
1379,Jacob,A L,NO,,n- bergen,,
1380,Bjerklund Johansen,T E,NO,,university of oslo,,
1381,Engstad,Charlotte Sissener,NO,charlotte.engstad@fagmed.uit.no,university of tromsø,,
1382,Klepstad,Pål,NO,,trondheim,,
1383,Haram,Marit,NO,,oslo,,
1384,Bettella,Francesco,NO,,oslo,,
1385,Brandt,Christine Lycke,NO,,oslo,,
1386,Quintana,Daniel S,NO,,oslo,,
1387,Nerhus,Mari,NO,,oslo,,
1388,Bjella,Thomas,NO,,oslo,,
1389,Djurovic,Srdjan,NO,,oslo,,
1390,Westlye,Lars T,NO,,oslo,,
1391,Andreassen,Ole A,NO,,oslo,,
1392,Melle,Ingrid,NO,,oslo,,
1393,Tesli,Martin,NO,,oslo,,
1394,Blom,P C,NO,,oslo,,
1395,Løes,Sigbjørn,NO,sigbjorn.loes@odont.uib.no,bergen,,
1396,Måseide,K,NO,,oslo,,
1397,Mulder,Jan,NO,,no-1432 ås,,
1398,Graugaard,Peter Kjær,NO,p.k.graugaard@basalmed.uio.no,oslo,,
1399,Hovland,Anders,NO,,bodø,,
1400,Nestvold,Torunn,NO,,bodø,,
1401,Bohov,Pavol,NO,,bergen,,
1402,Trøseid,Marius,NO,,oslo,,
1403,Aukrust,Pål,NO,,oslo,,
1404,Berge,Rolf K,NO,,bergen,,
1405,Waage-Nielsen,Erik,NO,,tromsø,,
1406,Retterstøl,Kjetil,NO,,oslo,,
1407,Lappegård,Knut Tore,NO,,bodø,,
1408,Aas,Finn Erik,NO,,oslo,,
1409,Meyer,H E,NO,,university of oslo,,
1410,Giil,Lasse M,NO,,bergen,,
1411,Kristoffersen,Einar K,NO,,bergen,,
1412,Vedeler,Christian A,NO,,bergen,,
1413,Aarsland,Dag,NO,,stavanger,,
1414,Nordrehaug,Jan Erik,NO,,bergen,,
1415,Lund,Anders,NO,,bergen,,
1416,Reksten,Tove Ragna,NO,,bergen,,
1417,Lund,C G,NO,clund@ous-hf.no,oslo,,
1418,Johannessen,Jan O,NO,jojo@sus.no,stavanger,,
1419,Tysnes,Kristoffer R,NO,,0033 oslo,,
1420,Robertson,Lucy J,NO,,0033 oslo,,
1421,Rønnevik,P K,NO,,bergen,,
1422,Courtade,Gaston,NO,,trondheim,,
1423,Aachmann,Finn Lillelund,NO,,trondheim,,
1424,Sørlie,Morten,NO,,ås,,
1425,Klemsdal,T O,NO,,oslo,,
1426,Lier,Haldis Ø,NO,hjol@helse-bergen.no,haugesund,,
1427,Songstad,Nils Gunnar,NO,nils.gunnar.songstad@cih.uib.no,bergen 5020,,
1428,Sjöblom,Johan,NO,,trondheim,,
1429,Gustavsen,Ingebjørg,NO,ingebjorg.g.gustavsen@fhi.no,oslo,,
1430,Angotzi,Anna R,NO,rita.angotzi@bio.uib.no,bergen,,
1431,Eskild,Anne,NO,,lørenskog,,
1432,Strøm-Roum,Ellen Marie,NO,,lørenskog,,
1433,Haavaldsen,Camilla,NO,,lørenskog,,
1434,Brauckhoff,Michael,NO,michael.brauckhoff@k2.uib.no.,bergen,,
1435,Birri,Dagim Jirata,NO,,ås,,
1436,Nøttestad,J A,NO,rsbroset@medisin.ntnu.no,trondheim,,
1437,Liavaag,Astrid H,NO,astrid.liavaag@sshf.no,arendal,,
1438,Nytrøen,Kari,NO,,oslo,,
1439,Holm,Elis,NO,,østerås,,
1440,Mauring,Alexander,NO,,østerås,,
1441,Meza,Trine J,NO,,n-0316 oslo,,
1442,Radtke,M A,NO,maria.radtke@ntnu.no,trondheim,,
1443,Pélabon,C,NO,christophe.pelabon@bio.ntnu.no,trondheim,,
1444,Nielsen,Morten Birkeland,NO,,university of bergen,,
1445,Gjerstad,Johannes,NO,,university of bergen,,
1446,Einarsen,Ståle,NO,,university of bergen,,
1447,Ohm,Ingrid Kristine,NO,,oslo,,
1448,Alfsnes,Katrine,NO,,oslo,,
1449,Belland Olsen,Maria,NO,,oslo,,
1450,Ranheim,Trine,NO,,oslo,,
1451,Sandanger,Øystein,NO,,oslo,,
1452,Dahl,Tuva Børresdatter,NO,,oslo,,
1453,Aukrust,Pål,NO,,oslo,,
1454,Finsen,Alexandra Vanessa,NO,,oslo,,
1455,Yndestad,Arne,NO,,oslo,,
1456,Vinge,Leif Erik,NO,,oslo,,
1457,Lilleby,Wolfgang,NO,wolfgang.lilleby@klinmed.uio.no,oslo,,
1458,Saugstad,Ola Didrik,NO,odsaugstad@rr-research.no,oslo,,
1459,Hütler,Matthias,NO,mhut@haukeland.no,bergen,,
