temp_id,lastname,firstname,countries_scope,email,town,role,url
1,Zak,Nathalia,NO,,oslo university hospital,,
2,Norbom,Linn B,NO,,oslo university hospital,,
3,Pedersen,Per Ø,NO,,university of oslo,,
4,Malt,Ulrik F,NO,,oslo university hospital,,
5,Westlye,Lars T,NO,,university of oslo,,
6,Bjørnerud,Atle,NO,,oslo university hospital,,
7,Groote,Inge R,NO,,university of oslo,,
8,Fismen,S,NO,,n- tromsø,,
9,Johansen,Heidi,NO,heidi.johansen@sunnaas.no,nesoddtangen,,
10,Kleggetveit,Inge Petter,NO,,oslo,,
11,Jørum,Ellen,NO,,oslo,,
12,Tylden,Garth D,NO,,tromsø,,
13,Rinaldo,Christine Hanssen,NO,christine.rinaldo@unn.no.,tromsø,,
14,Wik,Elisabeth,NO,elisabeth.wik@med.uib.no,bergen,,
15,Lier,Marius E,NO,,drammen,,
16,Roed,Siri M,NO,,drammen,,
17,Vestby,Pia F,NO,,trondheim,,
18,Endreseth,Birger H,NO,,trondheim,,
19,Salvesen,Øyvind,NO,,trondheim,,
20,Wibe,Arne,NO,,trondheim,,
21,Bolkan,Haakon A,NO,,trondheim,,
22,Gold,Christian,NO,christian.gold@uni.no,bergen,,
23,Eriksen,Agnete Bratsberg,NO,a.b.eriksen@medisin.uio.no,oslo,,
24,Solheim,Jorunn,NO,,oslo,,
25,Gay,Caryl,NO,,oslo,,
26,Lerdal,Anners,NO,,oslo,,
27,Kvaerner,Kari J,NO,,oslo,,
28,Janczak,A M.,NO,,ås,,
29,Lønning,P E,NO,,bergen,,
30,Gordon,Paul B,NO,,oslo,,
31,Bendiksen,Ragnar,NO,,oslo,,
32,Indrevoll,Bård,NO,,oslo,,
33,Bjerke,Roger M,NO,,oslo,,
34,Moestue,Siver A,NO,,oslo,,
35,Swaerd-Nordmo,Marit,NO,,oslo,,
36,Torheim,Geir,NO,,oslo,,
37,Ødegårdstuen,Liv-Ingrid,NO,,oslo,,
38,Healey,Andrew,NO,,oslo,,
39,Holien,Toril,NO,,trondheim,,
40,Misund,Kristine,NO,,trondheim,,
41,Olsen,Oddrun Elise,NO,,trondheim,,
42,Baranowska,Katarzyna Anna,NO,,trondheim,,
43,Buene,Glenn,NO,,trondheim,,
44,Børset,Magne,NO,,trondheim,,
45,Waage,Anders,NO,,trondheim,,
46,Sundan,Anders,NO,,trondheim,,
47,Haye,Rolf,NO,,lovisenberg diakonale hospital,,
48,Tarangen,Magnus,NO,,lovisenberg diakonale hospital,,
49,Shiryaeva,Olga,NO,,lovisenberg diakonale hospital,,
50,Døsen,Liv Kari,NO,,lovisenberg diakonale hospital,,
51,Kvistad,C E,NO,,bergen,,
52,Rusten,Bjorn,NO,bjorn.rusten@aquateam.no,0504 oslo,,
53,Dahl,C B,NO,,university of trondheim,,
54,Afadzi,Mercy,NO,mercy.afadzi@ntnu.no,trondheim,,
55,Halvorsen,Lotta,NO,,university hospital of north norway,,
56,Martínez,A,NO,,university of bergen,,
57,Kakar,Manish,NO,manish.kakar@rr-research.no,oslo,,
58,Solhaug,Anita,NO,,n-0403 oslo,,
59,Garmo,Randi T,NO,randi.garmo@veths.no,no- oslo,,
60,Arnesen,Trude,NO,tma@fafo.no,no-0608 oslo,,
61,Ruzzin,Jerome,NO,,university of bergen,,
62,van Bavel,Bert,NO,,oslo,,
63,Brauckhoff,Katrin,NO,katrin.brauckhoff@helse-bergen.no.,bergen,,
64,Aas,Turid,NO,,bergen,,
65,Biermann,Martin,NO,,bergen,,
66,Husby,Paul,NO,,bergen,,
67,Terjesen,Terje,NO,terje.terjesen@ous-hf.no,oslo,,
68,Øygarden,Olaug,NO,,stavanger,,
69,Bjaalid,Gunhild,NO,,stavanger,,
70,Mikkelsen,Aslaug,NO,,stavanger,,
71,Njølstad,Pål R,NO,,bergen,,
72,Vaudel,Marc,NO,,bergen,,
73,Ovaskainen,Otso,NO,,norwegian university of science and technology,,
74,Einvik,Gunnar,NO,gunnar.einvik@medisin.uio.no,akershus university hospital and university of oslo,,
75,Aspestrand,F,NO,,university of oslo,,
76,Svalestad,J,NO,jarle.svalestad@iko.uib.no,n- bergen,,
77,Sundaram,Arvind Y M,NO,,bodø,,
78,Chen,Jian,NO,,bergen,,
79,Eliassen,Finn,NO,,bergen,,
80,Jonassen,Anne K,NO,,bergen,,
81,Leitges,Michael,NO,,oslo,,
82,Hjerde,Erik,NO,,n- tromsø,,
83,Melbye,H,NO,,university hospital of tromsø,,
84,Hartmann,Martin,NO,,ntnu,,
85,Aasmoe,Lisbeth,NO,lisbeth.aasmoe@unn.no,tromsø,,
86,Høisaeter,Per Age,NO,,bergen,,
87,Davidson,Ben,NO,ben.davidson@radiumhospitalet.no,oslo,,
88,Urstad,Kristin H,NO,kristin.urstad@su.hio.no,oslo,,
89,Aaberge,Ingeborg S,NO,ingeborg.aaberge@fhi.no,no-0403 oslo,,
90,Kirkøen,Benedicte,NO,,oslo,,
91,Berstad,Paula,NO,,oslo,,
92,Botteri,Edoardo,NO,,oslo,,
93,Dalén,Eirin,NO,,grålum,,
94,Nilsen,Jens Aksel,NO,,drammen,,
95,Hoff,Geir,NO,,oslo,,
96,de Lange,Thomas,NO,,oslo,,
97,Bernklev,Tomm,NO,,oslo,,
98,Svensen,Erling,NO,erling.svensen@unifob.uib.no,bergen,,
99,Roald,O K,NO,,university of oslo,,
100,Hansen,M Y,NO,,university of oslo,,
101,Nilsson,Göran E,NO,g.e.nilsson@imbv.uio.no,oslo,,
102,Møllendal,Harald,NO,harald.mollendal@kjemi.uio.no,no-0315 oslo,,
103,Haye,R,NO,,oslo,,
104,Samuelsen,O B,NO,,bergen,,
105,Brantsæter,Anne Lise,NO,annelise.brantsaeter@fhi.no.,oslo,,
106,Haugen,Margareta,NO,,oslo,,
107,Knutsen,Helle Katrine,NO,,oslo,,
108,Myhre,Ronny,NO,,oslo,,
109,Alexander,Jan,NO,,oslo,,
110,Nilsen,Roy M,NO,,bergen,,
111,Jacobsson,Bo,NO,,oslo,,
112,Meltzer,Helle Margrete,NO,,oslo,,
113,Mehl,Arne,NO,arne.mehl@hnt.no.,levanger,,
114,Åsvold,Bjørn Olav,NO,,trondheim,,
115,Kümmel,Angela,NO,,levanger,,
116,Lydersen,Stian,NO,,trondheim,,
117,Paulsen,Julie,NO,,levanger,,
118,Haugan,Ingvild,NO,,trondheim,,
119,Solligård,Erik,NO,,trondheim,,
120,Damås,Jan Kristian,NO,,trondheim,,
121,Harthug,Stig,NO,,bergen,,
122,Edna,Tom-Harald,NO,,trondheim,,
123,Mørkrid,Kjersti,NO,kjersti.morkrid@medisin.uio.no,0424 oslo,,
124,Espnes,G A,NO,,trondheim,,
125,Farsund,Oystein,NO,,no-,,
126,Haaland,O A,NO,,bergen,,
127,Klemsdal,T O,NO,,department of cardiology,,
128,Silnes Tandberg,Bente,NO,,university of bergen,,
129,Nordhøv,Marianne,NO,,n- tromsø,,
130,Bhide,Amarnath,NO,,tromsø,,
131,Acharya,Ganesh,NO,,tromsø,,
132,Aanondsen,Chris M,NO,,trondheim,,
133,Hatlen,Gudrun,NO,,trondheim,,
134,Moksnes,Håvard,NO,havard.moksnes@nih.no.,oslo,,
135,Engebretsen,Lars,NO,lars.engebretsen@medisin.uio.no.,oslo,,
136,Hystad,Marit E,NO,,oslo,,
137,Fasmer,Ole Bernt,NO,ole.fasmer@psyk.uib.no,university of bergen,,
138,Gilja,Odd Helge,NO,,bergen,,
139,Risheim,H,NO,,university of oslo,,
140,Asberg,Arne,NO,arne.asberg@stolav.no,trondheim,,
141,Torbergsen,Torberg,NO,torberg.torbergsen@rito.no,tromsø,,
142,Agewall,Stefan,NO,,university of oslo,,
143,Islam,M Kamrul,NO,,bergen,,
144,Kjerstad,Egil,NO,egil.kjerstad@norceresearch.no.,bergen,,
145,Backe,Bjørn,NO,bjorn.backe@ntnu.no,trondheim,,
146,Lofstad,Marie,NO,,no-0316 oslo,,
147,Gudim,Ingvild,NO,,no-0316 oslo,,
148,Hammerstad,Marta,NO,,no-0316 oslo,,
149,Røhr,Åsmund Kjendseth,NO,,no-1432 ås,,
150,Hersleth,Hans-Petter,NO,,no-0316 oslo,,
151,Hussain,Akhtar,NO,,oslo,,
152,Kara,E,NO,,oslo,,
153,Martinez-Palacian,A,NO,,oslo,,
154,Jacobsen,A F,NO,,oslo,,
155,Sandset,P M,NO,,oslo,,
156,Kanse,S M,NO,,oslo,,
157,Eskildsen,Carl Emil,NO,,n- ås,,
158,Afseth,Nils Kristian,NO,,n- ås,,
159,Wold,Jens Petter,NO,,n- ås,,
160,Kavli,Bodil,NO,,n- trondheim,,
161,Maage,Amund,NO,,bergen,,
162,Frantzen,Sylvia,NO,,bergen,,
163,Valdersnes,Stig,NO,,bergen,,
164,Bremnes,Roy M,NO,roy.bremnes@unn.no,tromsø,,
165,Steinkopf,S,NO,,university of bergen,,
166,Bærheim,Anders,NO,,bergen,,
167,Ellingsen,,NO,,0033 oslo,,
168,Vinknes,Kathrine J,NO,kathrine.vinknes@medisin.uio.no,oslo,,
169,Tonstad,S,NO,,oslo,,
170,Vaaler,Arne E,NO,,trondheim,,
171,Kallestad,Håvard,NO,,trondheim,,
172,Morken,Gunnar,NO,,trondheim,,
173,Sharma,Sunita,NO,,bergen,,
174,Sapkota,Dipak,NO,,bergen,,
175,Xue,Ying,NO,,bergen,,
176,Sun,Yang,NO,,bergen,,
177,Bruland,Ove,NO,,bergen,,
178,Mustafa,Kamal,NO,,bergen,,
179,Refsum,Helga,NO,,university of oslo,,
180,Haug,Sivakami Rethnam,NO,sivakami.rethnam@fys.uib.no,bergen,,
181,Nauman,J,NO,javaid.nauman@ntnu.no,trondheim,,
182,Buanes,T,NO,,bergen,,
183,Bugge,M K,NO,,oslo,,
184,Cameron,D,NO,,oslo,,
185,Catmore,J R,NO,,oslo,,
186,Dale,O,NO,,bergen,,
187,Eigen,G,NO,,bergen,,
188,Feigl,S,NO,,oslo,,
189,Franconi,L,NO,,oslo,,
190,Garonne,V,NO,,oslo,,
191,Gjelsten,B K,NO,,oslo,,
192,Gramstad,E,NO,,oslo,,
193,Liebig,W,NO,,bergen,,
194,Lipniacka,A,NO,,bergen,,
195,Maeland,S,NO,,bergen,,
196,Martin Dit Latour,B,NO,,bergen,,
197,Morisbak,V,NO,,oslo,,
198,Nilsen,J K,NO,,oslo,,
199,Oppen,H,NO,,oslo,,
200,Ould-Saada,F,NO,,oslo,,
201,Raddum,S,NO,,oslo,,
202,Read,A L,NO,,oslo,,
203,Røhne,O,NO,,oslo,,
204,Sandaker,H,NO,,oslo,,
205,Serfon,C,NO,,oslo,,
206,Stapnes,S,NO,,oslo,,
207,Stugu,B,NO,,bergen,,
208,Vadla,K O H,NO,,oslo,,
209,Yang,Z,NO,,bergen,,
210,Zalieckas,J,NO,,bergen,,
211,Eggebø,Torbjørn Moe,NO,tme@lyse.net,stavanger,,
212,Langhammer,Birgitta,NO,,oslo,,
213,Stanghelle,Johan K,NO,,nesoddtangen,,
214,Biedermann,D,NO,,bergen,,
215,Dietrich,J,NO,,bergen,,
216,Giorgi,F M,NO,,bergen,,
217,Grancagnolo,S,NO,,bergen,,
218,Herbert,G H,NO,,bergen,,
219,Herrberg-Schubert,R,NO,,bergen,,
220,Hristova,I,NO,,bergen,,
221,Kind,O M,NO,,bergen,,
222,Kolanoski,H,NO,,bergen,,
223,Lacker,H,NO,,bergen,,
224,Lohse,T,NO,,bergen,,
225,Lund-Jensen,B,NO,,oslo,,
226,Nikiforov,A,NO,,bergen,,
227,Rehnisch,L,NO,,bergen,,
228,Rieck,P,NO,,bergen,,
229,Schulz,H,NO,,bergen,,
230,Sidebo,P E,NO,,oslo,,
231,Sperlich,D,NO,,bergen,,
232,Stamm,S,NO,,bergen,,
233,Strandberg,J,NO,,oslo,,
234,Zur Nedden,M,NO,,bergen,,
235,Robsahm,Trude Eid,NO,trude.eid.robsahm@kreftregisteret.no,oslo,,
236,Larsen,Sandra,NO,,lørenskog,,
237,Haavaldsen,Camilla,NO,,lørenskog,,
238,Bjelland,Elisabeth Krefting,NO,,lørenskog,,
239,Dypvik,Johanne,NO,,lørenskog,,
240,Eskild,Anne,NO,,lørenskog,,
241,Kornhall,Daniel,NO,,bodø,,
242,Nielsen,Erik Waage,NO,,8049 bodø,,
243,Hanssen,Tove A,NO,,tromsø,,
244,Provan,Sella A,NO,s-provan@diakonsyk.no,n- oslo,,
245,Siljeholm,J,NO,jornsi@mit.edu,university of oslo,,
246,Berg,K,NO,,trondheim,,
247,Urbarova,Ilona,NO,,n tromsø,,
248,Saether,Line,NO,line.sether@uit.no,university of tromsø,,
249,Bele,Irene Velsvik,NO,irene.bele@hivolda.no,volda,,
250,D'Antonio,Francesco,NO,,tromsø,,
251,Kessler,Jørg,NO,,bergen,,
252,Yli,Branka M,NO,,oslo,,
253,Nerland,Audun H,NO,audun.nerland@imr.no,5817 bergen,,
254,Martinsen,Marianne,NO,,oslo,,
255,Abeler,Vera M,NO,vera.maria.abeler@radiumhospitalet.no,oslo,,
256,Wethal,T,NO,,oslo,,
257,Al-Sharabi,Niyaz,NO,,bergen,,
258,Mustafa,Manal,NO,,bergen,,
259,Xue,Ying,NO,,bergen,,
260,Mustafa,Kamal,NO,,bergen,,
261,Fristad,Inge,NO,,bergen,,
262,Glover,Kevin A,NO,kevin.glover@imr.no,bergen,,
263,Ullbro,Christer,NO,,tromsø,,
264,Urdahl,Anne Margrete,NO,,oslo,,
265,Simm,Roger,NO,,oslo,,
266,Slettemeås,Jannice Schau,NO,,oslo,,
267,Lagesen,Karin,NO,,oslo,,
268,Norström,Madelaine,NO,,oslo,,
269,Karlsen,Bjørg,NO,,stavanger,,
270,Oftedal,Bjørg,NO,,stavanger,,
271,Stangeland Lie,Silje,NO,,stavanger,,
272,Rokne,Berit,NO,,bergen,,
273,Graue,Marit,NO,,bergen,,
274,Grindem,Hege,NO,,oslo,,
275,Dale,E,NO,,oslo,,
276,Ahmed,Sara,NO,,oslo,,
277,Winther-Larsen,Hanne Cecilie,NO,,oslo,,
278,Santos Andresen,Adriana Magalhães,NO,,oslo,,
279,Gjøen,Tor,NO,,oslo,,
280,Høgmoen Åstrand,Ove Alexander,NO,,oslo,,
281,Kleppe,Rune,NO,rune.kleppe@uib.no.,bergen,,
282,Jonassen,Inge,NO,inge.jonassen@uib.no.,bergen,,
283,Døskeland,Stein Ove,NO,stein.doskeland@uib.no.,bergen,,
284,Selheim,Frode,NO,frode.selheim@uib.no.,bergen,,
285,Skretting,Grethe,NO,grethe.skretting@medisin.uio.no,oslo,,
286,Tropé,Claes G,NO,c.g.trope@medisin.uio.no,oslo,,
287,Rund,Bjørn Rishovd,NO,,oslo,,
288,Heggeset,Tonje M B,NO,,n- trondheim,,
289,Brautaset,Trygve,NO,,n- trondheim,,
290,Reid,Malcolm J,NO,malcolm.reid@niva.no,oslo,,
291,Rudberg,Ida,NO,ida.rudberg@diakonsyk.no,oslo,,
292,Tranebjaerg,L,NO,lisbetht@fagmed.uit.no,tromsø,,
293,Lømo,T,NO,,university of oslo,,
294,Borgen,K,NO,katrine.borgen@veths.no,oslo,,
295,Glosli,Heidi,NO,,oslo,,
296,Orstavik,K H,NO,,oslo,,
297,Berstad,Audun E,NO,,oslo,,
298,Verbeke,Caroline S,NO,,oslo,,
299,Haugvik,Sven P,NO,,drammen,,
300,Gladhaug,Ivar P,NO,,oslo,,
301,Line,Pål-Dag,NO,,oslo,,
302,Labori,Knut J,NO,,oslo,,
303,Beraki,Elsa,NO,,oslo,,
304,Morisbak,Else,NO,,oslo,,
305,Ansteinsson,Vibeke,NO,,oslo,,
306,Samuelsen,Jan T,NO,,oslo,,
307,Nicholas,Jude,NO,jude.nicholas@statped.no,bergen,,
308,Jensen,B O,NO,,university of bergen,,
309,Myklebost,O,NO,,oslo,,
310,Herzke,Dorte,NO,,no- tromsø,,
311,Moe,Børge,NO,,no- trondheim,,
312,Bech,Claus,NO,,trondheim,,
313,Gabrielsen,Geir Wing,NO,,no- tromsø,,
314,Bustnes,Jan Ove,NO,,no- tromsø,,
315,Uleberg,E,NO,eivind.uleberg@bioforsk.no,as,,
316,Wälchli,Sébastien,NO,,n- oslo,,
317,Holm,Ruth,NO,,oslo,,
318,Olsen,Rolf Erik,NO,,trondheim,,
319,Ringø,Einar,NO,,tromsø,,
320,Christensen,Jacob J,NO,,oslo,,
321,Retterstøl,Kjetil,NO,,oslo,,
322,Godang,Kristin,NO,,oslo,,
323,Roland,Marie Cecilie Paasche,NO,,oslo,,
324,Qvigstad,Elisabeth,NO,,oslo,,
325,Bollerslev,Jens,NO,,oslo,,
326,Ueland,Thor,NO,,oslo,,
327,Henriksen,Tore,NO,,oslo,,
328,Alvik,Astrid,NO,astrid.alvik@medisin.uio.no,oslo,,
329,Castellanos,Cesilie Granum,NO,cesilie.castellanos@nvh.no,0033 oslo,,
330,Granan,Lars-Petter,NO,,oslo,,
331,Engebretsen,Lars,NO,,oslo,,
332,Karlsen,K,NO,,stavanger,,
333,Almås,Synnøve Hofseth,NO,sa@hials.no,n- aalesund,,
334,Woldesemayat,Endrias Markos,NO,,bergen,,
335,Uhlig,Till,NO,till.uhlig@nrrk.no,n- oslo,,
336,Gubrium,Erika,NO,,oslo and akershus university college of applied sciences,,
337,Vinge,Leif Erik,NO,,oslo n-,,
338,Solbu,Marit D,NO,marit.solbu@unn.no.,tromsø,,
339,Baz-Lomba,Jose Antonio,NO,joseantonio.baz@niva.no.,no-,,
340,Salvatore,Stefania,NO,,0316,,
341,Reid,Malcolm,NO,,no-,,
342,Ryu,Yeonsuk,NO,,no-,,
343,Bramness,Jorgen,NO,,0316,,
344,Thomas,Kevin,NO,,no-,,
345,Mellbye,A,NO,,trondheim,,
346,Sætrom,Pål,NO,,trondheim,,
347,Opdal,Siri H,NO,siri.hauge.opdal@fhi.no.,oslo,,
348,Schuster,Cornelia,NO,,bergen,,
349,Akslen,Lars A,NO,,bergen,,
350,Straume,Oddbjørn,NO,,bergen,,
351,Myklebust,A T,NO,,oslo,,
352,Barstad,R M,NO,,oslo,,
353,Moen,Anne,NO,anne.moen@intermedia.uio.no,oslo,,
354,Myhr,Kjell-Morten,NO,,bergen,,
355,Løken-Amsrud,Kristin I,NO,,lillehammer,,
356,Bakke,Søren J,NO,,oslo,,
357,Beiske,Antonie G,NO,,hakadal,,
358,Bjerve,Kristian S,NO,,trondheim,,
359,Hovdal,Harald,NO,,trondheim,,
360,Lilleås,Finn,NO,,oslo,,
361,Midgard,Rune,NO,,trondheim,,
362,Pedersen,Tom,NO,,drammen,,
363,Šaltytė Benth,Jūratė,NO,,lørenskog,,
364,Torkildsen,Øivind,NO,,bergen,,
365,Wergeland,Stig,NO,,bergen,,
366,Michelsen,Annika E,NO,,oslo,,
367,Aukrust,Pål,NO,,oslo,,
368,Ueland,Thor,NO,,oslo,,
369,Holmøy,Trygve,NO,,oslo,,
370,Wang,Jian,NO,,bergen,,
371,Brodtkorb,Marianne,NO,,oslo,,
372,Lingjaerde,Ole Christian,NO,,oslo,,
373,Hönigsperger,Christoph,NO,,oslo,,
374,Nordrum,I,NO,patin@rito.no,university hospital of tromsø,,
375,Lund-Johansen,P,NO,,school of medicine,,
376,Bø,Ragnhild,NO,,university of oslooslo,,
377,Gjerde,Line C,NO,,university of oslooslo,,
378,Eilertsen,Espen M,NO,,norwegian institute of public healthoslo,,
379,Landrø,Nils I,NO,,university of oslooslo,,
380,Tandberg,Anne Helene S,NO,,no 5020 bergen,,
381,Vader,Wim,NO,,tromso,,
382,Buhl-Mortensen,Lene,NO,,n-5817 bergen,,
383,Grønli,Ole,NO,,university hospital of northern norway,,
384,Mork-Jansson,Astrid Elisabeth,NO,,stavanger,,
385,Eichacker,Lutz Andreas,NO,,stavanger,,
386,Heiberg,Ragnhild,NO,,oslo,,
387,Omdal,Roald,NO,omro@sir.no,stavanger,,
388,Hoffmann-Vold,Anna-Maria,NO,,oslo,,
389,Hov,Johannes R,NO,,oslo,,
390,Kummen,Martin,NO,,oslo,,
391,Midtvedt,Øyvind,NO,,oslo,,
392,Molberg,Øyvind,NO,,oslo,,
393,Ørnes,Knut,NO,,university of oslo,,
394,Hansen,Kai Victor,NO,,stavanger,,
395,Frøiland,Christina Tølbøl,NO,,stavanger,,
396,Testad,Ingelin,NO,,stavanger,,
397,Johansen,Odd Erik,NO,odd-erik.johansen@boehringer-ingelheim.com,asker,,
398,Steffenak,Anne Kjersti Myhrene,NO,,elverum,,
399,Søvik,Aste,NO,,oslo,,
400,Bjertnaes,Oyvind A,NO,oan@kunnskapssenteret.no,oslo,,
401,Moss,R,NO,,university of bergen,,
402,Skyberg,K,NO,,oslo,,
403,Skjeldestad,F E,NO,,university hospital of trondheim,,
404,Maagaard,A,NO,anne.maagard@medisin.uio.no,oslo,,
405,Tynes,Tore,NO,,oslo,,
406,Nordby,Karl-Christian,NO,,oslo,,
407,Woldbæk,Torill,NO,,oslo,,
408,Kløve,Bjørn,NO,,finland and bioforsk,,
409,Hofmann,Bjørn,NO,bjoern.hofmann@hig.no,oslo,,
410,Nova,Ainara,NO,,oslo,,
411,Balcells,David,NO,,oslo,,
412,Ogreid,D,NO,,university of bergen,,
413,Bjorge,Line,NO,,bergen,,
414,Tangen,Ingvild L,NO,,bergen,,
415,Salvesen,Helga B,NO,,bergen,,
416,Krakstad,Camilla,NO,,bergen,,
417,Strand,Bjørn Heine,NO,,oslo,,
418,Bangstad,H J,NO,,oslo,,
419,Stovner,Lars J,NO,,trondheim,,
420,Steiner,Timothy J,NO,t.steiner@imperial.ac.uk.,trondheim,,
421,Grove,Harald,NO,,n- ås,,
422,Schwarze,P E,NO,per.schwarze@fhi.no,oslo,,
423,Ellingsen,Jan Eirik,NO,janee@odont.uio.no,university of oslo,,
424,Tronstad,C,NO,,oslo,,
425,Kalvøy,H,NO,,oslo,,
426,Martinsen,Ø G,NO,,oslo,,
427,Helland,Turid,NO,,bergen,,
428,Morken,Frøydis,NO,,bergen,,
429,Postoev,Vitaly A,NO,,tromsø,,
430,Brinchmann,J E,NO,,oslo,,
431,Juzeniene,Asta,NO,,oslo,,
432,Overland,Britt,NO,brov@lds.no,oslo,,
433,Lubs,H A,NO,,university hospital of tromsø,,
434,Sundgot-Borgen,Jorunn,NO,,oslo,,
435,Birkeland,Kåre I,NO,,oslo,,
436,Bodegård,Johan,NO,,oslo,,
437,Thiede,Bernd,NO,,university of oslo,,
438,Bakke,J V,NO,jan.bakke@atil.dep.no,bergen,,
439,Wang,S,NO,,university of oslo,,
440,Asberg,Anders,NO,,oslo,,
441,Hartmann,Anders,NO,,oslo,,
442,Bjorvatn,Cathrine,NO,cathrine.bjorvatn@isf.uib.no,bergen,,
443,Jevnaker,Anne-Marthe,NO,a.m.jevnaker@odont.uio.no,oslo,,
444,Kristianen,K,NO,,oslo,,
445,Paulsen,T,NO,torbjorn_paulsen@hotmail.com,oslo,,
446,Eriksen,Hege R,NO,hege.eriksen@psych.uib.no,n-,,
447,Moen,B E,NO,,n- haukeland hospital,,
448,Gold,Christian,NO,,bergen,,
449,Mykletun,Arnstein,NO,,n- oslo,,
450,Olsen,Jan Ole,NO,,tromsø,,
451,Heggelund,P,NO,,university of oslo,,
452,Galperin,Y M,NO,iouri.galperine@fys.uio.no,0316 oslo,,
453,Corbin,J Hope,NO,hopecorbin@gmail.com,bergen n-,,
454,Browman,Howard I,NO,,n- storebø,,
455,Stray-Pedersen,Babill,NO,,oslo,,
456,Ringdal,G I,NO,,department of psychiatry,,
457,Wilsgaard,Tom,NO,,tromsø,,
458,Eriksen,H M,NO,eriksenhanne@yahoo.com,nydalen 0403 oslo,,
459,Sabir,Hemmen,NO,,oslo,,
460,Osredkar,Damjan,NO,,oslo,,
461,Maes,Elke,NO,,oslo,,
462,Wood,Thomas,NO,,oslo,,
463,Thoresen,Marianne,NO,,oslo,,
464,Reksen,O,NO,,oslo,,
465,Wergeland,E,NO,,university of oslo,,
466,Zachariassen,Karl Erik,NO,karl.erik.zachariassen@chembio.ntnu.no,trondheim,,
467,Skurdal,Jostein,NO,,oslo 3,,
468,Bleken,Erik,NO,,oslo 3,,
469,Stenseth,Nils Chr,NO,,oslo 3,,
470,Haraldstad,Kristin,NO,,kristiansand,,
471,Rohde,Gudrun,NO,,kristiansand,,
472,Stea,Tonje Holte,NO,,kristiansand,,
473,Lohne-Seiler,Hilde,NO,,kristiansand,,
474,Hetlelid,Ken,NO,,kristiansand,,
475,Paulsen,Gøran,NO,,oslo,,
476,Berntsen,Sveinung,NO,,kristiansand,,
477,Bratland,Eirik,NO,eirik.bratland@med.uib.no,bergen,,
478,Lund-Kordahl,Inger,NO,,n- oslo,,
479,Pettersen,M K,NO,marit.kvalvag.pettersen@matforsk.no,n-1432 aas,,
480,Stavseth,Marianne Riksheim,NO,,oslo,,
481,Clausen,Thomas,NO,,oslo,,
482,Røislien,Jo,NO,,oslo,,
483,Karakitsiou,S,NO,,bergen,,
484,Holst,B,NO,,bergen,,
485,Hoffmann,A C,NO,,bergen,,
486,Miles,Christopher O,NO,,oslo,,
487,Vatne,Torun M,NO,torun.vatne@rr-research.no,oslo,,
488,Mellin-Olsen,Tonje,NO,tonje.mellin-olsen@lds.no,n- oslo,,
489,Bergland,Astrid,NO,,oslo,,
490,Olsen,Cecilie Fromholt,NO,,oslo,,
491,Ekerholt,Kirsten,NO,,oslo,,
492,Solbakk,Anne-Kristin,NO,a.k.solbakk@psykologi.uio.no,blindern,,
493,Rokstad,Anne M,NO,anne.m.rokstad@ntnu.no,trondheim,,
494,Lysøe,Erik,NO,,ås,,
495,Kristensen,G B,NO,,oslo,,
496,Carlsson,K C,NO,k.c.carlsson@farmasi.uio.no,oslo,,
497,Brakstad,Odd G,NO,odd.g.brakstad@sintef.no,trondheim,,
498,Hodneland Nilsson,Linn Iren,NO,,bergen,,
499,Nitschke Pettersen,Ina Katrine,NO,,bergen,,
500,Nikolaisen,Julie,NO,,bergen,,
501,Micklem,David,NO,,bergen,,
502,Avsnes Dale,Hege,NO,,bergen,,
503,Vatne Røsland,Gro,NO,,bergen,,
504,Lorens,James,NO,,bergen,,
505,Tronstad,Karl Johan,NO,,bergen,,
506,Grov,Ellen Karine,NO,ellen.karine.grov@hibu.no,drammen,,
507,Larsen,A C,NO,,n- oslo,,
508,Eriksen,T K,NO,,n- oslo,,
509,Görgen,A,NO,,n- oslo,,
510,Guttormsen,M,NO,,n- oslo,,
511,Hagen,T W,NO,,n- oslo,,
512,Nyhus,H T,NO,,n- oslo,,
513,Renstrøm,T,NO,,n- oslo,,
514,Rose,S J,NO,,n- oslo,,
515,Ruud,I E,NO,,n- oslo,,
516,Siem,S,NO,,n- oslo,,
517,Tveten,G M,NO,,n- oslo,,
518,Westin,Andreas Austgulen,NO,andreas.westin@legemidler.no,st. olav university hospital,,
519,Akol,Angela,NO,,bergen,,
520,Engebretsen,Ingunn Marie Stadskleiv,NO,,bergen,,
521,Skylstad,Vilde,NO,,bergen,,
522,Irgens,I,NO,,oslo,,
523,Rekand,T,NO,,bergen,,
524,Zhao,Xi,NO,,oslo,,
525,Aure,Miriam R,NO,,oslo,,
526,Krohn,Marit,NO,,oslo,,
527,Kristensen,Vessela N,NO,,oslo,,
528,Børresen-Dale,Anne-Lise,NO,,oslo,,
529,Klitkou,Søren Toksvig,NO,,oslo,,
530,Bjørnstad,Johannes L,NO,,oslo university hospital ullevål,,
531,Forns,J,NO,,oslo,,
532,Khider,Miriam,NO,,tromsø,,
533,Willassen,Nils Peder,NO,,tromsø,,
534,Hansen,Hilde,NO,hilde.hansen@uit.no.,tromsø,,
535,Lund-Johansen,F,NO,,bergen,,
536,Yoccoz,N G,NO,,tromsø,,
537,Vandvik,Per Olav,NO,,oslo,,
538,Mok,Kam-Ming,NO,,oslo,,
539,Bahr,Roald,NO,,oslo,,
540,Krosshaug,Tron,NO,,oslo,,
541,Zou,Yuan-Feng,NO,,0316 oslo,,
542,Aslaksen,Torun Helene,NO,,0316 oslo,,
543,Wangensteen,Helle,NO,,0316 oslo,,
544,Barsett,Hilde,NO,,0316 oslo,,
545,Rukke,E O,NO,elling-olav.rukke@umb.no,as,,
546,Wethal,T,NO,,oslo,,
547,Stokkan,K A,NO,,university of tromsø,,
548,Fjermestad,Krister W,NO,,bergen,,
549,Wergeland,Gro Janne,NO,,bergen,,
550,Holmøy,T,NO,trygve.holmoy@medisin.uio.no,oslo,,
551,Tonstad,S,NO,,oslo,,
552,Amarzguioui,M,NO,,university of oslo,,
553,Portenier,I,NO,isaport@odont.uio.no,oslo,,
554,Aachmann,Finn L,NO,,trondheim,,
555,Abeler,V M,NO,,osio,,
556,Dahl,C B,NO,,ostmarka hospital,,
557,Storaker,Anne,NO,,oslo and akershus university college,,
558,Nåden,Dagfinn,NO,,oslo and akershus university college,,
559,Sæteren,Berit,NO,,oslo and akershus university college,,
560,Dhainaut,Alvilde,NO,alvilde.dhainaut@ntnu.no,trondheim,,
561,Stubhaug,Audun,NO,,oslo,,
562,Nordén,Jenni,NO,,oslo,,
563,Leiros,H K,NO,,university of tromso,,
564,Ellingsen,O,NO,,university of oslo,,
565,Fladby,Tormod,NO,,departments of neurology and neuropsychiatry at akershus university hospital,,
566,Gjertsen,Inger K,NO,inger.gjertsen@rikshospitalet.no,oslo,,
567,Brunvand,H,NO,,haukeland university hospital,,
568,Thrane,Gyrd,NO,,tromsø,,
569,Opheim,Arve,NO,,nesoddtangen,,
570,Borch,Kristin B,NO,,tromsø,,
571,Weiderpass,Elisabete,NO,,tromsø,,
572,Braaten,Tonje,NO,,tromsø,,
573,Jareid,Mie,NO,,tromsø,,
574,Gavrilyuk,Oxana A,NO,,tromsø,,
575,Licaj,Idlir,NO,,tromsø,,
576,Morth,Jens P,NO,,university of oslo,,
577,Gullestad,Lars,NO,,oslo,,
578,Kjekshus,John,NO,,oslo,,
579,Harris,Jennifer R,NO,jennifer.harris@fhi.no,n-0403 oslo,,
580,Anvar,M D,NO,,university of oslo,,
581,Hellvard,Annelie,NO,,n- bergen,,
582,Delaleu,Nicolas,NO,,n- bergen,,
583,Mydel,Piotr,NO,,n- bergen,,
584,Milde,Anne Marita,NO,anne.milde@psych.vib.no,university of bergen,,
585,Agewall,Stefan,NO,stefan.agewall@medisin.uio.no,ullevål,,
586,Lefevre,S,NO,,0316 oslo,,
587,Gilja,Odd Helge,NO,,university of bergen,,
588,Jabeen,Shakila,NO,,lørenskog,,
589,Zucknick,Manuela,NO,,oslo,,
590,Nome,Marianne,NO,,lørenskog,,
591,Fleischer,Thomas,NO,,oslo,,
592,Kumar,Surendra,NO,,lørenskog,,
593,Lüders,Torben,NO,,lørenskog,,
594,von der Lippe Gythfeldt,Hedda,NO,,oslo,,
595,Kyte,Jon Amund,NO,,oslo,,
596,Børresen-Dale,Anne-Lise,NO,,oslo,,
597,Naume,Bjørn,NO,,oslo,,
598,Tekpli,Xavier,NO,,lørenskog,,
599,Engebraaten,Olav,NO,,oslo,,
600,Kristensen,Vessela,NO,,lørenskog,,
601,Bjørnstad,Anders,NO,,n- skien,,
602,Aldrin,Magne,NO,magne.aldrin@nr.no,n- oslo,,
603,Jakola,Asgeir Store,NO,legepost@gmail.com.,trondheim,,
604,Solheim,Ole,NO,,trondheim,,
605,Gulati,Sasha,NO,,trondheim,,
606,Sagberg,Lisa Millgård,NO,,trondheim,,
607,Røsjø,Helge,NO,helge.rosjo@medisin.uio.no,lørenskog,,
608,Wang,Junbai,NO,junbai.wang@rr-research.no.,oslo,,
609,Pedersen,Kristine B,NO,kristine.pedersen@akvaplan.niva.no.,tromsø,,
610,Sternal,Beata,NO,,tromsø,,
611,Junttila,Juho,NO,,tromsø,,
612,Skirbekk,Kari,NO,,tromsø,,
613,Frantzen,Marianne,NO,,tromsø,,
614,Msuya,S E,NO,,university of oslo,,
615,Eide,P K,NO,,university of bergen,,
616,Bye,Anja,NO,,trondheim,,
617,Tønseth,Kim Alexander,NO,kim.tonseth@oslo-universitetssykehus.no,oslo university hospital,,
618,Storm,H,NO,hanne.storm@klinmed.uio.no,oslo,,
619,Løvås,Tom-Ole,NO,,oslo,,
620,Bruusgaard,Jo C,NO,,oslo,,
621,Øynebråten,Inger,NO,,oslo,,
622,Gundersen,Kristian,NO,,oslo,,
623,Bogen,Bjarne,NO,,oslo,,
624,Kvaal,Simen,NO,simen.kvaal@cma.uio.no,n- oslo,,
625,Nakken,Karl O,NO,karl.otto.nakken@epilepsy.no,oslo 0027,,
626,Samuelsen,Ø,NO,,tromsø,,
627,Lund,Einar,NO,,ministry of local government and modernisation,,
628,Lauvrak,Silje U,NO,,n- bergen,,
629,Bernhoft,Aksel,NO,,oslo,,
630,Høgåsen,Helga R,NO,,oslo,,
631,Rosenlund,Grethe,NO,,stavanger,,
632,Ivanova,Lada,NO,,oslo,,
633,Berntssen,Marc H G,NO,,bergen,,
634,Alexander,Jan,NO,,oslo,,
635,Eriksen,Gunnar Sundstøl,NO,,oslo,,
636,Fæste,Christiane Kruse,NO,,oslo,,
637,Posserud,Maj-Britt,NO,maj-britt.posserud@rbup.uib.no,university of bergen,,
638,Alme,J,NO,,bergen,,
639,Altinpinar,S,NO,,bergen,,
640,Djuvsland,Ø,NO,,bergen,,
641,Dordic,O,NO,,oslo,,
642,Erdal,H A,NO,,bergen,,
643,Eyyubova,G,NO,,oslo,,
644,Fehlker,D,NO,,bergen,,
645,Haaland,Ø,NO,,bergen,,
646,Helstrup,H,NO,,bergen,,
647,Hetland,K F,NO,,bergen,,
648,Huang,M,NO,,bergen,,
649,Kanaki,K,NO,,bergen,,
650,Kileng,B,NO,,bergen,,
651,Kvaerno,H,NO,,oslo,,
652,Langoy,R,NO,,bergen,,
653,Lien,J,NO,,bergen,,
654,Lindal,S,NO,,oslo,,
655,Liu,L,NO,,bergen,,
656,Loenne,P I,NO,,bergen,,
657,Løvhøiden,G,NO,,oslo,,
658,Milosevic,J,NO,,oslo,,
659,Nilsson,M S,NO,,oslo,,
660,Nystrand,J,NO,,bergen,,
661,Qvigstad,H,NO,,oslo,,
662,Richter,M,NO,,oslo,,
663,Røed,K,NO,,bergen,,
664,Röhrich,D,NO,,bergen,,
665,Skaali,T B,NO,,oslo,,
666,Skjerdal,K,NO,,bergen,,
667,Szostak,A,NO,,bergen,,
668,Tveter,T S,NO,,oslo,,
669,Ullaland,K,NO,,bergen,,
670,Øvrebekk,G,NO,,bergen,,
671,Wagner,B,NO,,bergen,,
672,Wikne,J,NO,,oslo,,
673,Yang,S,NO,,bergen,,
674,Hamdani,E H,NO,,n-0316 oslo,,
675,Flørenes,Tonje Wåle,NO,tonje.wale.florenes@nih.no,n-0806 oslo,,
676,Vahokoski,Juha,NO,,bergen,,
677,Kursula,Inari,NO,,bergen,,
678,Müller,H,NO,,bekkestua,,
679,Tinholt,Mari,NO,,oslo,,
680,Stavik,Benedicte,NO,,oslo,,
681,Louch,William,NO,,oslo,,
682,Carlson,Cathrine Rein,NO,,oslo,,
683,Sletten,Marit,NO,,oslo,,
684,Skretting,Grethe,NO,,oslo,,
685,Sandset,Per Morten,NO,,oslo,,
686,Iversen,Nina,NO,,oslo,,
687,Brekke,Hilde K,NO,,oslo,,
688,Sütterlin,Stefan,NO,,oslo university hospital - rikshospitaletoslo,,
689,Fladeby,C,NO,catherine.fladeby@pki.uib.no,bergen,,
690,Tøssebro,Jan,NO,,trondheim,,
691,Midjo,Turid,NO,,trondheim,,
692,Paulsen,Veronika,NO,,trondheim,,
693,Berg,Berit,NO,,trondheim,,
694,Djurovic,S,NO,srdjan.djurovic@10ks.uio.no,and department of medical genetics,,
695,Kirkøen,Benedicte,NO,,0304 oslo,,
696,Berstad,Paula,NO,,0304 oslo,,
697,Botteri,Edoardo,NO,,0304 oslo,,
698,Åvitsland,Tone Lise,NO,,drammen,,
699,Ossum,Alvilde Maria,NO,,grålum,,
700,de Lange,Thomas,NO,,0304 oslo,,
701,Hoff,Geir,NO,,0304 oslo,,
702,Bernklev,Tomm,NO,,0318 oslo,,
703,Elvik,Rune,NO,re@toi.no,no- oslo,,
704,Bjornevik,Kjetil,NO,,bergen,,
705,Myhr,Kjell-Morten,NO,,bergen,,
706,Beiske,Antonie,NO,,hakadal,,
707,Bjerve,Kristian S,NO,,trondheim,,
708,Holmøy,Trygve,NO,,oslo,,
709,Hovdal,Harald,NO,,trondheim,,
710,Midgard,Rune,NO,,molde,,
711,Riise,Trond,NO,,bergen,,
712,Wergeland,Stig,NO,,bergen,,
713,Torkildsen,Øivind,NO,,bergen,,
714,Storstein,L,NO,,university of oslo,,
715,Molden,Sturla,NO,,oslo,,
716,Moldestad,Olve,NO,,oslo,,
717,Storm,Johan F,NO,,oslo,,
718,Arnesen,T,NO,,oslo,,
719,Eilertsen,Mary-Elizabeth B,NO,mary.elizabeth.eilertsen@hist.no,trondheim,,
720,Nilsen,D W,NO,dnilsen1@chello.no,stavanger,,
721,Vaage,J,NO,,university of oslo,,
722,Volløyhaug,Ingrid,NO,ingrid.volloyhaug@ntnu.no.,trondheim,,
723,Mørkved,Siv,NO,,trondheim,,
724,Salvesen,Kjell Åsmund,NO,,trondheim,,
725,Hagen,K B,NO,,oslo,,
726,Etholm,Lars,NO,lars.etholm@medisin.uio.no,oslo,,
727,Paulenz,H,NO,heiko.paulenz@veths.no,oslo,,
728,Hussain,R I,NO,,oslo,,
729,Rognmo,Øivind,NO,oivind.rognmo@medisin.ntnu.no,trondheim,,
730,Waage,Siri,NO,,bergen,,
731,Pallesen,Ståle,NO,,bergen,,
732,Moen,Bente Elisabeth,NO,,bergen,,
733,Bjorvatn,Bjørn,NO,,bergen,,
734,Lindemann,R,NO,roli@uus.no,no- oslo,,
735,Johansen,Heidi,NO,,nesodden,,
736,Andersen,Liv Øinæs,NO,,nesodden,,
737,Rand-Hendriksen,Svend,NO,,nesodden,,
738,Sjaastad,Ann Kristin,NO,ann.kristin.sjaastad@ntnu.no,n- trondheim,,
739,Brandtzaeg,P,NO,per.brandtzaeg@labmed.uio.no,oslo n-,,
740,Kresse,Stine H,NO,,oslo,,
741,Moholdt,Trine T,NO,trine.moholdt@ntnu.no,trondheim,,
742,Komisarczuk,Anna Z,NO,,n- bergen,,
743,Vatten,Lars J,NO,lars.vatten@medisin.ntnu.no,trondheim,,
744,Stenoien,,NO,,n- trondheim,,
745,Faerestrand,Svein,NO,svein.faerestrand@med.uib.no,university of bergen,,
746,Nordsletten,L,NO,,university of oslo,,
747,Sandberg,Sverre,NO,,bergen,,
748,Aarsand,Aasne K,NO,,bergen,,
749,Diep,Dzung B,NO,,ås,,
750,Welle-Strand,Gabrielle,NO,,oslo,,
751,Uggerud,E,NO,einar.uggerud@kjemi.uio.no,n-0315 oslo,,
752,Støylen,I J,NO,,university of bergen,,
753,Sørvoll,Marit,NO,,tromsø,,
754,Obstfelder,Aud,NO,,tromsø,,
755,Normann,Britt,NO,,tromsø,,
756,Øberg,Gunn Kristin,NO,,tromsø,,
757,Skrunes,Rannveig,NO,,bergen,,
758,Svarstad,Einar,NO,,bergen,,
759,Kampevold Larsen,Kristin,NO,,bergen,,
760,Leh,Sabine,NO,,bergen,,
761,Tøndel,Camilla,NO,,bergen,,
762,Visser Taklo,Maaike M,NO,maaike.taklo@sintef.no.,no- oslo,,
763,Lietaer,Nicolas,NO,nicolas.lietaer@sintef.no.,no- oslo,,
764,Vogl,Andreas,NO,andreas.vogl@sintef.no.,no- oslo,,
765,Bakke,Thor,NO,thor.bakke@tunableir.com.,no- oslo,,
766,Oppedal,F,NO,,matre,,
767,Aasheim,T,NO,,trondheim,,
768,Falavigna,Margherita,NO,,tromsø,,
769,Brase,Christina,NO,,tromsø,,
770,Ternullo,Selenia,NO,,tromsø,,
771,Škalko-Basnet,Nataša,NO,,tromsø,,
772,Michelet,A A,NO,,oslo,,
773,Nordrum,Ivar Skjåk,NO,,trondheim university hospital,,
774,Mirkuzie,Alemnesh H,NO,ami048@cih.uib.no,bergen,,
775,Brudeseth,Bjørn E,NO,oystein.evensen@veths.no,oslo,,
776,Meyer,Klaus,NO,klaus.meyer@farm.uib.no,bergen,,
777,Øynebråten,Inger,NO,,oslo,,
778,Fredriksen,Agnete B,NO,,oslo,,
779,Bogen,Bjarne,NO,,oslo,,
780,Salvesen,Kjell Å,NO,,trondheim,,
781,Corthay,A,NO,,oslo,,
782,Dembic,Z,NO,,oslo,,
783,Øynebråten,I,NO,,oslo,,
784,Dahl,Unni,NO,,trondheim,,
785,Rise,Marit By,NO,,trondheim,,
786,Kulseng,Bård,NO,,trondheim,,
787,Steinsbekk,Aslak,NO,,trondheim,,
788,Svihus,B,NO,birger.svihus@ihf.nlh.no,oslo,,
789,Iversen,Rasmus,NO,rasmus.iversen@rr-research.no.,n- oslo,,
790,Fleur du Pré,M,NO,,n- oslo,,
791,Di Niro,Roberto,NO,,n- oslo,,
792,Sollid,Ludvig M,NO,,n- oslo,,
793,Storaker,Anne,NO,,oslo and akershus university college of applied sciences,,
794,Nåden,Dagfinn,NO,,oslo and akershus university college of applied sciences,,
795,Sæteren,Berit,NO,,oslo and akershus university college of applied sciences,,
796,Thoen,E,NO,,oslo,,
797,Evensen,Ø,NO,,oslo,,
798,Skaar,I,NO,,oslo,,
799,Reisaeter,A V,NO,,oslo,,
800,Kaster,Krista M,NO,,randaberg,,
801,Almendingen,K,NO,,blindern,,
802,Selvig,K,NO,,drammen,,
803,Höiness,P,NO,p.r.hoiness@medisin.uio.no,n- oslo,,
804,Burdzovic Andreas,Jasmina,NO,,norwegian institute of public healthoslo,,
805,Brunborg,Geir S,NO,,norwegian institute of public healthoslo,,
806,Medbø,S,NO,sverre.medbo@rh.uio.no,oslo,,
807,Drozd,Filip,NO,filip.drozd@r-bup.no.,oslo,,
808,Bakken,Torkild,NO,,no- trondheim,,
809,Evertsen,Jussi,NO,,no- trondheim,,
810,Kvalheim,G,NO,,oslo,,
811,Nilsen,I W,NO,,university of tromsø,,
812,Nygaard,Unni Cecilie,NO,unni.cecilie.nygaard@fhi.no,no-0403 oslo,,
813,Ghanavatian,Shirin,NO,,oslo,,
814,Holm,B,NO,bjarne.holm@iha.nlh.no,no- hamar,,
815,Jensen,C,NO,,rauland,,
816,Hov,Karen Roksund,NO,,oslo,,
817,Bolstad,Nils,NO,,oslo,,
818,Idland,Ane-Victoria,NO,,oslo,,
819,Chaudhry,Farrukh A,NO,,oslo,,
820,Frihagen,Frede,NO,,oslo,,
821,Ræder,Johan,NO,,oslo,,
822,Wyller,Torgeir Bruun,NO,,oslo,,
823,Watne,Leiv Otto,NO,,oslo,,
824,Yildirim Yayilgan,Sule,NO,,gjøvik,,
825,Fevang,Per,NO,,oslo,,
826,Fevang,Børre,NO,,oslo,,
827,Høstmark,Arne T,NO,,oslo,,
828,Persett,Per Sverre,NO,uxpese@ous-hf.no.,oslo,,
829,Grimholt,Tine K,NO,,oslo,,
830,Ekeberg,Oivind,NO,,oslo,,
831,Jacobsen,Dag,NO,,oslo,,
832,Myhren,Hilde,NO,,oslo,,
833,Ørstavik,Ragnhild E,NO,ragnhild.orstavik@ioks.uio.no,oslo,,
834,Seip,B,NO,bseip@online.no,skien,,
835,Evjen,Tove J,NO,,oslo,,
836,Løvvik,Anja,NO,anja.lovvik@ahus.no,lorenskog,,
837,Sun,Hao,NO,hao.sun@hibu.no,kongsberg,,
838,Morken,John,NO,,1432 aas,,
839,Hanssen,Jon Fredrik,NO,,1432 aas,,
840,Briseid,Tormod,NO,,aas,,
841,Fredly,Hanne,NO,hanne.fredly@med.uib.no.,bergen,,
842,Eriksen,Bjørn Odvar,NO,bjorn.odvar.eriksen@unn.no,tromsø,,
843,Steine,S,NO,,university of oslo,,
844,Nestvold,Knut,NO,knut.nestvold@ahus.no,lørenskog,,
845,Strand,Elin,NO,elin.strand@med.uib.no,bergen,,
846,Morin,Nicolas,NO,,n-0806 oslo,,
847,Arp,Hans Peter H,NO,,n-0806 oslo,,
848,Hale,Sarah E,NO,,n-0806 oslo,,
849,Tryland,Morten,NO,morten.tryland@uit.no.,tromsø,,
850,Romano,Javier Sánchez,NO,,tromsø,,
851,Marcin,Nina,NO,,tromsø,,
852,Nymo,Ingebjørg Helena,NO,,tromsø,,
853,Josefsen,Terje Domaas,NO,,tromsø,,
854,Sørensen,Karen Kristine,NO,,tromsø,,
855,Mørk,Torill,NO,,tromsø,,
856,Freitas,Carla,NO,,kristiansand,,
857,Olsen,Esben M,NO,,kristiansand,,
858,Knutsen,Halvor,NO,,kristiansand,,
859,Albretsen,Jon,NO,,his,,
860,Moland,Even,NO,,kristiansand,,
861,Berger,Hester R,NO,,trondheim,,
862,Morken,Tora Sund,NO,,trondheim,,
863,Vettukattil,Riyas,NO,,trondheim,,
864,Brubakk,Ann-Mari,NO,,trondheim,,
865,Sonnewald,Ursula,NO,,trondheim,,
866,Widerøe,Marius,NO,,trondheim,,
867,Husebye,Elisabeth Synnøve Nilsen,NO,elisabeth.husebye@uib.no.,bergen,,
868,Gilhus,Nils Erik,NO,,bergen,,
869,Riedel,Bettina,NO,,bergen,,
870,Spigset,Olav,NO,,bergen,,
871,Daltveit,Anne Kjersti,NO,,bergen,,
872,Bjørk,Marte Helene,NO,,bergen,,
873,Aase,Svein Arne,NO,,no-7491 trondheim,,
874,Sikkeland,L I B,NO,liv.sikkeland@rikshospitalet.no,oslo,,
875,Uleberg,Kai-Erik,NO,,4068 stavanger,,
876,Ovestad,Irene Tveiterås,NO,,4068 stavanger,,
877,Munk,Ane Cecilie,NO,,4068 stavanger,,
878,Brede,Cato,NO,,4068 stavanger,,
879,van Diermen,Bianca,NO,,4068 stavanger,,
880,Gudlaugsson,Einar,NO,,4068 stavanger,,
881,Janssen,Emiel A M,NO,,4068 stavanger,,
882,Hjelle,Anne,NO,,4315 sandnes,,
883,Baak,Jan P A,NO,,5021 bergen,,
884,Øvergård,Aina-Cathrine,NO,aina-cathrine.overgard@uib.no.,bergen,,
885,Hamre,Lars Are,NO,,bergen,,
886,Kongshaug,Heidi,NO,,bergen,,
887,Nilsen,Frank,NO,,bergen,,
888,Sigurdardottir,Solrun,NO,,nesoddtangen,,
889,Andelic,Nada,NO,,oslo,,
890,Wehling,Eike,NO,,bergen,,
891,Anke,Audny,NO,,tromso,,
892,Skandsen,Toril,NO,,trondheim,,
893,Holthe,Oyvor Oistensen,NO,,oslo,,
894,Manskow,Unn Sollid,NO,,tromso,,
895,Roe,Cecilie,NO,,oslo,,
896,Kristensen,Vessela,NO,,oslo,,
897,Borresen-Dale,Anne-Lise,NO,,oslo,,
898,Investigators,Nbcs,NO,,oslo,,
899,Aag,Trine,NO,,tromsø,,
900,Wik,Hilde Skuterud,NO,,oslo university hospital,,
901,Enden,Tone,NO,,oslo university hospital,,
902,Jelsness-Jørgensen,Lars-Petter,NO,,fredrikstad,,
903,Jorde,R,NO,rolf.jorde@unn.no,tromsø,,
904,Dees,Merete Wiken,NO,,ås,,
905,Brurberg,May Bente,NO,,ås,,
906,Lysøe,Erik,NO,,ås,,
907,Jain,Ashish,NO,,tromsø,,
908,Johansen,Terje,NO,,tromsø,,
909,Ahmed,Lavina,NO,,bergen,,
910,Nalwoga,Hawa,NO,,bergen,,
911,Arnes,Jarle B,NO,,bergen,,
912,Micklem,David R,NO,,bergen,,
913,Akslen,Lars A,NO,,bergen,,
914,Fröls,Sabrina,NO,,n- bergen,,
915,Bjorvatn,Bjørn,NO,,bergen,,
916,Nødtvedt,Øystein,NO,,bergen,,
917,Hamre,Børge,NO,,bergen,,
918,Pallesen,Ståle,NO,,bergen,,
919,Bjelland,Thor Wilhelm,NO,thorwilh@stud.ntnu.no,trondheim,,
920,Dorenberg,E J,NO,eric.dorenberg@rikshospitalet.no,oslo,,
921,Guzman Herrador,Bernardo R,NO,bernardorafael.guzman.herrador@fhi.no.,oslo,,
922,Rønning,Karin,NO,karin.ronning@fhi.no.,oslo,,
923,Borgen,Katrine,NO,katrine.borgen@fhi.no.,oslo,,
924,Mannsåker,Turid,NO,turid.mannsaker@fhi.no.,oslo,,
925,Dahle,Ulf R,NO,ulf.dahle@fhi.no.,oslo,,
926,Gansel,Lars Christian,NO,,trondheim,,
927,Endresen,Per Christian,NO,,trondheim,,
928,Olsen,Anna Ivanova,NO,,trondheim,,
929,Misimi,Ekrem,NO,,trondheim,,
930,Guenther,Jana,NO,,trondheim,,
931,Jensen,Østen,NO,,stjørdal,,
932,Kulseng-Hanssen,Sigurd,NO,sigurd.kulseng-hanssen@sabhf.no,baerum,,
933,Lindboe,C F,NO,c.lindboe@c2i.net,kristiansand,,
934,Vågnes,K S,NO,kari.vagnes@odont.uib.no,bergen,,
935,Indredavik,B,NO,inbe@online.no,oslo,,
936,Sorknes,Nina K,NO,,oslo,,
937,Paulsen,Gøran,NO,,oslo,,
938,Cumming,Kristoffer T,NO,,oslo,,
939,Hamarsland,Håvard,NO,,oslo,,
940,Berntsen,Sveinung,NO,,kristiansand,,
941,Raastad,Truls,NO,,oslo,,
942,Stokkan,K A,NO,,university of tromsøo,,
943,Stranden,E,NO,,university of oslo,,
944,Bolstad,A I,NO,,university of bergen,,
945,Kuipers,Sjoukje D,NO,,bergen,,
946,Mysterud,Iver,NO,mysterud@bio.uio.no,university of oslo,,
947,Brantsæter,Margrethe,NO,,oslo,,
948,Nordgreen,Janicke,NO,,oslo,,
949,Hansen,Tone B,NO,,oslo,,
950,Muri,Karianne,NO,,oslo,,
951,Nødtvedt,Ane,NO,,oslo,,
952,Moe,Randi O,NO,,oslo,,
953,Janczak,Andrew M,NO,,oslo,,
954,Staff,A C,NO,,oslo,,
955,Christensen,J O,NO,joc@stami.no,oslo,,
956,Riise,Trond,NO,trond.riise@uib.no,university of bergen,,
957,Koksvik,John Morten,NO,john.m.koksvik@ntnu.no.,trondheim,,
958,Linaker,Olav Morten,NO,,trondheim,,
959,Gråwe,Rolf Wilhelm,NO,,trondheim,,
960,Bjørngaard,Johan Håkon,NO,,trondheim,,
961,Lara-Cabrera,Mariela Loreto,NO,,trondheim,,
962,Aaberge,I S,NO,,oslo,,
963,Kjaer,Killie Mette,NO,mette.kjar.killie@rito.no,tromsoe,,
964,Stige,Leif Christian,NO,,0316 oslo,,
965,Rismark,Marit,NO,marit.rismark@svt.ntnu.no,n- trondheim,,
966,Gao,Yongqi,NO,yong@nersc.no,bergen,,
967,Bruheim,Kjersti,NO,,oslo,,
968,Alam,Md Mehboob,NO,mehboob.cu@gmail.com.,tromsø,,
969,Ruud,Kenneth,NO,mehboob.cu@gmail.com.,tromsø,,
970,Bruun,Jarle,NO,,oslo university hospital,,
971,Sveen,Anita,NO,,oslo university hospital,,
972,Eide,Peter W,NO,,oslo university hospital,,
973,Eilertsen,Ina,NO,,oslo university hospital,,
974,Kolberg,Matthias,NO,,oslo university hospital,,
975,Svindland,Aud,NO,,oslo university hospital,,
976,Guren,Marianne G,NO,,oslo university hospital,,
977,Nesbakken,Arild,NO,,oslo university hospital,,
978,Lothe,Ragnhild A,NO,,oslo university hospital,,
979,Trogstad,Lill,NO,lill.trogstad@fhi.no,oslo,,
980,Kuipers,Sjoukje D,NO,,bergen,,
981,Bell,Hege Therese,NO,,namsos,,
982,Hagemo,E,NO,,asker,,
983,Carlström,Eric,NO,,vestfold,,
984,Sikorski,Pawel,NO,pawel.sikorski@phys.ntnu.no,trondheim no-,,
985,Mjelle,Anders Batman,NO,,bergen,,
986,Guthe,Hans Jørgen Timm,NO,,bergen,,
987,Reigstad,Hallvard,NO,,bergen,,
988,Bjørke-Monsen,Anne Lise,NO,,bergen,,
989,Markestad,Trond,NO,,bergen,,
990,Engedal,Nikolai,NO,nikolai.engedal@rr-research.no,oslo,,
991,Olsen,Magnus Kringstad,NO,,trondheim,,
992,Johannessen,Helene,NO,,trondheim,,
993,Kulseng,Bård,NO,,trondheim,,
994,Chen,Duan,NO,,trondheim,,
995,Zhao,Chun-Mei,NO,,trondheim,,
996,Nilsen,Frank,NO,,bergen,,
997,Male,Rune,NO,,bergen,,
998,Grotmol,Sindre,NO,,bergen,,
999,Kongshaug,Heidi,NO,,bergen,,
1000,Dalvin,Sussie,NO,,bergen,,
1001,Hosseini,A,NO,,norwegian radiation protection authority,,
1002,Myro,Aija Zuleron,NO,aija.zuleron.myro@ahus.no.,lørenskog,,
1003,Bjerke,Gisle,NO,,lørenskog,,
1004,Zarnovicky,Svetozar,NO,,lørenskog,,
1005,Holmøy,Trygve,NO,,lørenskog,,
1006,Søreide,Kjetil,NO,ksoreide@mac.com,stavanger,,
1007,Brown,Andrew A,NO,,oslo 0424,,
1008,Giddaluru,Sudheer,NO,,bergen,,
1009,Westlye,Lars T,NO,,oslo 0373,,
1010,Athanasiu,Lavinia,NO,,oslo 0424,,
1011,Hartberg,Cecilie B,NO,,oslo 0319,,
1012,Haukvik,Unn K,NO,,oslo n-,,
1013,Melle,Ingrid,NO,,oslo 0424,,
1014,Reinvang,Ivar,NO,,oslo,,
1015,Steen,Vidar M,NO,,bergen,,
1016,Djurovic,Srdjan,NO,,oslo 0450,,
1017,Espeseth,Thomas,NO,,oslo 0373,,
1018,Le Hellard,Stephanie,NO,,bergen,,
1019,Andreassen,Ole A,NO,,oslo 0424,,
1020,Kogstad,R E,NO,ragnfrid.kogstad@hihm.no,elverum,,
1021,Taskén,K,NO,,university of oslo,,
1022,Tuntland,Hanne,NO,,bergen,,
1023,Aaslund,Mona Kristin,NO,,bergen,,
1024,Langeland,Eva,NO,,bergen,,
1025,Espehaug,Birgitte,NO,,bergen,,
1026,Kjeken,Ingvild,NO,,oslo,,
1027,Keller,Anne,NO,anne.keller@ioks.uio.no,n- oslo,,
1028,Rudi,Knut,NO,,ås,,
1029,Mulwafu,Wakisa,NO,,bergen,,
1030,Alexander,George,NO,george.alexander@medisin.uio.no,0316 oslo,,
1031,Seland,Johan,NO,,bergen,,
1032,Brodwall,Kristoffer,NO,kristoffer.brodwall@gmail.com,universitetet i bergen,,
1033,Saelensminde,Gisle,NO,gisle@cbu.uib.no,bergen,,
1034,Kitanishi,Naomi,NO,,trondheim,,
1035,Aleksejuniene,J,NO,jolanta@odont.uio.no,oslo,,
1036,Hansen,Bjørn Henrik,NO,bjorn.henrik.hansen@bio.ntnu.no,n- trondheim,,
1037,Nordøy,I,NO,ingvild.nordoy@klinmed.uio.no,n- oslo,,
1038,Bernstein,T E,NO,tor.bernstein@stolav.no,trondheim,,
1039,Smith,Erin N,NO,,tromsø,,
1040,Lie,Kai K,NO,kaikristoffer.lie@hi.no.,no,,
1041,Tørresen,Ole K,NO,,no,,
1042,Solbakken,Monica Hongrø,NO,,no,,
1043,Rønnestad,Ivar,NO,,no,,
1044,Tooming-Klunderud,Ave,NO,,no,,
1045,Nederbragt,Alexander J,NO,,no,,
1046,Jentoft,Sissel,NO,,no,,
1047,Sæle,Øystein,NO,,no,,
1048,Haugen,D R,NO,,university of bergen,,
1049,Oilo,G,NO,,oslo,,
1050,Fidjeland,Heidi Lidal,NO,,kristiansand,,
1051,Vistad,Ingvild,NO,,kristiansand,,
1052,Bösl,Korbinian,NO,,trondheim,,
1053,Giambelluca,Miriam,NO,,trondheim,,
1054,Haug,Markus,NO,,trondheim,,
1055,Bugge,Marit,NO,,trondheim,,
1056,Espevik,Terje,NO,,trondheim,,
1057,Kandasamy,Richard K,NO,,trondheim,,
1058,Bergstrøm,Bjarte,NO,,trondheim,,
1059,Birkeland,Jon Arne Kro,NO,j.a.birkeland@medisin.uio.no,oslo,,
1060,Helgason,E,NO,,0316 oslo 3,,
1061,Rogeberg,Magnus,NO,magnus.rogeberg@kjemi.uio.no,oslo,,
1062,Kjelstrup,Signe,NO,signe.kjelstrup@chem.ntnu.no,oslo,,
1063,Hestad,Knut A,NO,,brumunddal,,
1064,Engedal,Knut,NO,,tønsberg,,
1065,Whist,Jon E,NO,,brumunddal,,
1066,Farup,Per G,NO,,brumunddal,,
1067,Birketvedt,G S,NO,gsb42nor@aol.com,university hospital of tromsø,,
1068,Steen,J B,NO,,university of oslo,,
1069,Osafo,Joseph,NO,joseph.osafo@samfunn.ntnu.no,n- trondheim,,
1070,Thorsen,Jim,NO,,oslo,,
1071,Gorunova,Ludmila,NO,,oslo,,
1072,Micci,Francesca,NO,,oslo,,
1073,Heim,Sverre,NO,,oslo,,
1074,Oleszczuk,Patryk,NO,patryk.oleszczuk@up.lublin.pl,oslo,,
1075,Kasén,Anne,NO,,nord university,,
1076,Dahle,U R,NO,urdahle@odont.uio.no,university of oslo,,
1077,Langeland,Eva,NO,eva.langeland@hib.no,bergen,,
1078,Magnus,O,NO,,oslo,,
1079,Andersen,Roar,NO,,oslo,,
1080,Weyde,Kjell Vegard,NO,,oslo,,
1081,Krog,Norun Hjertager,NO,,oslo,,
1082,Oftedal,Bente,NO,,oslo,,
1083,Magnus,Per,NO,,oslo,,
1084,White,Richard,NO,,oslo,,
1085,Øverland,Simon,NO,,bergen,,
1086,Aasvang,Gunn Marit,NO,,oslo,,
1087,Tveit,Arnljot,NO,arnljot.tveit@broadpark.no,rud,,
1088,Jonsson,Grete,NO,grete.jonsson@rf.no,n- randaberg,,
1089,Norum,Jan,NO,jan.norum@unn.no,tromsø,,
1090,Førsund,Linn Hege,NO,,trondheim,,
1091,Halmøy,Anne,NO,anne.halmoy@biomed.uib.no,bergen,,
1092,Lindtjørn,Bernt,NO,,bergen,,
1093,Overgaard,Hans J,NO,,ås,,
1094,Mohn,Chris E,NO,,n0315 oslo,,
1095,Ringstad,J,NO,,university of tromsø,,
1096,Hauge,H H,NO,h.h.hauge@biokjemi.uio.no,university of oslo,,
1097,Sørensen,Torgeir,NO,,0302 oslo,,
1098,Saito,Takaya,NO,,no- trondheim,,
1099,Alpers,Lise-Merete,NO,,oslo,,
1100,Kumar,Bernadette Nirmal,NO,,oslo,,
1101,Nortvedt,Line,NO,,oslo,,
1102,Ånensen,N,NO,,bergen,,
1103,Myklebust,G,NO,,arendal,,
1104,Farah,M G,NO,m.g.farah@samfunnsmed.uio.no,oslo,,
1105,Østbye,Silje Vagli,NO,,tromsø,,
1106,Wang,Catharina Elisabeth Arfwedson,NO,,tromsø,,
1107,Granheim,Ida Pauline Høilo,NO,,tromsø,,
1108,Kristensen,Kjersti Elisabeth,NO,,narvik,,
1109,Risør,Mette Bech,NO,,tromsø,,
1110,Moatshe,Gilbert,NO,,oslo,,
1111,Sorteberg,W,NO,,oslo,,
1112,Christiansen,Irene K,NO,,lørenskog,,
1113,Rounge,Trine B,NO,,oslo,,
1114,Meisal,Roger,NO,,lørenskog,,
1115,Ambur,Ole H,NO,,lørenskog,,
1116,Stray-Pedersen,Babill,NO,,oslo,,
1117,Foss,Bente Jeanette,NO,,n- trondheim,,
1118,Möller,Thomas,NO,thomas.moller@siv.no,tønsberg,,
1119,Husby,G,NO,,university hospital of tromsø,,
1120,Meucci,Valentina,NO,,trondheim,,
1121,Steen,R,NO,,university of oslo,,
1122,Iversen,O E,NO,,bergen,,
1123,Hexeberg,E,NO,,university of bergen,,
1124,Nafstad,P,NO,,oslo,,
1125,Savinov,Vladimir,NO,,tromsø,,
1126,Engesæter,Lars B,NO,lars.engesaeter@helse-bergen.no,haukeland university hospital,,
1127,Mysterud,Iver,NO,,oslo,,
1128,Agmo,Anders,NO,andersa@psyk.uit.no,tromsø,,
1129,Stawski,Clare,NO,,trondheim,,
1130,Remme,Espen W,NO,espen.remme@medisin.uio.no.,oslo,,
1131,Gjesdal,Ola,NO,,oslo,,
1132,Russell,Kristoffer,NO,,oslo,,
1133,Smiseth,Otto A,NO,,oslo,,
1134,Striberny,Anja,NO,,tromsø,,
1135,Ravuri,Chandra Sekhar,NO,,tromsø,,
1136,Jobling,Malcolm,NO,,tromsø,,
1137,Jørgensen,Even Hjalmar,NO,,tromsø,,
1138,Panagopoulos,Ioannis,NO,ioannis.panagopoulos@rr-research.no.,oslo,,
1139,Gorunova,Ludmila,NO,,oslo,,
1140,Lund-Iversen,Marius,NO,,oslo,,
1141,Andersen,Kristin,NO,,oslo,,
1142,Andersen,Hege Kilen,NO,,oslo,,
1143,Lobmaier,Ingvild,NO,,oslo,,
1144,Bjerkehagen,Bodil,NO,,oslo,,
1145,Heim,Sverre,NO,,oslo,,
1146,Ostensen,M,NO,monika@online.no,university hospital of trondheim,,
1147,Andersen,Sonja,NO,,n- trondheim,,
1148,Salvesen,K A,NO,,trondheim,,
1149,Nyman,Tuula A,NO,tuula.nyman@medisin.uio.no.,university of oslo,,
1150,Shaaly,Aishath,NO,,bergen,,
1151,Eilertsen,Grethe,NO,,kongsberg,,
1152,Ormstad,Heidi,NO,,kongsberg,,
1153,Kirkevold,Marit,NO,,oslo,,
1154,Mengshoel,Anne M,NO,,oslo,,
1155,Aasarød,K,NO,,n- trondheim,,
1156,Ellingsen,O,NO,,ullevål hospital,,
1157,Sandbakk,Oyvind,NO,,norwegian university of science and technology trondheim,,
1158,Oldenburg,Jan,NO,jan.oldenburg@medisin.uio.no.,lørenskog,,
1159,Svenningsen,S,NO,,trondheim university hospital,,
1160,Waterloo,Svanhild,NO,svanhild.h.waterloo@uit.no,tromsø,,
1161,Evang,K,NO,,oslo,,
1162,Larheim,T A,NO,,university of oslo,,
1163,Hummelvoll,Jan Kåre,NO,,buskerud and vestfold university college,,
1164,Granerud,Arild,NO,,hedmark university college,,
1165,Reber,Rolf,NO,rolf.reber@psysp.uib.no,n- bergen,,
1166,Ranheim,T,NO,,university of oslo,,
1167,Nordøy,I,NO,,oslo,,
1168,Dhanasiri,A K S,NO,,bodø,,
1169,Kutzsche,S,NO,stefan.kutzsche@klinmed.uio.no,ullevaal hospital,,
1170,Lubell,Jamie,NO,,oslo,,
1171,Meling,Torstein R,NO,,oslo,,
1172,Solbakk,Anne-Kristin,NO,,oslo,,
1173,Endestad,Tor,NO,,oslo,,
1174,Klinge,R Furseth,NO,,oslo,,
1175,Brautaset,Trygve,NO,,n- trondheim,,
1176,Røe,Oluf Dimitri,NO,oluf.roe@stolav.no,trondheim,,
1177,Rivenes Lafontan,Sara,NO,s.r.lafontan@medisin.uio.no.,oslo,,
1178,Sundby,Johanne,NO,johanne.sundby@medisin.uio.no.,oslo,,
1179,Walby,Fredrik A,NO,fredrik.walby@medisin.uio.no,university of oslo,,
1180,Vatne,V,NO,,bergen,,
1181,Bjertnaes,Oyvind,NO,,oslo,,
1182,Iversen,Hilde Hestad,NO,,oslo,,
1183,Bading,Katharina Tissy,NO,,trondheim,,
1184,Aslaksen,Per M,NO,per.aslaksen@uit.no.,tromsö,,
1185,Kristensen,Vessela N,NO,,oslo,,
1186,Bjorvatn,Bjørn,NO,bjorn.bjorvatn@isf.uib.no,haukeland university hospital,,
1187,Malterud,Kirsti,NO,,bergen,,
1188,Wiig,H,NO,helge.wiig@pki.uib.no,bergen,,
1189,Kısa,Sezer,NO,,oslo,,
1190,Burman,Robert Anders,NO,robert.burman@uni.no.,bergen,,
1191,Zakariassen,Erik,NO,erik.zakariassen@igs.uib.no.,bergen,,
1192,Hunskaar,Steinar,NO,steinar.hunskar@igs.uib.no.,bergen,,
1193,Laerum,E,NO,,university of oslo,,
1194,Nakken,Karl O,NO,karl.otto.nakken@ous-hf.no,oslo universitetssykehus,,
1195,Mølstad,P,NO,,hamar hospital,,
1196,Reikerås,Olav,NO,olav.reikeras@rikshospitalet.no,oslo,,
1197,Solheim,Andrea Marie,NO,,trondheim,,
1198,Uleberg,Oddvar,NO,,drøbak,,
1199,Skogvoll,Eirik,NO,,trondheim,,
1200,Clemm,Hege H,NO,,bergen,,
1201,Markestad,Trond,NO,trond.markestad@helse-bergen.no,den norske legeforening,,
1202,Lunde,Ketil,NO,ketil.lunde@rikshospitalet.no,oslo,,
1203,Rønneberg,A,NO,anne.ronneberg@odont.uio.no.,oslo,,
1204,Skaare,A B,NO,,oslo,,
1205,Hofmann,B,NO,,gjøvik,,
1206,Espelid,I,NO,,oslo,,
1207,Helland,Christian A,NO,,university of bergen,,
1208,Hauger,Solveig L,NO,,nesoddtangen,,
1209,Andersson,Stein,NO,,0317 oslo,,
1210,Becker,Frank,NO,,0318 oslo,,
1211,Moberget,Torgeir,NO,,1450 nesoddtangen,,
1212,Schanke,Anne-Kristine,NO,,0317 oslo,,
1213,Løvstad,Marianne,NO,,0317 oslo,,
1214,Schwarzlmüller,Thomas,NO,thomas.schwarzlmueller@gmail.com.,bergen,,
1215,Margiotta,Azzurra,NO,,0371 oslo,,
1216,Kamil,Atif,NO,,n- bergen,,
1217,Løvås,Kristian,NO,kristian.lovas@helse-bergen.no,bergen,,
1218,Bakkevold,K E,NO,,haukeland university hospital,,
1219,Bansevicius,D,NO,,trondheim university hospital,,
1220,Handeland,Katina,NO,khan@nifes.no.,5817 bergen,,
1221,Kjellevold,Marian,NO,mma@nifes.no.,5817 bergen,,
1222,Wik Markhus,Maria,NO,mwi@nifes.no.,5817 bergen,,
1223,Eide Graff,Ingvild,NO,igr@nifes.no.,5817 bergen,,
1224,Frøyland,Livar,NO,lfr@nifes.no.,5817 bergen,,
1225,Lie,Øyvind,NO,oli@nifes.no.,5817 bergen,,
1226,Skotheim,Siv,NO,siv.skotheim@uni.no.,5020 bergen,,
1227,Stormark,Kjell Morten,NO,kjell.stormark@uni.no.,5020 bergen,,
1228,Dahl,Lisbeth,NO,lda@nifes.no.,5817 bergen,,
1229,Øyen,Jannike,NO,joye@nifes.no.,5817 bergen,,
1230,Urke,Helga Bjørnøy,NO,helga.urke@uib.no.,bergen,,
1231,Mittelmark,Maurice B,NO,maurice.mittelmark@uib.no.,bergen,,
1232,Hashim,Tamara H,NO,,oslo,,
1233,Mgongo,Melina,NO,,oslo,,
1234,Uriyo,Jacqueline G,NO,,oslo,,
1235,Stray-Pedersen,Babill,NO,,oslo,,
1236,Wandel,Margareta,NO,,oslo,,
1237,Limalanathan,Shanmuganathan,NO,lisq@uus.no,oslo,,
1238,Ekelund,Ulf,NO,,oslo,,
1239,Bakkevig,M K,NO,,trondheim,,
1240,Aukrust,P,NO,pal.aukrust@klinmed.uio.no,oslo,,
1241,Greve,G,NO,,university of bergen,,
1242,Sigmundsson,H,NO,,trondheim,,
1243,Haugen,Trine B,NO,trine.b.haugen@hf.hio.no,n- oslo,,
1244,Räsänen,Joona,NO,,oslo,,
1245,Elvsåshagen,Torbjørn,NO,,oslo,,
1246,Norbom,Linn B,NO,,oslo,,
1247,Pedersen,Per Ø,NO,,oslo,,
1248,Bjørnerud,Atle,NO,,oslo,,
1249,Malt,Ulrik F,NO,,oslo,,
1250,Groote,Inge R,NO,,oslo,,
1251,Westlye,Lars T,NO,,oslo,,
1252,Tretli,Steinar,NO,,oslo,,
1253,Tryggvadottir,Laufey,NO,,oslo,,
1254,Xu,Jian,NO,,st. olavs hospital trondheim,,
1255,Vik,Alexandra,NO,,university of bergen bergen,,
1256,Groote,Inge R,NO,,university of oslo oslo,,
1257,Holen,Are,NO,,st. olavs hospital trondheim,,
1258,Ellingsen,Oyvind,NO,,st. olavs hospital trondheim,,
1259,Håberg,Asta K,NO,,norwegian university of science and technology trondheim,,
1260,Davanger,Svend,NO,,university of oslo oslo,,
1261,Sherstova,Tatyana,NO,,no- trondheim,,
1262,Caugant,Dominique A,NO,dominique.caugant@fhi.no,oslo,,
1263,Bjertness,Espen,NO,,oslo,,
1264,Stein,Linda,NO,,tromsø,,
1265,Reimann,Clemens,NO,,7491 trondheim,,
1266,Vik,Anders,NO,anders.vik@fagmed.uit.no,n- tromsø,,
1267,Pedersen,O S,NO,,oslo,,
1268,Holmström,H,NO,henrik.holmstrom@rh.uio.no,olso,,
1269,Haldorsen,I S,NO,ingfrid.haldorsen@helse-bergen.no,bergen,,
1270,Løberg,Magnus,NO,,oslo,,
1271,Holme,Øyvind,NO,,kristiansand,,
1272,Hoff,Geir,NO,,oslo,,
1273,Mellingen,Kristin M,NO,kristin.m.mellingen@student.uib.no,n- bergen,,
1274,Kada,Sundaran,NO,sundaran.kada@hib.no,5020 bergen,,
1275,Aas,I H Monrad,NO,monrad.aas@piv.no,tönsberg,,
1276,Hofstad,H,NO,,university of bergen,,
1277,Abrahamsen,I W,NO,,oslo,,
1278,Seethapathy,Gopalakrishnan Saroja,NO,,oslo,,
1279,Tadesse,Margey,NO,,oslo,,
1280,Malterud,Karl Egil,NO,,oslo,,
1281,de Boer,Hugo J,NO,,oslo,,
1282,Wangensteen,Helle,NO,helle.wangensteen@farmasi.uio.no.,oslo,,
1283,Dyrkorn,Ole A,NO,,baerum hospital,,
1284,Nordsletten,L,NO,,university of oslo,,
1285,Breckan,Ragnar K,NO,,bodø,,
1286,Paulssen,Eyvind J,NO,,tromsø,,
1287,Asfeldt,Anne Mette,NO,,tromsø,,
1288,Kvamme,Jan-Magnus,NO,,tromsø,,
1289,Straume,Bjørn,NO,,tromsø,,
1290,Florholmen,Jon,NO,,tromsø,,
1291,Mäki-Marttunen,Tuomo,NO,,university of oslo oslo,,
1292,Harris,Jennifer R,NO,,oslo,,
1293,Brandt,Ingunn,NO,,oslo,,
1294,Nilsen,Thomas Sevenius,NO,,oslo,,
1295,Lygre,H,NO,,university of bergen,,
1296,Wijffels,René H,NO,,bodø,,
1297,Bekkelund,Svein Ivar,NO,svein.ivar.bekkelund@unn.no,university hospital of north norway,,
1298,Naess,A,NO,,university of bergen,,
1299,Lamvik,J,NO,jon.lamvik@medisin.ntnu.no,trondheim,,
1300,Bjorge,Line,NO,,bergen,,
1301,Sjoeen,Gunnar Helge,NO,,haugesund,,
1302,Falk,Ragnhild Soerum,NO,,oslo,,
1303,Hauge,Tor Hugo,NO,,oslo,,
1304,Langesaeter,Eldrid,NO,,oslo,,
1305,Nystad,Mona,NO,,tromsø,,
1306,Kalanxhi,Erta,NO,,lørenskog,,
1307,Risberg,Karianne,NO,,lørenskog,,
1308,Barua,Imon S,NO,,lørenskog,,
1309,Dueland,Svein,NO,,oslo,,
1310,Waagene,Stein,NO,,oslo,,
1311,Andersen,Solveig Norheim,NO,,oslo,,
1312,Pettersen,Solveig J,NO,,oslo,,
1313,Lindvall,Jessica M,NO,,lørenskog,,
1314,Redalen,Kathrine Røe,NO,,lørenskog,,
1315,Flatmark,Kjersti,NO,,oslo,,
1316,Ree,Anne Hansen,NO,,lørenskog,,
1317,Clench-Aas,Jocelyne,NO,jocelyne.clench-aas@fhi.no.,oslo,,
1318,Nes,Ragnhild Bang,NO,,oslo,,
1319,Aarø,Leif Edvard,NO,,oslo,,
1320,Perlovich,German L,NO,,n- tromsø,,
1321,Vidya,R,NO,vidya.ravindran@kjemi.uio.no,n-0315 oslo,,
1322,Løvseth,Lise Tevik,NO,,trondheim,,
1323,Giaever,Fay,NO,,trondheim,,
1324,Jahnsen,Reidun,NO,reidun.jahnsen@rikshospitalet.no,university of oslo,,
1325,Hervig,Tor,NO,,bergen,,
1326,Svanes,Cecilie,NO,,haukeland university hospital,,
1327,Stang,Ingun,NO,is@hive.no,horten,,
1328,Lorentzen,B,NO,,oslo,,
1329,Haaverstad,R,NO,,university hospital of trondheim,,
1330,Løvstad,Rolf A,NO,,0317 oslo,,
1331,Svarstad,E,NO,einar.svarstad@med.uib.no,university of bergen,,
1332,Olsen,Ingar,NO,,oslo,,
1333,Gundersen,Lise-Lotte,NO,l.lgundersen@kjemi.uio.no,n-0315 oslo,,
1334,Christophersen,A S,NO,,oslo,,
1335,Fadl Elmula,Fadl Elmula M,NO,,section for cardiovascular and renal research,,
1336,Larstorp,Anne Cecilie,NO,,section for cardiovascular and renal research,,
1337,Kuczkowska,Katarzyna,NO,,aas,,
1338,Eijsink,Vincent G H,NO,,aas,,
1339,Mathiesen,Geir,NO,,aas,,
1340,Chen,Jian,NO,,bergen,,
1341,Austbø,D,NO,,no- ås,,
1342,Bakken,Lars R,NO,,ås,,
1343,Nordgård,S,NO,,university of trondheim,,
1344,Kostol,Andreas Ravndal,NO,,oslo,,
1345,Brændengen,Morten,NO,mortbrae@medisin.uio.no,oslo,,
1346,Lyche,P,NO,p.e.lyche@psykologi.uio.no,university of oslo,,
1347,Bjørnsen,Hanne Nissen,NO,hanne.n.bjornsen@ntnu.no.,trondheim,,
1348,Ringdal,Regine,NO,,trondheim,,
1349,Espnes,Geir Arild,NO,,trondheim,,
1350,Eilertsen,Mary-Elizabeth Bradley,NO,,trondheim,,
1351,Moksnes,Unni Karin,NO,,trondheim,,
1352,Moland,Even,NO,even.moland@graduates.jcu.edu.au,his,,
1353,Schander,Kerstin,NO,kerstin.schander@iko.uib.no,bergen,,
1354,Steen,Ida Helene,NO,ida.steen@im.uib.no,5020 bergen,,
1355,Haugen,Oddbjørn,NO,,bergen,,
1356,Tjugen,Trygve B,NO,trygve.braathen.tjugen@siv.no,oslo,,
1357,Tønnesen,Hanne Hjorth,NO,h.h.tonnesen@farmasi.uio.no,0316 oslo,,
1358,Anvik,Tor,NO,tor.anvik@ism.uit.no,university of tromsø,,
1359,Smeland,E B,NO,,oslo,,
1360,Lauritzen,Camilla,NO,,tromsø,,
1361,Kolmannskog,Anne Berit,NO,,bergen,,
1362,Iversen,Anette Christine,NO,,bergen,,
1363,Iversen,P O,NO,,university of oslo,,
1364,Rørtveit,Guri,NO,,bergen,,
1365,Mohn,Kristin G I,NO,,bergen,,
1366,Jenssen,Trond,NO,trond.jenssen@ous-hf.no,oslo,,
1367,Sørensen,Ingvild M,NO,ingmenes@gmail.com.,oslo,,
1368,Joner,Geir,NO,,oslo,,
1369,Jenum,Pål A,NO,,oslo,,
1370,Eskild,Anne,NO,,oslo,,
1371,Brunborg,Cathrine,NO,,oslo,,
1372,Torjesen,Peter A,NO,,oslo,,
1373,Stene,Lars C,NO,,oslo,,
1374,Ekelund,Ulf,NO,,oslo,,
1375,Hansen,Bjorge H,NO,,oslo,,
1376,Haug,Line S,NO,,oslo,,
1377,Sabaredzovic,Azemira,NO,,oslo,,
1378,Impinen,Antti,NO,,oslo,,
1379,Papadopoulou,Eleni,NO,,oslo,,
1380,Sturød,K,NO,,oslo,,
1381,Salvadori,G,NO,,oslo,,
1382,Junges,R,NO,,oslo,,
1383,Petersen,F C,NO,,oslo,,
1384,Magitta,N F,NO,,bergen,,
1385,Pettersen,E O,NO,e.o.pettersen@fys.uio.no,the university of oslo,,
1386,Owe,Katrine M,NO,,oslo,,
1387,Krook,A L,NO,,oslo county,,
1388,Brun,A,NO,,bergen,,
1389,Haugen,G,NO,,university of oslo,,
1390,Dahl,O,NO,,university of bergen,,
1391,de Miguel,Rodrigo,NO,rodrigo.demiguel@hist.no.,trondheim,,
1392,Teigen,Karl Halvor,NO,,tromsø,,
1393,Anmarkrud,N,NO,,lillehammer fylkessykehus,,
1394,Møller,Simon G,NO,,stavanger,,
1395,Lindsetmo,R O,NO,,tromsø university hospital,,
1396,Stenøien,H K,NO,stenoien@bio.ntnu.no,trondheim,,
1397,Johansen,O,NO,,tromsø university hospital,,
1398,Svarstad,E,NO,einar.svarstad@helse-bergen.no,bergen,,
1399,Hofvind,Solveig,NO,,oslo,,
1400,Rohde,,NO,,university of oslo,,
1401,Helle,K B,NO,,university of bergen,,
1402,Alfsen,G Cecilie,NO,g.c.alfsen@labmed.uio.no,oslo,,
1403,Ausen,Kjersti,NO,ausen@c2i.net,trondheim,,
1404,Sandaunet,Anne-Grete,NO,anne-grete.sandaunet@telemed.no,university of tromsø,,
1405,Solem,May-Britt,NO,may-britt.solem@sam.hio.no,oslo,,
1406,Grøndahl,Ida Hogganvik,NO,kst@sintef.no,scandpower risk management,,
1407,Pedersen,K B,NO,,n- oslo,,
1408,Svarstad,Einar,NO,einar.svarstad@helse-bergen.no,n- haukeland university hospital,,
1409,Lundin,,NO,,n-0033 oslo,,
1410,Zhu,T,NO,,n- as,,
1411,Dypvik,Eivind,NO,,0316 oslo,,
1412,Klevjer,Thor A,NO,,0316 oslo,,
1413,Kaartvedt,Stein,NO,,0316 oslo,,
1414,Andelic,Nada,NO,,ulleval,,
1415,Skotland,Tore,NO,tore.skotland@ge.com,n- oslo,,
1416,Despriee,Åshild Wik,NO,,oslo,,
1417,Langeland,Eva,NO,,bergen,,
1418,Hadera,Mussie Ghezu,NO,,trondheim,,
1419,Berggaard,Nina,NO,,trondheim,,
1420,Tefera,Tesfaye Wolde,NO,,trondheim,,
1421,Sonnewald,Ursula,NO,,trondheim,,
1422,Steen,E,NO,,oslo,,
1423,Lothe,Lise R,NO,,grimstad,,
1424,Raven,Timothy J L,NO,,grimstad,,
1425,Mally,Richard,NO,,bergen,,
1426,Zakariassen,Erik,NO,erik.zakariassen@isf.uib.no,no- bergen,,
1427,Aase,Heidi,NO,heidi.aa@atferd.unirand.no,university of oslo,,
1428,Engeland,A,NO,,montebello,,
1429,Astrøm,A N,NO,,university of bergen,,
1430,Aasrum,M,NO,,n-0317 oslo,,
1431,Fagerland,Morten W,NO,,oslo university hospital,,
1432,Martinsen,Egil W,NO,,norway; university of oslo,,
1433,Smith,Lars,NO,,oslo,,
1434,Gaarder,Christine,NO,tinagaar@online.no,n- oslo,,
1435,Edvardsen,Kine,NO,kine.edvardsen@uib.no.,bergen,,
1436,Hellesen,Alexander,NO,richard.hellesen@k2.uib.no.,bergen,,
1437,Husebye,Eystein S,NO,eystein.sverre.husebye@helse-bergen.no.,bergen,,
1438,Bratland,Eirik,NO,eirik.bratland@uib.no.,bergen,,
1439,Valkov,Andrej,NO,andrej.yurjevic.valkov@unn.no,tromsø,,
1440,Ulfsby,Kirsten J,NO,,no- oslo,,
1441,Brandeggen,Tone K,NO,,n- stavanger,,
1442,Bodsberg,Kristin G,NO,,n- stavanger,,
1443,Jensen,Trude L,NO,,no- oslo,,
1444,Tjoflåt,Ingrid,NO,,n- stavanger,,
1445,Sætre,Glenn-Peter,NO,g.p.satre@bio.uio.no,oslo,,
1446,Vengen,O A,NO,,university of oslo,,
1447,Adamczyk,Krzysztof,NO,,no- trondheim,,
1448,Stokkan,Gaute,NO,,no- trondheim,,
1449,Di Sabatino,Marisa,NO,,no- trondheim,,
1450,Peters,Glen P,NO,,0318 oslo,,
1451,Andrew,Robbie M,NO,,0318 oslo,,
1452,Korsbakken,Jan Ivar,NO,,0318 oslo,,
1453,Karlsson,Sten,NO,sten.karlsson@nina.no.,n- as,,
1454,Hansen,Hilde,NO,hilde.hansen@uit.no.,tromsø,,
1455,Bjelland,Ane Mohn,NO,,ås,,
1456,Ronessen,Maria,NO,,tromsø,,
1457,Robertsen,Espen,NO,,tromsø,,
1458,Willassen,Nils Peder,NO,,tromsø,,
