temp_id,lastname,firstname,countries_scope,email,town,role,url
1,Bjerklund Johansen,T E,NO,,nordbyhagen,,
2,Brudvik,P,NO,,university of bergen,,
3,Sarvari,Sebastian Imre,NO,,oslo,,
4,Liu,Ying,NO,yl4@georgetown.edu,n- oslo,,
5,Pistone,Sara,NO,sara.pistone@farmasi.uio.no.,university of oslo,,
6,Tylleskar,Thorkild,NO,,university of bergen,,
7,Tonstad,S,NO,,oslo,,
8,Vandvik,Per Olav,NO,per.vandvik@gmail.com.,gjøvik,,
9,Dahl,Eilif,NO,eilif.dahl@hotmail.com,oslo,,
10,Alm,Torbjørn,NO,torbjorn.alm@uit.no.,tromsø,,
11,Baalsrud,K J,NO,,oslo 1,,
12,Wijffels,R H,NO,,n-8049 bodø,,
13,Vindas,Marco A,NO,marco.vindas@uni.no.,bergen,,
14,Höglund,Erik,NO,,oslo,,
15,Ebbesson,Lars O E,NO,,bergen,,
16,Idstad,Mariann,NO,mariann.idstad@fhi.no,n-0403 oslo,,
17,Sterud,Tom,NO,tom.sterud@medisin.uio.no,no-0317 oslo,,
18,Brattheim,Berit,NO,berit.j.brattheim@ntnu.no,trondheim,,
19,Adde,Lars,NO,,7006 trondheim,,
20,Fjørtoft,Toril,NO,,7006 trondheim,,
21,Støen,Ragnhild,NO,,7006 trondheim,,
22,Magnus,Per,NO,,oslo,,
23,Haugen,Oddbjorn,NO,,bergen,,
24,Harsem,Nina K,NO,ninakittelsen.harsem@ulleval.no,oslo,,
25,Engvig,Andreas,NO,andreas.engvig@gmail.com,oslo,,
26,Bruland,Oyvind S,NO,,university of oslo,,
27,Røger,M,NO,,oslo,,
28,Tavoly,Mazdak,NO,,fredrikstad,,
29,Utne,Kristin Kornelia,NO,,fredrikstad,,
30,Jelsness-Jørgensen,Lars-Petter,NO,,fredrikstad,,
31,Wik,Hilde Skuterud,NO,,oslo,,
32,Sandset,Per Morten,NO,,oslo,,
33,Ghanima,Waleed,NO,,fredrikstad,,
34,Alme,Maria Nordheim,NO,,bergen,,
35,Bjørk,Ida Torunn,NO,,oslo,,
36,Baheerathan,S,NO,sivaling@ifiuio.no,university of oslo,,
37,Gaullier,Jean-Michel,NO,j-m@scr.no,no- kjeller,,
38,Forseth,K O,NO,,university of oslo,,
39,Radunovic,Zoran,NO,zoran.radunovic@medisin.uio.no,aker,,
40,Hølmebakk,T,NO,toto.holmebakk@oslo-universitetssykehus.no,oslo,,
41,Ihlebaek,Camilla,NO,camilla.ihlebaek@psych.uib.no,n- bergen,,
42,Henriksson,Anette,NO,anette.he@telia.com,gjøvik university college,,
43,Kvan,Elena,NO,elena.kvan@medism.uio.no,university of oslo,,
44,Koller,M E,NO,,university of bergen,,
45,Orbo,A,NO,,university hospital of tromsø,,
46,Coral-Hinostroza,Gladis N,NO,,n- sunndalsøra,,
47,Bruland,O S,NO,,oslo,,
48,Sakhi,Amrit Kaur,NO,,oslo,,
49,Cequier,Enrique,NO,,oslo,,
50,Gutzkow,Kristine Bjerve,NO,,oslo,,
51,Meltzer,Helle Margrete,NO,,oslo,,
52,Thomsen,Cathrine,NO,,oslo,,
53,Kiselev,Yury,NO,yury.kiselev@oslomet.no.,oslo,,
54,Andersen,Sigve,NO,,tromso,,
55,Johannessen,Charles,NO,,tromso,,
56,Fjukstad,Bjørn,NO,,tromso,,
57,Standahl Olsen,Karina,NO,,tromso,,
58,Stenvold,Helge,NO,,tromso,,
59,Al-Saad,Samer,NO,,tromso,,
60,Donnem,Tom,NO,,tromso,,
61,Richardsen,Elin,NO,,tromso,,
62,Bremnes,Roy M,NO,,tromso,,
63,Rasmussen Busund,Lill-Tove,NO,,tromso,,
64,Dajani,Olav,NO,,oslo,,
65,Höglander,Elen Kristine,NO,,oslo,,
66,Nord,Silje,NO,,oslo,,
67,Lingjærde,Ole Christian,NO,,oslo,,
68,Silwal-Pandit,Laxmi,NO,,oslo,,
69,Gythfeldt,Hedda vdL,NO,,oslo,,
70,Vollan,Hans Kristian Moen,NO,,oslo,,
71,Fleischer,Thomas,NO,,oslo,,
72,Krohn,Marit,NO,,oslo,,
73,Schlitchting,Ellen,NO,,oslo,,
74,Borgen,Elin,NO,,oslo,,
75,Garred,Øystein,NO,,oslo,,
76,Holmen,Marit M,NO,,oslo,,
77,Wist,Erik,NO,,oslo,,
78,Naume,Bjørn,NO,,oslo,,
79,Børresen-Dale,Anne-Lise,NO,,oslo,,
80,Engebraaten,Olav,NO,olav.engebraten@medisin.uio.no.,oslo,,
81,Kristensen,Vessela,NO,v.n.kristensen@medisin.uio.no.,oslo,,
82,Stormorken,Eva,NO,eva.stormorken@medisin.uio.no.,oslo,,
83,Kirkevold,Marit,NO,,oslo,,
84,Almenning,Ida,NO,,trondheim,,
85,Rieber-Mohn,Astrid,NO,,trondheim,,
86,Lundgren,Kari Margrethe,NO,,trondheim,,
87,Shetelig Løvvik,Tone,NO,,trondheim,,
88,Garnæs,Kirsti Krohn,NO,,trondheim,,
89,Moholdt,Trine,NO,,trondheim,,
90,Hamidi,Vida,NO,,oslo,,
91,Braekke,Kristin,NO,kbre@uus.n,oslo,,
92,Olsen,Roy,NO,,bergen,,
93,Madsen,Lise,NO,,n-5817 bergen,,
94,Kutti,Tina,NO,,bergen,,
95,Johansen,Terje,NO,,tromsø,,
96,Melinder,Annika,NO,a.m.d.melinder@psykologi.uio.no,university of oslo,,
97,Mandalà,Maurizio,NO,,bergen,,
98,Sanou,Anselme Simeon,NO,,bergen,,
99,Nankabirwa,Victoria,NO,,bergen,,
100,Engebretsen,Ingunn Marie S,NO,,bergen,,
101,Tylleskar,Thorkild,NO,,bergen,,
102,Kashala-Abotnes,Esperance,NO,,bergen,,
103,Griffiths,Gareth,NO,garetg@ibv.uio.no.,oslo,,
104,Heiene,Reidun,NO,,oslo,,
105,Kristoffersen,E K,NO,,university of bergen,,
106,Haukland,H H,NO,mlabhh@rito.no,university hospital tromsø,,
107,Blågestad,Tone,NO,tone.blaagestad@gmail.com,bergen,,
108,Gylterud Owe,S,NO,,n0317 oslo,,
109,Robinson,Nicholas A,NO,nick.robinson@nofima.no.,ås,,
110,Harboe,M,NO,,no- oslo,,
111,Olweus,D,NO,,university of bergen,,
112,Molde,Helge,NO,,bergen,,
113,Nordhus,Inger-Hilde,NO,,bergen,,
114,Torsheim,Torbjørn,NO,,bergen,,
115,Engedal,Knut,NO,,toensberg,,
116,Bendixen,Anette Bakkane,NO,,toensberg,,
117,Levy,L M,NO,,university of oslo,,
118,Okeke,Malachy I,NO,malachy.okeke@uit.no.,n- tromso,,
119,Okoli,Arinze S,NO,arinze.s.okoli@uit.no.,n- tromso,,
120,Diaz,Diana,NO,diana.k.canova@uit.no.,n- tromso,,
121,Tryland,Morten,NO,morten.tryland@uit.no.,n- tromso,,
122,Bøhn,Thomas,NO,thomas.bohn@uit.no.,n- tromso,,
123,Moens,Ugo,NO,ugo.moens@uit.no.,n- tromso,,
124,Ehsani,Rezvan,NO,,trondheim,,
125,Drabløs,Finn,NO,finn.drablos@ntnu.no.,trondheim,,
126,Almåsbak,Hilde,NO,hilde.almasbak@rr-research.no,oslo,,
127,Lægreid,Inger Karin,NO,,trondheim,,
128,Holte,Espen,NO,es-holte@online.no,alesund,,
129,Frey,Andreas,NO,,university of oslooslo,,
130,Aalén,N,NO,,university of bergen,,
131,Wyller,Vegard Bruun,NO,,oslo,,
132,Evang,Johan Arild,NO,,oslo,,
133,Godang,Kristin,NO,,oslo,,
134,Solhjell,Kari K,NO,,oslo,,
135,Bollerslev,Jens,NO,,oslo,,
136,Myklebust,M P,NO,,bergen,,
137,Bezrukov,Andrey A,NO,pascal.dietzel@uib.no.,n-5020 bergen,,
138,Birkeland,Jon Arne,NO,j.a.birkeland@medisin.uio.no,oslo,,
139,Lie,Arve,NO,,oslo,,
140,Engdahl,Bo,NO,,oslo,,
141,Tambs,Kristian,NO,,oslo,,
142,Nygaard,Vegard,NO,,oslo,,
143,Rødland,Einar Andreas,NO,,oslo,,
144,Hovig,Eivind,NO,ehovig@ifi.uio.no.,0316 oslo,,
145,Berentsen,Sigbjørn,NO,sigbjorn.berentsen@haugnett.no,haugesund,,
146,Grøholt,Berit,NO,berit.groholt@psykiatri.uio.no,oslo,,
147,Eggen,Anne Elise,NO,,tromsø,,
148,Mathiesen,Ellisiv B,NO,,tromsø,,
149,Wilsgaard,Tom,NO,,tromsø,,
150,Jacobsen,Bjarne K,NO,,tromsø,,
151,Njølstad,Inger,NO,,tromsø,,
152,Andersen,Sigve,NO,sigve.andersen@uit.no.,tromso,,
153,Lien,Sigbjørn,NO,,ås no-,,
154,Sandve,Simen R,NO,,ås no-,,
155,Kent,Matthew P,NO,,ås no-,,
156,Nome,Torfinn,NO,,ås no-,,
157,Grammes,Fabian,NO,,ås no-,,
158,Grove,Harald,NO,,ås no-,,
159,Gjuvsland,Arne,NO,,ås no-,,
160,Samy,Jeevan K A,NO,,ås no-,,
161,Olav Vik,Jon,NO,,ås no-,,
162,Vigeland,Magnus D,NO,,oslo no-,,
163,Grimholt,Unni,NO,,oslo no-,,
164,Jentoft,Sissel,NO,,oslo no-,,
165,Våge,Dag Inge,NO,,ås no-,,
166,Moen,Thomas,NO,,trondheim no-,,
167,Baranski,Matthew,NO,,tromsø no-,,
168,Nederbragt,Alexander J,NO,,oslo no-,,
169,Tooming-Klunderud,Ave,NO,,oslo no-,,
170,Jakobsen,Kjetill S,NO,,oslo no-,,
171,Jonassen,Inge,NO,,bergen no-,,
172,Omholt,Stig W,NO,,trondheim no-,,
173,Sævland,Werner,NO,,university of bergen bergen,,
174,Norman,Elisabeth,NO,,university of bergen bergen,,
175,Aven,Terje,NO,terje.aven@uis.no,stavanger,,
176,Reimers,Arne,NO,arne.reimers@legemidler.no,trondheim,,
177,Schøyen,H F,NO,hilde.faaland-schoyen@umb.no,n- as,,
178,Müller,T B,NO,,oslo,,
179,Holme,I,NO,,oslo,,
180,Dybwad,Tom-Erik,NO,tom-erik.dybwad@hibo.no,the regional university of bodø,,
181,Fredriksen,S,NO,stale.fredriksen@medisin.uio.no,n-0318 oslo,,
182,Eiriksson,K,NO,mceiriks@gmail.com,stavanger,,
183,Aarønæs,Marit,NO,marit.aaronaes@oslo-universitetssykehus.no,oslo,,
184,Dinamarca,Carlos,NO,,porsgrunn,,
185,Toradzadegan,Mehrdad,NO,,porsgrunn,,
186,Nordgård,Anna Synnøve Røstad,NO,,trondheim,,
187,Bakke,Ingrid,NO,,trondheim,,
188,Bakke,Rune,NO,,porsgrunn,,
189,Rostrup,M,NO,,university of oslo,,
190,Hauken,May Aasebø,NO,,university of bergen (mr dyregrov); and bergen university college (mrs dyregrov),,
191,Våtsveen,Thea Kristin,NO,,trondheim,,
192,Børset,Magne,NO,,trondheim,,
193,Dikic,Aida,NO,,trondheim,,
194,Tian,Erming,NO,,trondheim,,
195,Micci,Francesca,NO,,oslo,,
196,Lid,Ana H B,NO,,oslo,,
197,Meza-Zepeda,Leonardo A,NO,,oslo,,
198,Coward,Eivind,NO,,trondheim,,
199,Waage,Anders,NO,,trondheim,,
200,Sundan,Anders,NO,,trondheim,,
201,Holien,Toril,NO,toril.holien@ntnu.no.,trondheim,,
202,Larsen,Rannveig,NO,,n- tromsø,,
203,Pihlstrøm,Lasse,NO,,oslo,,
204,Wilhelmsen,I,NO,,bergen,,
205,Økland,Bjørn,NO,bjorn.okland@skogforsk.no,as,,
206,Stokowy,Tomasz,NO,,bergen,,
207,Knappskog,Per M,NO,,bergen,,
208,Høberg-Vetti,Hildegunn,NO,,bergen,,
209,Steen,Vidar M,NO,,bergen,,
210,Dorenberg,Eric J,NO,eric.dorenberg@ous-hf.no,oslo university hospital,,
211,Huang,Tien-Sheng,NO,tihu@nifes.no,n-5817 bergen,,
212,Sand,T,NO,,university hospital of trondheim,,
213,Skjold,Pål,NO,palskjold@icloud.com.,bergen,,
214,Sommerset,Ingunn,NO,,bergen,,
215,Frost,Petter,NO,,bergen,,
216,Villoing,Stephane,NO,,bergen,,
217,Boysen,Preben,NO,,n-0033 oslo,,
218,Overli,Oyvind,NO,,no-1432 ås,,
219,Øien,Dag-Inge,NO,,trondheim,,
220,Moen,Asbjørn,NO,,trondheim,,
221,Birkeland,S,NO,sveinung.birkeland@nofima.no,n- stavanger,,
222,Selstø,S,NO,,n- bergen,,
223,Sheikh,Mashhood Ahmed,NO,,tromso,,
224,Abelsen,Birgit,NO,,tromso,,
225,Olsen,Jan Abel,NO,,tromso,,
226,Moxnes,John F,NO,john-f.moxnes@ffi.no,n- kjeller,,
227,Sinkeviciute,Igne,NO,,bergen,,
228,Bless,Josef J,NO,,bergen,,
229,Ryding,Mauritz J,NO,,no-0315 oslo,,
230,Debnárová,Andrea,NO,,no-0315 oslo,,
231,Uggerud,Einar,NO,,no-0315 oslo,,
232,Berdikova Bohne,Victoria J,NO,,5817 bergen,,
233,Meling,T R,NO,,oslo,,
234,Hall,Trygve Sørdahl,NO,tshall@online.no.,oslo,,
235,Gudmundsdottir,H,NO,helga.gudmundsdottir@ulleval.no,oslo,,
236,Denstadli,V,NO,vegard.denstadli@umb.no,n- aas,,
237,Lagerløv,Per,NO,,oslo,,
238,Rosvold,Elin Olaug,NO,,oslo,,
239,Holager,Tanja,NO,,oslo,,
240,Helseth,Sølvi,NO,,oslo,,
241,Fjell,A M,NO,,n- oslo,,
242,Westerhausen,R,NO,,n- oslo,,
243,Budin-Ljøsne,I,NO,,n-0403 oslo,,
244,Halvorsen,O J,NO,ole.halvorsen@gades.uib.no,bergen,,
245,Slettebø,Ashild,NO,aashild.slettebo@su.hio.no,oslo,,
246,Pastuszewski,Wojciech,NO,,namsos,,
247,Ahmad,A S,NO,aahs@ahus.no,lørenskog,,
248,Holgersen,Katrine Høyer,NO,,trondheim,,
249,Friberg,Ingrid K,NO,ingrid.friberg@fhi.no.,oslo,,
250,Venkateswaran,Mahima,NO,,oslo,,
251,Frøen,J Frederik,NO,,oslo,,
252,Walaas,S I,NO,,university of oslo,,
253,Leivestad,Torbjørn,NO,,oslo,,
254,Lundblad,R,NO,,oslo,,
255,Heldal,E,NO,,oslo,,
256,Liese,Susanne,NO,,oslo,,
257,Karlsen,Tom H,NO,t.h.karlsen@klinmed.uio.no,oslo,,
258,Oregui-Bengoechea,Mikel,NO,,bergen,,
259,Barth,Tanja,NO,,bergen,,
260,Kauserud,Håvard,NO,havard.kauserud@ibv.uio.no.,0316 oslo,,
261,Sioud,M,NO,mosioud@embnet.uio.no,n-,,
262,Lukic,Marko,NO,marko.lukic@uit.no.,tromsø,,
263,Licaj,Idlir,NO,,tromsø,,
264,Lund,Eiliv,NO,,tromsø,,
265,Skeie,Guri,NO,,tromsø,,
266,Weiderpass,Elisabete,NO,,tromsø,,
267,Braaten,Tonje,NO,,tromsø,,
268,Rimstad,Rune,NO,,drøbak,,
269,Braut,Geir Sverre,NO,,stavanger,,
270,Aarsland,Dag,NO,,stavanger,,
271,Myhre,Sonja L,NO,sonja.myhre@fhi.no.,oslo,,
272,Bygrave,Lee A,NO,,oslo,,
273,Aanestad,Margunn,NO,,oslo,,
274,Frøen,J Frederik,NO,,oslo,,
275,Fredriksen,T A,NO,,regionsykehuset i trondheim,,
276,Lockyer,Christina,NO,,tromsø,,
277,Kolberg,J,NO,,oslo,,
278,Dahle,Gry,NO,gdahle@ous-hf.no,oslo,,
279,Holen,K J,NO,,trondheim,,
280,Sveinsson,O,NO,,university of bergen,,
281,Borra,Pardha Saradhi,NO,,tromsø,,
282,Wolff,Katharina,NO,katharina.wolff@psysp.uib.no,bergen,,
283,Leo,Jack C,NO,,oslo,,
284,Linke,Dirk,NO,dirk.linke@ibv.uio.no.,oslo,,
285,Møller,P,NO,pamoelle@online.no,lier,,
286,Bangstad,Hans-Jacob,NO,haba@uus.no,ullevål,,
287,Wijffels,Rene H,NO,,n-8049 bodø,,
288,Lønnebakken,Mai Tone,NO,mai.tone.lonnebakken@helse-bergen.no,bergen,,
289,Waehre,Torgun,NO,,n- oslo,,
290,Korkmaz,C G,NO,,0316 oslo,,
291,Klungsøyr,Ole,NO,ole.klungsoyr@medisin.uio.no.,oslo,,
292,Antonsen,Bjørnar,NO,,oslo,,
293,Wilberg,Theresa,NO,,oslo,,
294,Kaaresen,Rolf,NO,,oslo,,
295,Sandvik,Leiv,NO,,oslo,,
296,Thune,Inger,NO,,tromsø,,
297,Risberg,May Arna,NO,,oslo,,
298,Løvstad,R Z,NO,,oslo,,
299,Stålsett,Gry,NO,gry.stalsett@modum-bad.no,vikersund,,
300,Lillo,C,NO,cathrine.lillo@tn.his.no,n-4091 stavanger,,
301,Pihlstrøm,Lasse,NO,,oslo,,
302,Toft,Mathias,NO,,oslo,,
303,Kristensen,Dorte V,NO,,drammen,,
304,Eide,Hilde,NO,,drammen,,
305,Hafskjold,Linda,NO,,drammen,,
306,Ruud,Iren,NO,,drammen,,
307,Monjo,Marta,NO,,0317 oslo,,
308,Walløe,Lars,NO,lars.walloe@medisin.uio.no,oslo,,
309,Henriksen,E H,NO,endre.henriksen@sshf.no,kristiansand,,
310,Griffiths,Silja Torvik,NO,,university of bergen,,
311,Larsen,Tor K,NO,tklarsen@online.no,n-4068 stavanger,,
312,Vodák,Daniel,NO,,oslo,,
313,Johannessen,Bjarne,NO,,oslo,,
314,Skotheim,Rolf I,NO,,oslo,,
315,Mills,Ian G,NO,,oslo,,
316,Vollrath,Margarete E,NO,margarete.vollrath@fhi.no,oslo,,
317,Heyndrickx,Wouter,NO,,university of bergen,,
318,Hovland,Anders,NO,a-hovlan@online.no,bodo,,
319,Johnsen,K,NO,,oslo,,
320,Saugstad,Ola Didrik,NO,odsaugstad@rr-research.no,rikshospitalet,,
321,Westlye,Lars T,NO,l.t.westlye@psykologi.uio.no,oslo,,
322,Gallefoss,Frode,NO,frode.gallefoss@sshf.no,sørlandet sykehus kristiansand,,
323,Sandberg,M,NO,,rikshospitalet,,
324,Johnsen,Roar,NO,,trondheim,,
325,Skrøvseth,Stein-Olav,NO,,tromsø,,
326,Folkow,Lars P,NO,,no- tromsø,,
327,Giske,L E,NO,,oslo,,
328,Wiig,J N,NO,,baerum sykehus,,
329,Hartberg,Cecilie B,NO,,diakonhjemmet hospital oslo,,
330,Sundet,Kjetil,NO,,oslo university hospital,,
331,Westlye,Lars T,NO,,oslo university hospital,,
332,Andreassen,Ole A,NO,,university of oslo,,
333,Melle,Ingrid,NO,,university of oslo,,
334,Agartz,Ingrid,NO,,university of oslo,,
335,da Silva,Eirik F,NO,silva@chemeng.ntnu.no,n- trondheim,,
336,Lilleborge,Marie,NO,,oslo,,
337,Hofvind,Solveig,NO,,oslo,,
338,Sebuødegård,Sofie,NO,,oslo,,
339,Hauge,Ragnar,NO,,oslo,,
340,Elgen,I,NO,,university of bergen,,
341,Wium,Cecilie,NO,,oslo,,
342,Gonzalez,Marianne Thorsen,NO,,oslo,,
343,Andvig,Ellen,NO,,drammen,,
344,Johansen,Sissel,NO,,trondheim,,
345,Nesheim,Britt-Ingjerd,NO,b.i.nesheim@medisin.uio.no,oslo university hospital ulleval,,
346,Lie,A K,NO,,trondheim university hospital,,
347,Høvik,K E,NO,kjerstin.hovik@basalmed.uio.no,university of oslo,,
348,Mariussen,Espen,NO,espen.mariussen@ffi.no,no- kjeller,,
349,Klungland,Arne,NO,,no-,,
350,Faraone,S V,NO,,bergen,,
351,Larun,Lillebeth,NO,,oslo,,
352,Bruserud,Øystein,NO,,bergen,,
353,Landmark,Knud,NO,k.h.landmark@medisin.uio.no,universitetet i oslo,,
354,Koppang,N,NO,,oslo,,
355,Børke,Wenche Bakken,NO,,oslo,,
356,Beyer,Mona K,NO,mona.beyer@lyse.net,stavanger,,
357,Indrelid,Stine,NO,,norwegian university of life sciencesaas,,
358,Kleiveland,Charlotte,NO,,norwegian university of life sciences aas,,
359,Holst,René,NO,,østfold hospital trust kalnes,,
360,Jacobsen,Morten,NO,,norwegian university of life sciencesaas,,
361,Lea,Tor,NO,,norwegian university of life sciences aas,,
362,Vistnes,Maria,NO,,oslo,,
363,Rønnevik,Alexander,NO,,bergen,,
364,Fjære,Even,NO,,bergen,,
365,Fauske,Kristin Røen,NO,,bergen,,
366,Liisberg,Ulrike,NO,,bergen,,
367,Madsen,Lise,NO,,bergen,,
368,Vik,Frøydis N,NO,froydis.n.vik@uia.no,university of agder,,
369,Deng,Baichuan,NO,,bergen n-,,
370,Hatlen,Peter,NO,peter.hatlen@ntnu.no,trondheim,,
371,Anfinsen,Kristin P,NO,kanfinsen@rvc.ac.uk,oslo,,
372,Jensen,C,NO,,7491 trondheim,,
373,Nordøy,A,NO,,university of tromsø,,
374,Larsen,Alf Inge,NO,al-i-lar@online.no,n4001 stavanger,,
375,H Yi,D,NO,,bergen,,
376,Smaradottir,Berglind,NO,,sørlandet hospital hf,,
377,Fensli,Rune,NO,,university of agder,,
378,Foss,A,NO,af@akvaplan.niva.no,bergen,,
379,Finsnes,F,NO,finn@finsnes.no,university of oslo,,
380,Norum,Jan,NO,,tromsø,,
381,Balteskard,Lise,NO,,tromsø,,
382,Thomsen,Mette Willumstad,NO,,oslo,,
383,Kvernmo,Hebe Desiree,NO,,tromsø,,
384,Larøi,Frank,NO,,bergen,,
385,Andersen,P,NO,,university of oslo,,
386,Dullerud,R,NO,,oslo,,
387,Hov,J R,NO,j.e.r.hov@medisin.uio.no,lørenskog,,
388,Jensenius,Mogens,NO,,oslo,,
389,Herstad,Kristin M V,NO,kristin.herstad@nmbu.no.,oslo,,
390,Gajardo,Karina,NO,,oslo,,
391,Bakke,Anne Marie,NO,,oslo,,
392,Moe,Lars,NO,,oslo,,
393,Ludvigsen,Jane,NO,,ås,,
394,Rudi,Knut,NO,,ås,,
395,Rud,Ida,NO,,ås,,
396,Sekelja,Monika,NO,,ås,,
397,Skancke,Ellen,NO,,oslo,,
398,Ursin,H,NO,,university of bergen,,
399,Dahl,Eilif,NO,eilifdahl@hotmail.com,oslo,,
400,Magnusson,Pål,NO,,norwegian institute of public health,,
401,Øvrevik,Johan,NO,,norwegian institute of public health,,
402,Eide,Dag M,NO,,norwegian institute of public health,,
403,Brunborg,Gunnar,NO,,norwegian institute of public health,,
404,Gutzkow,Kristine B,NO,,norwegian institute of public health,,
405,Instanes,Christine,NO,,norwegian institute of public health,,
406,Duale,Nur,NO,,norwegian institute of public health,,
407,Melsom,Fredrik,NO,,høvik,,
408,Glette,Tormod,NO,,høvik,,
409,Johannessen,Gudrun,NO,gudrun.johannessen@ldh.no,lovisenberg deaconal university college,,
410,Kandala,Ngianga-Bakwin,NO,ngianga-bakwin.kandala@northumbria.ac.uk.,kristiansand,,
411,Preza,D,NO,doritap@odont.uio.no,oslo 0316,,
412,Thorbjørnsen,T,NO,,as,,
413,Lie,Kai Kristoffer,NO,,national institute of nutrition and seafood research (nifes),,
414,Karlsen,Odd André,NO,,university of bergen,,
415,Hordvik,Ivar,NO,,university of bergen,,
416,Saebu,L,NO,,trondheim,,
417,Johnsen,N M,NO,,oslo,,
418,Stige,Signe,NO,k.b.walhovd@psykologi.uio.no,university of oslo,,
419,Szodoray,P,NO,szodoray@gmail.com,university of oslo,,
420,Solheim,Margrete,NO,,ås,,
421,La Rosa,Sabina Leanti,NO,,ås,,
422,Mathisen,Thomas,NO,,ås,,
423,Snipen,Lars G,NO,,ås,,
424,Nes,Ingolf F,NO,,ås,,
425,Brede,Dag Anders,NO,,ås,,
426,Fedorov,Vadim B,NO,,n-0316 oslo,,
427,Lingjaerde,O,NO,,oslo,,
428,Lagerløv,P,NO,,university of oslo,,
429,Johnsen,Arild,NO,,0318 oslo,,
430,Tamnes,Christian K,NO,c.k.tamnes@psykologi.uio.no,0317 oslo,,
431,Burns,Margrete L,NO,,oslo university hospital,,
432,Alstadhaug,Karl B,NO,,tromsø,,
433,Henriksen,Stian,NO,,tromsø,,
434,Sandvik,L F,NO,,bergen,,
435,Zahl,Per-Henrik,NO,per-henrik.zahl@fhi.no,oslo,,
436,Høvding,G,NO,,university of bergen,,
437,Bø,K,NO,karib@mih.no,oslo,,
438,Gordeladze,Jan O,NO,j.o.gordeladze@basalmed.uio.no,oslo,,
439,Gundersen,Pål,NO,pal.gundersen@chembio.ntnu.no,n- trondheim,,
440,Bollerslev,Jens,NO,jens.bollerslev@medisin.uio.no,n- oslo,,
441,Aase,A,NO,,university of oslo,,
442,Stiris,Tom,NO,,oslo,,
443,Laake,Ida,NO,ida.laake@medisin.uio.no,oslo,,
444,Katsoyiannis,Athanasios,NO,,tromsø,,
445,Loe,Henrik,NO,,trondheim,,
446,Grasshorn Gebhardt,Karl-Alexander,NO,,n-0316 oslo,,
447,Bue,Helga Lassen,NO,,7485 trondheim,,
448,Mariussen,Espen,NO,,n- kjeller,,
449,Rossebø Almås,Åsgeir,NO,,n-1432 ås,,
450,Breedveld,Gijs D,NO,,n-0316 oslo,,
451,Rasmussen,Grete,NO,,n- oslo,,
452,Mulder,Jan,NO,,n-1432 ås,,
453,Padilla-Sánchez,Juan A,NO,,no-0403 oslo,,
454,Papadopoulou,Eleni,NO,,no-0403 oslo,,
455,Poothong,Somrutai,NO,,no-0403 oslo,,
456,Haug,Line S,NO,,no-0403 oslo,,
457,Mikkelsen,Gustav,NO,,trondheim,,
458,Fosså,Sophie D,NO,,oslo,,
459,Hess,Siri L,NO,,oslo,,
460,Paus,Elisabeth,NO,,oslo,,
461,Borgen,Elin,NO,,oslo,,
462,Brumpton,Ben M,NO,,trondheim,,
463,Langhammer,Arnulf,NO,,trondheim,,
464,Mai,Xiao-Mei,NO,,trondheim,,
465,Sivertsen,Børge,NO,borge.sivertsen@psykp.uib.no,bergen,,
466,Hallanger,Ingeborg G,NO,,trondheim,,
467,Kleivdal,H,NO,hans.kleivdal@mbi.uib.no,unviversity of bergen,,
468,Bøe,Cathrine A,NO,,oslo,,
469,Østlie,Hilde M,NO,hilde.ostlie@inf.nlh.no,as,,
470,Larsen,Frode K,NO,,oslo,,
471,Letnes,Jon Magne,NO,,trondheim,,
472,Dalen,Håvard,NO,,trondheim,,
473,Vesterbekkmo,Elisabeth K,NO,,trondheim,,
474,Wisløff,Ulrik,NO,,trondheim,,
475,Nes,Bjarne M,NO,,trondheim,,
476,Loncarevic,S,NO,semir.loncarevic@vetinst.no,oslo,,
477,Østensjø,Sigrid,NO,sigrid.ostensjo@hf.hio.no,university of oslo,,
478,Fossheim,S L,NO,,university of oslo,,
479,Urbanucci,Alfonso,NO,,oslo,,
480,Schmitz,Eva-Maria,NO,,oslo,,
481,Konijnenberg,Carolien,NO,,lillehammer,,
482,Jondalen,Nils Martin,NO,,oslo,,
483,Husby,Mikael Falkhaugen,NO,,oslo,,
484,Melinder,Annika,NO,,oslo,,
485,Sørbø,Jan Gunnar,NO,,university of oslo,,
486,Hessen,Erik,NO,erik.hessen@nevropsykologi.no,lørenskog,,
487,Grønning,Mona,NO,,bergen,,
488,Gabrielsen,O S,NO,,university of oslo,,
489,Goscinski,M A,NO,mariuszg@online.no,oslo,,
490,Billing,Anna M,NO,anna.billing@bio.ntnu.no,trondheim,,
491,Grotle,Margreth,NO,,oslo,,
492,Hagen,Kåre Birger,NO,,oslo,,
493,Helland,Åslaug,NO,,oslo,,
494,Bjaanæs,Maria M,NO,,oslo,,
495,Fleischer,Thomas,NO,,oslo,,
496,Tjønnfjord,Geir E,NO,geir.tjonnfjord@oslo-universitetssykehus.no,oslo universitetssykehus,,
497,Moshina,Nataliia,NO,,oslo,,
498,Sebuødegård,Sofie,NO,,oslo,,
499,Hofvind,Solveig,NO,solveig.hofvind@kreftregisteret.no.,oslo,,
500,Hansen,Mads,NO,,trondheim,,
501,Ettema,Gertjan,NO,,trondheim,,
502,Rønnestad,Bent,NO,,lillehammer,,
503,Ravinet,Mark,NO,,oslo,,
504,Haug,T,NO,,university of trondheim,,
505,Slupphaug,G,NO,,university of trondheim,,
506,Thommessen,M,NO,,university of oslo,,
507,Nilsen,B M,NO,,university of oslo,,
508,Engebretsen,Lars,NO,,oslo,,
509,Skrove,Marit,NO,,trondheim,,
510,Lydersen,Stian,NO,,trondheim,,
511,Indredavik,Marit S,NO,,trondheim,,
512,Wessel,Øystein,NO,oyfi@nmbu.no.,oslo,,
513,Olsen,Christel Moræus,NO,christel.moraeus.olsen@miljodir.no.,oslo,,
514,Rimstad,Espen,NO,espen.rimstad@nmbu.no.,oslo,,
515,Dahle,Maria Krudtaa,NO,maria.dahle@vetinst.no.,oslo,,
516,de Vogel,Stefan,NO,,bergen,,
517,Rofstad,Einar K,NO,e.k.rofstad@labmed.uio.no,n- oslo,,
518,Aunan,Eirik,NO,,lillehammer,,
519,Næss,Grethe,NO,,lillehammer,,
520,Clarke-Jenssen,John,NO,,oslo,,
521,Sandvik,Leiv,NO,,oslo,,
522,Kibsgård,Thomas Johan,NO,,oslo,,
523,Kresse,Stine H,NO,,oslo,,
524,Namløs,Heidi M,NO,,oslo,,
525,Lorenz,Susanne,NO,,oslo,,
526,Berner,Jeanne-Marie,NO,,oslo,,
527,Myklebost,Ola,NO,,oslo,,
528,Bjerkehagen,Bodil,NO,,oslo,,
529,Meza-Zepeda,Leonardo A,NO,,oslo,,
530,Huby,Guro,NO,,halden,,
531,Munkvik,Morten,NO,morten.munkvik@medisin.uio.no,n- oslo,,
532,Utskarpen,Audrun,NO,,oslo,,
533,Gedde-Dahl,T W,NO,,oslo,,
534,Stewart,Derek,NO,,no,,
535,Klepper,Karina Barnholt,NO,k.b.klepper@kjemi.uio.no,oslo n-0315,,
536,Rørvik,Eivind,NO,,bergen,,
537,Thörnqvist,Sara,NO,,bergen,,
538,Stokkevåg,Camilla H,NO,,bergen,,
539,Dahle,Tordis J,NO,,bergen,,
540,Fjaera,Lars Fredrik,NO,,bergen,,
541,Ytre-Hauge,Kristian S,NO,,bergen,,
542,Frøen,J F,NO,,oslo,,
543,Riebler,Andrea,NO,andrea.riebler@math.ntnu.no.,trondheim,,
544,Sørbye,Sigrunn H,NO,,tromsø,,
545,Rue,Håvard,NO,,trondheim,,
546,Sahlberg,Kristine Kleivi,NO,,n-3004 drammen,,
547,Due,Eldri Undlien,NO,,n-0424 oslo,,
548,Børresen-Dale,Anne-Lise,NO,,n-0424 oslo,,
549,Staff,Anne Cathrine,NO,a.c.staff@medisin.uio.no,oslo,,
550,Haraldstad,Kristin,NO,kristin.haraldstad@su.hio.no,oslo,,
551,Ettema,Gertjan J C,NO,,n- trondheim,,
552,Årsand,Eirik,NO,,tromsø,,
553,Bradway,Meghan,NO,,tromsø,,
554,Gabarron,Elia,NO,,tromsø,,
555,Voelckel,Wolfgang G,NO,,bergen,,
556,Dahl,Sandra Rinne,NO,sandrari@kjemi.uio.no,university of oslo,,
557,Løyland,Borghild,NO,,oslo,,
558,Milko,Sergiy,NO,smilko@gmail.com,oslo,,
559,Solberg,Ester,NO,est-skr@online.no,kongsberg,,
560,Lingjaerde,O,NO,,oslo,,
561,Dedi,Lumnije,NO,,oslo,,
562,Melby,Kjetil K,NO,,oslo,,
563,Holberg-Petersen,Mona,NO,,oslo,,
564,Radtke,Andreas,NO,,trondheim,,
565,Lyng,Randi Valsø,NO,,trondheim,,
566,Andresen,Lise Lima,NO,,oslo,,
567,Jacobsen,Anne Flem,NO,,oslo,,
568,Fugelseth,Drude,NO,,oslo,,
569,Whitelaw,Andrew,NO,,oslo,,
570,Lewandowska-Sabat,Anna Monika,NO,anna.sabat@nmbu.no.,oslo,,
571,Hansen,Silje Furre,NO,,oslo,,
572,Solberg,Trygve Roger,NO,,hamar,,
573,Østerås,Olav,NO,,ås,,
574,Heringstad,Bjørg,NO,,hamar,,
575,Boysen,Preben,NO,,oslo,,
576,Olsaker,Ingrid,NO,,oslo,,
577,Johansen,Espen Borgå,NO,e.b.johansen@medisin.uio.no,n-0317 oslo,,
578,Mathisen,Gro Ellen,NO,gro.e.mathisen@his.no,stavanger,,
579,Tranheim Kase,Eili,NO,e.t.kase@farmasi.uio.no,0316 oslo,,
580,Fraser,Thomas W K,NO,,oslo,,
581,Weiderpass,E,NO,,tromsø,,
582,Martins,Catia,NO,catia.martins@ntnu.no,trondheim,,
583,Strand,Berit L,NO,berit.loeken.strand@chembio.ntnu.no,trondheim,,
584,Munthe-Kaas,Monica Cheng,NO,m.c.munthe-kaas@medisin.uio.no,oslo,,
585,Kadar,T,NO,tkad@helse-bergen.no,bergen,,
586,Carlsen,Anders Wetting,NO,anders.wetting.carlsen@stolav.no,trondheim,,
587,Tøndel,Camilla,NO,camilla.tondel@helse-bergen.no.,bergen,,
588,Bolann,Bjørn,NO,,bergen,,
589,Salvador,Cathrin Lytomt,NO,,oslo,,
590,Brackman,Damien,NO,,oslo,,
591,Bjerre,Anna,NO,,oslo,,
592,Svarstad,Einar,NO,,bergen,,
593,Brun,Atle,NO,,bergen,,
594,Thomassen,Oyvind,NO,,bergen,,
595,Brattebo,Guttorm,NO,,bergen,,
596,Kjekshus,Lars Erik,NO,l.e.kjekshus@medisin.uio.no,universitetet i oslo,,
597,Nord,Erik,NO,,oslo,,
598,Olsen,Rolf E,NO,,trondheim 7491,,
599,Leiros,Hanna-Kirsti S,NO,,n- tromsø,,
600,Descamps,Sébastien,NO,sebastien.descamps@npolar.no.,tromsø,,
601,Ingebrigtsen,Sveinung G,NO,,tromsø,,
602,Škalko-Basnet,Nataša,NO,,tromsø,,
603,Madar,Ahmed A,NO,a.a.madar@medisin.uio.no,n-0318 oslo,,
604,Dahl,Eilif,NO,eilifdahl@hotmail.com.,bergen,,
605,Huitfeldt,H S,NO,,university of oslo,,
606,Aunan,K,NO,,oslo,,
607,Hansen,M H,NO,,university of oslo,,
608,Tandstad,T,NO,,trondheim,,
609,Jackson,Catherine,NO,,oslo,,
610,Eidet,Jon R,NO,,oslo,,
611,Reppe,Sjur,NO,,oslo,,
612,Aass,Hans Christian D,NO,,oslo,,
613,Tønseth,Kim A,NO,,university of oslo,,
614,Roald,Borghild,NO,,university of oslo,,
615,Lyberg,Torstein,NO,,oslo,,
616,Utheim,Tor P,NO,,oslo,,
617,Stigen,Øyvind,NO,oyvind.stigen@nvh.no,no-0033 oslo,,
618,Cai,Yiqing,NO,thalsten@odont.uio.no,0316 oslo,,
619,Skutle,A,NO,,hjellestad,,
620,Poste,Amanda E,NO,,oslo,,
621,Braaten,Hans Fredrik Veiteberg,NO,,oslo,,
622,de Wit,Heleen A,NO,,oslo,,
623,Sørensen,Kai,NO,,oslo,,
624,Larssen,Thorjørn,NO,,oslo,,
625,Bakke,P,NO,,university of bergen,,
626,Jørgensen,Finn,NO,finn.joergensen@hibo.no,bodø,,
627,Mortensen,E,NO,,university of tromsø,,
628,Khan,Mahmud Tareq Hassan,NO,mahmud.khan@fagmed.uit.no,tromsø,,
629,Nissen-Lie,Helene A,NO,,oslo,,
630,Havik,Odd E,NO,,bergen,,
631,Høglend,Per A,NO,,oslo,,
632,Rønnestad,Michael Helge,NO,,oslo,,
633,Monsen,Jon T,NO,,oslo,,
634,Slagsvold,Tore,NO,,trondheim,,
635,Manstad-Hulaas,F,NO,frode.manstad-hulaas@stolav.no,trondheim,,
636,Meknas,Khaled,NO,khaled.meknas@unn.no,tromsø,,
637,Nieder,Carsten,NO,carsten.nieder@nlsh.no.,tromsö,,
638,Haukland,Ellinor,NO,,tromsö,,
639,Pawinski,Adam,NO,,bodø,,
640,Norum,Jan,NO,,tromsö,,
641,Tuveng,Tina R,NO,,ås,,
642,Vaaje-Kolstad,Gustav,NO,,ås,,
643,Eijsink,Vincent G H,NO,,ås,,
644,Giddaluru,S,NO,,bergen,,
645,Le Hellard,S,NO,,bergen,,
646,Espeseth,T,NO,,oslo,,
647,Lundervold,A J,NO,,bergen,,
648,Steen,V M,NO,,bergen,,
649,Reinvang,I,NO,,oslo,,
650,Aalen,O O,NO,,oslo,,
651,Røysland,K,NO,,oslo,,
652,Gran,J M,NO,,oslo,,
653,Fevang,B T,NO,bjorg.fevang@kir.uib.no,university of bergen,,
654,Johansson,S,NO,stefan.johansson@labmed.uio.no,oslo,,
655,Thorsen,Lene,NO,,oslo,,
656,Beier,Claus,NO,,no-,,
657,Reinsch,Sabine,NO,,no-,,
658,Andrén-Sandberg,A,NO,,bergen,,
659,Møllendal,Harald,NO,harald.mollendal@kjemi.uio.no,no-0315 oslo,,
660,Knudsen,Anne Kari,NO,anne.k.knudsen@ntnu.no,trondheim,,
661,Risberg,Karianne,NO,,oslo,,
662,Havre,Roald Flesland,NO,,bergen,,
663,Pham,Khanh Do-Cong,NO,,bergen,,
664,Knudsen,Gun Peggy,NO,gun.peggy.knudsen@fhi.no,oslo,,
665,Hungnes,O,NO,,oslo,,
666,Olsen,Ørjan M,NO,,tromsø n-9291,,
667,Rønnestad,Bent R,NO,bent.ronnestad@hil.no,lillehammer,,
668,Kristiansen,Leif Pål,NO,leif.pal.kristiansen@rikshospitalet.no,university of oslo,,
669,Bjerknes,Tale L,NO,,no- trondheim,,
670,Dagslott,Nenitha C,NO,,no- trondheim,,
671,Moser,Edvard I,NO,,no- trondheim,,
672,Moser,May-Britt,NO,,no- trondheim,,
673,Sveinbjørnsson,Baldur,NO,,no- tromsø,,
674,Camilio,Ketil Andre,NO,,no- oslo,,
675,Haug,Bengt Erik,NO,,no- bergen,,
676,Rekdal,Øystein,NO,,no- tromsø,,
677,Thorkildsen,Joachim,NO,,oslo,,
678,Ording Müller,Lil-Sofie,NO,,oslo,,
679,Avenarius,Derk,NO,,tromsø,,
680,Rosendahl,Karen,NO,,bergen,,
681,Gebremariam,Mekdes K,NO,mekdes.gebremariam@medisin.uio.no,n-0316 oslo,,
682,Brun,Johan G,NO,,bergen,,
683,Maghazachi,Azzam A,NO,azzam.maghazachi@basalmed.uio.no,university of oslo,,
684,Carlsen,Kai-Håkon,NO,k.h.carlsen@medisin.uio.no,no  oslo,,
685,Mortensen,Åse-Karen,NO,,no-,,
686,Sylte,Ingebrigt,NO,,no-,,
687,Jenssen,Bjørn M,NO,,no-,,
688,Impieri,Davide,NO,,oslo,,
689,Aagenæs,Ingegerd,NO,,oslo,,
690,Høgevold,Hans Erik,NO,,oslo,,
691,Særvold,Tone,NO,,oslo,,
692,Aukner,Ragnhild,NO,,oslo,,
693,Lima,Kari,NO,,oslo,,
694,Tønseth,Kim,NO,,oslo,,
695,Abrahamsen,Tore G,NO,,oslo,,
696,Kumar,Ajay,NO,,oslo,,
697,Hinderaker,Sven Gudmund,NO,,oslo,,
698,Birkeflet,Oddveig,NO,,oslo,,
699,Laake,Petter,NO,,oslo,,
700,Vøllestad,Nina K,NO,,oslo,,
701,Bernklev,T,NO,tbernkle@c2i.net,oslo,,
702,Sulen,André,NO,,bergen,,
703,Gullaksen,Stein-Erik,NO,,bergen,,
704,Bader,Lucius,NO,,bergen,,
705,McClymont,David W,NO,,university of oslo,,
706,Skavland,Jørn,NO,,bergen,,
707,Gavasso,Sonia,NO,,bergen,,
708,Enden,Tone,NO,,oslo,,
709,Jåstad,Eirik O,NO,,1432 ås,,
710,Torheim,Turid,NO,,1432 ås,,
711,Villeneuve,Kathleen M,NO,,0316 oslo,,
712,Kvaal,Knut,NO,,1432 ås,,
713,Hole,Eli O,NO,,0316 oslo,,
714,Sagstuen,Einar,NO,,0316 oslo,,
715,Malinen,Eirik,NO,,0316 oslo,,
716,Futsaether,Cecilia M,NO,,1432 ås,,
717,Flekkoy,,NO,,0316 oslo 3,,
718,Klemsdal,T O,NO,,oslo,,
719,Elagib,K E,NO,kamaleldin24@hotmail.com,university of oslo,,
720,Korkmaz,Kemal S,NO,,0316 oslo,,
721,Sandbaek,G,NO,,university of oslo,,
722,Wolff,K,NO,katharina.wolff@psysp.uib.no,bergen,,
723,Kumar,Surendra,NO,,university of oslo,,
724,Krabberød,Anders K,NO,,university of oslo,,
725,Neumann,Ralf S,NO,,university of oslo,,
726,Michalickova,Katerina,NO,,oslo,,
727,Zhao,Sen,NO,,oslo,,
728,Zhang,Xiaoli,NO,,university of oslo,,
729,Shalchian-Tabrizi,Kamran,NO,,university of oslo,,
730,Repnik,Urska,NO,,oslo,,
731,Griffiths,Gareth Wyn,NO,,oslo,,
732,Kaljusto,Mari-Liis,NO,m.l.kaljusto@medisin.uio.no.,0424,,
733,Vøllestad,N K,NO,,oslo,,
734,Våge,S,NO,,bergen,,
735,Abrahamsen,Jenny Foss,NO,,bergen,,
736,Haugland,Cathrine,NO,,bergen,,
737,Ranhoff,Anette Hylen,NO,,bergen,,
738,Villa,Oscar,NO,,oslo,,
739,Petzold,Christiane,NO,,oslo,,
740,Reseland,Janne E,NO,,oslo,,
741,Lyngstadaas,Staale P,NO,,oslo,,
742,Haaverstad,R,NO,,trondheim university hospital,,
743,Sandaa,Ruth-Anne,NO,ruth.sandaa@bio.uib.no,bergen,,
744,Bjerve,K S,NO,,university of trondheim,,
745,Kvalem,Ingela Lundin,NO,,oslo,,
746,Træen,Bente,NO,,oslo,,
747,Langseth,Hilde,NO,,oslo,,
748,Buhaug,Kristin,NO,kristin.buhaug@helse-bergen.no.,bergen,,
749,Holdaas,Hallvard,NO,,oslo,,
750,Brenne,Anne-Tove,NO,anne-tove.brenne@medisin.ntnu.no,n- trondheim,,
751,Hofsli,E,NO,,university of trondheim,,
752,Engebretsen,Lars,NO,,oslo,,
753,Johannesen,Tom B,NO,,oslo,,
754,Grindstad,Thea,NO,,tromso,,
755,Khanehkenari,Mehrdad Rakaee,NO,,tromso,,
756,Richardsen,Elin,NO,,tromso,,
757,Donnem,Tom,NO,,tromso,,
758,Kilvaer,Thomas,NO,,tromso,,
759,Andersen,Sigve,NO,,tromso,,
760,Bremnes,Roy M,NO,,tromso,,
761,Busund,Lill-Tove,NO,,tromso,,
762,Al-Saad,Samer,NO,,tromso,,
763,Ghaderi,Sara,NO,sara.ghaderi@isf.uib.no,bergen,,
764,Li,Chun,NO,,tromsø,,
765,Mkrtchian,S L,NO,,university of bergen,,
766,Rodsand,Torgeir,NO,,n- oslo,,
767,Fadum,Elin Anita,NO,,sessvollmoen,,
768,Fønnebø,Vinjar,NO,,sessvollmoen,,
769,Borud,Einar Kristian,NO,,sessvollmoen,,
770,Heyerdahl,Sonja,NO,sonja.heyerdahl@r-bup.no,oslo,,
771,Ajayi,Clement,NO,,tromsø,,
772,Sollid,Johanna U E,NO,,tromsø,,
773,Kurtze,Nanna,NO,nanna.kurtze@sintef.no,verdal,,
774,Ulsaker,G A,NO,,oslo,,
775,Laborie,Lene Bjerke,NO,lene.bjerke.laborie@helse-bergen.no,bergen,,
776,Hiorth,Marianne,NO,m.h.nordby@farmasi.uio.no,oslo,,
777,Baerug,Anne,NO,,oslo,,
778,Langsrud,Øyvind,NO,,oslo,,
779,Løland,Beate F,NO,,oslo,,
780,Tufte,Elisabeth,NO,,oslo,,
781,Tylleskär,Thorkild,NO,,bergen,,
782,Fretheim,Atle,NO,,oslo,,
783,Bergan,S,NO,,university of oslo,,
784,Nortvedt,P,NO,p.nortvedt@medisin.uio.no,n-0318 oslo,,
785,Pripp,Are Hugo,NO,,oslo,,
786,Stanišić,Milo,NO,,oslo,,
787,Rinde,Eli,NO,,oslo,,
788,Christie,Hartvig,NO,,oslo,,
789,Fagerli,Camilla W,NO,,oslo,,
790,Bekkby,Trine,NO,,oslo,,
791,Gundersen,Hege,NO,,oslo,,
792,Norderhaug,Kjell Magnus,NO,,oslo,,
793,Hjermann,Dag Ø,NO,,oslo,,
794,Mkonyi,Lilian E,NO,,university of bergen,,
795,Størset,Elisabet,NO,,oslo,,
796,Hole,Kristine,NO,,oslo,,
797,Midtvedt,Karsten,NO,,oslo,,
798,Bergan,Stein,NO,,oslo,,
799,Molden,Espen,NO,,oslo,,
800,Åsberg,Anders,NO,,oslo,,
801,Arøen,Asbjørn,NO,asben@online.no,oslo,,
802,Verhoeven,A J,NO,,bergen,,
803,Johansson,Stefan,NO,,bergen,,
804,Klepstad,P,NO,,trondheim,,
805,Kildahl-Andersen,Geir,NO,,trondheim,,
806,Arnes,Jarle B,NO,,bergen,,
807,Klepstad,P,NO,pal.klepstad@medisin.ntnu.no,trondheim,,
808,Waaler,T,NO,,oslo,,
809,Vrabel,Karianne R,NO,karianne.vrabel@modum-bad.no,vikersund,,
810,Breland,Unni M,NO,,oslo,,
811,Weedon-Fekjær,M S,NO,,oslo,,
812,Vestrheim,Didrik F,NO,,norwegian institute of public health,,
813,de Blasio,Birgitte Freiesleben,NO,,university of oslo,,
814,Wohlfahrt,J Caspar,NO,,oslo,,
815,Goll,Rasmus,NO,,tromsø,,
816,Kalikstad,Betty,NO,betty.kalikstad@medisin.uio.no,university of oslo,,
817,Wang,Xiaolin,NO,,oslo,,
818,Sjaastad,O,NO,,trondheim university hospital,,
819,Bakker,Lars-Petter,NO,,oslo,,
820,Småstuen,Milada Cvancarova,NO,,oslo,,
821,Reichelt,Jon Gerhard,NO,,oslo,,
822,Gjerstad,Christer Lunde,NO,,oslo,,
823,Weisaeth,Lars,NO,,oslo,,
824,Herlofsen,Pål Herlof,NO,,tranby,,
825,Grov,Ellen Karine,NO,,oslo,,
826,Bjune,Jan-Inge,NO,,bergen,,
827,Haugen,Christine,NO,,bergen,,
828,Gudbrandsen,Oddrun,NO,,bergen,,
829,Nordbø,Ole P,NO,,bergen,,
830,Nielsen,Hans J,NO,,voss,,
831,Våge,Villy,NO,,voss,,
832,Njølstad,Pål R,NO,,bergen,,
833,Sagen,Jørn V,NO,,bergen,,
834,Dankel,Simon N,NO,simon.dankel@uib.no.,bergen,,
835,Mellgren,Gunnar,NO,gunnar.mellgren@uib.no.,bergen,,
836,Leinaas,Hans Petter,NO,,oslo,,
837,Gützkow,Kristine Bjerve,NO,kristine.bjerve.gutzkow@fhi.no,no-0403 oslo,,
838,Strand,Tor A,NO,,lillehammer,,
839,Gjesdal,Ola,NO,,oslo,,
840,Røttingen,John-Arne,NO,,oslo,,
841,Jørgensen,E H,NO,even.jorgensen@nina.no,n- tromsø,,
842,Sagberg,F,NO,fs@toi.no,oslo,,
843,Lillebo,Borge,NO,,trondheim,,
844,Toska,K,NO,,university of oslo,,
845,Vebø,Heidi C,NO,,ås,,
846,Jugessur,A,NO,,bergen,,
847,Nordby,Yngve,NO,,tromso,,
848,Andersen,Sigve,NO,,tromso,,
849,Richardsen,Elin,NO,,tromso,,
850,Ness,Nora,NO,,tromso,,
851,Al-Saad,Samer,NO,,tromso,,
852,Melbø-Jørgensen,Christian,NO,,tromso,,
853,Patel,Hiten R H,NO,,tromso,,
854,Dønnem,Tom,NO,,tromso,,
855,Busund,Lill-Tove,NO,,tromso,,
856,Bremnes,Roy M,NO,,tromso,,
857,Ribicic,Deni,NO,,trondheim,,
858,Netzer,Roman,NO,,trondheim,,
859,Skogstad,M,NO,marit.skogstad@stami.no,oslo,,
860,Irgens,Ågot,NO,agot.irgens@helse-bergen.no.,bergen,,
861,Christie,Anne,NO,,national resource centre for rehabilitation in rheumatology,,
862,Hausken,Anne Margrethe,NO,anmh@fhi.no,oslo,,
863,Zeiss,Daniel,NO,,namsos,,
864,Grindedaal,Eli M,NO,,oslo,,
865,Djurovic,Srdjan,NO,,oslo,,
866,Andreassen,Ole A,NO,,oslo,,
867,Axcrona,Karol,NO,,lørenskog,,
868,Mills,Ian G,NO,,oslo,,
869,Maehle,Lovise,NO,,oslo,,
870,Fosså,Sophie D,NO,,oslo,,
871,Gilbert,M Thomas P,NO,,trondheim 7491,,
872,Stojanovic,Aleksandar,NO,,tromsø,,
873,Hole,Lisa Drange,NO,lisa.drange.hole@helse-bergen.no.,bergen,,
874,Høglend,Per,NO,p.a.hoglend@medisin.uio.no,university of oslo,,
875,Thingnes,Josef,NO,joset@umb.no,1432 as,,
876,Aune,Dagfinn,NO,d.aune@imperial.ac.uk.,trondheim,,
877,Sen,Abhijit,NO,,trondheim,,
878,Tonstad,Serena,NO,,oslo,,
879,Vatten,Lars J,NO,,trondheim,,
880,Apeland,T,NO,apeland@online.no,stavanger,,
881,Andersen,Vidar,NO,,department of teacher education and sports of sogn and fjordane university college,,
882,Saeterbakken,Atle Hole,NO,,department of teacher education and sports of sogn and fjordane university college,,
883,Buanes,T,NO,,bergen,,
884,Bugge,L,NO,,oslo,,
885,Bugge,M K,NO,,oslo,,
886,Cameron,D,NO,,oslo,,
887,Catmore,J R,NO,,oslo,,
888,Dale,O,NO,,bergen,,
889,Eigen,G,NO,,bergen,,
890,Franconi,L,NO,,oslo,,
891,Gjelsten,B K,NO,,oslo,,
892,Gramstad,E,NO,,oslo,,
893,Kastanas,A,NO,,bergen,,
894,Liebig,W,NO,,bergen,,
895,Lipniacka,A,NO,,bergen,,
896,Martin Dit Latour,B,NO,,bergen,,
897,Ould-Saada,F,NO,,oslo,,
898,Pajchel,K,NO,,oslo,,
899,Pedersen,M,NO,,oslo,,
900,Read,A L,NO,,oslo,,
901,Røhne,O,NO,,oslo,,
902,Rosendahl,P L,NO,,bergen,,
903,Sandaker,H,NO,,bergen,,
904,Sjursen,T B,NO,,bergen,,
905,Smestad,L,NO,,bergen,,
906,Stapnes,S,NO,,oslo,,
907,Strandlie,A,NO,,oslo,,
908,Stugu,B,NO,,bergen,,
909,Ugland,M,NO,,bergen,,
910,Stenseth,Nils Chr,NO,n.c.stenseth@bio.uio.no,oslo,,
911,Torgersen,A M,NO,,university of oslo,,
912,Bruserud,O,NO,,university of oslo,,
913,Sørdal,Terje,NO,terje@medicus.no,trondheim,,
914,Fjæra,Lars Fredrik,NO,,bergen,,
915,Ytre-Hauge,Kristian S,NO,,bergen,,
916,Engeseth,Grete May,NO,,bergen,,
917,Brydøy,Marianne,NO,,bergen,,
918,Dahl,Olav,NO,,bergen,,
919,Stokkevåg,Camilla H,NO,,bergen,,
920,Kissen,Ralph,NO,,trondheim,,
921,Øverby,Anders,NO,,trondheim,,
922,Winge,Per,NO,,trondheim,,
923,Bones,Atle M,NO,atle.bones@bio.ntnu.no.,trondheim,,
924,Sæterdal,I,NO,,oslo,,
925,Juvet,L,NO,,oslo,,
926,Jimenez,E,NO,,oslo,,
927,Couto,E,NO,,oslo,,
928,Klemp,M,NO,,oslo,,
929,Torkilseng,E B,NO,,oslo,,
930,Berggaard,Nina,NO,,trondheim,,
931,Bjerke,Ingvild E,NO,,trondheim,,
932,B Paulsen,Anna E,NO,,trondheim,,
933,Hoang,Linh,NO,,trondheim,,
934,T Skogaker,Nan E,NO,,trondheim,,
935,Witter,Menno P,NO,,trondheim,,
936,van der Want,Johannes J L,NO,,trondheim,,
937,Thorberg,Fred Arne,NO,,brumunddal,,
938,Efstathiou,Sophia,NO,sophia.efstathiou@ntnu.no,trondheim,,
939,Qvigstad,Christian,NO,,oslo,,
940,Holme,Pål Andre,NO,,oslo,,
941,Kjersem,J B,NO,,oslo,,
942,Thomsen,M,NO,,oslo,,
943,Guren,T,NO,,oslo,,
944,Hamfjord,J,NO,,oslo,,
945,Ikdahl,T,NO,,lørenskog,,
946,Indrebø,G,NO,,ålesund,,
947,Lingjærde,O,NO,,oslo,,
948,Tveit,K M,NO,,oslo,,
949,Kure,E H,NO,,oslo,,
950,Osthus,Tone Britt Hortemo,NO,,oslo,,
951,Birkeland,K I,NO,kare.birkeland@loks.uio.no,n- oslo,,
952,Kasurinen,Ville,NO,,trondheim,,
953,Halrynjo,Sigtona,NO,sigtona.halrynjo@afi-wri.no,work research institute,,
954,Hoff,J,NO,jan.hoff@medisin.ntnu.no,trondheim,,
955,Rayner,Simon,NO,,oslo,,
956,Jahnsen,Jan Anker,NO,jan.jahnsen@med.uib.no,university of bergen,,
957,Wehling,Eike,NO,eike.wehling@psybp.uib.no.,bergen,,
958,Naess,Halvor,NO,,bergen,,
959,Hofstad,Hakon,NO,,bergen,,
960,Dyregrov,Kari Madeleine,NO,kari@krisepsyk.no,oslo,,
961,Dieserud,Gudrun,NO,,oslo,,
962,Hjelmeland,Heidi Marie,NO,,trondheim,,
963,Straiton,Melanie,NO,,oslo,,
964,Rasmussen,Mette Lyberg,NO,,oslo,,
965,Knizek,Birthe Loa,NO,,trondheim,,
966,Leenaars,Antoon Adrian,NO,,oslo,,
967,Kro,G A B,NO,,oslo,,
968,Blystad,A K,NO,,oslo,,
969,Hauge,Helena,NO,,oslo,,
970,Hauge,Anna Germundsson,NO,,oslo,,
971,Fonne,V M,NO,,oslo,,
972,Nødtvedt,A,NO,ane.nodtvedt@nvh.no,oslo,,
973,Andersson,U,NO,,trondheim,,
974,Wachtell,Kristian,NO,,oslo,,
975,Fekjaer,Hans Olav,NO,hans.olav@fekjaer.org.,oslo,,
976,Lingjaerde,O,NO,,oslo,,
977,Simonsen,Trude G,NO,,oslo,,
978,Andersen,Lise Mari K,NO,,oslo,,
979,Rofstad,Einar K,NO,,oslo,,
980,Terjesen,T,NO,,trondheim university hospital,,
981,Siller,Richard,NO,,0317 oslo,,
982,Naumovska,Elena,NO,,0317 oslo,,
983,Mathapati,Santosh,NO,,0317 oslo,,
984,Lycke,Max,NO,,0317 oslo,,
985,Greenhough,Sebastian,NO,,0317 oslo,,
986,Sullivan,Gareth J,NO,,0317 oslo,,
987,Edland,F,NO,,bergen,,
988,Wergeland,A,NO,,bergen,,
989,Kopperud,R,NO,,bergen,,
990,Åsrud,K S,NO,,bergen,,
991,Hoivik,E A,NO,,bergen,,
992,Witsø,S L,NO,,bergen,,
993,Æsøy,R,NO,,bergen,,
994,Madsen,L,NO,,bergen,,
995,Bakke,M,NO,,bergen,,
996,Døskeland,S O,NO,,bergen,,
997,Jonassen,A K,NO,,trondheim,,
998,Michoel,Tom,NO,,bergen,,
999,Norum,K R,NO,,university of oslo,,
1000,Laerum,E,NO,,blindern,,
1001,Kanse,Sandip M,NO,,oslo,,
1002,Agewall,Stefan,NO,,oslo,,
1003,Frank,Jeremy,NO,,ås,,
1004,Pope,Phillip B,NO,,ås,,
1005,Hinderaker,Sven Gudmund,NO,,bergen,,
1006,Falkum,Erik,NO,erik.falkum@diakonsyk.no,oslo,,
1007,Bresme,Fernando,NO,silvia.di-lecce12@imperial.ac.uk,trondheim,,
1008,Kristianslund,Eirik,NO,,oslo,,
1009,Seynnes,O R,NO,,oslo,,
1010,Abildsnes,Eirik,NO,eirik.abildsnes@kristiansand.kommune.no.,bergen,,
1011,Rohde,Gudrun,NO,,kristiansand,,
1012,Berntsen,Sveinung,NO,,kristiansand,,
1013,Stea,Tonje H,NO,,kristiansand,,
1014,Saetre,T,NO,torunn.satre@rh.uio.no,oslo,,
1015,Fladby,Tormod,NO,,oslo,,
1016,Cherubini,Francesco,NO,,trondheim,,
1017,Bollig,Georg,NO,,bergen,,
1018,Rosland,Jan Henrik,NO,,bergen,,
1019,Johnsrud,M L,NO,,tønsberg,,
1020,Ruland,Cornelia,NO,,oslo,,
1021,Eri,L M,NO,,oslo,,
1022,Gøransson,Lasse G,NO,gola@sus.no,stavanger,,
1023,Sorbye,Sveinung W,NO,sveinung.sorbye@unn.no,tromso,,
1024,Manger,T,NO,,university of bergen,,
1025,Sneve,Markus H,NO,,oslo,,
1026,Grydeland,Håkon,NO,,oslo,,
1027,Walhovd,Kristine,NO,,oslo,,
1028,Fjell,Anders M,NO,,oslo,,
1029,Røysland,Ragnhild,NO,,lørenskog,,
1030,Eide,Arne H,NO,,oslo,,
1031,Lunde,Knut B,NO,,no- trondheim,,
1032,Dalen,Knut Tomas,NO,,oslo,,
1033,Solvang,Per Koren,NO,,oslo,,
1034,Fougner,Marit,NO,,oslo,,
1035,Offerdal,K,NO,kristin.offerdal@ntnu.no,trondheim,,
1036,Risøe,Cecilie,NO,,oslo,,
1037,Lindal,S,NO,,university hospital of tromsø,,
1038,Krohn,Jørgen,NO,jorgen.krohn@helse-bergen.no,bergen,,
1039,Skomsvoll,J F,NO,,university hospital of trondheim,,
1040,Andersen,Jorunn M,NO,,oslo,,
1041,Herning,Hilde,NO,,oslo,,
1042,Aschim,Elin L,NO,,oslo,,
1043,Hjelmesæth,Jøran,NO,,oslo,,
1044,Mala,Tom,NO,,oslo,,
1045,Hanevik,Hans Ivar,NO,,porsgrunn,,
1046,Haugen,Trine B,NO,,oslo,,
1047,Witczak,Oliwia,NO,,oslo,,
1048,Mavropoulos,Antonios,NO,antoniom@odont.uio.no,oslo,,
1049,Mulder,Jan,NO,,ås,,
1050,Andrew,Carrie,NO,,oslo,,
1051,Heegaard,Einar,NO,,fana,,
1052,Høiland,Klaus,NO,,oslo,,
1053,Kauserud,Håvard,NO,,oslo,,
1054,Opsal,Anne,NO,anne.opsal@uia.no.,kristiansand,,
1055,Kristensen,Øistein,NO,,kristiansand,,
1056,Vederhus,John Kåre,NO,,kristiansand,,
1057,Clausen,Thomas,NO,,kristiansand,,
1058,Wibe,Arne,NO,,trondheim,,
1059,Svanes,Cecilie,NO,,bergen,,
1060,Lund-Johansen,Morten,NO,mljo@helse-bergen.no.,bergen,,
1061,Evensen,S A,NO,,oslo,,
1062,Ogaard,B,NO,,department of orthodontics,,
1063,Hanebrekke,Tanja,NO,,tromsø,,
1064,Osvik,Renate D,NO,,tromsø,,
1065,Eilertsen,Hans C,NO,,tromsø,,
1066,Peruzzi,Stefano,NO,,tromsø,,
1067,Magnus,J H,NO,,university of tromsø,,
1068,Lybeck,Kari R,NO,kari.lybeck@vetinst.no,oslo,,
1069,Johansen,A T,NO,,brønnøysund,,
1070,Rostoft,S,NO,,oslo,,
1071,Hedberg,Annica,NO,,tromsø,,
1072,Tangugsorn,V,NO,,university of oslo,,
1073,Sandvik,H,NO,hogne.sandvik@isf.uib.no,bergen,,
1074,Aasebø,Ida E J,NO,,university of oslo,,
1075,Lepperød,Mikkel E,NO,,university of oslo,,
1076,Stavrinou,Maria,NO,,norwegian university of life sciences,,
1077,Nøkkevangen,Sandra,NO,,university of oslo,,
1078,Einevoll,Gaute,NO,,norwegian university of life sciences,,
1079,Hafting,Torkel,NO,,university of oslo,,
1080,Fyhn,Marianne,NO,,university of oslo,,
1081,Damås,J K,NO,jan.k.damas@ntnu.no,trondheim,,
1082,Egeland,Grace M,NO,,bergen,,
1083,Tell,Grethe S,NO,,bergen,,
1084,Næss,Øyvind,NO,,oslo,,
1085,Igland,Jannicke,NO,,bergen,,
1086,Klungsøyr,Kari,NO,,bergen,,
1087,Jacobsson,Bo,NO,,oslo,,
1088,Bakke,Per S,NO,,bergen,,
1089,Trinh,Thuat T,NO,,trondheim,,
1090,Kjelstrup,Signe,NO,,trondheim,,
1091,Paulsen,G,NO,goran.paulsen@nih.no,0806 oslo,,
1092,Geirdal,Amy Østertun,NO,a.k.o.geirdal@medisin.uio.no,oslo,,
1093,Uhlig,T,NO,,olso,,
1094,Andersen,Jannike Mørch,NO,jannike.morch.andersen@fhi.no,nydalen,,
1095,Christiansen,Cath,NO,cath.christiansen@amersham.com,0401 oslo,,
1096,Clemm,Hege,NO,,bergen,,
1097,Strandenæs,Margit Gausdal,NO,,tønsberg,,
1098,Lund,Anne,NO,,oslo,,
1099,Rokstad,Anne Marie Mork,NO,,tønsberg,,
1100,Brandrud,Aleidis Skard,NO,aleidis@online.no.,drammen,,
1101,Nyen,Bjørnar,NO,,porsgrunn,,
1102,Hjortdahl,Per,NO,,oslo,,
1103,Sandvik,Leiv,NO,,oslo,,
1104,Helljesen Haldorsen,Gro Sævil,NO,,hamar,,
1105,Bergli,Maria,NO,,drammen,,
1106,Bretthauer,Michael,NO,,oslo,,
1107,Søreide,J A,NO,,stavanger,,
1108,Almdahl,Sven Martin,NO,,tromsø,,
1109,Rynning,Stein Erik,NO,,feiring,,
1110,Veel,Terje,NO,,feiring,,
1111,Halvorsen,Per,NO,,feiring,,
1112,Mølstad,Per,NO,,feiring,,
1113,Kvalheim,Olav M,NO,,bergen,,
1114,Mæhle,Lovise,NO,,oslo,,
1115,Vedå,Nina,NO,,oslo,,
1116,Vetti,Hildegunn Høberg,NO,,bergen,,
1117,Stormorken,Astrid,NO,,oslo,,
1118,Ludvigsen,Trond,NO,,trondheim,,
1119,Guntvedt,Bente,NO,,tromsø,,
1120,Isern,Anne Elisabeth,NO,,trondheim,,
1121,Schlichting,Ellen,NO,,oslo,,
1122,Kleppe,Geir,NO,,bergen,,
1123,Bofin,Anna,NO,,trondheim,,
1124,Gullestad,Hans Petter,NO,,oslo,,
1125,Møller,Pål,NO,,oslo,,
1126,Lillestøl,Kristine,NO,kristine.lillestol@med.uib.no,n- bergen,,
1127,Saarem,K,NO,,blindern,,
1128,Schaufel,M A,NO,margrethe.aase@isf.uib.no,n-5020 bergen,,
1129,Görbitz,Carl Henrik,NO,,n- oslo,,
1130,Karen,Pavel,NO,,n- oslo,,
1131,Espehaug,Birgitte,NO,birgitte.espehaug@helse-bergen.no,haukeland university hospital,,
1132,Reine,Trine M,NO,,0316 oslo,,
1133,Vuong,Tram T,NO,,0316 oslo,,
1134,Rutkovskiy,Arkady,NO,,oslo,,
1135,Meen,Astri J,NO,,0316 oslo,,
1136,Vaage,Jarle,NO,,oslo,,
1137,Jenssen,Trond G,NO,,oslo,,
1138,Kolset,Svein O,NO,,0316 oslo,,
1139,Wisthaler,Armin,NO,,oslo,,
1140,Jakobsen,K S,NO,,university of oslo,,
1141,Hellberg,H,NO,hege.hellberg@vetinst.no,oslo,,
1142,Mathiesen,G,NO,,as,,
1143,Meza-Zepeda,L A,NO,,oslo,,
1144,Lie,I,NO,,university of oslo,,
1145,Austarheim,Ingvild,NO,ingvild.austarheim@gmail.com.,blindern 0316 oslo,,
1146,Inngjerdingen,Kari Tvete,NO,k.t.inngjerdingen@farmasi.uio.no.,blindern 0316 oslo,,
1147,Eticha,Lemlem Dugassa,NO,lemlemde@student.farmasi.uio.no.,blindern 0316 oslo,,
1148,Paulsen,Berit Smestad,NO,b.s.paulsen@farmasi.uio.no.,blindern 0316 oslo,,
1149,Pedersen,Torbjorn O,NO,,university of bergen,,
1150,Werner,Erik L,NO,loewern@online.no,bergen,,
1151,Manzanilla,V,NO,vincent.manzanilla@nhm.uio.no.,oslo,,
1152,Kool,A,NO,,oslo,,
1153,de Boer,H J,NO,,oslo,,
1154,Christoffersen,Tore,NO,tore.christoffersen@uit.no.,tromsø,,
1155,Ahmed,Luai A,NO,,tromsø,,
1156,Winther,Anne,NO,,tromsø,,
1157,Nilsen,Ole Andreas,NO,,tromsø,,
1158,Furberg,Anne-Sofie,NO,,tromsø,,
1159,Grimnes,Guri,NO,,tromsø,,
1160,Emaus,Nina,NO,,tromsø,,
1161,Arp,Hans Peter H,NO,,0806 oslo,,
1162,Hagen,Espen,NO,,oslo,,
1163,Myrvold,,NO,,n-,,
1164,Nordrum,,NO,patin@rito.no,n-,,
1165,Brenna,E,NO,,trondheim,,
1166,Leon,David A,NO,,tromsø,,
1167,Appel,Silke,NO,,bergen,,
1168,Ruffini,Pier Adelchi,NO,pieradelchi.ruffini@virgilio.it,oslo,,
1169,Ringdal,Kjetil G,NO,kjetil.ringdal@norskluftambulanse.no,drøbak,,
1170,Fossum,Sturla,NO,sturla.fossum@fagmed.uit.no,tromsø,,
1171,Glenton,Claire,NO,claire.glenton@kunnskapssenteret.no,0130 oslo,,
1172,Bjørnvold,M,NO,marit.bjornvold@medisin.uio.no,blindern,,
1173,Sponheim,N,NO,,lysaker,,
1174,Halvorsen,Sigrun,NO,,oslo,,
1175,Bramham,Clive R,NO,clive.bramham@biomed.uib.no,bergen,,
1176,Wijffels,Rene H,NO,,bodø,,
1177,Raeder,M G,NO,,university of oslo,,
1178,Kaur,Parvinder,NO,,n- trondheim,,
1179,Lossius,Hans Morten,NO,,stavanger,,
1180,Hofmann,Bjørn,NO,b.m.hofmann@medisin.uio.no,høgskolen i gjøvik,,
1181,Mézeth,Kjersti B,NO,,university of bergen,,
1182,Kettunen,Anne,NO,,ås,,
1183,Daverdin,Marc,NO,,trondheim,,
1184,Helfjord,Turid,NO,,lena,,
1185,Berg,Peer,NO,,ås,,
1186,Gunnes,Nina,NO,nina.gunnes@medisin.uio.no,oslo,,
1187,Omer,M K,NO,mohamed.abdella@animalia.no,n- oslo,,
1188,Opdal,S H,NO,s.h.opdal@medisin.uio.no,university of oslo,,
1189,Deribe,Ermias,NO,erimdw@gmail.com.,ås,,
1190,Geisler,J,NO,,bergen,,
1191,Grøntvedt,Randi Nygaard,NO,randi.grontvedt@fiskeriforskning.no,tromsø,,
1192,Michalsen,H,NO,,oslo,,
1193,Jahr,E,NO,erik.jahr@online.no,seksjon for habilitering,,
1194,Tangen,J M,NO,,university of bergen,,
1195,Oksvold,Morten P,NO,m.p.oksvold@labmed.uio.no,n- oslo,,
1196,Crewdson,Kate,NO,katecrewdson@gmail.com.,drøbak,,
1197,Lockey,David,NO,,drøbak,,
1198,Voelckel,Wolfgang,NO,,drøbak,,
1199,Temesvari,Peter,NO,,drøbak,,
1200,Lossius,Hans Morten,NO,,drøbak,,
1201,Stea,Tonje H,NO,,kristiansand,,
1202,Andersen,Lene F,NO,,oslo,,
1203,Paulsen,Gøran,NO,,oslo,,
1204,Hetlelid,Ken J,NO,,kristiansand,,
1205,Lohne-Seiler,Hilde,NO,,kristiansand,,
1206,Adnanes,Svanhild,NO,,kristiansand,,
1207,Bjørnsen,Thomas,NO,,kristiansand,,
1208,Salvesen,Svein,NO,,kristiansand,,
1209,Berntsen,Sveinung,NO,,kristiansand,,
1210,Aarsland,D,NO,,oslo,,
1211,Nyman,Tuula A,NO,,oslo,,
1212,Borstad,E,NO,,oslo,,
1213,Wisborg,Torben,NO,torben.wisborg@helse-finnmark.no,hammerfest,,
1214,Juzeniene,Asta,NO,asta.juzeniene@rr-reearch.no,n- oslo,,
1215,Hansen,M H,NO,,montebello,,
1216,Hoff-Olsen,P,NO,per.hoff-olsen@labmed.uio.no,rikshospitalet,,
1217,Bere,Elling,NO,elling.bere@uia.no,kristiansand,,
1218,Søreide,Kjetil,NO,ksoreide@mac.com.,stavanger,,
1219,Ekroll,Vidar Blokhus,NO,,oslo,,
1220,Rønnestad,Michael Helge,NO,,oslo,,
1221,Jørgensen,N P,NO,,trondheim,,
1222,Grande,Ragnhild Berling,NO,r.berling.grande@medisin.uio.no,nordbyhagen,,
1223,Kaur,Parvinder,NO,,n- trondheim,,
1224,Hoff,Geir,NO,,skien,,
1225,Skafjeld,Anita,NO,aniska@ous-hf.no.,oslo,,
1226,Iversen,Marjolein M,NO,miv@hib.no.,bergen,,
1227,Holme,Ingar,NO,i.m.k.holme@nih.no.,oslo,,
1228,Ribu,Lis,NO,lis.ribu@hioa.no.,oslo,,
1229,Hvaal,Kjetil,NO,uxkjhv@ous-hf.no.,oslo,,
1230,Kilhovd,Bente K,NO,bekilh@ous-hf.no.,oslo,,
1231,Gjerde,L C,NO,,oslo,,
1232,Czajkowski,N,NO,,oslo,,
1233,Røysamb,E,NO,,oslo,,
1234,Ystrom,E,NO,,oslo,,
1235,Tambs,K,NO,,oslo,,
1236,Ørstavik,R E,NO,,oslo,,
1237,Reichborn-Kjennerud,T,NO,,oslo,,
1238,Knudsen,G P,NO,,oslo,,
1239,Strøm,Bjørn O,NO,,n-0316 oslo,,
1240,Løvik,G,NO,,university of oslo,,
1241,Bånrud,H,NO,,oslo,,
1242,Brusletto,B S,NO,,ullevål,,
1243,Arnesen,H,NO,,university of oslo,,
1244,Pettersen,A Å,NO,,oslo university hospital,,
1245,Seljeflot,I,NO,,university of oslo,,
1246,Araujo,Pedro,NO,pedro.araujo@nifes.no,n-5817 bergen,,
1247,Jensenius,Mogens,NO,,oslo,,
1248,Sunde,Kjetil,NO,,oslo,,
1249,Jacobsen,Anne Flem,NO,,oslo,,
1250,Schirmer,Henrik,NO,,tromsø,,
1251,Wilsgaard,Tom,NO,,tromsø,,
1252,Bøgeberg Mathiesen,Ellisiv,NO,,tromsø,,
1253,Njølstad,Inger,NO,,tromsø,,
1254,Løchen,Maja-Lisa,NO,,tromsø,,
1255,Joakimsen,Ragnar Martin,NO,,tromsø,,
1256,Grimnes,Guri,NO,,tromsø,,
1257,Magnussen,S,NO,svein.magnussen@psykologi.uio.no,university of oslo,,
1258,Fossheim,S L,NO,,oslo,,
1259,Afzal,Faraz,NO,,oslo,,
1260,Omsjø,I H,NO,,university of tromsø,,
1261,Nordby,T,NO,,oslo,,
1262,Ringard,Ånen,NO,rin@nokc.no,oslo,,
1263,Zhu,Kaizheng,NO,,university of oslo,,
1264,Dalgard,O S,NO,,oslo,,
1265,Todorcević,Marijana,NO,marijana.todorcevic@nofima.no,as,,
1266,Øderud,Tone,NO,,oslo,,
1267,Østensen,Elisabeth,NO,,department of nursing science,,
1268,Gjevjon,Edith Roth,NO,,department of nursing science,,
1269,Moen,Anne,NO,,department of nursing science,,
1270,Raabe,N K,NO,,oslo,,
1271,Bernstrøm,Vilde H,NO,,oslo,,
1272,Kjekshus,Lars Erik,NO,,oslo,,
1273,Talseth,A,NO,,levanger,,
1274,Ness-Jensen,E,NO,,levanger,,
1275,Edna,T-H,NO,,levanger,,
1276,Hveem,K,NO,,levanger,,
1277,Mosepele,Mosepele,NO,,including a six-month exchange program at the university of oslo,,
1278,Klepstad,P,NO,,university of trondheim,,
1279,Gudmund Hinderaker,Sven,NO,,bergen,,
1280,Landsverk,O J B,NO,,oslo,,
1281,Skarsvåg,Trine I,NO,,trondheim,,
1282,Wågø,Kathrine J,NO,,trondheim,,
1283,Tangen,Lena F,NO,,trondheim,,
1284,Lundbom,Janne S,NO,,trondheim,,
1285,Hjelseng,Tonje,NO,,trondheim,,
1286,Ballo,Solveig,NO,,trondheim,,
1287,Finsen,Vilhjalmur,NO,,trondheim,,
1288,Dalgard,Olav,NO,olav.dalgard@ioks.uio.no,oslo,,
1289,Skaug,M A,NO,,ridabu,,
1290,Aurlien,H,NO,harald.aurlien@haukeland.no,university of bergen,,
1291,Lien,Stina K,NO,,n- trondheim,,
1292,Neto,Emanuel,NO,,university of bergenbergen,,
1293,Aurlien,Harald,NO,,haukeland university hospital bergen,,
1294,Nordby,Helge,NO,,university of bergen bergen,,
1295,Eichele,Tom,NO,,norway; k.g. jebsen center for neuropsychiatric disordersbergen,,
1296,Sonnewald,Ursula,NO,,trondheim,,
1297,Berg,Akiah O,NO,a.o.berg@medisin.uio.no,oslo,,
1298,Knudsen,R,NO,,9037 tromsø,,
1299,Bjornaas,M A,NO,m.a.bjornaas@studmed.uio.no,oslo,,
1300,Taylor,Richard G,NO,,dirdal,,
1301,Johansen,M A,NO,monika.johansen@telemed.no,tromsø,,
1302,Feng,T,NO,,trondheim,,
1303,Janszky,I,NO,,trondheim,,
1304,Stratford,Eva Wessel,NO,,no-0424,,
1305,Birch,Stephen,NO,,oslo,,
1306,Alraek,Terje,NO,,oslo,,
1307,Fritze,Friederike,NO,,stavanger university hospital,,
1308,Sørensen,E,NO,eli.soerensen@pki.uib.no,bergen,,
1309,Hove,L M,NO,,bergen legevakt,,
1310,Brodwall,Kristoffer,NO,kristoffer.brodwall@gmail.com,alesund sjukehus,,
1311,Salvesen,H,NO,,bergen,,
1312,Vik,Erik Sebastian,NO,,oslo,,
1313,Hegland,Stein Joar,NO,stein.hegland@umb.no,1432 as,,
1314,Salvesen,K,NO,,trondheim,,
1315,Levy,C M,NO,,university of oslo,,
1316,Østefjells,T,NO,,oslo,,
1317,Lystad,J U,NO,,oslo,,
1318,Berg,A O,NO,,oslo,,
1319,Hagen,R,NO,,trondheim,,
1320,Sandvik,L,NO,,oslo,,
1321,Melle,I,NO,,oslo,,
1322,Røssberg,J I,NO,,oslo,,
1323,Bergamaschi,R,NO,,university of bergen,,
1324,Fredriksen,Per Morten,NO,,oslo,,
1325,Mamen,Asgeir,NO,,oslo,,
1326,Gammelsrud,Heidi,NO,,oslo,,
1327,Lindberg,Morten,NO,,tønsberg,,
1328,Hjelle,Ole Petter,NO,,oslo,,
1329,Zhan,Wei,NO,,oslo,,
1330,Venkatachalapathy,Vishnukanthan,NO,,oslo,,
1331,Aarholt,Thomas,NO,,oslo,,
1332,Kuznetsov,Andrej Yu,NO,,oslo,,
1333,Prytz,Øystein,NO,oystein.prytz@fys.uio.no.,oslo,,
1334,Langås-Larsen,Anette,NO,,tromsø,,
1335,Salamonsen,Anita,NO,,tromsø,,
1336,Kristoffersen,Agnete Egilsdatter,NO,,tromsø,,
1337,Hamran,Torunn,NO,,tromsø,,
1338,Evjen,Bjørg,NO,,tromsø,,
1339,Stub,Trine,NO,,tromsø,,
1340,Johansen,Marit,NO,marit.johansen@fhi.no.,oslo,,
1341,Rosenbaum,Sarah,NO,,oslo,,
1342,Paulsen,Elizabeth,NO,,oslo,,
1343,Ding,Yunpeng,NO,,oslo,,
1344,Oxman,Andrew D,NO,,oslo,,
1345,Forli,Liv,NO,liv.forli@oslo-universitetssykehus.no,n- oslo,,
1346,Yang,Mingyi,NO,,n- oslo,,
1347,Luna,Luisa,NO,,n- oslo,,
1348,Sørbø,Jan Gunnar,NO,,n- oslo,,
1349,Alseth,Ingrun,NO,,n- oslo,,
1350,Johansen,Rune F,NO,,n- oslo,,
1351,Backe,Paul H,NO,,n- oslo,,
1352,Danbolt,Niels C,NO,,n- oslo,,
1353,Eide,Lars,NO,,n- oslo,,
1354,Stovner,L J,NO,lars.stovner@ntnu.no,trondheim,,
1355,Fröholm,L O.,NO,,university of oslo,,
1356,Lund-Johansen,F,NO,,haukeland hospital,,
1357,Reigstad,Ole,NO,ole.reigstad@gmail.com,oslo,,
1358,Brandsaeter,B,NO,bjorn.brandsaeter@rikshospitalet.no,oslo,,
1359,Wennberg,A,NO,,haslum,,
1360,Nordøy,E S,NO,erlingn@fagmed.uit.no,tromsø,,
1361,Kiil,F,NO,,oslo,,
1362,Mori,Amani Thomas,NO,,bergen,,
1363,Steffen,Kathrin,NO,,oslo,,
1364,Myklebust,Grethe,NO,,oslo,,
1365,Krosshaug,Tron,NO,,oslo,,
1366,Bahr,Roald,NO,,oslo,,
1367,Hongve,D,NO,dag.hongve@folkehelsa.no,oslo,,
1368,Gjermo,P,NO,,university of oslo,,
1369,Omtvedt,L A,NO,,university of oslo,,
1370,Utkilen,H,NO,,oslo 4,,
1371,Simonsen,T,NO,,university of tromsø,,
1372,Barca,Maria Lage,NO,,tønsberg,,
1373,Eldholm,Rannveig S,NO,,trondheim,,
1374,Persson,Karin,NO,,tønsberg,,
1375,Bjørkløf,Guro Hanevold,NO,,tønsberg,,
1376,Borza,Tom,NO,,ottestad,,
1377,Telenius,Elisabeth,NO,,tønsberg,,
1378,Knapskog,Anne-Brita,NO,,oslo,,
1379,Brækhus,Anne,NO,,tønsberg,,
1380,Saltvedt,Ingvild,NO,,trondheim,,
1381,Selbæk,Geir,NO,,tønsberg,,
1382,Engedal,Knut,NO,,tønsberg,,
1383,Huber,Sandra,NO,sandra.huber@unn.no.,tromsø,,
1384,Midtvedt,K,NO,,university of oslo,,
1385,Brynildsen,L I,NO,,oslo,,
1386,Bergseth,Grethe,NO,,bodø,,
1387,Mollnes,Tom Eirik,NO,,trondheim,,
1388,Heier,T,NO,,ullevaal university,,
1389,Thoresen,Christian,NO,,oslo university hospital oslo,,
1390,Kindberg,G M,NO,,university of oslo,,
1391,Spurkland,Ingrid,NO,,oslo 3,,
1392,Fredly,Siv,NO,,oslo,,
1393,Fugelseth,Drude,NO,,oslo,,
1394,Nygaard,Cathrine S,NO,,oslo,,
1395,Stiris,Tom,NO,,oslo,,
1396,Kvernebo,Knut,NO,,oslo,,
1397,Hervig,Tor,NO,,bergen,,
1398,Salminen,Pirjo-Riitta,NO,,bergen,,
1399,Thorsen,Lene,NO,lene.thorsen@oslo-universitetssykehus.no,university of oslo,,
