temp_id,lastname,firstname,countries_scope,email,town,role,url
1,Demissie,Taye B,NO,,tromsø,,
2,Ruud,Kenneth,NO,,tromsø,,
3,Hjelle,Sigrun M,NO,,bergen,,
4,Johansen,B,NO,,university of trondheim,,
5,Sundseth,Kyrre,NO,kys@nilu.no.,no- kjeller,,
6,Pacyna,Jozef M,NO,jp@nilu.no.,no- kjeller,,
7,Banel,Anna,NO,anb@nilu.no.,no- kjeller,,
8,Pacyna,Elisabeth G,NO,ep@nilu.no.,no- kjeller,,
9,Netland,Marit,NO,marit.netland@psysp.uib.no,bergen,,
10,Rostami,Sina,NO,,n- bergen,,
11,Hansen,J B,NO,johnbh@fagmed.uit.no,tromsø university hospital,,
12,Ertesvåg,H,NO,,university of trondheim,,
13,Dørum,A,NO,,nordbyhagen,,
14,Speyer,Renée,NO,,oslo,,
15,Engen,Steinar,NO,steinaen@math.ntnu.no,n- trondheim,,
16,Wiklund,I,NO,ingela.wiklund@hassle.se.astra.com,bergen,,
17,Joshi,Gagan,NO,,bergen,,
18,Nakling,Jakob,NO,jakob.nakling@sykehuset-innlandet.no,lillehammer,,
19,Forsén,Lisa,NO,lisa.forsen@fhi.no,oslo,,
20,Moen,Anders,NO,,n-1432 as,,
21,Røysland,Ragnhild,NO,,lørenskog,,
22,Taranger,Geir Lasse,NO,geirt@imr.no,5817 bergen,,
23,Vea,H,NO,,university of tromsø,,
24,Darelius,E,NO,,bergen,,
25,Fer,I,NO,,bergen,,
26,Fiane,A E,NO,,university of oslo,,
27,Sorteberg,Angelika,NO,angelika.sorteberg@rikshospitalet.no,oslo,,
28,Karlsen,S J,NO,,oslo,,
29,Sagbakken,Mette,NO,mette.sagbakken@medisin.uio.no,no-0318 oslo,,
30,Magnussen,Liv,NO,liv.magnussen@hib.no,bergen university college,,
31,Brekke,E,NO,,ottestad,,
32,Lien,L,NO,,ottestad,,
33,Biong,S,NO,,drammen,,
34,Sandsmark,M,NO,,oslo,,
35,Krarup,L-H,NO,,oslo university hospital ullevål,,
36,Loberg,Magnus,NO,,oslo,,
37,Hoff,Geir,NO,,skien,,
38,Holme,Oyvind,NO,,kristiansand,,
39,Kalager,Mette,NO,,oslo,,
40,Press,Charles M,NO,,oslo,,
41,Erikstad,Kjell Einar,NO,,tromsø,,
42,Tveraa,Torkild,NO,,tromsø,,
43,Stoltenberg,L,NO,,rikshospitalet,,
44,Krauss,S,NO,,university of tromsø,,
45,Mykletun,A,NO,,oslo,,
46,Lea,Marianne,NO,,oslo,,
47,Halvorsen,R,NO,,oslo,,
48,Hylland,K,NO,ketil.hylland@niva.no,oslo,,
49,Hjerkinn,Bjørg,NO,bjorg.hjerkinn@sshf.no,kristiansand,,
50,Brandtzaeg,P,NO,,oslo,,
51,Gill,M R,NO,,rikhospitalet university hospital,,
52,Breivik,Harald,NO,,oslo,,
53,Sørensen,Kari,NO,,oslo,,
54,Tavi,Øyvind,NO,,oslo,,
55,Valen,Eivind,NO,,5020 bergen,,
56,Strand,Bjørn Heine,NO,heine@fhi.no,oslo,,
57,Farstad,M H,NO,,no- trondheim,,
58,Borg,A,NO,,no- trondheim,,
59,Bachmann,Lutz,NO,bachmann@nhm.uio.no.,oslo,,
60,Fromm,Bastian,NO,,oslo,,
61,Wheeler,Helen C,NO,,9037,,
62,Yoccoz,Nigel G,NO,,9037,,
63,Blix,Ellen,NO,,tromsø,,
64,Lagerløv,P,NO,,university of oslo,,
65,Sørensen,Lin,NO,,bergen,,
66,Lundervold,Astri J,NO,,bergen,,
67,Leung,Wei Kee,NO,,oslo,,
68,Zou,Yuanfeng,NO,,oslo,,
69,Michaelsen,Terje E,NO,,oslo,,
70,Lund,Morten,NO,,oslo,,
71,Røsæg,Magnus Vikan,NO,,kverva,,
72,Krasnov,Aleksei,NO,,ås,,
73,Timmerhaus,Gerrit,NO,,ås,,
74,Nyman,Ingvild Berg,NO,,oslo,,
75,Aspehaug,Vidar,NO,,ålesund,,
76,Rimstad,Espen,NO,,oslo,,
77,Dahle,Maria Krudtaa,NO,maria.dahle@vetinst.no.,oslo,,
78,Rand-Hendriksen,Svend,NO,svend.rand-hendriksen@sunnaas.no,nesodden,,
79,Eriksen,H M,NO,eriksenhanne@yahoo.com,university of oslo,,
80,Fayers,Peter M,NO,,trondheim,,
81,Havelin,Leif I,NO,leif.havelin@helse-bergen.no,bergen,,
82,Søiland,Håvard,NO,,stavanger,,
83,Solberg,K,NO,,oslo,,
84,Gjeruldsen,Susanne,NO,susanne.gjeruldsen@hus.no,oslo,,
85,Tveit,Alexander T,NO,,tromsø,,
86,Aasheim,Hans-Christian,NO,h.c.asheim@labmed.uio.no,oslo,,
87,Guttormsen,H K,NO,,haukeland hospital,,
88,Malterud,Kirsti,NO,,bergen,,
89,Ruohonen,Kari,NO,,dirdal,,
90,Wensaas,A J,NO,,oslo,,
91,Fiane,Arnt E,NO,,oslo,,
92,Leo,Jack C,NO,,0316 oslo,,
93,Linke,Dirk,NO,,0316 oslo,,
94,Shalaby,M R,NO,,university of trondheim,,
95,Allken,Vaneeda,NO,,ås,,
96,Chepkoech,Joy-Loi,NO,,oslo,,
97,Einevoll,Gaute T,NO,,oslo,,
98,Halnes,Geir,NO,,ås,,
99,Berle,Jan O,NO,jaob@helse-bergen.no.,n- bergen,,
100,Eek,Espen,NO,ee@ngi.no,no-0806 oslo,,
101,Tandberg,Anne,NO,anne.tandberg@helse-bergen.no,bergen,,
102,Knapskog,Anne-Brita,NO,,tønsberg,,
103,Munk,Peter S,NO,munk@lyse.net,stavanger university hospital,,
104,Thomas,Kevin V,NO,,oslo,,
105,Berntsen,Hanne Friis,NO,,oslo,,
106,Bølling,Anette Kocbach,NO,,oslo,,
107,Bjørklund,Cesilie Granum,NO,,oslo,,
108,Zimmer,Karin,NO,,oslo,,
109,Ropstad,Erik,NO,,oslo,,
110,Zienolddiny,Shanbeh,NO,,oslo,,
111,Becher,Rune,NO,,oslo,,
112,Holme,Jørn A,NO,,oslo,,
113,Dirven,Hubert,NO,,oslo,,
114,Nygaard,Unni Cecilie,NO,,oslo,,
115,Kinge,Jonas M,NO,,oslo,,
116,Skirbekk,Vegard,NO,,oslo,,
117,Vollset,Stein Emil,NO,,bergen,,
118,Midttun,Øivind,NO,,bergen,,
119,Ulvik,Arve,NO,,bergen,,
120,Nygård,Ottar,NO,,bergen,,
121,Ueland,Per M,NO,,bergen,,
122,Polder,A,NO,anuschka.polder@veths.no,n-0033 oslo,,
123,Savikj,M,NO,,oslo,,
124,Kostovski,E,NO,,oslo,,
125,Iversen,P O,NO,,oslo,,
126,Angelsen,Anders,NO,,trondheim,,
127,Iversen,Jon Reidar,NO,,oslo university hospital,,
128,Shadidi,Mohsen,NO,,n oslo,,
129,Edeline,Eric,NO,,0316 oslo,,
130,Asli,Ole,NO,olea@psyk.uit.no,tromsø,,
131,Nyman,Tommi,NO,,svanvik,,
132,Böcker,Ulrike,NO,ulrike.bocker@matforsk.no,n- as,,
133,Kristoffersen,Jan Emil,NO,jan.emil.kristoffersen@ahus.no,akershus universitetssykehus,,
134,Esaiassen,Eirin,NO,,tromsø,,
135,Fjalstad,Jon Widding,NO,,tromsø,,
136,Juvet,Lene Kristine,NO,,n-0403 oslo,,
137,Klingenberg,Claus,NO,,tromsø,,
138,Rehn,Marius,NO,marius.rehn@snla.no,drøbak,,
139,Nylenna,Magne,NO,magne.nylenna@helsebiblioteket.no,0130 oslo,,
140,Eriksen,Bjørn O,NO,bjorn.odvar.eriksen@unn.no,tromsø,,
141,Moe,Lars,NO,lars.moe@veths.no,oslo,,
142,Shammas,F,NO,,stavanger,,
143,Johannenssen,Aud,NO,,tønsberg,,
144,Barca,Maria Lage,NO,,tønsberg,,
145,Engedal,Knut,NO,,tønsberg,,
146,Dahl,Eilif,NO,eilifdahl@hotmail.com.,bergen,,
147,Haugen,O H,NO,,university of bergen,,
148,Kirkevold,Oyvind,NO,oyvind.kirkevold@aldringoghelse.no,tønsberg,,
149,Mittelmark,M B,NO,maurice.mittelmark@uib.no,university of bergen,,
150,Bruusgaard,Dag,NO,dag.bruusgaard@medisin.uio.no,oslo,,
151,Ogreid,P,NO,oegreid@netpower.no,stavanger,,
152,Kibira,Simon Peter Sebina,NO,pskibira@gmail.com.,bergen,,
153,Sandøy,Ingvild Fossgard,NO,,bergen,,
154,Daniel,Marguerite,NO,,bergen,,
155,Vogt Engeland,I,NO,inge.engeland@veths.no,oslo,,
156,Eibak,Lars Erik Eng,NO,,0316 oslo,,
157,Hammer,Hilde Berner,NO,,oslo,,
158,Waage,Steinar,NO,steinar.waage@veths.no,0033 oslo,,
159,Morland,Cecilie,NO,,oslo,,
160,Puchades,Maja,NO,,oslo,,
161,Hagelin,Else Marie,NO,,oslo,,
162,Storm-Mathisen,Jon,NO,,oslo,,
163,Bergersen,Linda H,NO,,university of oslo,,
164,Schiøtz,Hjalmar A,NO,hjalmar.schiotz@siv.no,vestfold hospital,,
165,Gronningsaeter,A,NO,,trondheim,,
166,Seglen,Per O,NO,,n- oslo,,
167,Luhr,Morten,NO,,n- oslo,,
168,Mills,Ian G,NO,,n-0424 oslo,,
169,Sætre,Frank,NO,,n- oslo,,
170,Szalai,Paula,NO,,n- oslo,,
171,Kravdal,O,NO,,oslo,,
172,Abedini,Sadollah,NO,,tønsberg,,
173,Gøransson,Lasse,NO,,stavanger,,
174,Holdaas,Hallvard,NO,,university of oslo,,
175,Bjerde,K W,NO,,oslo,,
176,Haram,K,NO,kjell.haram@haukeland.no,n- bergen,,
177,Spigt,Mark,NO,,tromsø,,
178,Heyerdahl,S,NO,sonja.heyerdahl@rbup.no,oslo,,
179,Søvik,Torgeir T,NO,t.t.sovik@medisin.uio.no,university of oslo,,
180,Svedahl,Sindre,NO,sindresv@stud.ntnu.no.,trondheim,,
181,Tzoulis,Charalampos,NO,,bergen,,
182,Larsen,Jan Petter,NO,,stavanger,,
183,Alves,Guido,NO,,stavanger,,
184,Møller,Simon G,NO,mollers@stjohns.edu.,stavanger,,
185,Bretthauer,Michael,NO,,oslo,,
186,Holme,Øyvind,NO,,oslo,,
187,Kaminski,Michal F,NO,,oslo,,
188,Løberg,Magnus,NO,,oslo,,
189,Kalager,Mette,NO,,oslo,,
190,Emilsson,Louise,NO,,oslo,,
191,Hoff,Geir,NO,,oslo,,
192,Adami,Hans-Olov,NO,,oslo,,
193,Kaale,Bertel Rune,NO,kaale@c2i.net,sandane,,
194,Mgongo,Melina,NO,linnabenny@yahoo.com.,oslo,,
195,Chotta,Nikolas A S,NO,sagumochotta@gmail.com.,oslo,,
196,Hashim,Tamara H,NO,tammyhtz@yahoo.com.,0317 oslo,,
197,Uriyo,Jacqueline G,NO,jackieuriyo@yahoo.com.,oslo,,
198,Stray-Pedersen,Babill,NO,babill.stray-pedersen@medisin.uio.no.,oslo,,
199,Wandel,Margareta,NO,margareta.wandel@medisin.uio.no.,0317 oslo,,
200,Vangen,Siri,NO,sirvan@ous-hf.no.,oslo,,
201,Bindesbøll,Christian,NO,,oslo,,
202,Satheesh,Somisetty V,NO,,oslo,,
203,Grimaldi,Giulia,NO,,oslo,,
204,Nebb,Hilde Irene,NO,,oslo,,
205,Moen,Anders,NO,,oslo,,
206,Anonsen,Jan Haug,NO,,oslo,,
207,Matthews,Jason,NO,,oslo,,
208,Eide,Per Kristian,NO,peide@ous-hf.no,oslo,,
209,Braekken,Ingeborg Hoff,NO,ingeborg.brekken@nih.no,oslo,,
210,Koch,Anne Mette,NO,,bergen,,
211,Nilsen,Roy Miodini,NO,,bergen,,
212,Eriksen,Hanne Merete,NO,,0403 oslo,,
213,Cox,Rebecca Jane,NO,,bergen,,
214,Harthug,Stig,NO,,bergen,,
215,Dale,Bjørg,NO,bjorg.dale@uia.no,grimstad,,
216,Borud,Einar K,NO,einar.borud@fagmed.uit.no,n- tromsoe,,
217,Sjaastad,O,NO,,regionsykehuset i trondheim trondheim university hospital,,
218,Lind,Ole Christian,NO,,ås,,
219,Salbu,Brit,NO,,ås,,
220,Raae,A J,NO,,dept of biochemistry,,
221,Fjeld,Karianne,NO,,bergen,,
222,Stranden,Erling,NO,erling.stranden@hibu.no,drammen,,
223,Thomassen,Lars,NO,,bergen,,
224,Logallo,Nicola,NO,,bergen,,
225,Størseth,Fred,NO,fred.storseth@svt.ntnu.no,trondheim,,
226,Storeng,Ritsa,NO,,oslo,,
227,Louch,William E,NO,w.e.louch@medisin.uio.no,oslo,,
228,Hurlen,Petter,NO,petter@hurlen.no,lørenskog,,
229,Sundvold-Gjerstad,Vibeke,NO,,oslo,,
230,Gopalakrishnan,Ramakrishna Prabhu,NO,,oslo,,
231,Berge,Tone,NO,,oslo,,
232,Koll,Lise,NO,,oslo,,
233,Abrahamsen,Greger,NO,,oslo,,
234,Sørlie,Morten,NO,,ås,,
235,Solberg,Cathrine Børufsen,NO,,bergen,,
236,Overgaard,Kristin Romvig,NO,k.r.overgaard@medisin.uio.no.,oslo university hospital,,
237,Aase,Heidi,NO,,oslo,,
238,Torgersen,Svenn,NO,,norway university of oslo,,
239,Zeiner,Pål,NO,,oslo university hospital,,
240,Xu,Cheng,NO,,n-0033 oslo,,
241,Jacobsson,Bo,NO,,oslo,,
242,Herlofson,Karen,NO,,sorlandet hospital arendal,,
243,Stanghelle,J K,NO,,nesoddtangen,,
244,Butenko,Melinka A,NO,m.a.butenko@ibv.uio.no.,n- oslo,,
245,Wildhagen,Mari,NO,,n- oslo,,
246,Aalen,Reidunn B,NO,,n- oslo,,
247,Jacobsen,S,NO,,tromsø,,
248,Hessel,Philipp,NO,,oslo,,
249,Christiansen,Solveig,NO,,oslo,,
250,Skirbekk,Vegard,NO,,oslo,,
251,Engdahl,Bo,NO,bo.engdahl@fhi.no,oslo,,
252,Dickstein,Kenneth,NO,,stavanger,,
253,Matre,Vilborg,NO,,oslo,,
254,Austenaa,Liv M I,NO,,university of oslo,,
255,Matthews,Iren L,NO,iren.matthews@rikshospitalet.no,oslo,,
256,Sunde,Marianne,NO,,oslo,,
257,Urdahl,Anne Margrete,NO,,oslo,,
258,Barstad,Aina Steihaug,NO,,oslo,,
259,Grøntvedt,Carl Andreas,NO,,oslo,,
260,Angen,Øystein,NO,,oslo,,
261,Gausel,Anne Marie,NO,amgausel@hotmail.com.,stavanger,,
262,Kjærmann,Inger,NO,,stavanger,,
263,Malmqvist,Stefan,NO,,stavanger,,
264,Andersen,Knut,NO,,stavanger,,
265,Dalen,Ingvild,NO,,stavanger,,
266,Larsen,Jan Petter,NO,,stavanger,,
267,Økland,Inger,NO,,stavanger,,
268,Mathisen,Maria,NO,,tromso,,
269,Strand,Tor A,NO,,lillehammer,,
270,Grinde,B,NO,bjorn.grinde@login.eunet.no,oslo,,
271,Fadnes,Lars T,NO,,bergen,,
272,Greve,G,NO,,university of bergen,,
273,Boix,F,NO,fernando.boix@basalmed.uio.no,university of oslo,,
274,Norheim,Ole Frithjof,NO,,bergen,,
275,Sommerfelt,Halvor,NO,halvor.sommerfelt@cih.uib.no.,bergen,,
276,Martines,Jose,NO,,bergen,,
277,Frank,Shane C,NO,,bø no-,,
278,Steyaert,Sam M J G,NO,,as no-,,
279,Swenson,Jon E,NO,,no-7485 trondheim,,
280,Zedrosser,Andreas,NO,,bø no-,,
281,Omland,Turid,NO,,oslo,,
282,Lie,Kathrine A,NO,,oslo,,
283,Akre,Harriet,NO,,oslo,,
284,Sandlie,Lars Erik,NO,,oslo,,
285,Jebsen,Peter,NO,,oslo,,
286,Sandvik,Leiv,NO,,oslo,,
287,Nymoen,Dag Andre,NO,,oslo,,
288,Brøndbo,Kjell,NO,,oslo,,
289,Watne,Leiv Otto,NO,,oslo,,
290,Holten,Karen,NO,,oslo,,
291,Sexton,Joseph,NO,,oslo,,
292,Kvien,Tore K,NO,,oslo,,
293,Aga,Anna-Birgitte,NO,,oslo,,
294,Haavardsholm,Espen A,NO,,oslo,,
295,Hagen,Terje P,NO,,university of oslo,,
296,Tingvold,Laila,NO,,ntnu gjøvik,,
297,Vøollestad,N K,NO,,oslo,,
298,Salma,Wahida,NO,,n- tromsø,,
299,Franekova,Veronika,NO,,n- tromsø,,
300,Lund,Trine,NO,,n- tromsø,,
301,Höper,Anje,NO,,n- tromsø,,
302,Ludvigsen,Stian,NO,,n- tromsø,,
303,Lund,Jim,NO,,n- tromsø,,
304,Aasum,Ellen,NO,,n- tromsø,,
305,Ytrehus,Kirsti,NO,,n- tromsø,,
306,Oldereid,N B,NO,,oslo,,
307,Eggen,Trine,NO,trine.eggen@bioforsk.no,n- klepp st.,,
308,Tandberg,B S,NO,bente.silnes.tandberg@rikshospitalet.no,rikshospitalet,,
309,Aasheim,H C,NO,h.c.asheim@labmed.uio.no,oslo,,
310,Dørheim,S K,NO,sdhy@sus.no,bergen,,
311,Kramer-Johansen,Jo,NO,,n-0424 oslo,,
312,Fredriksen,J H,NO,,oslo,,
313,Klem,Thea Blystad,NO,thea.klem@nmbu.no.,oslo,,
314,Kjæstad,Hans Petter,NO,hans.p.kjaestad@nmbu.no.,oslo,,
315,Kummen,Eiliv,NO,eiliv.kummen@geno.no.,øyer,,
316,Holen,Hallstein,NO,hallstein.holen@geno.no.,øyer,,
317,Stokstad,Maria,NO,maria.stokstad@nmbu.no.,oslo,,
318,Olsen,Gro Harlaug,NO,,tromsø,,
319,Myrnes,Bjørnar,NO,,tromsø,,
320,Hjelmesæth,Jøran,NO,,tønsberg,,
321,Åsberg,Anders,NO,,oslo,,
322,Sandbu,Rune,NO,,tønsberg,,
323,Robertsen,Ida,NO,,oslo,,
324,Johnson,Line Kristin,NO,,tønsberg,,
325,Angeles,Philip Carlo,NO,,tønsberg,,
326,Hertel,Jens Kristoffer,NO,,tønsberg,,
327,Skovlund,Eva,NO,,trondheim,,
328,Krogstad,Veronica,NO,,oslo,,
329,Karlsen,Tor-Ivar,NO,,tønsberg,,
330,Christensen,Hege,NO,,oslo,,
331,Gustad,Lise T,NO,,trondheim,,
332,Åberg,Espen,NO,,n- tromsø,,
333,Fykse,Vidar,NO,,no- trondheim,,
334,Jeppesen,Elisabeth,NO,elisabeth.jeppesen@kunnskapssenteret.no.,oslo,,
335,Beisvag,Vidar,NO,vidar.beisvag@ntnu.no,trondheim,,
336,Madsen,J E,NO,,sandvike,,
337,Brox,Jan,NO,,tromsø,,
338,Huber,Sandra,NO,,tromsø,,
339,Furberg,Anne-Sofie,NO,,tromsø,,
340,Sørensen,Martin,NO,,tromsø,,
341,Solberg,Erik E,NO,erikekker.solberg@lds.no,oslo,,
342,Burkow,Tatjana M,NO,tatjana.m.burkow@telemed.no,tromsø n-,,
343,Cañellas-Boltà,S,NO,silvia.canellas-bolta@svt.uib.no,university of bergen,,
344,Enge,I P,NO,,oslo,,
345,Crowley,Suzanne,NO,,oslo,,
346,Pankiv,Serhiy,NO,,tromsø,,
347,Pedersen,Kristine Bondo,NO,,tromsø,,
348,Brooks,Steven J,NO,,oslo,,
349,Frantzen,Marianne,NO,,tromsø,,
350,Øyen,Jannike,NO,,bergen,,
351,Åsberg,Anders,NO,,oslo,,
352,Svensson,My,NO,,lørenskog,,
353,Ueland,Thor,NO,,tromsø,,
354,Mollnes,Tom E,NO,,trondheim,,
355,Hartmann,Anders,NO,,oslo,,
356,Bjerve,Kristian S,NO,,trondheim,,
357,Michelsen,Annika,NO,,oslo,,
358,Aukrust,Pål,NO,,oslo,,
359,Jenssen,Trond,NO,,tromsø,,
360,Buanes,T,NO,,bergen,,
361,Bugge,L,NO,,oslo,,
362,Bugge,M K,NO,,oslo,,
363,Cameron,D,NO,,oslo,,
364,Catmore,J R,NO,,oslo,,
365,Dale,O,NO,,bergen,,
366,Eigen,G,NO,,bergen,,
367,Franconi,L,NO,,oslo,,
368,Garonne,V,NO,,oslo,,
369,Gjelsten,B K,NO,,oslo,,
370,Gramstad,E,NO,,oslo,,
371,Kastanas,A,NO,,bergen,,
372,Liebig,W,NO,,bergen,,
373,Lipniacka,A,NO,,bergen,,
374,Maeland,S,NO,,bergen,,
375,Martin Dit Latour,B,NO,,bergen,,
376,Morisbak,V,NO,,oslo,,
377,Nilsen,J K,NO,,oslo,,
378,Ould-Saada,F,NO,,oslo,,
379,Pajchel,K,NO,,oslo,,
380,Pedersen,M,NO,,oslo,,
381,Raddum,S,NO,,oslo,,
382,Read,A L,NO,,oslo,,
383,Røhne,O,NO,,oslo,,
384,Rosendahl,P L,NO,,bergen,,
385,Sandaker,H,NO,,bergen,,
386,Sjursen,T B,NO,,bergen,,
387,Smestad,L,NO,,bergen,,
388,Stapnes,S,NO,,oslo,,
389,Strandlie,A,NO,,oslo,,
390,Stugu,B,NO,,bergen,,
391,Ugland,M,NO,,bergen,,
392,Zalieckas,J,NO,,bergen,,
393,Dhainaut,Alvilde,NO,alvilde.dhainaut@ntnu.no,trondheim,,
394,Håndstad,Tony,NO,,trondheim,,
395,Tripuwabhrut,Polbhat,NO,polbhat.tripuwabhrut@iko.uib.no,bergen,,
396,Fenton,C,NO,,tromsø,,
397,Torgersen,Trine,NO,trine.torgersen@vetinst.no,oslo,,
398,Meland,Eivind,NO,eivind.meland@isf.uib.no,n- bergen,,
399,Solheim,Ole,NO,ole.solheim@stolav.no,trondheim,,
400,Adolfsson,Annsofie,NO,,kongsberg,,
401,Johansen,Odd Erik,NO,,asker,,
402,Ulstad,Charlotte R,NO,,oslo,,
403,Solheim,Margrete,NO,,oslo,,
404,Berg,Sophie,NO,,oslo,,
405,Lindbæk,Morten,NO,,oslo,,
406,Dahle,Ulf R,NO,,oslo,,
407,Wester,Astrid L,NO,,oslo,,
408,Jenssen,Bjørn Munro,NO,,no- trondheim,,
409,Nielsen,Christopher S,NO,,norwegian institute of public health,,
410,Stubhaug,Audun,NO,,oslo university hospital,,
411,Smalås,A O,NO,arne.smalas@chem.uit.no,n- tromsø,,
412,Drageset,Jorunn,NO,jorunn.drageset@hib.no,bergen,,
413,Iversen,Rasmus,NO,,no- oslo,,
414,Snir,Omri,NO,,no- oslo,,
415,Stensland,Maria,NO,,no- oslo,,
416,Steinsbø,Øyvind,NO,,no- oslo,,
417,Lundin,Knut E A,NO,,no- oslo,,
418,Tobin,Kari Anne R,NO,,oslo,,
419,Aakhus,Eivind,NO,eivind.aakhus@gmail.com.,ottestad,,
420,Flottorp,Signe,NO,signe.flottorp@kunnskapssenteret.no.,oslo,,
421,Saeves,Ronnaug,NO,ronnaug.saeves@tako.no,oslo,,
422,Malterud,Kirsti,NO,,bergen,,
423,Moe,Morten K,NO,mortenm@farmasi.uit.no,n- tromsø,,
424,Nilsen,E M,NO,,oslo,,
425,Pedersen,H K,NO,,university of tromsø,,
426,Pallesen,Ståle,NO,,university of bergenbergen,,
427,Nielsen,Morten B,NO,,university of bergenbergen,,
428,Magerøy,Nils,NO,,haukeland university hospitalbergen,,
429,Andreassen,Cecilie S,NO,,university of bergenbergen,,
430,Einarsen,Ståle,NO,,university of bergenbergen,,
431,Solheim,Halvor,NO,,no- ås,,
432,Fonnes,T,NO,,bergen,,
433,Trovik,J,NO,,bergen,,
434,Fasmer,K E,NO,,bergen,,
435,Tingulstad,S,NO,,trondheim,,
436,Staff,A C,NO,,oslo,,
437,Bjørge,L,NO,,bergen,,
438,Haldorsen,I S,NO,,bergen,,
439,Werner,Hmj,NO,,bergen,,
440,Akslen,L A,NO,,bergen,,
441,Tangen,I L,NO,,bergen,,
442,Krakstad,C,NO,,bergen,,
443,Sudbø,Jon,NO,jon.sudbo@rh.uio.no,oslo,,
444,Kristensen,Solveig,NO,,oslo,,
445,Hjorth Tønnesen,Hanne,NO,,oslo,,
446,Lilletvedt Tovsen,Marianne,NO,,oslo,,
447,Dalsgaard,Søren,NO,sdalsgaard@econ.au.dk.,kragerø,,
448,Juul-Kristensen,Birgit,NO,,bergen,,
449,Aabakken,L,NO,larsaa@ioks.uio.no,oslo,,
450,Halvorsen,Bente L,NO,,oslo,,
451,Norheim,Arne Johan,NO,arne.johan.norheim@hlkbb.no,universitetet i tromsø,,
452,Jacobsen,K,NO,karl.jacobsen@ks-tambartun.no,university of oslo,,
453,Stene,A,NO,,ålesund,,
454,Lunde,Lene,NO,lene.lunde@econ.uib.no,bergen,,
455,Melsom,M N,NO,,university of oslo,,
456,Fjose,A,NO,,university of bergen,,
457,Strand,Kristian,NO,stkr@sus.no,lørenskog,,
458,Iszatt,Nina,NO,,oslo,,
459,Eggesbø,Merete,NO,,oslo,,
460,Stabell,O B,NO,,oslo,,
461,Polder,Anuschka,NO,,oslo,,
462,Myrtveit,Solbjørg Makalani,NO,,bergen,,
463,Ficke,Andrea,NO,,no- ås,,
464,Brodal,Guro,NO,,no- ås,,
465,Ghetti,Claire,NO,,bergen,,
466,Baba,Kamaldeen,NO,,bergen,,
467,Erikssen,G,NO,,nordbyhagen,,
468,Rossow,I,NO,,institute of community dentistry university of oslo,,
469,Bjørnholt,J V,NO,jobjorn@online.no,nordbyhagen,,
470,Kjekshus,Lars Erik,NO,l.e.kjekshus@medisin.uio.no.,oslo,,
471,Risnes,Kari R,NO,,trondheim,,
472,Pape,Kristine,NO,,trondheim,,
473,Bjørngaard,Johan H,NO,,trondheim,,
474,Moster,Dag,NO,,bergen,,
475,Romundstad,Pal R,NO,,trondheim,,
476,Rødal,Jan,NO,jan.rodal@radiumhospitalet.no,oslo,,
477,Naseer,Umaer,NO,umaer.naseer@fagmed.uit.no,university hospital of northern norway,,
478,Farkas,Lorant,NO,lorant.farkas@labmed.uio.no,rikshospitalet university hospital,,
479,Syversen,U,NO,,university of trondheim,,
480,Austnes,K,NO,,oslo,,
481,Wright,R F,NO,,oslo,,
482,Andersen,Jan Terje,NO,janta@imbv.uio.no,n-0371 oslo,,
483,Sverdrup,Line E,NO,line.sverdrup@aquateam.no,blindern,,
484,Sjaastad,O,NO,,trondheim university hospital,,
485,Strand,Jo E T,NO,,tromsø,,
486,Hazlerigg,David,NO,,tromsø,,
487,Jørgensen,Even H,NO,,tromsø,,
488,Nagasawa,Kazue,NO,,bodø,,
489,Karlsson,B R,NO,,oslo,,
490,Tardast,Arezo,NO,,bergen,,
491,Løes,Sigbjørn,NO,,bergen,,
492,Christopeit,Tony,NO,,n- tromsø,,
493,Carlsen,Trine Josefine O,NO,,n- tromsø,,
494,Helland,Ronny,NO,,n- tromsø,,
495,Leiros,Hanna-Kirsti S,NO,,n- tromsø,,
496,Wabakken,T,NO,,oslo,,
497,Ødegård,J,NO,jorgen.odegard@umb.no,n- as,,
498,Ranhoff,Anette H,NO,,bergen,,
499,Haaverstad,Rune,NO,,bergen,,
500,Hufthammer,Karl Ove,NO,,bergen,,
501,Kuiper,Karel K J,NO,,bergen,,
502,Nordrehaug,Jan Erik,NO,,stavanger,,
503,Norekvål,Tone M,NO,,bergen,,
504,Heimly,Vigdis,NO,vigdis.heimly@idi.ntnu.no,trondheim,,
505,Olsen,Ingar,NO,,university of oslo,,
506,Moens,U,NO,,university of tromsø,,
507,Steihaug,Sissel,NO,,trondheim,,
508,Paulsen,Bård,NO,,trondheim,,
509,Melby,Line,NO,,trondheim,,
510,Baggio,Giosuè,NO,,trondheim,,
511,Flem,Elmira T,NO,elmira.flem@fhi.no,oslo,,
512,Haugen,Trine B,NO,trine.b.haugen@hioa.no,høgskolen i oslo og akershus,,
513,Opsahl,Jon,NO,jon.opsahl@uni.no.,5020,,
514,Eriksen,Hege R,NO,,5020,,
515,Tveito,Torill H,NO,,5020,,
516,Husebye,E S,NO,,university of bergen,,
517,Terjesen,T,NO,,trondheim university hospital,,
518,Kaasbøll,Ole Jørgen,NO,,oslo,,
519,Moe,Ingvild Tronstad,NO,,oslo,,
520,Ahmed,Mohammad Shakil,NO,,oslo,,
521,Stang,Espen,NO,,oslo,,
522,Hagelin,Else Marie Valbjørn,NO,,oslo,,
523,Attramadal,Håvard,NO,,oslo,,
524,Svalheim,Sigrid,NO,sigrid.svalheim@rikshospitalet.no,oslo,,
525,Søreide,Kjetil,NO,ksoreide@mac.com,stavanger,,
526,Slørdal,L,NO,,university of tromsø,,
527,Holtermann,A,NO,aho@nrcwe.dk,trondheim,,
528,Gray,J S,NO,,university of oslo,,
529,Dumeaux,Vanessa,NO,,tromsø,,
530,Bonarjee,Vernon,NO,,stavanger,,
531,Larsen,Alf Inge,NO,,stavanger,,
532,Brinchmann,Jan E,NO,,oslo,,
533,Dickstein,Kenneth,NO,,stavanger,,
534,Peng,Q,NO,,university of oslo,,
535,Salvesen,R,NO,,tromsø university hospital,,
536,Eftestøl,Trygve,NO,trygve.eftestol@his.no,4068 stavanger,,
537,Myrnes,Bjørnar,NO,bjornar.myrnes@fiskeriforskning.no,n-9291 tromsø,,
538,Martin,Adam D,NO,adam.martin@nvh.no,oslo,,
539,Almendingen,Kari,NO,kari.almendingen@ahus.no,lørenskog,,
540,Helle,S I,NO,,bergen,,
541,Skogstad,A,NO,asbjorn.skogstad@stami.no,oslo,,
542,Benjaminsen,Espen,NO,espen.benjaminsen@nlsh.no.,bodø,,
543,Olavsen,Johnny,NO,johnny.olavsen@trollfjord.no.,vesterålen,,
544,Karlberg,Merethe,NO,merethekarlberg@gmail.com.,bodø,,
545,Alstadhaug,Karl B,NO,karl.bjornar.alstadhaug@nlsh.no.,bodø,,
546,Zhou,Yun,NO,,oslo,,
547,Soligard,Hanne T,NO,,n-,,
548,Johansen,H,NO,,ås,,
549,Sønsteby,Henrik Hovde,NO,,oslo,,
550,Nafstad,P,NO,,oslo,,
551,Berntzen,H B,NO,,oslo sanitetsforening rheumatism hospital,,
552,Hjelstuen,Mari H B,NO,,stavanger,,
553,Chortatos,Arthur,NO,athanasc@medisin.uio.no.,oslo,,
554,Iversen,Per Ole,NO,,oslo,,
555,Haugen,Margaretha,NO,,oslo,,
556,Eberhard-Gran,Malin,NO,,oslo,,
557,Bjelland,Elisabeth Krefting,NO,,oslo,,
558,Veierød,Marit B,NO,,oslo,,
559,Waal,Helge,NO,helge.waal@medisin.uio.no,oslo,,
560,Nedrebø,Bjørn Steinar,NO,nedreboe@me.com,stavanger,,
561,Hansen,Elisabeth,NO,elisabeth.hansen@hint.no,trondheim,,
562,Bjørneboe,G E,NO,,oslo,,
563,Rognes,Sven Erik,NO,,oslo,,
564,Lervik,S,NO,,n-0033 oslo,,
565,Kristoffersen,A B,NO,,n- oslo,,
566,Oskam,I C,NO,,n-0033 oslo,,
567,Ropstad,E,NO,,n-0033 oslo,,
568,Olsaker,I,NO,,n-0033 oslo,,
569,Ihle-Hansen,Hege,NO,hege.ihle-hansen@vestreviken.no,rud,,
570,Tørhaug,Tom,NO,,7491 trondheim,,
571,Brurok,Berit,NO,,7491 trondheim,,
572,Hoff,Jan,NO,,7491 trondheim,,
573,Helgerud,Jan,NO,,3800 bø,,
574,Leivseth,Gunnar,NO,,9019 tromsø,,
575,Hofmann,Bjørn,NO,,gjøvik,,
576,Landsend,Erlend,NO,,oslo,,
577,Fjermestad,Krister W,NO,kristefj@uio.no.,siggerud,,
578,Nyhus,Livø,NO,,siggerud,,
579,Kanavin,Øivind J,NO,,siggerud,,
580,Heiberg,Arvid,NO,,oslo,,
581,Hoxmark,Lise B,NO,,siggerud,,
582,Rossen,Janne,NO,,kristiansand,,
583,Østborg,Tilde B,NO,,stavanger,,
584,Lindtjørn,Elsa,NO,,stavanger,,
585,Schulz,Jørn,NO,,stavanger,,
586,Eggebø,Torbjørn M,NO,,stavanger,,
587,Nordli,Håkon,NO,haakon.nordli@betanien.no,bergen,,
588,Dahl,Berit Misund,NO,,sweden and aalesund university college,,
589,Utheim,O A,NO,outheim@gmail.com.,oslo,,
590,Lyberg,T,NO,,oslo,,
591,Eidet,J R,NO,,oslo,,
592,Raeder,S,NO,,oslo,,
593,Sehic,A,NO,,oslo,,
594,Roald,B,NO,,oslo,,
595,Messelt,E,NO,,oslo,,
596,Utheim,T P,NO,,oslo,,
597,Dueland,A N,NO,,oslo,,
598,Bless,Josef J,NO,,university of bergen bergen,,
599,Ueland,T,NO,torill.ueland@psykiatri.uio.no,oslo,,
600,Berle,E J,NO,,oslo,,
601,Zykova,Svetlana N,NO,svetlana.zykova@uit.no.,tromsø,,
602,Storhaug,Hilde M,NO,hilde-merete.storhaug@uit.no.,tromsø,,
603,Toft,Ingrid,NO,ingrid.toft@unn.no.,tromsø,,
604,Jenssen,Trond G,NO,trond.g.jenssen@uit.no.,tromsø,,
605,Søreide,Eldar,NO,,university of bergen,,
606,Klaveness,Dag,NO,dag.klaveness@bio.uio.no,n-0316 oslo,,
607,Elstad,Ingunn,NO,ingunn.elstad@hitos.no,tromsoe,,
608,Eide,N,NO,,university of oslo,,
609,Mazzawi,Tarek,NO,,bergen,,
610,Lied,Gülen Arslan,NO,,bergen,,
611,Sangnes,Dag André,NO,,bergen,,
612,El-Salhy,Magdy,NO,,bergen,,
613,Hov,Johannes R,NO,,oslo,,
614,Gilja,Odd Helge,NO,,bergen,,
615,Hatlebakk,Jan Gunnar,NO,,bergen,,
616,Hausken,Trygve,NO,,bergen,,
617,Bogsrud,Tronde Velde,NO,,oslo,,
618,Sletten,Heidi,NO,,oslo,,
619,Korsan,Katrine Andersen,NO,,oslo,,
620,Kieboom,J,NO,,oslo,,
621,Willoch,Frode,NO,,oslo,,
622,Bix,Ellen,NO,,hammerfest hospital,,
623,Holm,Søren,NO,,oslo,,
624,Horgmo,Øystein H,NO,o.h.horgmo@medisin.uio.no,oslo university hospital,,
625,Lankinen,Asa,NO,asa.lankinen@ekol.lu.se,n- trondheim,,
626,Norum,L F,NO,,oslo,,
627,Aamodt,K,NO,,bergen,,
628,Ekeberg,Dag,NO,dag.ekeberg@umb.no,as,,
629,Llorente,A,NO,,oslo,,
630,Edvardsen,Hege,NO,hege.edvardsen@rr-research.no,oslo,,
631,Lewis,Aurélia E,NO,,bergen,,
632,Aesoy,Reidun,NO,,bergen,,
633,Bakke,Marit,NO,,bergen,,
634,Sole,Kristina Baker,NO,,oslo,,
635,Staff,Anne Cathrine,NO,,oslo,,
636,Laine,Katariina,NO,,oslo,,
637,Sand,T,NO,trond.sand@ntnu.no,trondheim,,
638,Teruel,Jose R,NO,,trondheim,,
639,Fjøsne,Hans E,NO,,trondheim,,
640,Østlie,Agnes,NO,,trondheim,,
641,Dale,Anders M,NO,,trondheim,,
642,Bathen,Tone F,NO,,trondheim,,
643,Goa,Pål E,NO,,trondheim,,
644,Flo,Kari,NO,,tromsø,,
645,Wilsgaard,Tom,NO,,tromsø,,
646,Acharya,Ganesh,NO,,tromsø,,
647,Bergh,Sverre,NO,sverre.bergh@sykehuset-innlandet.no,ottestad,,
648,Ha,Lisa,NO,lisaha@online.no,fredrikstad,,
649,Traeen,B,NO,,university of oslo,,
650,Frøland,S S,NO,,oslo,,
651,Solberg,Svein Ø,NO,,elverum,,
652,Linde,M,NO,,trondheim,,
653,Manandhar,K,NO,,trondheim,,
654,Risal,A,NO,,trondheim,,
655,Steiner,T J,NO,,trondheim,,
656,Johannesen,T B,NO,,oslo,,
657,Fossa,S D,NO,,oslo,,
658,Langmark,F,NO,,oslo,,
659,Haga,Henning A,NO,andreas.haga@veths.no,0033 oslo,,
660,Misceo,Doriana,NO,,oslo,,
661,Flaatten,Hans,NO,hans.flaatten@uib.no.,bergen,,
662,Skaar,Elisabeth,NO,,bergen,,
663,Winge,Mona I,NO,,oslo,,
664,Bye,Kjell,NO,,oslo,,
665,Høiseth,Gudrun,NO,gugu@fhi.no,n-0403 oslo,,
666,Breivik,T,NO,tbreivik@odont.uio.no,university of oslo,,
667,Jacobsen,E M,NO,,oslo,,
668,Kett,K,NO,,national hospital,,
669,Weiderpass,Elisabete,NO,,n- tromsø,,
670,Moksnes,Håvard,NO,havard.moksnes@nih.no.,oslo,,
671,Engebretsen,Lars,NO,,oslo,,
672,Fristad,I,NO,,university of bergen,,
673,Røttingen,John-Arne,NO,jrotting@hsph.harvard.edu.,oslo,,
674,Hansen,Aleksander Grande,NO,aleksandergrandehansen@gmail.com.,trondheim,,
675,Helvik,Anne-Sofie,NO,,trondheim,,
676,Thorstensen,Wenche Moe,NO,,trondheim,,
677,Nordgård,Ståle,NO,,trondheim,,
678,Langhammer,Arnulf,NO,,levanger,,
679,Bugten,Vegard,NO,,trondheim,,
680,Stovner,Lars Jacob,NO,,trondheim,,
681,Eggesbø,Heidi Beate,NO,,oslo,,
682,Thune,P,NO,,university of oslo,,
683,Germans,Sara,NO,sara_germans@hotmail.com,namsos,,
684,Opheim,Randi,NO,,0318 oslo,,
685,Fagermoen,May Solveig,NO,,0318 oslo,,
686,Jelsness-Jørgensen,Lars-Petter,NO,,1603 fredrikstad,,
687,Bernklev,Tomm,NO,,skien,,
688,Moum,Bjørn,NO,,0318 oslo,,
689,Teigen,Halvor Karl,NO,,oslo,,
690,Jøsendal,O,NO,,university of bergen,,
691,Høgli,June Utnes,NO,june.utnes@uit.no.,tromsø,,
692,Garcia,Beate Hennie,NO,beate.garcia@uit.no.,tromsø,,
693,Skjold,Frode,NO,frode.skjold@uit.no.,tromsø,,
694,Skogen,Vegard,NO,vegard.skogen@unn.no.,tromsø,,
695,Småbrekke,Lars,NO,lars.smabrekke@uit.no.,tromsø,,
696,Pope,Phillip B,NO,,1432,,
697,Hafskjold,Linda,NO,,n-3007 drammen,,
698,Sundling,Vibeke,NO,,n-3007 drammen,,
699,van Dulmen,Sandra,NO,,n-3007 drammen,,
700,Eide,Hilde,NO,,n-3007 drammen,,
701,Várnai,Anikó,NO,,ås,,
702,Jameson,John-Kristian,NO,,ås,,
703,Eijsink,Vincent G H,NO,,ås,,
704,Eide,Arne H,NO,,oslo,,
705,Hem,Karl-Gerhard,NO,,oslo,,
706,Pape,Kristine,NO,,trondheim,,
707,Stormoen,M,NO,marit.stormoen@nvh.no,oslo,,
708,Csángó,P A,NO,csangopeter@hotmail.com,kristiansand,,
709,Wolkers,J,NO,,tromsø,,
710,Froud,Robert,NO,,oslo,,
711,Baak,Jan P A,NO,,stavanger university hospital,,
712,Akslen,L A,NO,,university of bergen,,
713,Granum,P E,NO,per.e.granum@veths.no,oslo,,
714,Bjerregaard-Andersen,Kaare,NO,kaarebj@kjemi.uio.no.,no- oslo,,
715,Johannesen,Hedda,NO,,no- oslo,,
716,Abdel-Rahman,Noha,NO,,no- oslo,,
717,Heggelund,Julie Elisabeth,NO,,no- oslo,,
718,Hoås,Helene Mykland,NO,,no- oslo,,
719,Bousquet,Paula A,NO,,no- oslo,,
720,Høydahl,Lene Støkken,NO,,no- oslo,,
721,Burschowsky,Daniel,NO,,no- oslo,,
722,Løset,Geir Åge,NO,g.a.loset@ibv.uio.no.,no- oslo,,
723,Krengel,Ute,NO,ute.krengel@kjemi.uio.no.,no- oslo,,
724,Solevåg,Anne Lee,NO,,lørenskog,,
725,Ryeng,Kathrine A,NO,,no- tromsø,,
726,Engebretsen,Ingunn Marie Stadskleiv,NO,,bergen,,
727,Tylleskär,Thorkild,NO,,bergen,,
728,Sommerfelt,Halvor,NO,,bergen,,
729,Nankabirwa,Victoria,NO,,bergen,,
730,de Angelis,Paula M,NO,a.p.de@labmed.uio.no,n- oslo,,
731,Kvale,D,NO,,national hospital,,
732,Muren,Ludvig Paul,NO,muren@as.aaa.dk,university of bergen,,
733,Larose,Tricia L,NO,,norwegian university of science and technology,,
734,Langhammer,Arnulf,NO,,levanger,,
735,Brumpton,Ben M,NO,,norwegian university of science and technology,,
736,Ueland,Per Magne,NO,,bergen,,
737,Midttun,Øivind,NO,,bergen,,
738,Das,Anita,NO,anita.das@ntnu.no,trondheim,,
739,Nepstad,Ina,NO,ina.nepstad@uib.no.,bergen,,
740,Hatfield,Kimberley Joanne,NO,kimberley.hatfield@uib.no.,bergen,,
741,Tvedt,Tor Henrik Anderson,NO,tor.henrik.anderson.tvedt@helse-bergen.no.,bergen,,
742,Reikvam,Håkon,NO,hakon.reikvam@uib.no.,bergen,,
743,Bruserud,Øystein,NO,oystein.bruserud@helse-bergen.no.,bergen,,
744,Werner,Erik L,NO,loewern@online.no,university of bergen,,
745,Marco-Ruiz,Luis,NO,,tromsø,,
746,Pedersen,Rune,NO,,tromsø,,
747,Imdorf,Christian,NO,,trondheim,,
748,Rämä,Teppo,NO,teppo.rama@uit.no.,tromsø,,
749,Davey,Marie L,NO,,oslo,,
750,Nordén,Jenni,NO,,oslo,,
751,Halvorsen,Rune,NO,,oslo,,
752,Blaalid,Rakel,NO,,oslo,,
753,Mathiassen,Geir H,NO,,tromsø,,
754,Alsos,Inger G,NO,,tromsø,,
755,Kauserud,Håvard,NO,,oslo,,
756,Klaksvik,Jomar,NO,,trondheim,,
757,Syversen,Unni,NO,,trondheim,,
758,Foss,Olav A,NO,,trondheim,,
759,Vestvik,Nils,NO,,no-5020 bergen,,
760,Pagarete,A,NO,,bergen,,
761,Søfteland,Eirik,NO,,5020 bergen,,
762,Dimcevski,Georg,NO,,bergen,,
763,Myrmel,Mette,NO,,oslo,,
764,Stene-Johansen,Kathrine,NO,,oslo,,
765,Øverbø,Joakim,NO,,oslo,,
766,Rivrud,G N,NO,,university of oslo,,
767,Chitemerere,M,NO,,oslo,,
768,Nordheim,Lena V,NO,,bergen,,
769,Gundersen,Malene W,NO,,oslo,,
770,Espehaug,Birgitte,NO,,bergen,,
771,Guttersrud,Øystein,NO,,oslo,,
772,Flottorp,Signe,NO,,oslo,,
773,Riise Stensland,Hilde Monica Frostad,NO,hilde.monica.stensland@unn.no,tromsø,,
774,Waage,S,NO,,oslo,,
775,Hemmingsen,Willy,NO,,tromsø,,
776,Løes,Sigbjørn,NO,,university of bergen,,
777,Zykova,Svetlana N,NO,,tromsø,,
778,Flatebø,R S,NO,,bergen,,
779,Staalesen Strumse,Y A,NO,,oslo,,
780,Borge,Christine Råheim,NO,c.r.borge@medisin.uio.no.,oslo,,
781,Waldum,Bård,NO,,oslo,,
782,Stubnova,Viera,NO,,oslo,,
783,Westheim,Arne S,NO,,oslo,,
784,Omland,Torbjørn,NO,,lørenskog,,
785,Grundtvig,Morten,NO,,lillehammer,,
786,Os,Ingrid,NO,,oslo,,
787,Klingen,Ingeborg,NO,ingeborg.klingen@bioforsk.no,aas,,
788,Helgeland,K,NO,,university of oslo,,
789,Lilleengen,Beate,NO,,university of oslo,,
790,Wootton,Richard,NO,r_wootton@pobox.com,tromsø,,
791,Lund,May-Brit,NO,may.brit.lund@oslo-universitetssykehus.no,rikshospitalet,,
792,Backlund,E O,NO,,haukeland sykehus,,
793,Nygaard,U C,NO,unni.cecilie.nygaard@fhi.no,oslo,,
794,Borch,Kristin B,NO,kristin.benjaminsen.borch@uit.no,university of tromsø,,
795,Coutinho,S R,NO,,trondheim,,
796,Kulseng,B,NO,,trondheim,,
797,Martins,C,NO,,trondheim,,
798,Røsok,Bård I,NO,,oslo,,
799,Spies,Ingrid,NO,,n- oslo,,
800,Jorde,Per Erik,NO,,n- oslo,,
801,Knutsen,Halvor,NO,,n- oslo,,
802,Rogers,Lauren A,NO,,n- oslo,,
803,Stenseth,Nils Chr,NO,,kristiansand,,
804,Franey,Cara,NO,,tønsberg,,
805,Berntsen,H F,NO,,n-0317 oslo,,
806,Madland,Tor Magne,NO,tor.madland@helse-bergen.no,bergen,,
807,Whitlock,Jonathan R,NO,,trondheim,,
808,Quist-Paulsen,Petter,NO,petterqp@online.no,trondheim,,
809,Haraldsen,I R,NO,i.h.haraldsen@psykiatri.uio.no,oslo,,
810,Hagen,Knut,NO,knut.hagen@medisin.ntnu.no,trondheim,,
811,Rodriguez,Marta,NO,,oslo,,
812,Mørch,Yrr A,NO,,trondheim,,
813,Høstmark,Arne Torbjørn,NO,,oslo,,
814,Haug,Anna,NO,,ås,,
815,Skeie,Siv,NO,,ås,,
816,Rosef,O,NO,olav.rosef@hit.no,bø i telemark,,
817,Bøe,Sigurd Leinæs,NO,sigurdbo@rr-research.no,montebello,,
818,Kvenshagen,Bente K,NO,bkvenshagen@gmail.com,umb,,
819,Haldorsen,Ingfrid Salvesen,NO,,bergen,,
820,Biong,Stian,NO,stian.biong@hibu.no.,drammen 3007,,
821,Eek,Christian Hasbø,NO,,oslo,,
822,Gibbs,Charlotte,NO,lottegibbs@gmail.com,skien,,
823,Aamdal,Steinar,NO,,oslo,,
824,Dahle,Gry,NO,,oslo,,
825,Kristiansen,Cecilie K,NO,,bergen,,
826,Vatne,Guro H,NO,,bergen,,
827,Baumann,Anne,NO,,bergen,,
828,Hallin,Erik I,NO,,bergen,,
829,Raasakka,Arne,NO,,bergen,,
830,Kursula,Petri,NO,petri.kursula@uib.no.,bergen,,
831,Haug,Line S,NO,,oslo,,
832,Sabaredzovic,Azemira,NO,,oslo,,
833,Eggesbø,Merete,NO,,oslo,,
834,Sioud,M,NO,,university of oslo,,
835,Høgevold,H E,NO,,ullevaal hospital,,
836,Dubourg,Paul,NO,,tromsø,,
837,Frantzen,Marianne,NO,,tromsø,,
838,Hanevik,Kurt,NO,kurt.hanevik@med.uib.no,bergen,,
839,Mjelle,Kenneth A,NO,kenmjelle@hotmail.com,n- bodø,,
840,Jørgensen,Jens V,NO,,oslo,,
841,Mathisen,Per,NO,,oslo,,
842,Grythe,Kai Frode,NO,,n-0315 oslo,,
843,Hammerstad,Sara S,NO,,oslo,,
844,Rossow,Ingeborg,NO,ir@sirus.no,oslo,,
845,Stenfors,L E,NO,,university of tromsö,,
846,Kristjansson,Eythor,NO,eythork@tele2.no,oslo,,
847,Varhaug,J E,NO,jan.erik.varhaug@kir.uib.no,bergen,,
848,Dregelid,E,NO,,bergen,,
849,Bjłrndal,B,NO,,university of bergen,,
850,Mygland,Ase,NO,aase.mygland@sshf.no,sørlandet sykehus kristiansand,,
851,Lysne,Vegard,NO,vegard.lysne@uib.no.,bergen,,
852,Strand,Elin,NO,elin.strand@uib.no.,bergen,,
853,Svingen,Gard F T,NO,gard.frodahl.tveitevag.svingen@helse-bergen.no.,bergen,,
854,Bjørndal,Bodil,NO,bodil.bjorndal@k2.uib.no.,bergen,,
855,Pedersen,Eva R,NO,eva.pedersen@k2.uib.no.,bergen,,
856,Midttun,Øivind,NO,bjorn.midttun@uib.no.,bergen,,
857,Olsen,Thomas,NO,olsen.thomas89@gmail.com.,bergen,,
858,Ueland,Per M,NO,per.ueland@ikb.uib.no.,bergen,,
859,Berge,Rolf K,NO,rolf.berge@uib.no.,bergen,,
860,Nygård,Ottar,NO,ottar.nygard@helse-bergen.no.,bergen,,
861,Medin,Anine C,NO,,oslo,,
862,Carlsen,Monica H,NO,,oslo,,
863,Strohmaier,Susanne,NO,,oslo,,
864,Andersen,Lene F,NO,,oslo,,
865,Bjørklund,Geir,NO,,mo i rana,,
866,Waage,Anders,NO,,trondheim,,
867,Kresse,Stine H,NO,,oslo,,
868,Grue,Jan,NO,,university of oslo,,
869,Johannessen,Lars E F,NO,,university of oslo,,
870,Rasmussen,Erik Fossan,NO,,university of oslo,,
871,Kvernmo,S E,NO,,tromsø,,
872,Valderhaug,Tone G,NO,t.g.valderhaug@medisin.uio.no,university of oslo,,
873,Schumacher,Eva M,NO,,oslo,,
874,Solberg,Marianne,NO,,drammen,,
875,Koht,Jeanette,NO,,drammen,,
876,Haverkamp,Thomas H A,NO,,university of oslo,,
877,Nesbø,Camilla L,NO,,university of oslo,,
878,Tøndell,Anders,NO,,7489 trondheim,,
879,Moen,Torolf,NO,,7489 trondheim,,
880,Børset,Magne,NO,,7489 trondheim,,
881,Salvesen,Øyvind,NO,,trondheim,,
882,Rø,Anne Dorthea,NO,,7489 trondheim,,
883,Sue-Chu,Malcolm,NO,,7489 trondheim,,
884,Edvardsen,Rolf B,NO,,bergen,,
885,Wester,K,NO,,university of bergen school of medicine and haukeland university hospital,,
886,Hansen,Gaute Lund,NO,,oslo,,
887,Gaudernack,Gustav,NO,,oslo,,
888,Brunsvig,Paal Fredrik,NO,,oslo,,
889,Cvancarova,Milada,NO,,oslo,,
890,Kyte,Jon Amund,NO,jon.amund.kyte@rr-research.no.,oslo,,
891,Brauckhoff,Katrin,NO,,bergen,,
892,Oppedal,Frode,NO,,bergen,,
893,Stien,Lars H,NO,,bergen,,
894,Ekeland,Tor-Johan,NO,,bergen,,
895,Eckhoff,C,NO,,tromsø,,
896,Straume,B,NO,,tromsø,,
897,Kvernmo,S,NO,,tromsø,,
898,Willumsen,Tiril,NO,tiril@odont.uio.no,oslo,,
899,Hafver,T Lubelwana,NO,,oslo,,
900,Bolann,B J,NO,bjorn.bolann@med.uib.no,bergen,,
901,Selvaag,E,NO,,university of oslo,,
902,Magnussen,Jon,NO,jon.magnussen@ntnu.no,trondheim,,
903,Brabrand,Sigmund,NO,,oslo university hospital,,
904,Fosså,Sophie D,NO,,oslo university hospital,,
905,Kaasa,Stein,NO,,oslo university hospital and university of oslo,,
906,Tafjord,Gunnar,NO,,oslo university hospital,,
907,Russnes,Kjell M,NO,,lørenskog,,
908,Hellebust,Taran P,NO,,oslo university hospital,,
909,Lilleby,Wolfgang,NO,,oslo university hospital,,
910,Bjøro,K,NO,,oslo,,
911,Dyb,Grete,NO,,norwegian centre for violence and traumatic stress studies,,
912,Stensland,Synne Øien,NO,,norwegian centre for violence and traumatic stress studies,,
913,Ekeberg,Øivind,NO,,university of oslo,,
914,Diseth,Trond H,NO,,university of oslo,,
915,Didriksen,Alena,NO,,tromsø,,
916,Svenning,Mette M,NO,,tromsø,,
917,Jensen,J,NO,,university of oslo,,
918,Hesse,M,NO,,bergen,,
919,Ihle,O,NO,,oslo,,
920,Bratlie,D,NO,,oslo,,
921,Aasdahl,Lene,NO,lene.aasdahl@ntnu.no.,trondheim,,
922,Pape,Kristine,NO,,trondheim,,
923,Jensen,Chris,NO,,trondheim,,
924,Vasseljen,Ottar,NO,,trondheim,,
925,Braathen,Tore,NO,,porsgrunn,,
926,Johnsen,Roar,NO,,trondheim,,
927,Fimland,Marius Steiro,NO,,trondheim,,
928,Weinbruch,Stephan,NO,weinbruch@geo.tu-darmstadt.de.,oslo,,
929,Ellingsen,Dag G,NO,,oslo,,
930,Berlinger,Balázs,NO,,oslo,,
931,Thomassen,Yngvar,NO,,oslo,,
932,Gilja,O H,NO,,university of bergen,,
933,Andersen,I,NO,,kristiansand,,
934,Søyseth,Vidar,NO,vidar.soyseth@medisin.uio.no,no-,,
935,Strømland,Øyvind,NO,,bergen,,
936,Handegård,Ørjan S,NO,,bergen,,
937,Govasli,Morten L,NO,,bergen,,
938,Wen,Hanzhen,NO,,bergen,,
939,Leino,Tony,NO,tle006@psykp.uib.no.,bergen,,
940,Torsheim,Torbjørn,NO,,bergen,,
941,Mentzoni,Rune,NO,,bergen,,
942,Pallesen,Ståle,NO,,bergen,,
943,Molde,Helge,NO,,bergen,,
944,Andersen,Lars B,NO,,oslo,,
945,Lassen,Kristoffer,NO,,oslo,,
946,Clemm,Hege H,NO,,bergen,,
947,Vollsaeter,Maria,NO,,bergen,,
948,Røksund,Ola D,NO,,bergen,,
949,Markestad,Trond,NO,,bergen,,
950,Halvorsen,Thomas,NO,,bergen,,
951,Bliksøen,M,NO,,university of oslo,,
952,Baysa,A,NO,,university of oslo,,
953,Eide,L,NO,,university of oslo,,
954,Bjørås,M,NO,,university of oslo and oslo university hospital rikshospitalet,,
955,Suganthan,R,NO,,university of oslo and oslo university hospital rikshospitalet,,
956,Vaage,J,NO,,oslo,,
957,Valen,G,NO,,university of oslo,,
958,Yakovlev,Igor A,NO,igor.yakovlev@skogoglandskap.no,n- ås,,
959,Aune,S,NO,,bergen,,
960,Sultani,Mumtaz,NO,,university of oslo,,
961,Ask,Kristine Skoglund,NO,,university of oslo,,
962,Straume-Naesheim,Truls Martin,NO,,oslo,,
963,Grimsrud,Tom K,NO,tom.k.grimsrud@kreftregisteret.no.,oslo,,
964,Smaradottir,Berglind,NO,,grimstad,,
965,Håland,Jarle,NO,,grimstad,,
966,Martinez,Santiago,NO,,grimstad,,
967,Muschitiello,Francesco,NO,fmuschit@ldeo.columbia.edu.,bergen,,
968,Buanes,T,NO,,bergen,,
969,Bugge,L,NO,,oslo,,
970,Buran,T,NO,,oslo,,
971,Burgess,T,NO,,bergen,,
972,Cameron,D,NO,,oslo,,
973,Eigen,G,NO,,bergen,,
974,Gjelsten,B K,NO,,oslo,,
975,Johansen,L G,NO,,bergen,,
976,Kastanas,A,NO,,bergen,,
977,Liebig,W,NO,,bergen,,
978,Lipniacka,A,NO,,bergen,,
979,Lund,E,NO,,oslo,,
980,Ould-Saada,F,NO,,oslo,,
981,Pajchel,K,NO,,oslo,,
982,Read,A L,NO,,oslo,,
983,Røhne,O,NO,,oslo,,
984,Rosendahl,P L,NO,,bergen,,
985,Samset,B H,NO,,oslo,,
986,Sandaker,H,NO,,bergen,,
987,Sjursen,T B,NO,,bergen,,
988,Stapnes,S,NO,,oslo,,
989,Strandlie,A,NO,,oslo,,
990,Stugu,B,NO,,bergen,,
991,Tonoyan,A,NO,,bergen,,
992,Ugland,M,NO,,bergen,,
993,Skirbekk,Vegard,NO,skirbekk@iiasa.ac.at.,oslo n-0403,,
994,Dahl,Ola E,NO,olaedahl@gmail.com,elverum,,
995,Jorde,Rolf,NO,rolf.jorde@unn.no,tromsø,,
996,Kongsgaard,U E,NO,,oslo,,
997,Tryland,M,NO,morten.tryland@veths.no,n-9292 tromsø,,
998,Glenjen,Nils,NO,nils.idar.glenjen@haukeland.no,haukeland university hospital and the university of bergen,,
999,Salah,Tarig Taha Mohamed,NO,salah.tarig@medisin.uio.no.,oslo,,
1000,Ayazi,Touraj,NO,,oslo,,
1001,Lien,Lars,NO,,elverum,,
1002,Eide,Arne,NO,,oslo,,
1003,Hauff,Edvard,NO,,oslo,,
1004,Singsaas,Erlend G,NO,,stavanger,,
1005,Thomsen,Per Hove,NO,,denmark; university of trondheim,,
1006,Taubøll,E,NO,,university of oslo,,
1007,de Almeida,Ana Catarina Godinho,NO,,oslo,,
1008,Petersen,Karina,NO,,oslo,,
1009,Langford,Katherine,NO,,oslo,,
1010,Thomas,Kevin V,NO,,oslo,,
1011,Tollefsen,Knut Erik,NO,,oslo,,
1012,Berg,John E,NO,,oslo,,
1013,Sletmoen,Marit,NO,,no- trondheim,,
1014,Birkelund,Yngve,NO,yngve.birkelund@uit.no,tromsø,,
1015,Labori,Knut Jørgen,NO,,oslo,,
1016,Sigmundsson,H,NO,hermundurs@svt.ntnu.no,trondheim,,
1017,Ganan,Monica,NO,,aas,,
1018,Lorentzen,Silje B,NO,,aas,,
1019,Agger,Jane W,NO,,aas,,
1020,Heyward,Catherine A,NO,,oslo,,
1021,Bakke,Oddmund,NO,,oslo,,
1022,Knutsen,Svein H,NO,,aas,,
1023,Aam,Berit B,NO,,aas,,
1024,Eijsink,Vincent G H,NO,,aas,,
1025,Gaustad,Peter,NO,,oslo,,
1026,Sørlie,Morten,NO,,aas,,
1027,Havelin,L I,NO,,bergen,,
1028,Mygland,A,NO,aase.mygland@sshf.no,kristiansand,,
1029,Jakobsen,Stine Mjåvatn,NO,,oslo,,
1030,Tonstad,S,NO,serena.tonstad@ulleval.no,n- oslo,,
1031,Skomedal,H,NO,,oslo,,
1032,Eide,Hilde,NO,,drammen,,
1033,Gabrielsen,Mari,NO,,n- tromsø,,
1034,Pedersen,O M,NO,,university of bergen,,
1035,Gaathaug,André Vagner,NO,,porsgrunn,,
1036,Bjerketvedt,Dag,NO,,porsgrunn,,
1037,Vaagsaether,Knut,NO,,porsgrunn,,
1038,Brustugun,O T,NO,,oslo,,
1039,Møller,B,NO,,oslo,,
1040,Helland,A,NO,,oslo,,
1041,Langhammer,Arnulf,NO,arnulf.langhammer@ntnu.no,levanger,,
1042,Wedege,E,NO,,oslo,,
1043,Bjelland,Ingvar,NO,ingvar.bjelland@uib.no,n- bergen,,
1044,Namork,E,NO,,oslo,,
1045,Holme,Ingar,NO,ingar.holme@uus.no,oslo,,
1046,Skurtveit,Svetlana,NO,svetlana.skurtveit@fhi.no,oslo,,
1047,Saugstad,O D,NO,,oslo,,
1048,Rein,Erling B,NO,,n- oslo,,
1049,Barstad,R M,NO,,oslo,,
1050,Kvitvang,Hans F N,NO,,trondheim,,
1051,Bergamaschi,R,NO,r.bergamaschi@altavista.net,tondheim,,
1052,Hjelmesaeth,J,NO,,university of oslo,,
1053,Bjørnstad,H,NO,,university of oslo,,
1054,Kjørstad,Knut E,NO,knutck@fagmed.uit.no,tromsø,,
1055,Heck,Siri Lagethon,NO,,oslo,,
1056,Amdam,Gro Vang,NO,,aas,,
1057,Kalikstad,Betty,NO,,oslo,,
1058,Andersstuen,Terese Kristoffersen,NO,,oslo,,
1059,Klungland,Arne,NO,,oslo,,
1060,Stene-Larsen,Kim,NO,kim.stene-larsen@fhi.no,oslo,,
1061,Roeleveld,Karin,NO,,trondheim,,
1062,Hanssen,Kjersti Træland,NO,,hakadal,,
1063,Johnsen,Synnøve Lian,NO,synnove.johnsen@helse-bergen.no,bergen n-,,
1064,Kolbenstvedt,A,NO,,oslo,,
1065,Rustan,A C,NO,,oslo,,
1066,Ruiz,Eliana,NO,eliana.martinez@uib.no.,bergen,,
1067,Oosterhof,Monique,NO,monique.oosterhof@wur.nl.,bergen,,
1068,Sandaa,Ruth-Anne,NO,ruth.sandaa@uib.no.,bergen,,
1069,Larsen,Aud,NO,aud.larsen@uni.no.,bergen,,
1070,Pagarete,António,NO,antonio.pagarete@uib.no.,bergen,,
1071,Elveos,Marlene Mauseth,NO,,trondheim,,
1072,Drogset,Jon Olav,NO,,trondheim,,
1073,Engebretsen,Lars,NO,,oslo,,
1074,Brønn,Raymond,NO,,trondheim,,
1075,Lundemo,Trond Olav,NO,,trondheim,,
1076,Gifstad,Tone,NO,,trondheim,,
1077,Wamani,Henry,NO,wamanih@yahoo.com,university of bergen,,
1078,Sauar,J,NO,,skien,,
1079,Bakland,Gunnstein,NO,gunnstein.bakland@unn.no,tromsø,,
1080,Handeland,Kjell,NO,kjell.handeland@vetinst.no,oslo,,
1081,Gaina,Carmen,NO,,oslo,,
1082,Medvedev,Sergei,NO,,oslo,,
1083,Werner,Stephanie C,NO,,oslo,,
1084,Thiara,A S,NO,amrit.thiara@rikshospitalet.no,oslo,,
1085,Ivarsson,Tord,NO,,oslo,,
1086,Utheim,Tor Paaske,NO,,oslo,,
1087,Islam,Rakibul,NO,,oslo,,
1088,Fostad,Ida G,NO,,oslo,,
1089,Eidet,Jon R,NO,,oslo,,
1090,Sehic,Amer,NO,,oslo,,
1091,Olstad,Ole K,NO,,oslo,,
1092,Messelt,Edward B,NO,,oslo,,
1093,Pasovic,Lara,NO,,oslo,,
1094,Hjermstad,Marianne J,NO,m.j.hjermstad@medisin.uio.no,ullevål,,
1095,Følsvik,N,NO,norunn.foelsvik@niva.no,oslo,,
1096,Bogen,B,NO,,university of oslo,,
1097,Aaberge,Ingeborg S,NO,ingeborg.aaberge@fhi.no,no-0403 oslo,,
1098,Myhrer,Trond,NO,trond.myhrer@ffi.no,no- kjeller,,
1099,Rojas-García,Carlos R,NO,,no-5020 bergen,,
1100,Gram,I T,NO,,university of tromsø,,
1101,Nordbotten,Bernt J,NO,berntn@fys.uio.no,oslo,,
1102,Dybwad,A,NO,,oslo,,
1103,Lange,Johan Emil,NO,,oslo university hospital,,
1104,Søreide,J A,NO,,stavanger,,
1105,Coulon,M,NO,,0033 oslo,,
1106,Øines,Øivind,NO,oivind.oines@vetinst.no,oslo,,
1107,Løvlie,R,NO,,bergen,,
1108,Godal,Tore,NO,tore.godal@mfa.no,n- oslo,,
1109,Granum,Cesilie,NO,,oslo,,
1110,Berntsen,Hanne Friis,NO,,oslo,,
1111,Groseth,Per Kristian,NO,,oslo,,
1112,Verhaegen,Steven,NO,,oslo,,
1113,de Souza,Gustavo Antonio,NO,,oslo 0424,,
1114,Ropstad,Erik,NO,,oslo,,
1115,Zhou,Y Q,NO,,haukeland hospital,,
1116,Opheim,Randi,NO,,0316 oslo,,
1117,Lie Høivik,Marte,NO,,0424 oslo,,
1118,Bernklev,Tomm,NO,,0316 oslo,,
1119,Jelsness-Jørgensen,Lars-Petter,NO,,sarpsborg,,
1120,Moum,Bjørn,NO,,0316 oslo,,
1121,Płytycz,B,NO,,university of tromsø,,
1122,Josefsen,T D,NO,terje.d.josefsen@veths.no,tromsø,,
1123,Odland,J O,NO,,university of tromsø,,
1124,Aghdam,Mohammad Reza F,NO,reza_aghdam@hotmail.com.,førde,,
1125,Vodovnik,Aleksandar,NO,,førde,,
1126,Sund,Bjørn Ståle,NO,,førde,,
1127,Hustad,S,NO,steinar.hustad@farm.uib.no,bergen,,
1128,Christoffersen,T,NO,,university hospital of tromsø,,
1129,Nilsen,Linn Hege,NO,,trondheim,,
1130,Witter,Menno P,NO,,trondheim,,
1131,Sonnewald,Ursula,NO,,trondheim,,
1132,Aakvaag,Helene Flood,NO,,oslo,,
1133,Strøm,Ida Frugård,NO,,oslo,,
1134,Thoresen,Siri,NO,,oslo,,
1135,Salvatore,Stefania,NO,stefania.salvatore@medisin.uio.no.,oslo,,
1136,Bramness,Jørgen G,NO,,oslo,,
1137,Røislien,Jo,NO,,oslo,,
1138,Sætrevik,Bjørn,NO,,bergen,,
1139,Sandberg,S,NO,,bergen,,
1140,Aaheim,Asbjørn,NO,,cicero - center for international climate and environmental research oslo,,
1141,Romstad,Bård,NO,,cicero - center for international climate and environmental research oslo,,
1142,Wei,Taoyuan,NO,,cicero - center for international climate and environmental research oslo,,
1143,Kristjánsson,Jón Egill,NO,,university of oslo,,
1144,Muri,Helene,NO,,university of oslo,,
1145,Steffensen,I L,NO,,oslo,,
1146,Galdiga,C U,NO,claus@ife.no,kjeller,,
1147,Holm,H,NO,,university of oslo,,
1148,Melsom,Toralf,NO,toralf.melsom@unn.no,tromsø,,
1149,Aalen,Odd O,NO,o.o.aalen@medisin.uio.no,oslo,,
1150,Heier,B T,NO,berit.heier@vetinst.no,n-0033 oslo,,
1151,Fjeldheim,F N,NO,frnfje@ous-hf.no.,n-,,
1152,Frydenberg,H,NO,,n-,,
1153,Flote,V G,NO,,n-,,
1154,Furberg,A-S,NO,,tromsø,,
1155,Wilsgaard,T,NO,,tromsø,,
1156,Ursin,G,NO,,n-0304,,
1157,Wist,E A,NO,,n-,,
1158,Thune,I,NO,,n-,,
1159,Erikson,U,NO,ulf.erikson@sintef.no,n- trondheim,,
1160,Tvete,T,NO,,levanger,,
1161,Skadberg,Øyvind,NO,,stavanger,,
1162,Sandberg,Sverre,NO,,bergen,,
1163,Røraas,Thomas,NO,,bergen,,
1164,Petersen,Per Hyltoft,NO,,bergen,,
1165,Sellevoll,Hilde,NO,,bergen,,
1166,Svarstad,Einar,NO,,bergen,,
1167,Sæle,Kristin,NO,,bergen,,
1168,Aakre,Kristin Moberg,NO,,bergen,,
1169,Nedenskov-Sørensen,P,NO,,rikshospitalet,,
1170,Vamnes,Jan Sverre,NO,jan.vamnes@odont.uib.no,university of bergen,,
1171,Harris,Jennifer R,NO,jennifer.harris@fhi.no,oslo,,
1172,Nafstad,P,NO,per.nafstad@fhi.no,oslo,,
1173,Stangvaltaite,Lina,NO,,tromsø,,
1174,Kerosuo,Eero,NO,,tromsø,,
1175,Fjell,Anders M,NO,a.m.fjell@psykologi.uio.no,institute of psychology,,
1176,Andresen,Jannicke Hanne,NO,jannicke.andresen@rr-research.no,oslo,,
1177,Lange,Johan Emil,NO,jbrox@ous-hf.no.,oslo university hospital,,
1178,Sommerfelt,H,NO,,haukeland hospital,,
1179,Stene-Larsen,Kim,NO,kim.stene-larsen@fhi.no,0403 oslo,,
1180,Pettersen,Ruben Alexander,NO,rubenap@ibv.uio.no.,oslo,,
1181,Østbye,Kjartan,NO,kjartan.ostbye@ibv.uio.no.,oslo,,
1182,Holmen,Johannes,NO,johannes.holmen@gmail.com.,oslo,,
1183,Vøllestad,Leif Asbjørn,NO,asbjorn.vollestad@ibv.uio.no.,oslo,,
1184,Mo,Tor Atle,NO,tor-atle.mo@vetinst.no.,oslo,,
1185,Endresen,L,NO,,oslo,,
1186,Nadeau,Marie-Josée,NO,,trondheim,,
1187,Klaeboe,Ronny,NO,rk@toi.no,oslo,,
1188,Stray-Pedersen,Arne,NO,arne.stray-pedersen@labmed.uio.no,university of oslo,,
1189,Hofvind,Solveig,NO,solveig.hofvind@kreftregisteret.no,n- oslo,,
1190,Muschitiello,Francesco,NO,,bergen,,
1191,Chafik,Léon,NO,,bergen,,
1192,Flekkøy,Eirik G,NO,,oslo,,
1193,Måløy,Knut Jørgen,NO,,oslo,,
1194,Wang,Yun,NO,,oslo,,
1195,Kjærgaard,Marie,NO,,tromsø,,
1196,Sen,Abhijit,NO,,trondheim,,
1197,Schirmer,Henrik,NO,,tromsø,,
1198,Jorde,Rolf,NO,,tromsø,,
1199,Aas,S F,NO,,university of oslo,,
1200,Bondevik,O,NO,,university of oslo,,
1201,Andersen,A,NO,,oslo,,
1202,Lindtjørn,Bernt,NO,,bergen,,
1203,Skaane,Per,NO,perska@ous-hf.no.,university of oslo,,
1204,Gullien,Randi,NO,,oslo,,
1205,Eben,Ellen B,NO,,oslo,,
1206,Sandhaug,Merete,NO,,fredrikstad,,
1207,Mjaaseth,Ragnhild R,NO,,tromsø,,
1208,Bindoff,Laurence A,NO,laurence.bindoff@nevro.uib.no,bergen,,
1209,Wolff,Anette S B,NO,,bergen,,
1210,Magnus,Per,NO,per.magnus@fhi.no,oslo,,
1211,Olberg,Henning Kristian,NO,,university of bergen,,
1212,Eichele,Tom,NO,,university of bergen,,
1213,Schwarzlmüller,Thomas,NO,,haukeland university hospital,,
1214,Lind,Jonas,NO,,haukeland university hospital,,
1215,Hjelland,Ina Elen,NO,,haukeland university hospital,,
1216,Engelsen,Bernt Andreas,NO,,university of bergen,,
1217,Skomakerstuen Ødbehr,Liv,NO,,university of oslo,,
1218,Simonsen,Kristian A,NO,kristian.simonsen@igs.uib.no,bergen,,
1219,Kjelstrup,Kirsten G,NO,,trondheim,,
1220,Berentsen,Sigbjørn,NO,,5504 haugesund,,
1221,Sundic,Tatjana,NO,,5504 haugesund,,
1222,Døsen,Liv Kari,NO,liv.kari.dosen@rikshospitalet.no,oslo,,
1223,Moth,Fredrikke N,NO,,trondheim,,
1224,Sebastian,Tharani R,NO,,trondheim,,
1225,Horn,Julie,NO,,trondheim,,
1226,Romundstad,Pål R,NO,,trondheim,,
1227,Åsvold,Bjørn O,NO,,trondheim,,
1228,Waagbø,R,NO,rwa@nifes.no,n-5817 bergen,,
1229,Smerud,Knut T,NO,,oslo,,
1230,Åsberg,Anders,NO,,oslo,,
1231,Kile,Håkon,NO,,oslo,,
1232,Dahle,Dag O,NO,,oslo,,
1233,Bollerslev,Jens,NO,,oslo,,
1234,Godang,Kristin,NO,,oslo,,
1235,Hartmann,Anders,NO,,oslo,,
1236,Skogland,Terje,NO,,trondheim,,
1237,Bernhard,Annette,NO,,n-5817 bergen,,
1238,Rasinger,Josef D,NO,,n-5817 bergen,,
1239,Wisløff,Helene,NO,,n- oslo,,
1240,Kolbjørnsen,Øyvor,NO,,n- oslo,,
1241,Secher Myrmel,Lene,NO,,n-5817 bergen,,
1242,Berntssen,Marc H G,NO,,n-5817 bergen,,
1243,Lundebye,Anne-Katrine,NO,,n-5817 bergen,,
1244,Yimer,Solomon A,NO,,oslo university hospitaloslo,,
1245,Birhanu,Alemayehu G,NO,,university of oslooslo,,
1246,Kalayou,Shewit,NO,,oslo university hospitaloslo,,
1247,Riaz,Tahira,NO,,university of oslooslo,,
1248,Zegeye,Ephrem D,NO,,uni research environmentbergen,,
1249,Beyene,Getachew T,NO,,oslo university hospitaloslo,,
1250,Holm-Hansen,Carol,NO,,norwegian institute of public healthoslo,,
1251,Norheim,Gunnstein,NO,,norwegian institute of public healthoslo,,
1252,Tønjum,Tone,NO,,oslo university hospitaloslo,,
1253,Andreassen,A Elizabeth S,NO,,oslo,,
1254,Jacobsen,Caroline M,NO,,oslo,,
1255,de Blasio,BirgitteFreiesleben,NO,,oslo,,
1256,White,Richard,NO,,oslo,,
1257,Kristiansen,Ivar Sønbø,NO,,oslo,,
1258,Elstrøm,Petter,NO,,oslo,,
1259,Bryceson,Yenan T,NO,,bergen,,
1260,Herlofsen,Sarah R,NO,,oslo,,
1261,Olstad,K,NO,,oslo,,
1262,Zwick,Friederike,NO,rahmi.lale@ntnu.no.,trondheim n-,,
1263,Samson,Heidi,NO,heidi.samson@iko.uib.no,bergen,,
1264,Johansen,Odd Erik,NO,,asker,,
1265,Waehre,Anne,NO,anne.wahre@medisin.uio.no,oslo,,
1266,Brandtzaeg,P,NO,,rikshospitalet,,
1267,Hetland,Jørn,NO,joern.hetland@psych.uib.no,university of bergen,,
1268,Hagberg,I A,NO,,oslo,,
1269,Tallaksen,Chantal,NO,,oslo,,
1270,Viksveen,Petter,NO,,stavanger,,
1271,Bjønness,Stig Erlend,NO,,stavanger,,
1272,Berg,Siv Hilde,NO,,stavanger,,
1273,Cardenas,Nicole Elizabeth,NO,,stavanger,,
1274,Game,Julia Rose,NO,,stavanger,,
1275,Aase,Karina,NO,,stavanger,,
1276,Storm,Marianne,NO,,stavanger,,
1277,Fjell,Anders M,NO,,oslo,,
1278,Hansen,Tor I,NO,,trondheim,,
1279,Olsen,Sandra E,NO,,trondheim,,
1280,Haferstrom,Elise C D,NO,,trondheim,,
1281,Sand,Trond,NO,,trondheim,,
1282,Håberg,Asta K,NO,,trondheim,,
1283,Bjørgaas,Marit R,NO,marit.bjorgaas@ntnu.no.,trondheim,,
1284,Holst,N,NO,,university of tromsø,,
1285,Müller,Eike,NO,eikem@unis.no,no- longyearbyen,,
1286,Helland,Christian,NO,,oslo,,
1287,Haugen,Thomas,NO,,oslo,,
1288,Eriksrud,Ola,NO,,oslo,,
1289,Seynnes,Olivier,NO,,oslo,,
1290,Paulsen,Gøran,NO,goran.paulsen@olympiatoppen.no.,oslo,,
1291,Eisenstein,Odile,NO,,oslo,,
1292,Chu,Dinh-Toi,NO,chudinhtoi.hnue@gmail.com.,oslo,,
1293,Aaberge,L,NO,laaaberg@online.no,university of oslo,,
1294,Dahl,A,NO,,university of oslo,,
1295,Creighton,Maria T,NO,,n-,,
1296,Kolton,Anna,NO,,n-,,
1297,Kataya,Amr R A,NO,,n-,,
1298,Maple-Grødem,Jodi,NO,,n-,,
1299,Averkina,Irina O,NO,,n-,,
1300,Heidari,Behzad,NO,,n-,,
1301,Lillo,Cathrine,NO,,n-,,
1302,Oughton,Deborah H,NO,deborah.oughton@umb.no,aas,,
1303,Madsen,Lise,NO,,bergen,,
1304,Yndestad,Arne,NO,arne.yndestad@klinmed.uio.no,n- oslo,,
1305,Johnsen,Stein Harald,NO,stein.johnsen@ism.uit.no,n- tromsø,,
1306,Birkenes,Tonje S,NO,tonje.birkenes@laerdal.no,oslo,,
1307,Hopstock,Laila Arnesdatter,NO,laila.hopstock@uit.no,tromsø,,
1308,Oveland Apelseth,Torunn,NO,,bergen,,
1309,Jaakkola,J J,NO,,oslo,,
1310,Giertsen,E,NO,,n-0316 oslo,,
1311,Steen-Johnsen,J,NO,,porsgrunn,,
1312,Rusten,I Skottheim,NO,,oslo,,
1313,Asbjørn,Danielsen,NO,asbjorn.danielsen@uit.no.,narvik,,
1314,Jim,Torresen,NO,jimtoer@ifi.uio.no.,oslo,,
1315,Iversen,Hilde Hestad,NO,hii@kunnskapssenteret.no,oslo 0130,,
1316,Myklestad,Kirsti,NO,kirsti.myklestad@ntnu.no,trondheim n-,,
1317,Saetre,Erik,NO,erik.saetre@ulleval.no,oslo,,
1318,Rydstedt,Leif W,NO,,lillehammer,,
1319,Skaug,Håkon Pharo,NO,hakon.pharo.skaug@vestreviken.no,oslo,,
1320,Bjorvatn,B,NO,,university of bergen,,
1321,Khodambashi,Soudabeh,NO,,norwegian university of science and technology,,
1322,Nytrø,Øystein,NO,,norwegian university of science and technology,,
1323,Schoeyen,Helle K,NO,hsc@sus.no,stavanger,,
1324,Okamoto,Hiroshi,NO,,no-0315 oslo,,
1325,Steen,R,NO,,university of oslo,,
1326,Orvik,Arne,NO,,ålesund,,
1327,Nordhus,Gerd E M,NO,,ålesund,,
1328,Møller,Anne-Sophie W,NO,a.s.w.moller@ioks.uio.no,n- oslo,,
1329,Ringstad,J,NO,,sarpsborg,,
1330,Nerland,Ulf S,NO,,trondheim,,
1331,Solheim,Ole,NO,,trondheim,,
1332,Gulati,Michel,NO,,trondheim,,
1333,Weber,Clemens,NO,,stavanger,,
1334,Nygaard,Øystein P,NO,,trondheim,,
1335,Solberg,Tore K,NO,,tromsø,,
1336,Gulati,Sasha,NO,,trondheim,,
1337,Westerhausen,René,NO,rene.westerhausen@psykologi.uio.no.,oslo,,
1338,Friesen,Charline-Marie,NO,,oslo,,
1339,Rohani,Darius A,NO,,oslo,,
1340,Krogsrud,Stine K,NO,,oslo,,
1341,Tamnes,Christian K,NO,,oslo,,
1342,Skranes,Jon S,NO,,trondheim,,
1343,Håberg,Asta K,NO,,trondheim,,
1344,Fjell,Anders M,NO,,oslo,,
1345,Walhovd,Kristine B,NO,,oslo,,
1346,Davanger,S,NO,,university of oslo,,
