temp_id,lastname,firstname,countries_scope,email,town,role,url
1,Foss,Aksel,NO,,oslo,,
2,Melinder,Annika,NO,a.m.d.melinder@psykologi.uio.no,oslo,,
3,Sakai,Yuki,NO,,trondheim,,
4,Iversen,Valentina,NO,,trondheim,,
5,Reitan,Solveig Klæbo,NO,solveig.reitan@ntnu.no.,trondheim,,
6,Vollset,Stein Emil,NO,,bergen,,
7,Weiderpass,Elisabete,NO,,oslo,,
8,Socanski,Dobrinko,NO,dobrinko.socanski@sus.no,stavanger,,
9,Tonstad,S,NO,serena.tonstad@rh.uio.no,oslo,,
10,Krukhaug,Yngvar,NO,,bergen,,
11,Olsen,Marit Vassbotten,NO,,bergen,,
12,Rygh,Lars Jørgen,NO,,bergen,,
13,Nilsen,Roy M,NO,,bergen,,
14,Norekvål,Tone M,NO,,bergen,,
15,Hamre,Anne Grethe,NO,,ås,,
16,Strømnes,Anne-Grethe Skaarberg,NO,,ås,,
17,Gustavsen,Daniel,NO,,ås,,
18,Vaaje-Kolstad,Gustav,NO,,ås,,
19,Eijsink,Vincent G H,NO,,ås,,
20,Grinde,Bjørn,NO,bjgr@fhi.no,0403 oslo,,
21,Nygård,Jan F,NO,,oslo county,,
22,Ree,Anne Hansen,NO,a.h.ree@medisin.uio.no.,1478 lørenskog,,
23,Meltzer,Sebastian,NO,kjersti.flatmark@rr-research.no.,1478 lørenskog,,
24,Flatmark,Kjersti,NO,kjersti.flatmark@rr-research.no.,0318 oslo,,
25,Dueland,Svein,NO,svedue@ous-hf.no.,0424 oslo,,
26,Kalanxhi,Erta,NO,erta.kalanxhi@medisin.uio.no.,1478 lørenskog,,
27,Øyane,Nicolas M,NO,nicolas.oyane@isf.uib.no,bergen,,
28,Alho,A,NO,,ullevaal hospital,,
29,Cramariuc,Dana,NO,,bergen,,
30,Lønnebakken,Mai T,NO,,bergen,,
31,Gerdts,Eva,NO,,bergen,,
32,Myrmel,T,NO,,university of tromsø,,
33,Mellem,H,NO,,oslo,,
34,Hietala,Ari M,NO,ari.hietala@skogforsk.no,as,,
35,Haugen,Margaretha,NO,margaretha.haugen@fhi.no,oslo,,
36,Urich,Tim,NO,,bergen,,
37,Holmeslet,Berit,NO,berit.holmeslet@stolav.no,trondheim,,
38,Knaus,Andreas,NO,andreas.knaus@rikshospitalet.no,rikshospitalet university hospital,,
39,Kornstad,L,NO,,oslo,,
40,Hankø,Erik,NO,,n- oslo,,
41,Bast-Pettersen,Rita,NO,,n-0033 oslo,,
42,Chashchin,Maxim,NO,,n-0033 oslo,,
43,Thomassen,Yngvar,NO,,n-0033 oslo,,
44,Davidson,Ben,NO,bend@ulrik.uio.no,montebello n- oslo,,
45,Hussain,Ajmal,NO,ajmal@hussain.no.,oslo,,
46,Matre,K,NO,,haukeland hospital,,
47,Breivik,T,NO,tbreivik@odont.uio.no,oslo,,
48,Juvkam,Kari Hilde,NO,khjuvkam@online.no,grimstad legesenter,,
49,Semenchuk,Philipp Robert,NO,,tromsø,,
50,Westin,Andreas Austgulen,NO,andreas.westin@legemidler.no,trondheim,,
51,Andersen,Lars Bo,NO,lboandersen@health.sdu.dk.,oslo,,
52,Zeller,B,NO,bem.zeller@ah.telia.no,nordbyhagen,,
53,Mortensen,Anne S,NO,,trondheim,,
54,Vandvik,Vigdis,NO,vigdis.vandvik@bio.uib.no,bergen,,
55,Kileng,Oyvind,NO,,n- tromsø,,
56,Carroll,Jolynn,NO,jc@akvaplan.niva.no,tromsø,,
57,Wüsthoff,Linda Elise,NO,l.e.wusthoff@medisin.uio.no,n- oslo,,
58,Dickstein,Kenneth,NO,,stavanger,,
59,Linløkken,A N,NO,arne.linlokken@hihm.no,n-2306 hamar,,
60,Landheim,A S,NO,anne.landheim@sanderud-sykehus.no,oslo,,
61,Aarhus,Lisa,NO,lisa.aarhus@fhi.no.,oslo,,
62,Tambs,Kristian,NO,,oslo,,
63,Nafstad,Per,NO,,oslo,,
64,Bjørgan,Eskil,NO,,levanger,,
65,Engdahl,Bo,NO,,oslo,,
66,Moen,Aurora,NO,,oslo,,
67,Jacobsen,Daniel,NO,,oslo,,
68,Phuyal,Santosh,NO,,oslo,,
69,Legfeldt,Anna,NO,,oslo,,
70,Haugen,Fred,NO,,oslo,,
71,Røe,Cecilie,NO,,oslo,,
72,Gjerstad,Johannes,NO,johannes.gjerstad@stami.no.,oslo,,
73,Biringer,Eva,NO,eva.biringer@psyk.uib.no,university of bergen,,
74,Gomes,M A,NO,,university of bergen,,
75,Rud,A K,NO,ane.kongsgaard.rud@rr-research.no,oslo,,
76,Gøthesen,O,NO,,bergen,,
77,Snipstad,Sofie,NO,,trondheim,,
78,Sulheim,Einar,NO,,trondheim,,
79,de Lange Davies,Catharina,NO,,trondheim,,
80,Schmid,Ruth,NO,,trondheim,,
81,Hvattum,Erlend,NO,erlend.hvattum@ge.com,0401 oslo,,
82,Nielsen,Kristian P,NO,kristian.nielsen@ift.uib.no,bergen,,
83,Jansen,Aina,NO,,gjøvik,,
84,Lyche,Jan L,NO,,oslo,,
85,Polder,Anuschka,NO,,oslo,,
86,Aaseth,Jan,NO,,kongsvinger,,
87,Skaug,Marit Aralt,NO,,elverum,,
88,Salte,R,NO,,as,,
89,Gundersen,Kjell Gunnar,NO,,haugesund,,
90,Hallan,Stein,NO,,norwegian university of science and technology,,
91,Opaas,Marianne,NO,,oslo,,
92,Hartmann,Ellen,NO,,university of oslo,,
93,Wentzel-Larsen,Tore,NO,,oslo,,
94,Varvin,Sverre,NO,,oslo,,
95,Rao,Vidar,NO,vidarrao@gmail.com,st. olavs hospital,,
96,Puzo,Quirino,NO,quirino.puzo@medisin.uio.no.,oslo,,
97,Qin,Ping,NO,,oslo,,
98,Mehlum,Lars,NO,,oslo,,
99,Albretsen,C,NO,,university of bergen,,
100,Borsi,J D,NO,,university of trondheim,,
101,Nygaard,H A,NO,,bergen,,
102,Larsen,J P,NO,,stavanger,,
103,Mathisen,Lars,NO,lars.mathisen@medisin.uio.no,oslo,,
104,Helgeland,Anders,NO,andershe@ifi.uio.no,kjeller,,
105,Vogelsang,T M,NO,,bergen,,
106,Lingjaerde,O,NO,,oslo,,
107,Furnham,Adrian,NO,,oslo,,
108,Yaksi,Emre,NO,,trondheim,,
109,Channa,Kalavati R,NO,kalavati.channa@nioh.nhls.ac.za,tromsø,,
110,Landrø,N I,NO,,university of oslo,,
111,Berg,K H,NO,,kristiansand,,
112,Rohde,G,NO,,kristiansand,,
113,Prøven,A,NO,,bærum,,
114,Almås,E,NO,,kristiansand,,
115,Benestad,Eep,NO,,kristiansand,,
116,Østensen,M,NO,,kristiansand,,
117,Haugeberg,G,NO,,kristiansand,,
118,Hoftun,Gry Børmark,NO,gry.b.hoftun@ntnu.no,trondheim,,
119,Skinningsrud,Beate,NO,beate.skinningsrud@medisin.uio.no,n- oslo,,
120,Bugge,Marit,NO,,trondheim,,
121,Nilsen,Nadra J,NO,,trondheim,,
122,Haug,Anna,NO,anna.haug@umb.no,n- as,,
123,Rodal,G H,NO,,oslo,,
124,Adolfsson,Annsofie,NO,annsofie.adolfsson@oru.se.,kongsberg,,
125,Galappaththi-Arachchige,H N,NO,,oslo,,
126,Kjetland,E F,NO,,oslo,,
127,Baay,M F D,NO,,oslo,,
128,Gele,Abdi A,NO,,oslo,,
129,Klanderud,Kari,NO,,n-1432 ås,,
130,Telford,Richard J,NO,,n-5020 bergen,,
131,Vandvik,Vigdis,NO,,n-5020 bergen,,
132,Rønning,Pål A,NO,palronning@gmail.com,oslo,,
133,Lind,O,NO,,bergen,,
134,Børretzen,Ingelin,NO,ingelin.borretzen@rickshospitalet.no,oslo,,
135,Jenum,A K,NO,akjenum@c2i.net,n-0317 oslo,,
136,Eide,Leslie Sp,NO,,bergen,,
137,Ranhoff,Anette H,NO,,bergen,,
138,Fridlund,Bengt,NO,,bergen,,
139,Haaverstad,Rune,NO,,bergen,,
140,Hufthammer,Karl Ove,NO,,bergen,,
141,Kuiper,Karel K J,NO,,bergen,,
142,Nordrehaug,Jan Erik,NO,,bergen,,
143,Norekvål,Tone Merete,NO,,bergen,,
144,Bittins,Claudia Margarethe,NO,,bergen,,
145,Castellheim,A,NO,castellheim@msn.com,oslo,,
146,Berhane,Tewelde,NO,tewelde.berhane@broadpark.no,stavanger,,
147,Ulvestad,Bente,NO,bente.ulvestad@krefregisteret.no,oslo,,
148,Müller,Hans-Peter,NO,hans-peter.muller@fagmed.uit.no,breivika,,
149,Ebbesen,J,NO,justebbe@online.no,n- nordbyhagen,,
150,Steen,H B,NO,,oslo,,
151,Hanssen,K F,NO,,oslo,,
152,Bakkeheim,Egil,NO,bake@uus.no,ullevål,,
153,Nordvik,Jan-Egil,NO,,nesodden,,
154,Westlye,Lars T,NO,,oslo,,
155,Skeie,G,NO,,breivika n-,,
156,Gram,I T,NO,,breivika n-,,
157,Torgersen,Terje,NO,terje.torgersen@stolav.no,trondheim,,
158,Rimehaug,Audun E,NO,audun.rimehaug@gmail.com.,trondheim,,
159,Skogvoll,Eirik,NO,,trondheim,,
160,Aadahl,Petter,NO,,trondheim,,
161,Lyng,Oddveig,NO,,trondheim,,
162,Nordhaug,Dag O,NO,,trondheim,,
163,Løvstakken,Lasse,NO,,trondheim,,
164,Kirkeby-Garstad,Idar,NO,,trondheim,,
165,Stenehjem,J S,NO,,oslo,,
166,Smeland,K B,NO,,oslo,,
167,Murbraech,K,NO,,oslo,,
168,Holte,H,NO,,oslo,,
169,Kvaløy,S,NO,,oslo,,
170,Wethal,T,NO,,trondheim,,
171,Kiserud,C E,NO,,oslo,,
172,Lund,M B,NO,,oslo,,
173,Østborg,Tilde B,NO,,stavanger,,
174,Romundstad,Pål R,NO,,trondheim,,
175,Eggebø,Torbjørn M,NO,,stavanger,,
176,Fjeldstad,Anette,NO,,oslo,,
177,Høglend,Per,NO,,oslo,,
178,Lorentzen,Steinar,NO,,oslo,,
179,Mildenberger,Jennifer,NO,,trondheim,,
180,Johansson,Ida,NO,,trondheim,,
181,Kjøbli,Eli,NO,,trondheim,,
182,Damås,Jan Kristian,NO,,trondheim,,
183,Flo,Trude Helen,NO,,trondheim,,
184,Bjørkøy,Geir,NO,,trondheim,,
185,Aldrin,Magne,NO,magne.aldrin@nr.no,oslo,,
186,Martinsen,A,NO,,porsgrunn,,
187,Negaard,A,NO,anne.negard@medisin.uio.no,oslo,,
188,Veltman,Karin,NO,karin.veltman@ntnu.no,trondheim,,
189,Bjørge,T,NO,tone.bjorge@oslo.online.no,n- oslo,,
190,Kjome,Reidun L S,NO,reidun.kjome@isf.uib.no,university of bergen,,
191,Osterås,Håvard,NO,,n- trondheim,,
192,Keshari,Pankaj,NO,,oslo,,
193,Wold,J K,NO,,university of oslo,,
194,Vikanes,Åse,NO,ase.vigdis.vikanes@fhi.no,oslo,,
195,Strand,A,NO,,trondheim,,
196,Strand,Linda,NO,linda.strand@sthf.no,skien,,
197,Martinsen,Tom C,NO,tom.chr.martinsen@ntnu.no,trondheim,,
198,Garratt,Andrew,NO,andrew.garratt@kunnskapssenteret.no,oslo,,
199,Müller,L,NO,,oslo,,
200,Ludvigsen,Jane,NO,,ås,,
201,Svihus,Birger,NO,,ås,,
202,Rudi,Knut,NO,,ås,,
203,Røed,A,NO,,university of oslo,,
204,Olsen,Ingrid,NO,,oslo,,
205,Austbø,Lars,NO,lars.austbo@veths.no,oslo,,
206,Andresen,Jannicke Hanne,NO,jannicke.andresen@rr-research.no,oslo,,
207,Blikra,Marthe J,NO,,stavanger,,
208,Løvdal,Trond,NO,,stavanger,,
209,Vaka,Mette R,NO,,stavanger,,
210,Roiha,Irja S,NO,,bergen,,
211,Lunestad,Bjørn Tore,NO,,bergen,,
212,Lindseth,Cecilie,NO,,stavanger,,
213,Skipnes,Dagbjørn,NO,,stavanger,,
214,Hodne,Kjetil,NO,,oslo,,
215,Lipsett,David B,NO,,oslo,,
216,Louch,William E,NO,w.e.louch@medisin.uio.no.,oslo,,
217,Andreassen,Siw Lillevik,NO,,trondheim,,
218,Samadpoor Rikan,Behnam,NO,behnam@ifi.uio.no.,oslo,,
219,Foss,Bjarne,NO,,ntnu,,
220,de Vogel,Stefan,NO,,bergen,,
221,Bofin,Anna M,NO,anna.bofin@medisin.ntnu.no,trondheim,,
222,Christensen,E,NO,,trondheim,,
223,Mjønes,P,NO,,trondheim,,
224,Grimstad,Ø,NO,,tromsø,,
225,Foss,O A,NO,,trondheim,,
226,Havelin,L I,NO,,bergen,,
227,Holm,Sverre,NO,,no-0316 oslo,,
228,Carlsen,Harald,NO,,oslo,,
229,Dahl,K,NO,,b trondheim,,
230,Du,Zhen-Yu,NO,zdu@nifes.no,n-5817 bergen,,
231,Laake,Jon Henrik,NO,jon.henrik.laake@rikshospitalet.no,oslo,,
232,Egede-Nissen,Veslemøy,NO,veslemoy.egede-nissen@ldh.no,lovisenberg diaconal university college,,
233,Johnsen,Ingvild Bjellmo,NO,ingvild.johnsen@ntnu.no,trondheim n-,,
234,Oksvold,M P,NO,m.p.oksvold@labmed.uio.no,university of oslo,,
235,Thorsen,Viva Combs,NO,v.c.thorsen@medisin.uio.no.,oslo,,
236,Nyberg-Hansen,R,NO,,university of oslo,,
237,Hasvold,T,NO,,university of tromsø,,
238,Utheim,Tor Paaske,NO,,oslo,,
239,Thilesen,Carina M,NO,c.thilesen@alfred.org.au,tromsö,,
240,Rosales,Antonio,NO,,aker,,
241,Hisdal,Jonny,NO,,aker,,
242,Osnes,Eivind K,NO,,aker,,
243,Sundhagen,Jon O,NO,,aker,,
244,Jørgensen,Jørgen J,NO,,oslo,,
245,Goll,Rasmus,NO,rasmus.goll@unn.no,university of tromsø,,
246,Alho,A,NO,,university of oslo,,
247,Jønsson,Viggo,NO,viggo.jonsson@medisin.uio.no,no  oslo,,
248,Macaulay,Gavin J,NO,gavin.macaulay@imr.no,bergen,,
249,Stenström,Björn,NO,,trondheim,,
250,Biffa,Demelash,NO,demelash.biffa@gmail.com,0033 oslo,,
251,Lund,E,NO,,university of tromsø,,
252,Kemi,Ole J,NO,,trondheim,,
253,Leivestad,T,NO,,oslo,,
254,Tvete,Ingunn F,NO,ingunn.fride.tvete@nr.no,oslo,,
255,von Tetzchner,Stephen,NO,,oslo,,
256,Stadskleiv,Kristine,NO,,oslo,,
257,Bergquist,Ronny,NO,,trondheim,,
258,Taraldsen,Kristin,NO,,trondheim,,
259,Helbostad,Jorunn L,NO,,trondheim,,
260,Vereijken,Beatrix,NO,,trondheim,,
261,Olarescu,Nicoleta C,NO,,oslo,,
262,Jourdan,P M,NO,pmjourdan@yahoo.no,oslo,,
263,Børresen,Anne-Lise,NO,,oslo,,
264,Brudeseth,Bjørn E,NO,bjorn.brudeseth@alpharma.no,0033 oslo,,
265,Stenehjem,J S,NO,,oslo,,
266,Veierød,M B,NO,,oslo,,
267,Nilsen,L T,NO,,østerås,,
268,Ghiasvand,R,NO,,oslo,,
269,Johnsen,B,NO,,østerås,,
270,Grimsrud,T K,NO,,oslo,,
271,Babigumira,R,NO,,oslo,,
272,Støer,N C,NO,,oslo,,
273,Robsahm,T E,NO,,oslo,,
274,Beitnes,Jan Otto,NO,jan.otto.beitnes@rikshospitalet.no,oslo,,
275,Bjertness,Marius B,NO,m.b.bjertness@studmed.uio.no.,oslo,,
276,Htet,Aung Soe,NO,,oslo,,
277,Meyer,Haakon E,NO,,oslo,,
278,Sherpa,Lhamo Y,NO,,oslo,,
279,Bjertness,Espen,NO,,oslo,,
280,Lahelle,Andreas Falck,NO,,tromsø,,
281,Øberg,Gunn Kristin,NO,,tromsø,,
282,Normann,Britt,NO,,tromsø,,
283,Dhanasiri,Anusha K S,NO,,bodø,,
284,Refsum,Helga,NO,,oslo,,
285,Drevon,Christian A,NO,,oslo,,
286,Hansen,Pernille,NO,,oslo,,
287,Simonsen,Hanne Gram,NO,,oslo,,
288,Lazarova,P,NO,,oslo 310,,
289,Claudi,T,NO,tclaudi@online.no,bodø,,
290,Hvidsten,T R,NO,,ås,,
291,Barrand,Sanna,NO,,oslo,,
292,Våtsveen,Thea Kristin,NO,,trondheim,,
293,Sponaas,Anne-Marit,NO,,trondheim,,
294,Misund,Kristine,NO,,trondheim,,
295,Sundan,Anders,NO,,trondheim,,
296,Børset,Magne,NO,,trondheim,,
297,Waage,Anders,NO,,trondheim,,
298,Brede,Gaute,NO,gabrede@gmail.com.,trondheim,,
299,Shrestha,Sanjaya,NO,,bergen,,
300,Risberg,J,NO,,university of bergen,,
301,Fredriksen,C,NO,,university of bergen,,
302,Bakken,Trine Lise,NO,,oslo,,
303,Sundby,Inger-Lise,NO,,oslo,,
304,Klevmoen,Gunn Helene,NO,,oslo,,
305,Lönnroth,Emma-Christin,NO,emma@arb.luth.se,haslum,,
306,Subramaniam,Gunasekaran,NO,,bergen,,
307,Campsteijn,Coen,NO,,bergen,,
308,Thompson,Eric M,NO,,bergen,,
309,Bakke,Espen F,NO,espen.bakke@medisin.uio.no,oslo,,
310,Andersen,Hilde Kjernlie,NO,,oslo,,
311,Østerås,Bjørn Helge,NO,,oslo,,
312,Aarsnes,Anette,NO,,oslo,,
313,Fosse,Erik,NO,,oslo,,
314,Martinsen,Anne Catrine,NO,,n-0316 oslo,,
315,Øverland,Simon,NO,,oslo,,
316,Torp,Steffen,NO,,tønsberg,,
317,Liabø,Janne,NO,,oslo,,
318,Sandeck,Helmut P,NO,helmut.sandeck@stolav.no,n- trondheim,,
319,Haugarvoll,Erlend,NO,,oslo,,
320,Hanche-Olsen,Terje Peder,NO,hancheolsen@hotmail.com,bergen,,
321,Feragen,Kristin Billaud,NO,,oslo,,
322,Clausen,T,NO,,oslo,,
323,Xue,Ying,NO,,university of bergen,,
324,Mustafa,Kamal,NO,,university of bergen,,
325,Berg-Johnsen,J,NO,,oslo,,
326,Smith,Pål J,NO,,rud,,
327,Henriksen,T H,NO,,tönsberg,,
328,Rike,Per-Ola,NO,,nesodden,,
329,Johansen,Hans J,NO,,stavern,,
330,Ulleberg,Pål,NO,,oslo,,
331,Schanke,Anne-Kristine,NO,,nesodden,,
332,Vik,Rita,NO,,bergen,,
333,Bjørndal,Bodil,NO,,bergen,,
334,Holm,Sverre,NO,,oslo,,
335,Brattelid,Trond,NO,,bergen,,
336,Halvorsen,Bente,NO,,oslo,,
337,Aukrust,Pål,NO,,oslo,,
338,Nordrehaug,Jan E,NO,,bergen,,
339,Skorve,Jon,NO,,bergen,,
340,Berge,Rolf K,NO,,bergen,,
341,Berge,Line Iden,NO,line.iden.berge@gmail.com.,bergen,,
342,Mittelmark,Maurice B,NO,,bergen,,
343,Krossnes,B K,NO,,bergen,,
344,Stangeland,Torunn,NO,torunn.stangeland@umb.no,no-1432 aas,,
345,Hellesø,Ragnhild,NO,ragnhild.helleso@medisin.uio.no,norwegian nurses association,,
346,Ljoså,Cathrine Haugene,NO,,national institute of occupational health,,
347,Bustnes,Jan O,NO,jan.o.bustnes@nina.no,n- tromsø,,
348,Brumpton,Ben M,NO,,trondheim,,
349,Fritsche,Lars G,NO,,trondheim,,
350,Gabrielsen,Maiken E,NO,,trondheim,,
351,Hveem,Kristian,NO,,trondheim,,
352,Langhammer,Arnulf,NO,,trondheim,,
353,Holmen,Oddgeir L,NO,,trondheim,,
354,Løset,Mari,NO,,trondheim,,
355,Abecasis,Gonçalo R,NO,,trondheim,,
356,Willer,Cristen J,NO,,trondheim,,
357,Høgli,June Utnes,NO,,tromsø,,
358,Kittelsen,K E,NO,,no- oslo,,
359,David,B,NO,,no- oslo,,
360,Moe,R O,NO,,no- oslo,,
361,Granquist,E G,NO,,no- oslo,,
362,Drageset,Sigrunn,NO,,bergen,,
363,Schjøtt,Jan,NO,jan.didrik.schjott@helse-bergen.no.,bergen,,
364,Reppe,Linda Amundstuen,NO,linda.a.reppe@nord.no.,namsos,,
365,Spigset,Olav,NO,olav.spigset@legemidler.no.,trondheim,,
366,Grindeland,J M,NO,john.m.grindeland@hist.no,oslo,,
367,Enger,Tone B,NO,,trondheim,,
368,Pleym,Hilde,NO,,trondheim,,
369,Stenseth,Roar,NO,,trondheim,,
370,Greiff,Guri,NO,,trondheim,,
371,Wahba,Alexander,NO,,trondheim,,
372,Sandberg,Rita Marie,NO,rita.marie.sandberg@stolav.no,trondheim,,
373,Nenad,Tajsi,NO,,tromsø,,
374,Nilsen,Kristian Bernhard,NO,kristian.b.nilsen@ntnu.no,oslo,,
375,Kolstad,A,NO,arnkolst@online.no,oslo,,
376,Skjerdal,Taran,NO,,oslo,,
377,Tessema,Girum Tadesse,NO,,oslo,,
378,Fagereng,Tone,NO,,oslo,,
379,Moen,Lena Haugland,NO,,oslo,,
380,Lyshaug,Lars,NO,,oslo,,
381,From,Cecilie,NO,,stokke,,
382,Bringeland,Gerd Haga,NO,,bergen,,
383,Bader,Lucius,NO,,bergen,,
384,Blaser,Nello,NO,,bergen,,
385,Myhr,Kjell-Morten,NO,,bergen,,
386,Vedeler,Christian A,NO,,bergen,,
387,Gavasso,Sonia,NO,,bergen,,
388,Langebrekke,Anton,NO,,n- oslo,,
389,Sivertsen,Børge,NO,,haugesund,,
390,Eberhard-Gran,Malin,NO,,lørenskog,,
391,Hassel,Kristian,NO,,trondheim,,
392,Puzo,Quirino,NO,,oslo,,
393,Mehlum,Lars,NO,,oslo,,
394,Qin,Ping,NO,,oslo,,
395,Dowdall,Mark,NO,mark.dowdall@nrpa.no,tromsø,,
396,Holme,J A,NO,,oslo,,
397,Baardseth,Pernille,NO,pernille.baardseth@mathforsk.no.,as,,
398,Kelly,Allen,NO,,7491 trondheim,,
399,Salerno,Simona,NO,,7491 trondheim,,
400,Stølen,Tomas,NO,,7491 trondheim,,
401,Smith,Godfrey L,NO,,7491 trondheim,,
402,Kvalem,I L,NO,ingela.kvalem@psykologi.uio.no,university of oslo,,
403,Fortelius,M,NO,,no-0316 oslo,,
404,Lingaas,F,NO,,oslo,,
405,Sinha,Santanu,NO,,n-0316 oslo,,
406,Kjellstadli,Jonas T,NO,,n- trondheim,,
407,Hansen,Alex,NO,,n- trondheim,,
408,Lund,Ingeborg,NO,il@sirus.no,n- oslo,,
409,Rokkones,E,NO,,university of oslo,,
410,Bygnes,Susanne,NO,,university of bergen,,
411,Braekhus,A,NO,,oslo,,
412,Mattsson,Anders,NO,anders.mattsson@pgs.com,lysaker,,
413,Malm,D,NO,,university of tromsø,,
414,Cardoso,Inês,NO,,oslo,,
415,Stamnaes,Jorunn,NO,,oslo,,
416,Andersen,Jan Terje,NO,,oslo,,
417,Iversen,Rasmus,NO,,oslo,,
418,Sollid,Ludvig M,NO,,oslo,,
419,Fredriksen,Per Morten,NO,,kristiania university college,,
420,Skår,Angelica,NO,,kristiania university college,,
421,Mamen,Asgeir,NO,,kristiania university college,,
422,Barøy,Tuva,NO,,oslo,,
423,Schumacher,Eva M,NO,,oslo,,
424,Misceo,Doriana,NO,,oslo,,
425,Frengen,Eirik,NO,,oslo,,
426,Bentsen,Beint S,NO,,oslo,,
427,Strømme,Petter,NO,,oslo,,
428,Brodtkorb,E,NO,,trondheim,,
429,Stenøien,Hans K,NO,,trondheim,,
430,Ruud,L E,NO,lars.erik.ruud@tine.no,n- ås,,
431,Christensen,G,NO,,ulleål hospital,,
432,Arøen,Asbjørn,NO,asben@online.no,lørenskog,,
433,Leyshon,Stephen,NO,,høvik,,
434,Salbu,Brit,NO,,n-1432 ås,,
435,Teien,Hans-Christian,NO,,n-1432 ås,,
436,Heier,Lene Sørlie,NO,,n-1432 ås,,
437,Rosseland,Bjørn Olav,NO,,n-1432 ås,,
438,Tollefsen,Knut Erik,NO,,n-0349 oslo,,
439,Kristoffersen,Ø,NO,,bergen,,
440,Eriksen,H R,NO,hege.eriksen@psych.uib.no,bergen,,
441,Bekkelund,S I,NO,,tromsø university hospital,,
442,Kulle,B,NO,bkulle@medisin.uio.no,oslo,,
443,Steffensen,A J,NO,,n- bodo,,
444,Amundsen,T,NO,,university hospital of trondheim,,
445,Mjaavatten,Olav,NO,,bergen,,
446,Tysnes,O-B,NO,obty@haukeland.no,bergen,,
447,Johannessen,Rune,NO,rune.trondheim@gmail.com,trondheim,,
448,Lindeman,Ida,NO,,oslo,,
449,Snir,Omri,NO,,oslo,,
450,Qiao,Shuo-Wang,NO,,oslo,,
451,Sollid,Ludvig M,NO,,oslo,,
452,Fossum,Even,NO,,oslo,,
453,Bogen,Bjarne,NO,,oslo,,
454,Odegård,Jørgen,NO,,aquagen as trondheim,,
455,Moen,Thomas,NO,,aquagen as trondheim,,
456,Santi,Nina,NO,,aquagen as trondheim,,
457,Korsvoll,Sven A,NO,,aquagen as trondheim,,
458,Kjøglum,Sissel,NO,,aquagen as trondheim,,
459,Meuwissen,Theo H E,NO,,norwegian university of life sciences aas,,
460,Bjorbaekmo,Wenche S,NO,w.s.bjorbakmo@medisin.uio.no,0318 oslo,,
461,Lian,Øystein,NO,ostrc@nih.no,oslo,,
462,Bjørklund,Geir,NO,,mo i rana,,
463,Odden,Nancy,NO,nancy.odden@rikshospitalet.no,oslo,,
464,Mysterud,Atle,NO,atle.mysterud@bio.uio.no,oslo,,
465,Midelfart,A,NO,,university hospital,,
466,Olsen,H F,NO,hanne.fjerdingby@umb.no,ås,,
467,Kvåle,Gunnar,NO,gunnar.kvale@cih.uib.no,university of bergen,,
468,Pillgram-Larsen,J,NO,,oslo,,
469,Mateos-Rivera,Alejandro,NO,alejandro.mateos.rivera@hisf.no.,sogndal,,
470,Yde,Jacob C,NO,,sogndal,,
471,Wilson,Bryan,NO,,bergen,,
472,Reigstad,Laila J,NO,,bergen,,
473,Øvreås,Lise,NO,,bergen,,
474,Aarak,Kristi Ekrann,NO,kristi.aarak@umb.no.,ås,,
475,Rønnekleiv,Arne,NO,arne.ronnekleiv@iet.ntnu.no,trondheim,,
476,Solheim,H,NO,,n- ås,,
477,Thörnqvist,Sara,NO,,bergen,,
478,Wist,Erik,NO,,oslo,,
479,Acharya,Ganesh,NO,ganesh.acharya@unn.no,n- tromsø,,
480,Romm,K L,NO,k.l.romm@medisin.uio.no,oslo,,
481,Oilo,Marit,NO,marit.oilo@odont.uib.no,n- bergen,,
482,Neupane,Sudan Prasad,NO,,oslo,,
483,Midjo,Turid,NO,,norwegian university of science and technology,,
484,Aune,Karin Ellingsen,NO,,norwegian university of science and technology,,
485,Nketiah,Gabriel,NO,gabriel.nketiah@ntnu.no.,trondheim,,
486,Elschot,Mattijs,NO,,trondheim,,
487,Kim,Eugene,NO,,trondheim,,
488,Teruel,Jose R,NO,,trondheim,,
489,Bathen,Tone F,NO,,trondheim,,
490,Selnæs,Kirsten M,NO,,trondheim,,
491,Augestad,Knut Magne,NO,knut.magne.augestad@telemed.no,norwegian centre for telemedicine,,
492,Alvseike,O,NO,,p.o. box  dep. 0173 oslo,,
493,Junges,Roger,NO,,oslo,,
494,Salvadori,Gabriela,NO,,oslo,,
495,Petersen,Fernanda C,NO,,oslo,,
496,Myklebust,Line M,NO,,bergen,,
497,Horvli,Ole,NO,,bergen,,
498,Raae,Arnt J,NO,,bergen,,
499,Finstad,Anders G,NO,,trondheim,,
500,Becker,Frank,NO,frank.becker@sunnaas.no,oslo,,
501,Edvardsen,Thor,NO,,oslo,,
502,Lunestad,Bjørn Tore,NO,,n-5817 bergen,,
503,Hannisdal,Rita,NO,,n-5817 bergen,,
504,Vural,G,NO,,oslo,,
505,Jørgensen,A P,NO,andjoe@ous-hf.no,oslo,,
506,Torlakovic,E,NO,emina-torlakovic@labmed.uio.no,oslo,,
507,Meuwissen,Theo H E,NO,theo.meuwissen@nmbu.no.,ås,,
508,Kornør,Hege,NO,hege.kornor@kunnskapssenteret.no,0130 oslo,,
509,Andersen,Garrett Newton,NO,garrett.andersen@gmail.com.,7491 trondheim,,
510,Friborg,Oddgeir,NO,,tromsø,,
511,Moe-Nilssen,R,NO,,university of bergen,,
512,Laugsand,Lars E,NO,lars.e.laugsand@ntnu.no,trondheim,,
513,Rødevand,Erik,NO,erik.rodevand@stolav.no,trondheim,,
514,Lorenz,Elke,NO,el-loren@online.no,trondheim,,
515,Mommens,Maren,NO,,trondheim,,
516,Daasvatn,K O,NO,knut.olav.daasvatn@pki.uib.no,bergen,,
517,Baz-Lomba,J A,NO,,n- oslo,,
518,Ryu,Yeonsuk,NO,,n- oslo,,
519,Thomas,Kevin V,NO,,n- oslo,,
520,Hoel,Tom N,NO,tom.nilsen.hoel@rikshospitalet.no,oslo,,
521,Okstad,O A,NO,,university of oslo,,
522,Hjelmeland,H,NO,heidi.hjelmeland@svt.ntnu.no,trondheim,,
523,Bogsrud,Martin P,NO,,oslo,,
524,Wium,Cecilie,NO,,oslo,,
525,Johansen,Dan,NO,,oslo,,
526,Svilaas,Arne,NO,,oslo,,
527,Holven,Kirsten B,NO,,oslo,,
528,Kolli,Hima Bindu,NO,,0315 oslo,,
529,Bore,Sigbjørn Løland,NO,,0315 oslo,,
530,Cascella,Michele,NO,,0315 oslo,,
531,Jakobsen,Rune Bruhn,NO,,oslo,,
532,Gran,Sarah Frandsen,NO,,oslo,,
533,Grimsmo,Bergsvein,NO,,oslo,,
534,Arntzen,Kari,NO,,oslo,,
535,Fosse,Erik,NO,,oslo,,
536,Frich,Jan C,NO,,oslo,,
537,Hjortdahl,Per,NO,,oslo,,
538,Heggebø,Ragna,NO,,n-0033 oslo,,
539,Olstørn,Hege Benedikte Asvald,NO,,n-0403 oslo,,
540,Svendsen,K,NO,kristian.svendsen@ntnu.no,trondheim,,
541,Løvlie,R,NO,rlov@haukeland.no,haukeland university hospital,,
542,Balteskard,L,NO,,tromsø university hospital,,
543,McCourt,Peter AG,NO,petermcc@fagmed.uit.no,university of tromsø,,
544,Rimstad,E,NO,espen.rimstad@veths.no,oslo,,
545,Skjåk-Bræk,Gudmund,NO,,trondheim,,
546,Matre,V,NO,,university of oslo,,
547,Vabo,Grete,NO,,kristiansand,,
548,Slettebø,Åshild,NO,,grimstad,,
549,Fossum,Mariann,NO,,grimstad,,
550,Panagopoulos,Ioannis,NO,,oslo,,
551,Gorunova,Ludmila,NO,,oslo,,
552,Bjerkehagen,Bodil,NO,,oslo,,
553,Lobmaier,Ingvild,NO,,oslo,,
554,Heim,Sverre,NO,,oslo,,
555,Lysberg,Karen,NO,karen.lysberg@hse.hihm.no,faculty of health studies,,
556,Saugstad,O D,NO,,oslo,,
557,Eri,L M,NO,,oslo,,
558,Hauge,S,NO,,university of bergen,,
559,Fimland,Marius Steiro,NO,marius.fimland@ntnu.no,trondheim,,
560,Furu,Kari,NO,,oslo,,
561,Chahal-Kummen,Monica,NO,,oslo,,
562,Harsem,Nina K,NO,niem@uus.no,oslo,,
563,Isachsen,Cecilie H,NO,,bergen,,
564,Solbakken,Ole André,NO,o.a.solbakken@psykologi.uio.no.,oslo 0317,,
565,Engstrøm,M,NO,,department of neuroscience; norwegian university of science and technology,,
566,Gjellesvik,D R,NO,,university of bergen,,
567,Janszky,I,NO,,trondheim,,
568,Romundstad,P,NO,,trondheim,,
569,Laugsand,L E,NO,,trondheim,,
570,Vatten,L J,NO,,trondheim,,
571,Mørkedal,B,NO,,trondheim,,
572,Nordhøy,Wibeke,NO,,oslo,,
573,Geier,Oliver,NO,,oslo,,
574,Bjørnerud,Atle,NO,,oslo,,
575,Groote,Inge R,NO,,oslo,,
576,Hammar,Asa,NO,aasa.hammar@psybp.uib.no,university of bergen bergen,,
577,Speth,Martin T,NO,,aas,,
578,Kreibich,Claus D,NO,,aas,,
579,Godal,T,NO,,oslo,,
580,Bhan,Alok,NO,,stavanger,,
581,Jacobsen,Cecilie,NO,,stavanger,,
582,Myhr,Kjell Morten,NO,,bergen,,
583,Dalen,Ingvild,NO,,stavanger,,
584,Lode,Kirsten,NO,,stavanger,,
585,Farbu,Elisabeth,NO,,bergen,,
586,Vaskinn,Anja,NO,,oslo,,
587,Hunskaar,S,NO,,university of bergen,,
588,Dybing,Erik,NO,erik.dybing@fhi.no,no-0403 oslo,,
589,Monsen,Jon T,NO,j.t.monsen@psykologi.uio.no.,oslo,,
590,Larheim,T A,NO,,university of oslo,,
591,Woldseth,B,NO,,rikshospitalet,,
592,Lysvand,Hilde,NO,,n-7491 trondheim,,
593,Helland,Ronny,NO,,tromsø,,
594,Hagen,Lars,NO,,trondheim,,
595,Slupphaug,Geir,NO,,trondheim,,
596,Iversen,Ole-Jan,NO,,n-7491 trondheim,,
597,Andersen,Øivind,NO,oivind.andersen@nofima.no,as,,
598,Bjørklund,Geir,NO,bjorklund@conem.org.,mo i rana,,
599,Finset,A,NO,arnstein.finset@basalmed.uio.no,blindern,,
600,Bekkelund,S I,NO,svein.ivar.bekkelund@unn.no,tromsø,,
601,Molberg,O,NO,,rikshospitalet,,
602,Straiton,Melanie L,NO,,oslo,,
603,Reneflot,Anne,NO,,oslo,,
604,Diaz,Esperanza,NO,,bergen,,
605,Nitter-Hauge,S,NO,,university of oslo,,
606,Noer,Agate,NO,,oslo,,
607,Mundal,R,NO,,nordbyhagen,,
608,Husebye,H,NO,,oslo,,
609,Baksaas,S T,NO,,university of oslo,,
610,Enger,Tone Bull,NO,,trondheim,,
611,Pleym,Hilde,NO,,trondheim,,
612,Stenseth,Roar,NO,,trondheim,,
613,Greiff,Guri,NO,,trondheim,,
614,Wahba,Alexander,NO,,trondheim,,
615,Videm,Vibeke,NO,,trondheim,,
616,Hellerud,Bernt C,NO,,n- oslo,,
617,Orrem,Hilde L,NO,,n- oslo,,
618,Dybwik,Knut,NO,,bodø,,
619,Pischke,Søren E,NO,,n- oslo,,
620,Baratt-Due,Andreas,NO,,n- oslo,,
621,Fure,Hilde,NO,,bodø,,
622,Bergseth,Grethe,NO,,bodø,,
623,Christiansen,Dorte,NO,,bodø,,
624,Espevik,Terje,NO,,trondheim,,
625,Lau,Corinna,NO,,bodø,,
626,Brandtzæg,Petter,NO,,oslo,,
627,Nielsen,Erik W,NO,,bodø,,
628,Mollnes,Tom E,NO,,n- oslo,,
629,Bjørnland,T,NO,,university of oslo,,
630,Selvaag,E,NO,,university of oslo,,
631,Halvorsen,Sigrun,NO,sigrun.h@online.no.,oslo,,
632,Jortveit,Jarle,NO,,arendal,,
633,Øie,Erik,NO,,oslo,,
634,Liavaag,Astrid H,NO,,4604 kristiansand,,
635,Tanbo,Tom G,NO,,0424 oslo,,
636,Dahl,Alv A,NO,,0424 oslo,,
637,Pripp,Are H,NO,,0424 oslo,,
638,Michelsen,Trond M,NO,,0424 oslo,,
639,Wester,Knut,NO,knut.gustav.wester@helse-bergen.no,bergen,,
640,Rønnestad,Bent R,NO,bent.ronnestad@hil.no,lillehammer,,
641,Skogland,S,NO,,bergen,,
642,Shahdadfar,Aboulghassem,NO,,oslo,,
643,Kursula,Petri,NO,,university of bergen,,
644,Pilskog,Martin,NO,,bergen,,
645,Bostad,Leif,NO,,bergen,,
646,Edelmann,Reidunn J,NO,,bergen,,
647,Akslen,Lars A,NO,,bergen,,
648,Beisland,Christian,NO,,bergen,,
649,Straume,Oddbjørn,NO,,bergen,,
650,Skalleberg,Jakob,NO,,oslo university hospital,,
651,Solheim,Olesya,NO,,oslo university hospital,,
652,Småstuen,Milada Cvancarova,NO,,høgskolen i oslo og akershus,,
653,Osnes,Terje,NO,,oslo university hospital,,
654,Gundersen,Per Ole M,NO,,trondheim,,
655,Bunne,Marie,NO,,oslo university hospital,,
656,Jin,Yang,NO,,oslo,,
657,Wang,Ling,NO,,oslo,,
658,Qu,Su,NO,,oslo,,
659,Sheng,Xia,NO,,oslo,,
660,Kristian,Alexandr,NO,,oslo,,
661,Mælandsmo,Gunhild M,NO,,oslo,,
662,Pällmann,Nora,NO,,oslo,,
663,Risberg,Bjørn,NO,,oslo,,
664,Wæhre,Håkon,NO,,oslo,,
665,Danielsen,Håvard E,NO,,oslo,,
666,Saatcioglu,Fahri,NO,fahris@ibv.uio.no.,oslo,,
667,Barratt,Daniel T,NO,,trondheim,,
668,Skrunes,Rannveig,NO,,bergen,,
669,Svarstad,Einar,NO,,bergen,,
670,Skjærven,Rolv,NO,,bergen,,
671,Reisæther,Anna Varberg,NO,,oslo,,
672,Vikse,Bjørn Egil,NO,,haugesund,,
673,Schrumpf,E,NO,,oslo,,
674,Arlov,Øystein,NO,,trondheim,,
675,Skjåk-Bræk,Gudmund,NO,,trondheim,,
676,Løvik,G,NO,,n-0317 oslo,,
677,Finstad,H S,NO,,0316 oslo,,
678,Dhondup,Yangchen,NO,,oslo,,
679,Sjaastad,Ivar,NO,,oslo,,
680,Scott,Helge,NO,,oslo,,
681,Sandanger,Øystein,NO,,oslo,,
682,Zhang,Lili,NO,,oslo,,
683,Haugstad,Solveig Bjærum,NO,,oslo,,
684,Aronsen,Jan Magnus,NO,,oslo,,
685,Ranheim,Trine,NO,,oslo,,
686,Holmen,Sigve Dhondup,NO,,oslo,,
687,Alfsnes,Katrine,NO,,oslo,,
688,Ahmed,Muhammad Shakil,NO,,oslo,,
689,Attramadal,Håvard,NO,,oslo,,
690,Gullestad,Lars,NO,,oslo,,
691,Aukrust,Pål,NO,,oslo,,
692,Christensen,Geir,NO,,oslo,,
693,Yndestad,Arne,NO,,oslo,,
694,Vinge,Leif Erik,NO,,oslo,,
695,Haga,Jon Magnus,NO,,oslo,,
696,Thoresen,Siri,NO,,oslo,,
697,Stene,Lise Eilin,NO,,oslo,,
698,Wentzel-Larsen,Tore,NO,,oslo,,
699,Dyb,Grete,NO,,oslo,,
700,Kjekshus,John,NO,john.kjekshus@medisin.uio.no,oslo,,
701,Balcells,David,NO,,oslo,,
702,Willumsen,Elisabeth,NO,elisabeth.willumsen@uis.no,stavanger,,
703,Rajan,Binoy,NO,,bodø,,
704,Hartvigsen,Gunnar,NO,,tromsø,,
705,Dotterud,L K,NO,,university of tromsø,,
706,Dregelid,E,NO,,university of bergen,,
707,Koch,Henrik,NO,,trondheim,,
708,Zachrisson,Björn U,NO,zachriss@odontuio.no,oslo,,
709,Gredebäck,Gustaf,NO,gustaf.gredeback@psykologi.uio.no,oslo,,
710,Caugant,Dominique A,NO,,no-0403 oslo,,
711,Ask,Eirik,NO,,skien,,
712,Nysaeter,Ase,NO,,skien,,
713,Almaas,Runar,NO,runar.almaas@ous-hf.no,n- oslo,,
714,Svendsen,E,NO,,university of bergen,,
715,Myklebost,Ola,NO,,oslo,,
716,Skorve,J,NO,,haukeland sykehus,,
717,Håland,Erna,NO,erna.haland@svt.ntnu.no.,norwegian university of science and technology (ntnu),,
718,Røsstad,Tove,NO,,norwegian university of science and technology (ntnu),,
719,Osmundsen,Tonje C,NO,,ntnu social research,,
720,Solberg,E E,NO,,oslo,,
721,Andersen,T E,NO,,oslo,,
722,Radunovic,Z,NO,,oslo,,
723,Steine,K,NO,,akershus university hospital,,
724,Røen,Bent Tore,NO,bent-tore.roen@ffi.no,n- kjeller,,
725,Aspholm,Paul E,NO,,no- ås,,
726,Nilsson,Lars O,NO,,no- ås,,
727,Berglen,Tore F,NO,,kjeller,,
728,Jensen,Henning K B,NO,,trondheim,,
729,Leon,David A,NO,,tromsø,,
730,Bølling,Anette Kocbach,NO,anette.kocbach@fhi.no,n-0403 oslo,,
731,Wijffels,René H,NO,,n-8049 bodø,,
732,Gildberg,A,NO,,tromsø,,
733,Ulvik,R J,NO,,university of bergen,,
734,Sitek,Jan C,NO,,oslo,,
735,Haukanes,Bjørn I,NO,,bergen,,
736,Stokowy,Tomasz,NO,,bergen,,
737,von der Lippe,Charlotte,NO,,oslo,,
738,Ersland,Kari M,NO,,bergen 5020,,
739,Sundnes,Olav,NO,,oslo,,
740,Steen,Vidar M,NO,,bergen 5020,,
741,Amundsen,Brage H,NO,brage.h.amundsen@ntnu.no,trondheim,,
742,Berg,K,NO,,oslo,,
743,Jacobsen,S,NO,svein.jacobsen@phys.uit.no,university of tromsø,,
744,Yndestad,Arne,NO,arne.yndestad@klinmed.uio.no,n- oslo,,
745,Eide,P K,NO,,oslo,,
746,Kristensen,Petter,NO,petter.kristensen@stami.no,university of bergen,,
747,Holmen,Sigve Dhondup,NO,sigve.holmen@gmail.com.,oslo,,
748,Kleppa,Elisabeth,NO,,oslo,,
749,Lillebø,Kristine,NO,,oslo,,
750,Pillay,Pavitra,NO,,oslo,,
751,van Lieshout,Lisette,NO,,oslo,,
752,Taylor,Myra,NO,,oslo,,
753,Albregtsen,Fritz,NO,,oslo,,
754,Vennervald,Birgitte Jyding,NO,,oslo,,
755,Onsrud,Mathias,NO,,oslo,,
756,Kjetland,Eyrun Floerecke,NO,,oslo,,
757,Aasen,T,NO,,bergen,,
758,Nesje,L B,NO,lars.nesje@haukeland.no,university of bergen,,
759,Laerum,O D,NO,,university of bergen,,
760,Teruel,Reyes Serrano,NO,,bergen,,
761,Thue,Geir,NO,,bergen,,
762,Fylkesnes,Svein Ivar,NO,,bergen,,
763,Sandberg,Sverre,NO,,bergen,,
764,Kristoffersen,Ann Helen,NO,,bergen,,
765,Evensen,Kari Anne I,NO,,trondheim,,
766,Lydersen,Stian,NO,,trondheim,,
767,Indredavik,Marit S,NO,,trondheim,,
768,Bjørgaas,M,NO,,university hospital of trondheim,,
769,Romijn,Elisabeth I,NO,,trondheim,,
770,Finnøy,Andreas,NO,,trondheim,,
771,Kumar,Rajesh,NO,,trondheim,,
772,Lilledahl,Magnus B,NO,,trondheim,,
773,Boman,Inger A,NO,iab@nsg.no,n-1432 as,,
774,Monrad-Hansen,Peter Wiel,NO,peter.wiel.monrad-hansen@ous-hf.no,oslo,,
775,Stylianou,E,NO,eva.stylianou@klinmed.uio.no,oslo,,
776,Lie,E S,NO,,oslo,,
777,Eriksen,M T,NO,mteriksen@start.no,drammen,,
778,Fluge,Øystein,NO,,bergen,,
779,Risa,Kristin,NO,,bergen,,
780,Lunde,Sigrid,NO,,bergen,,
781,Alme,Kine,NO,,bergen,,
782,Rekeland,Ingrid Gurvin,NO,,bergen,,
783,Sapkota,Dipak,NO,,bergen,,
784,Kristoffersen,Einar Kleboe,NO,,bergen,,
785,Sørland,Kari,NO,,bergen,,
786,Bruland,Ove,NO,,bergen,,
787,Dahl,Olav,NO,,bergen,,
788,Mella,Olav,NO,,bergen,,
789,Kvalheim,V,NO,,n- bergen,,
790,Frostad,P,NO,,n- heimdal,,
791,Koldsland,Odd Carsten,NO,oddcko@odont.uio.no,oslo,,
792,Brodin,E,NO,ellenb@fagmed.uit.no,tromsø,,
793,Blix,I J,NO,,university of oslo,,
794,Johansen,Venke A,NO,venke.a.johansen@helse-bergen.no,drammen,,
795,Devold,M,NO,,university of bergen,,
796,Stenseth,Nils Chr,NO,n.c.stenseth@bio.uio.no,n-0316 oslo,,
797,Kilvaer,Thomas K,NO,,tromso,,
798,Khanehkenari,Mehrdad Rakaee,NO,,tromso,,
799,Al-Saad,Samer,NO,,tromso,,
800,Hald,Sigurd M,NO,,tromso,,
801,Andersen,Sigve,NO,,tromso,,
802,Richardsen,Elin,NO,,tromso,,
803,Ness,Nora,NO,,tromso,,
804,Busund,Lill-Tove,NO,,tromso,,
805,Bremnes,Roy M,NO,,tromso,,
806,Donnem,Tom,NO,,tromso,,
807,Muren,L P,NO,ludvig.muren@haukeland.no,bergen,,
808,Drageset,Jorunn,NO,jorunn.drageset@hib.no,bergen,,
809,Østerås,Nina,NO,,oslo,,
810,Hagen,Kåre Birger,NO,,oslo,,
811,Lønnebakken,Mai Tone,NO,mai.tone.lonnebakken@helsebergen.no,bergen,,
812,Aarra,,NO,,university of bergen,,
813,Khalifa,Dina Sami,NO,dinasami5071@hotmail.com.,oslo,,
814,Glavin,Kari,NO,,oslo,,
815,Bjertness,Espen,NO,,oslo,,
816,Lien,Lars,NO,,hamar,,
817,Gøthesen,Oystein,NO,oystein.gothesen@helse-fonna.no,haugesund,,
818,Eskesen,Arne Nørgaard,NO,,lørenskog,,
819,Belle,Margrethe Astrup,NO,,lørenskog,,
820,Blomfeldt,Anita,NO,,lørenskog,,
821,Bjørnevik,Kjetil,NO,,bergen,,
822,Riise,Trond,NO,,bergen,,
823,Cortese,Marianna,NO,,bergen,,
824,Holmøy,Trygve,NO,,lørenskog,,
825,Kampman,Margitta T,NO,,tromsø,,
826,Pugliatti,Maura,NO,,bergen,,
827,Myhr,Kjell-Morten,NO,,bergen,,
828,Alver,K,NO,kari.alver@fhi.no,oslo,,
829,Tollersrud,T,NO,tore.tollersrud@vetinst.no,0033 oslo dep.,,
830,Lukasse,Mirjam,NO,mirjam.lukasse@hioa.no.,n- trondheim,,
831,Skeie,G O,NO,,bergen,,
832,Kleivane,L,NO,,n-0033 oslo 1,,
833,Smiseth,Otto A,NO,,oslo,,
834,Weiderpass,Elisabete,NO,elisabete.weiderpass.vainio@ki.se.,tromsø,,
835,Skeie,Guri,NO,guri.skeie@uit.no.,tromsø,,
836,Borch,Kristin Benjaminsen,NO,kristin.benjaminsen.borch@uit.no.,tromsø,,
837,Kleiven,Øyunn,NO,,stavanger,,
838,Skadberg,Øyvind,NO,,stavanger,,
839,Bjørkavoll-Bergseth,Magnus F,NO,,stavanger,,
840,Melberg,Tor,NO,,stavanger,,
841,Strand,Heidi,NO,,lørenskog,,
842,Hagve,Tor-Arne,NO,,university of oslo,,
843,Ørn,Stein,NO,,university of stavanger,,
844,Tessema,Girum Tadesse,NO,,n- aas,,
845,van den Born,Erwin,NO,,n-0316 oslo,,
846,Utne,Inger,NO,inger.utne@su.hio.no,oslo,,
847,Mjøs,Ole D,NO,,institute of medical biology university of tromsø,,
848,De Wit,Heleen A,NO,heleen.de.wit@niva.no,n- oslo,,
849,Mykletun,Arnstein,NO,,oslo,,
850,Wilhelmsen,Maja,NO,maja.wilhelmsen@uit.no.,tromsø,,
851,Søgaard,Caroline K,NO,,trondheim,,
852,Moestue,Siver A,NO,,trondheim,,
853,Rye,Morten B,NO,,trondheim,,
854,Kim,Jana,NO,,trondheim,,
855,Nepal,Anala,NO,,trondheim,,
856,Liabakk,Nina-Beate,NO,,trondheim,,
857,Bachke,Siri,NO,,trondheim,,
858,Bathen,Tone F,NO,,trondheim,,
859,Otterlei,Marit,NO,,trondheim,,
860,Hill,Deborah K,NO,,trondheim,,
861,Rostoft,Siri,NO,,oslo,,
862,Løvås,K,NO,kristian.lovas@med.uib.no,bergen,,
863,Svanaes,D B,NO,,university of oslo,,
864,Rowe,M,NO,,oslo,,
865,Laskemoen,T,NO,,oslo,,
866,Lifjeld,J T,NO,,oslo,,
867,Clausen,T,NO,thomas.clausen@medisin.uio.no,oslo,,
868,Lid,Stein Erik,NO,,as,,
869,Lensjø,Kristian Kinden,NO,,oslo,,
870,Lepperød,Mikkel Elle,NO,,oslo,,
871,Hafting,Torkel,NO,,oslo,,
872,Fyhn,Marianne,NO,,oslo,,
873,Benestad,H B,NO,,university of oslo,,
874,Stangeland,Torunn,NO,torunn.stangeland@umb.no,no-1432 aas,,
875,Habib,Anowarul,NO,anowarul.habib@uit.no.,tromsø,,
876,Wagle,Sanat,NO,sanat.wagle@uit.no.,tromsø,,
877,Decharat,Adit,NO,adit.decharat@uit.no.,tromsø,,
878,Melandsø,Frank,NO,frank.melandso@uit.no.,tromsø,,
879,Roed,L,NO,line.roed@ge.com,n- oslo,,
880,Lossius,Morten I,NO,morten.lossius@epilepsy.no,sandvika,,
881,Lewin,Simon,NO,simon.lewin@fhi.no.,oslo,,
882,Munthe-Kaas,Heather,NO,,oslo,,
883,Glenton,Claire,NO,,oslo,,
884,Flottorp,Signe,NO,,oslo,,
885,Carlsen,Benedicte,NO,,bergen,,
886,Maeland,Silje,NO,silje.maeland@uni.no.,bergen,,
887,Magnussen,Liv Heide,NO,,bergen,,
888,Eriksen,Hege R,NO,,bergen,,
889,Werner,Erik L,NO,,bergen,,
890,Helle-Valle,Anna,NO,,bergen,,
891,Hegstad,Solfrid,NO,,trondheim,,
892,Helland,Arne,NO,,trondheim,,
893,Hagemann,Cecilie,NO,,trondheim,,
894,Spigset,Olav,NO,,trondheim,,
895,Siafarikas,Franziska,NO,,oslo,,
896,Stær-Jensen,Jette,NO,,oslo,,
897,Hilde,Gunvor,NO,,oslo,,
898,Bø,Kari,NO,,oslo,,
899,Ellström Engh,Marie,NO,,oslo,,
900,Ravna,Aina W,NO,aina.w.ravna@uit.no,n- tromsø,,
901,Honkanen,R,NO,,university of tromsø,,
902,Strømme,P,NO,petter.stromme@rh.uio.no,oslo,,
903,Kongerud,Ingrid Charlotte,NO,i.c.kongerud@studmed.uio.no,university of oslo,,
904,Åsjö,Birgitta,NO,,university of bergen,,
905,Folgerø,Tor,NO,,5020 bergen,,
906,Ettema,Gertjan,NO,gertjan.ettema@svt.ntnu.no,trondheim,,
907,Assmus,Jörg,NO,,bergen,,
908,Sapkota,Dipak,NO,,bergen,,
909,Hermann,M,NO,monica.hermann@diakonsyk.no,oslo,,
910,Mollnes,T E,NO,,bodø,,
911,Samuelsen,Per-Jostein,NO,per-jostein.samuelsen@unn.no.,tromsø,,
912,Svendsen,Kristian,NO,,tromsø,,
913,Wilsgaard,Tom,NO,,tromsø,,
914,Stubhaug,Audun,NO,,oslo,,
915,Nielsen,Christopher Sivert,NO,,oslo,,
916,Eggen,Anne Elise,NO,,tromsø,,
917,Dickstein,Kenneth,NO,,stavanger,,
918,Axelsson,Stefan,NO,,university of oslo,,
919,Barugahare,John,NO,johnbarug@yahoo.com.,bergen,,
920,Lie,Reidar K,NO,reidar.lie@uib.no.,bergen,,
921,Brorson,Ø,NO,,tønsberg,,
922,Fritsche,Lars G,NO,,sør-trøndelag,,
923,Sørbø,Marie Flem,NO,marie.flem.sorbo@ntnu.no,trondheim,,
924,Jüse,Ulrike,NO,,oslo,,
925,Løken,T,NO,torleiv.loken@nvh.no,0033 oslo,,
926,Ohlberger,Jan,NO,jan.ohlberger@bio.uio.no,0316 oslo,,
927,Rayner,Simon,NO,,oslo,,
928,Spurkland,Anne,NO,anne.spurkland@medisin.uio.no,oslo n-,,
929,Johnson,Egil,NO,egil.johnson@ulleval.no,oslo,,
930,Freberg,Baard Ingegerdsson,NO,baard.freberg@stami.no.,0840 oslo,,
931,Olsen,Raymond,NO,,0033 oslo,,
932,Daae,Hanne Line,NO,,0033 oslo,,
933,Hersson,Merete,NO,,0033 oslo,,
934,Thorud,Syvert,NO,,0033 oslo,,
935,Ellingsen,Dag G,NO,,0033 oslo,,
936,Molander,Paal,NO,,0033 oslo,,
937,Røykenes,Kari,NO,kari.roykenes@betanien.no,fyllingsdalen,,
938,Solvoll,Terje,NO,terje.solvoll@telemed.no,tromsø,,
939,Han,Mingzhi,NO,,bergen,,
940,Bjerkvig,Rolf,NO,,bergen,,
941,Steineger,H H,NO,,blindern,,
942,Strand,Tor A,NO,,bergen,,
943,Hveem,Kristian,NO,,trondheim,,
944,Bretthauer,M,NO,michael.bretthauer@tss.telemax.no,skien,,
945,Tveten,Kristian,NO,,oslo,,
946,Nolsøe,Jens M J,NO,,n-0316 oslo,,
947,Aursnes,Marius,NO,,n-0316 oslo,,
948,Tungen,Jørn E,NO,,n-0316 oslo,,
949,Hansen,Trond V,NO,,n-0316 oslo,,
950,Grøvik,Endre,NO,,oslo,,
951,Redalen,Kathrine Røe,NO,,lørenskog,,
952,Storås,Tryggve Holck,NO,,oslo,,
953,Negård,Anne,NO,,lørenskog,,
954,Holmedal,Stein Harald,NO,,lørenskog,,
955,Ree,Anne Hansen,NO,,lørenskog,,
956,Meltzer,Sebastian,NO,,lørenskog,,
957,Bjørnerud,Atle,NO,,oslo,,
958,Gjesdal,Kjell-Inge,NO,,lørenskog,,
959,Foss,S,NO,stefoss@fys.uio.no,n-0316 oslo,,
960,Yeisen,Rafal A H,NO,rafal.yeisen@sus.no.,stavanger,,
961,Joa,Inge,NO,,stavanger,,
962,Johannessen,Jan Olav,NO,,stavanger,,
963,Opjordsmoen,Stein,NO,,stavanger,,
964,Immonen,Ingrid,NO,ingrid.immonen@hifm.no,hammerfest,,
965,Næss,Marius Warg,NO,m.w.nass@cicero.tromso.no,tromsø,,
966,Wahlqvist,R,NO,,university of oslo,,
967,Muis,Marius Osaland,NO,,stavanger,,
968,Leitao,Kristian,NO,,stavanger,,
969,Havnen,Jorunn,NO,,stavanger,,
970,Glomsaker,Tom B,NO,,stavanger,,
971,Hansen,Thomas,NO,,oslo,,
972,Slagsvold,Britt,NO,,oslo,,
973,Aasly,J O,NO,,trondheim,,
974,Fosdahl,Anne Marthe,NO,,oslo,,
975,Dietrich,Markus,NO,,oslo,,
976,Schink,Kay Oliver,NO,,oslo,,
977,Malik,Muhammad Salman,NO,,oslo,,
978,Skeie,Marianne,NO,,oslo,,
979,Bertelsen,Vibeke,NO,,oslo,,
980,Halvorsen,Peder A,NO,peder.halvorsen@kraftlaget.no,tromsø,,
981,Leira,H L,NO,,trondheim,,
982,Lund,T,NO,,university of bergen,,
983,Bjerve,K S,NO,,university of trondheim,,
984,Vasdal,G,NO,,1432 ås,,
985,Rossevatin,K,NO,,university of oslo,,
986,Heldal,M,NO,,oslo,,
987,Bang,C J,NO,,bergen,,
988,Kildal,Wanja,NO,,oslo university hospital,,
989,Gjerde,E-A B,NO,,bergen,,
990,Cooke,David J,NO,,bergen,,
991,Arnesen,Harald,NO,herald.arnesen@ulleval.no,no- oslo,,
992,Moe,Rikke Helene,NO,,oslo,,
993,Østerås,Nina,NO,,oslo,,
994,Kjeken,Ingvild,NO,,oslo,,
995,Salvanos,Panagiotis,NO,panagiotis.salvanos@ous-hf.no,oslo,,
996,Forli,Liv,NO,liv.forli@rikshospitalet.no,oslo,,
997,Heimdal,Ketil,NO,,oslo,,
998,Houge,Gunnar,NO,,bergen,,
999,Rustad,Cecilie F,NO,,oslo,,
1000,Eriksen,B O,NO,,university hospital of tromsø,,
1001,Rahman,M M,NO,,oslo,,
1002,Storjord,Helene Persen,NO,,tromsø,,
1003,Teodorsen,Mari Mjønes,NO,,tromsø,,
1004,Bergdahl,Jan,NO,,tromsø,,
1005,Wynn,Rolf,NO,,tromsø,,
1006,Johnsen,Jan-Are Kolset,NO,,tromsø,,
1007,Ugelvik,M S,NO,,bergen,,
1008,Mo,T,NO,,bergen,,
1009,Mennerat,A,NO,,bergen,,
1010,Skorping,A,NO,,bergen,,
1011,Hopmann,Kathrin H,NO,,n- tromsø,,
1012,Aasly,Jan,NO,jan.aasly@ntnu.no.,trondheim,,
1013,Wootton,Richard,NO,r_wootton@pobox.com,9038 tromsø,,
1014,Baghestan,Elham,NO,elham.baghestan@kk.uib.no,bergen,,
1015,Jonsson,B,NO,,oslo,,
1016,Jonsson,N,NO,,oslo,,
1017,Svanes,Øistein,NO,,bergen,,
1018,Lygre,Stein H L,NO,,bergen,,
1019,Skorge,Trude D,NO,,bergen,,
1020,Svanes,Cecilie,NO,,bergen,,
1021,Eikenes,Live,NO,,trondheim,,
1022,Siepel,Françoise J,NO,,stavanger,,
1023,Dalen,Ingvild,NO,,stavanger,,
1024,Grüner,Renate,NO,,bergen,,
1025,Brønnick,Kolbjørn S,NO,,stavanger,,
1026,Buter,Tirza C,NO,,stavanger,,
1027,Aarsland,Dag,NO,,stavanger,,
1028,Konglund,Ane,NO,anekonglund@gmail.com.,oslo,,
1029,Midtbø,Helga,NO,helgamit@online.no.,oslo,,
1030,Gerdts,Eva,NO,,oslo,,
1031,Berg,Inger Jorid,NO,,oslo,,
1032,Rollefstad,Silvia,NO,,oslo,,
1033,Jonsson,Roland,NO,,oslo,,
1034,Semb,Anne Grete,NO,,oslo,,
1035,Knutzen,M,NO,maria.knutzen@ulleval.no,oslo,,
1036,Vøllestad,N K,NO,,oslo,,
1037,Storset,Anne K,NO,anne.storset@veths.no,n-0033 oslo,,
1038,Skibeli,V,NO,,university of olso,,
1039,Evensen,Øystein,NO,oystein.evensen@nmbu.no.,oslo,,
1040,Wang,Xiang,NO,,bergen,,
1041,Eika,Marianne,NO,,grimstad,,
1042,Greenhalgh,Trisha,NO,,bergen,,
1043,Malterud,Kirsti,NO,,bergen,,
1044,Kleczkowski,L A,NO,,aas,,
1045,Søreide,J A,NO,,bergen,,
1046,Ali,Chiku,NO,chikuali@gmail.com,bergen,,
1047,Dullerud,R,NO,reidar.dullerud@ulleval.no,oslo,,
1048,Fykse,V,NO,,trondheim,,
1049,Helgesen,K O,NO,,oslo,,
1050,Waage,A,NO,,region hospital of trondheim,,
1051,Nordbotten,Jan Martin,NO,,bergen,,
1052,Heringstad,Bjørg,NO,,1432 ås,,
1053,Halvorsen,Kristin,NO,,oslo metropolitan university,,
1054,Dyrstad,Sindre M,NO,,no- oslo,,
1055,Kvaløy,Jan Terje,NO,jan.t.kvaloy@tn.his.no,n-4068 stavanger,,
1056,Haug,L S,NO,,university of oslo,,
1057,Solbjør,Marit,NO,,trondheim,,
1058,Tøndel,Camilla,NO,,bergen,,
1059,Opsal,A,NO,anne.opsal@sshf.no,kristiansand,,
1060,Skaugen,Audun,NO,,0316 oslo,,
1061,Angheluta,Luiza,NO,,0316 oslo,,
1062,Dheeraj,Dasa L,NO,,no- trondheim,,
1063,Steffensen,A J,NO,,bodö,,
1064,Vandbakk,Kristine,NO,,levanger,,
1065,Welde,Boye,NO,,levanger,,
1066,Kruken,Andrea Hovstein,NO,,trondheim,,
1067,Baumgart,Julia,NO,,trondheim,,
1068,Ettema,Gertjan,NO,,trondheim,,
1069,Karlsen,Trine,NO,,trondheim,,
1070,Sandbakk,Øyvind,NO,,trondheim,,
1071,de Boer,Hugo J,NO,hugo.deboer@ebc.uu.se.,oslo,,
1072,Westergren,Tone,NO,tone.westergren@rikshospitalet.no,oslo,,
1073,Wendelbo,Ingvild,NO,,stord,,
1074,Kjøbli,John,NO,,oslo,,
1075,Oksvold,Morten P,NO,m.p.oksvold@labmed.uio.no,n- oslo,,
1076,Øderud,Tone,NO,,oslo,,
1077,Landmark,Bjørg,NO,,municipality of drammen,,
1078,Eriksen,Sissel,NO,,municipality of drammen,,
1079,Fossberg,Anne Berit,NO,,municipality of bærum,,
1080,Aketun,Sigrid,NO,,municipality of oslo,,
1081,Omland,May,NO,,municipality of skien,,
1082,Hem,Karl-Gerhard,NO,,oslo,,
1083,Østensen,Elisabeth,NO,,department of nursing science,,
1084,Ausen,Dag,NO,,oslo,,
1085,Oien,A H,NO,,university of bergen,,
1086,Viktil,Kirsten K,NO,k.k.viktil@medisin.uio.no,oslo,,
1087,Bakke-McKellep,A M,NO,anne.mckellep@veths.no,coe,,
1088,Håvik,Bjarte,NO,,bergen,,
1089,Pettersen,I,NO,,n- tromsö,,
1090,Hartveit,F M,NO,,the university of bergen,,
1091,Haukedal,Christiane Lingås,NO,,university of oslo,,
1092,von Koss Torkildsen,Janne,NO,,university of oslo,,
1093,Wie,Ona Bø,NO,,university of oslo,,
1094,Lingaas,Egil,NO,,oslo,,
1095,Hoff-Olsen,P,NO,per.hoff-olsen@labmed.uio.no,oslo,,
1096,Hernar,Ingvild,NO,,bergen,,
1097,Haltbakk,Johannes,NO,,bergen,,
1098,Broström,Anders,NO,,bergen,,
1099,Myhre,Oddvar,NO,oddvar.myhre@ffi.no,kjeller,,
1100,Kirkeeide,E K,NO,,university of bergen,,
1101,Johannessen,Asgeir,NO,,drammen,,
1102,Buhaug,H,NO,,trondheim,,
1103,Hagen,K B,NO,k.b.hagen@labmed.uio.no,oslo,,
1104,Meuwissen,Theo H E,NO,,n-1432 ås,,
1105,Vågbø,Cathrine Broberg,NO,,trondheim,,
1106,Whist,A C,NO,anne.c.whist@veths.no,oslo,,
1107,Rygh,Lars Jørgen,NO,lars.jorgen.rygh@biomed.uib.no,n- bergen,,
1108,Andreassen,O A,NO,,oslo,,
1109,Bjella,T D,NO,,oslo,,
1110,Melle,I,NO,,oslo,,
1111,Morken,G,NO,,trondheim,,
1112,Hiorth,Marianne,NO,marianne.hiorth@farmasi.uio.no,university of oslo,,
1113,Sørensen,Lisbet,NO,,bergen,,
1114,Meier,Sonnich,NO,,bergen,,
1115,Mjøs,Svein A,NO,,bergen,,
1116,Treimo,Janneke,NO,janneke.treimo@umb.no,n- aas,,
1117,Holm,R,NO,,oslo,,
1118,Tomstad,Solveig,NO,,grimstad,,
1119,Dale,Bjørg,NO,,grimstad,,
1120,Sundsli,Kari,NO,,grimstad,,
1121,Saevareid,Hans Inge,NO,,grimstad,,
1122,Söderhamn,Ulrika,NO,,grimstad,,
1123,Samstad,S O,NO,,university of trondheim,,
1124,Haug,E,NO,,oslo,,
1125,Hertwich,Edgar G,NO,edgar.hertwich@ntnu.no,trondheim,,
1126,Sundsfjord,A,NO,,university of tromsø,,
1127,Holme,Oyvind,NO,oyvind.holme@rikshospitalet.no,oslo university hospital,,
1128,Nieder,Carsten,NO,,nordland,,
1129,Diaz,Esperanza,NO,,university of bergen,,
1130,Björkman,Maria,NO,,n- ås,,
1131,Vestheim,Hege,NO,,n-5020 bergen,,
1132,Bøe,Tormod,NO,tormod.boe@uni.no.,bergen,,
1133,Hajjar,Eric,NO,,bergen,,
1134,Lang,Astri,NO,laaj@uus.no,university of tromsø,,
1135,Torkildsen,Janne von Koss,NO,janneto@iln.uio.no,0317 oslo,,
1136,Vandenberghe,Matthieu,NO,,oslo,,
1137,Djurovic,Srdjan,NO,,oslo,,
1138,Andreassen,Ole A,NO,,oslo,,
1139,Haakstad,Lene A H,NO,lahaakstad@nih.no.,oslo,,
1140,Otterlei,M,NO,,university medical centre (mts),,
1141,Bakke,O,NO,obakke@bio.uio.no,university of oslo,,
1142,Attramadal,Håvard,NO,,oslo,,
1143,Hansen,Anne Helen,NO,,tromsø,,
1144,Bradway,Meghan,NO,,tromsø,,
1145,Claudi,Tor,NO,,bodø,,
1146,Henriksen,Øystein,NO,,bodø,,
1147,Wangberg,Silje C,NO,,narvik,,
1148,Årsand,Eirik,NO,,tromsø,,
1149,Skre,Ingunn,NO,ingunn.skre@uit.no.,tromsø,,
1150,Einevoll,Gaute T,NO,,1432 aas,,
1151,Plesser,Hans E,NO,,1432 aas,,
1152,Torp,S,NO,steffen.torp@isf.uib.no,n- bergen,,
1153,Vetvik,H,NO,,oslo,,
1154,Sverdrup,L E,NO,line.sverdrup@aquateam.no,n-0504 oslo,,
1155,Andersson,K B,NO,k.b.andersson@medisin.uio.no,oslo,,
1156,Sivertsen,Tore,NO,tore.sivertsen@veths.no,oslo,,
1157,Eid,Jarle,NO,jarle.eid@psysp.uib.no,bergen,,
1158,Frye,Stephan A,NO,sfrye@rr-research.no,oslo,,
1159,Spaccini,Raffaele,NO,,bergen,,
1160,Olsen,Odd-Egil,NO,odd-egil.olsen@nih.no,0806 oslo,,
1161,Blomberg,Wenche,NO,wenche.blomberg@chello.no,n-0130 oslo,,
1162,Visted,Endre,NO,,bergen,,
1163,Vøllestad,Jon,NO,,bergen,,
1164,Nielsen,Morten Birkeland,NO,,oslo,,
1165,Schanche,Elisabeth,NO,,bergen,,
1166,Falnes,P O,NO,pfalnes@labmed.uio.no.,oslo,,
1167,Alsharnoubi,Jehan Mohamed,NO,,oslo,,
1168,Brekke,H K,NO,,oslo,,
1169,Bondevik,Hilde,NO,hilde.bondevik@stk.uio.no,0315 oslo,,
1170,Nottrott,Markus,NO,mkamn@kir.uib.no,no- bergen,,
1171,Soreide,Kjetil,NO,,stavanger,,
1172,Bakke,J M,NO,,trondheim-nth,,
1173,Mitternacht,Simon,NO,,bergen,,
1174,Pettersen,Klas H,NO,klas.pettersen@umb.no,as,,
1175,Skjeflo,E W,NO,,bodø,,
1176,Christiansen,D,NO,,bodø,,
1177,Fure,H,NO,,bodø,,
1178,Ludviksen,J K,NO,,bodø,,
1179,Espevik,T,NO,,trondheim,,
1180,Nielsen,E W,NO,,tromsø,,
1181,Brekke,O L,NO,,bodø,,
1182,Mollnes,T E,NO,,bodø,,
1183,Nolsøe,Jens M J,NO,,1432 ås,,
1184,Antonsen,Simen,NO,,1432 ås,,
1185,Görbitz,Carl H,NO,,0315 oslo,,
1186,Hansen,Trond V,NO,,1432 ås,,
1187,Nesman,Jannicke I,NO,,1432 ås,,
1188,Røhr,Åsmund K,NO,,1432 ås,,
1189,Stenstrøm,Yngve H,NO,,1432 ås,,
1190,Patel,Sonal,NO,,bergen,,
1191,Jarungsriapisit,Jiraporn,NO,,bergen,,
1192,Moore,Lindsey J,NO,,bergen,,
1193,Aabakken,L,NO,,ullevål hospital,,
1194,Eberhard-Gran,M,NO,malin.eberhard-gran@fhi.no,oslo,,
1195,Pierre-Jerome,C,NO,,tromsö,,
1196,Bakland,Gunnstein,NO,,tromsø,,
1197,Elkamil,Areej I,NO,areej.elkamil@ntnu.no,trondheim,,
1198,Steffen,Kathrin,NO,,oslo,,
1199,Nilstad,Agnethe,NO,,oslo,,
1200,Krosshaug,Tron,NO,,oslo,,
1201,Killingmo,Aleksander,NO,,oslo,,
1202,Bahr,Roald,NO,,oslo,,
1203,Marelli,C,NO,,oslo,,
1204,Lødrup Carlsen,K C,NO,,oslo,,
1205,Waerhaug,O,NO,,university of oslo,,
