temp_id,lastname,firstname,countries_scope,email,town,role,url
1,Skovdahl,Kirsti,NO,,kongsberg,,
2,Eide,I,NO,,stavanger,,
3,Anderson,Ane Marie,NO,,oslo,,
4,Baranowska-Hustad,Marta,NO,,oslo,,
5,Braathen,Ranveig,NO,,oslo,,
6,Bogen,Bjarne,NO,,oslo,,
7,Reinvang,I,NO,,university of oslo,,
8,Svensson,P A,NO,andreas.svensson@sci.monash.edu.au,no- trondheim,,
9,Grotle,Margreth,NO,margreth.grotle@helsefag.uio.no,university of oslo,,
10,Asbakk,K,NO,kjetil.aasbakk@veths.no,n- tromso,,
11,Stubhaug,Bjarte,NO,bjarte.stubhaug@helse-bergen.no,bergen,,
12,Selmer,Kaja Kristine,NO,,oslo,,
13,Olafsson,S,NO,snorri.olafsson@helse-bergen.no,bergen,,
14,Dyregrov,A,NO,,university of bergen,,
15,Tonstad,Serena,NO,serena.tonstad@uus.no,oslo,,
16,Årthun,Marius,NO,,bergen,,
17,Bogstad,Bjarte,NO,,bergen,,
18,Keenlyside,Noel S,NO,,bergen,,
19,Sandø,Anne Britt,NO,,bergen,,
20,Ottersen,Geir,NO,,bergen,,
21,Aamodt,K,NO,,bergen,,
22,Ho,Giang T T,NO,g.t.t.ho@farmasi.uio.no.,n-0316 oslo,,
23,Bräunlich,Marie,NO,p.m.braunlich@farmasi.uio.no.,n-0316 oslo,,
24,Austarheim,Ingvild,NO,ingvild.austarheim@farmasi.uio.no.,n-0316 oslo,,
25,Wangensteen,Helle,NO,helle.wangensteen@farmasi.uio.no.,n-0316 oslo,,
26,Malterud,Karl E,NO,k.e.malterud@farmasi.uio.no.,n-0316 oslo,,
27,Slimestad,Rune,NO,rune.slimestad@bioforsk.no.,n- klepp station,,
28,Barsett,Hilde,NO,hilde.barsett@farmasi.uio.no.,n-0316 oslo,,
29,Helgeland,Helene,NO,helene.helgeland@sykehuset-innlandet.no,gjøvik,,
30,Gaut,Sylvi,NO,sylvi.gaut@ngu.no,trondheim,,
31,Wijffels,R H,NO,,n- bodø,,
32,Nilsen,Erlend B,NO,erlend.nilsen@nina.no,trondheim,,
33,Vindenes,Vigdis,NO,vigdis.vindenes@fhi.no,0403 oslo,,
34,Kaastad,T S,NO,,sophies mindes,,
35,Schultz,Jessica,NO,jessica.schultz@cmi.no,chr michelsen institute (cmi),,
36,Oldenburg,J,NO,,oslo,,
37,Lossius,Morten Ingvar,NO,morten.lossius@epilepsy.no,baerum postterminal,,
38,Kringen,Marianne Kristiansen,NO,m.k.kringen@medisin.uio.no.,0424,,
39,Koelsch,Stefan,NO,,bergen,,
40,d'Errico,Francesco,NO,,bergen,,
41,Schaanning,Morten Thorne,NO,,n- oslo,,
42,Braaten,Hans Fredrik Veiteberg,NO,,n- oslo,,
43,Eek,Espen,NO,,0806 oslo,,
44,Moy,Frithjof E,NO,,his,,
45,Lydersen,Espen,NO,,n- bø,,
46,Størmer,F C,NO,,oslo,,
47,Johansen,Krisztina K,NO,,trondheim,,
48,Skogen,Bjørn,NO,,tromsø,,
49,Saegrov,S,NO,solveig.segrov@hisf.no,n- førde,,
50,Reed,R K,NO,,university of bergen,,
51,Rojahn,A,NO,astrid.rojahn@ulleval.no,oslo,,
52,Holm,T,NO,,oslo,,
53,Sjaastad,O,NO,,trondheim university hospital,,
54,Hove,,NO,,n- trondheim,,
55,Bredal,W P,NO,william.bredal@veths.no,oslo,,
56,Karamanlidis,Alexandros A,NO,,ås,,
57,Tveit,A B,NO,,university of bergen,,
58,Eide,Hilde,NO,,university college of southeast norway,,
59,Flagstad,O,NO,,university of oslo,,
60,Østerås,Håvard,NO,hos@ahs.hist.no,trondheim,,
61,Houge,G,NO,,bergen,,
62,Berland,S,NO,,bergen,,
63,Engström,Pär G,NO,par.engstrom@bccs.uib.no,n- bergen,,
64,Moss,R,NO,,university of bergen,,
65,Kjelsberg,Frank N,NO,,no- lørenskog,,
66,Eide,N,NO,,university of oslo,,
67,Kumar,Neena Theresa,NO,n.t.kumar@medisin.uio.no,oslo,,
68,Zhou,Qiong-Jie,NO,,uit-the arctic university of norwaytromso,,
69,Stuen,Snorre,NO,snorre.stuen@nvh.no,sandnes,,
70,Pihlstrøm,Hege,NO,,oslo,,
71,Myklebust,Line M,NO,,bergen,,
72,Olsen,Christine,NO,christine.olsen@nmbu.no.,ås,,
73,Pedersen,Ingeborg,NO,,ås,,
74,Bergland,Astrid,NO,,oslo,,
75,Ihlebæk,Camilla,NO,,fredrikstad,,
76,Schultz,Sebastian,NO,,oslo,,
77,Markussen,Turhan,NO,turhan.markussen@vetinst.no.,oslo,,
78,Agusti,Celia,NO,celia.agusti@nmbu.no.,oslo,,
79,Karlsbakk,Egil,NO,egil.karlsbakk@imr.no.,bergen,,
80,Nylund,Are,NO,are.nylund@bio.uib.no.,bergen,,
81,Brevik,Øyvind,NO,oyvind.brevik@cermaq.com.,oslo,,
82,Hansen,Haakon,NO,haakon.hansen@vetinst.no.,oslo,,
83,Haaland,P J,NO,peder.j.haaland@veths.no,oslo,,
84,Dusinska,Maria,NO,,nilu-norwegian institute for air research kjeller,,
85,Vange,Pål,NO,,trondheim,,
86,Bruland,Torunn,NO,,trondheim,,
87,Beisvag,Vidar,NO,,trondheim,,
88,Erlandsen,Sten Even,NO,,trondheim,,
89,Flatberg,Arnar,NO,,trondheim,,
90,Doseth,Berit,NO,,trondheim,,
91,Sandvik,Arne K,NO,,trondheim,,
92,Bakke,Ingunn,NO,,trondheim,,
93,Slørdahl,Tobias Schmidt,NO,,trondheim,,
94,Birkeland,K I,NO,,oslo,,
95,Bjorvatn,Bjørn,NO,,university of bergen,,
96,Flo,Elisabeth,NO,,university of bergen,,
97,Harris,Anette,NO,,university of bergen,,
98,Pallesen,Ståle,NO,,haukeland university hospital,,
99,Halstensen,T S,NO,,rikshospitalet,,
100,Hanssen,S O,NO,sten.o.hanssen@kkt.ntnu.no,trondheim,,
101,Iversen,Hilde Hestad,NO,,oslo,,
102,Bjertnæs,Oyvind Andresen,NO,,oslo,,
103,Skudal,Kjersti Eeg,NO,,oslo,,
104,Gjøtterud,Kristina S,NO,,oslo n-,,
105,Sporstøl,Marita,NO,marita.sporstol@imbv.uio.no,oslo,,
106,Utheim,Øygunn A,NO,utyg@uus.no,oslo,,
107,Kaste,Oyvind,NO,oka@niva.no,grimstad,,
108,Mikalsen,J,NO,jarle.mikalsen@vetinst.no,oslo,,
109,Kopjar,B,NO,branko.kopjar@samfunnsmed.uio.no,oslo,,
110,Larsen,Stig,NO,,oslo,,
111,Fagertun,Hans E,NO,,skjetten,,
112,Tallaksen,C M,NO,,oslo,,
113,Bjerve,K S,NO,,levanger,,
114,Kaasa,Stein,NO,,trondheim,,
115,Stedenfeldt,M,NO,mona.stedenfeldt@unn.no,tromsø,,
116,Sandin,Rolf,NO,rolfs@ltkalmar.se,länssjukhuset s-5 kalmar,,
117,Jorde,R,NO,rolf.jorde@unn.no,tromsø,,
118,Seynnes,Olivier,NO,,oslo,,
119,Schei,Jørgen,NO,,tromsø,,
120,Stefansson,Vidar T N,NO,,tromsø,,
121,Jenssen,Trond G,NO,,oslo,,
122,Solbu,Marit D,NO,,tromsø,,
123,Norvik,Jon Viljar,NO,,tromsø,,
124,Eriksen,Bjørn O,NO,,tromsø,,
125,Øpstad,Christer L,NO,,trondheim,,
126,Sliwka,Hans-Richard,NO,,trondheim,,
127,Partali,Vassilia,NO,,trondheim,,
128,Skogen,Bjørn,NO,bjorn.skogen@unn.no,n- tromsø,,
129,Økland,Hege M W,NO,,n-6021 alesund,,
130,Boysen,M,NO,,university of oslo,,
131,Øvrebø,Steinar,NO,,oslo,,
132,Rapp,Hans Tore,NO,,bergen,,
133,Xavier,Joana R,NO,,bergen,,
134,Rønnestad,A,NO,,oslo,,
135,Isfoss,Björn Logi,NO,isfoss@mac.com.,skien,,
136,Weiderpass,Elisabete,NO,,tromsø,,
137,Skeie,Guri,NO,,tromsø,,
138,Lund,Eiliv,NO,,tromsø,,
139,Olsen,Inge C,NO,,n- oslo,,
140,Austad,Cathrine,NO,,n- oslo,,
141,Haugeberg,Glenn,NO,,sandvika,,
142,Kvien,Tore K,NO,,n- oslo,,
143,Uhlig,Till,NO,,n- oslo,,
144,Traeen,Bente,NO,bentet@psyk.uit.no,tromsø,,
145,Maehle,Bjørn O,NO,bjorn.mahle@gades.uib.no,bergen,,
146,Landvik,N E,NO,,p.o. box 404 torshov n- oslo,,
147,Wandera,Margaret,NO,,bergen,,
148,Mittelmark,Maurice B.,NO,,bergen,,
149,Lindström,Bengt,NO,,trondheim,,
150,Espnes,Geir Arild,NO,,trondheim,,
151,Mittelmark,Maurice B.,NO,,bergen,,
152,Skuland,I L,NO,i.l.skuland@kjemi.uio.no,n-0315 oslo,,
153,Yassin,Mohammed A,NO,,bergen,,
154,Leknes,Knut N,NO,,bergen,,
155,Sun,Yang,NO,,bergen,,
156,Lie,Stein A,NO,,bergen,,
157,Mustafa,Kamal,NO,,bergen,,
158,Høiseth,Gudrun,NO,gudrun.hoiseth@fhi.no,oslo,,
159,Kerty,E,NO,,university of oslo,,
160,Boström,Anne-Marie,NO,,haugesund,,
161,Benevenuto,Rafael Fonseca,NO,,tromsø,,
162,Agapito-Tenfen,Sarah Zanon,NO,,tromsø,,
163,Wikmark,Odd-Gunnar,NO,,tromsø,,
164,Bergersen,Linda Hildegard,NO,,oslo,,
165,Ossum,Alvilde M,NO,,oslo,,
166,Palm,Øyvind,NO,,oslo,,
167,Lunder,Aida Kapic,NO,,oslo,,
168,Cvancarova,Milada,NO,,oslo,,
169,Banitalebi,Hasan,NO,,oslo,,
170,Negård,Anne,NO,,oslo,,
171,Høie,Ole,NO,,arendal,,
172,Henriksen,Magne,NO,,grålum,,
173,Moum,Bjørn A,NO,,oslo,,
174,Høivik,Marte Lie,NO,,oslo,,
175,Byrkjeland,Rune,NO,rune.byrkjeland@ulleval.no,oslo university hospital ulleval,,
176,Reierth,E,NO,,university of tromsø,,
177,Vörös,Aniko,NO,,oslo,,
178,Simm,Roger,NO,,oslo,,
179,Hegna,Ida K,NO,,oslo,,
180,Økstad,Ole Andreas,NO,,oslo,,
181,Kolstø,Anne-Brit,NO,,oslo,,
182,Hofstad,T,NO,,bergen,,
183,Jelmert,Anders,NO,,his,,
184,Irgens,Audun C,NO,,sørlandet hospitalarendal,,
185,Hoffart,Asle,NO,,modum badvikersund,,
186,Nysæter,Tor E,NO,,sørlandet hospitalarendal,,
187,Haaland,Vegard Ø,NO,,university of oslooslo,,
188,Borge,Finn-Magnus,NO,,modum badvikersund,,
189,Pripp,Are H,NO,,oslo university hospitaloslo,,
190,Martinsen,Egil W,NO,,division of mental health and addictionoslo,,
191,Dammen,Toril,NO,,university of oslooslo,,
192,Grundnes,O,NO,,tromsø,,
193,Johannessen,Svein I,NO,,oslo,,
194,Kvadsheim,P H,NO,,horten,,
195,Kleivane,L,NO,,horten,,
196,Sivle,L D,NO,,bergen 5817,,
197,Klepstad,P,NO,,oslo university school of medicine,,
198,Kristensen,P,NO,petter.kristensen@stami.no,n-0033 oslo,,
199,Løvaas,E,NO,,university of tromsø,,
200,Nordøy,T,NO,,tromsoe,,
201,Fallang,Bjørg,NO,bjorg.fallang@hf.hio.no,oslo,,
202,Kruse,Arnold-Jan,NO,,stavanger,,
203,Vasdal,Guro,NO,,oslo,,
204,Vas,Judit,NO,,ås,,
205,Newberry,Ruth C,NO,,ås,,
206,Moe,Randi Oppermann,NO,,oslo,,
207,Riise,H M,NO,hildefr@fagmed.uit.no,university of tromsø,,
208,Knutsen,Ingrid Ruud,NO,ingrid.ruudknutsen@hiak.no,akershus university college,,
209,Knappskog,M,NO,,bergen,,
210,Brattebø,G,NO,,hammerfest hospital,,
211,Semb,Anne G,NO,a-semb@diakonsyk.no,no- oslo,,
212,Krauss,S,NO,,university of tromsø,,
213,Uran,S,NO,,oslo,,
214,Liestøl,K,NO,,university of oslo,,
215,Haukaas,Fredrik Salvesen,NO,fredrikhaukaas@gmail.com.,oslo,,
216,Arnesen,Trude Margrete,NO,,oslo,,
217,Winje,Brita Askeland,NO,,oslo,,
218,Aas,Eline,NO,,blindern,,
219,Lerang,Karoline,NO,klerang@ous-hf.no,0424 oslo,,
220,Årøen,Asbjørn,NO,,lørenskog,,
221,Nesse,Knut Olav,NO,,lesja,,
222,Lie,Kai K,NO,kai.lie@nifes.no,n- bergen,,
223,Kjelsen,Inger Johanne Østegaard,NO,,0316 oslo,,
224,Brøgger,J,NO,jan.brogger@med.uib.no,bergen n-,,
225,Achilleos,S,NO,,university of oslo,,
226,Tonby,Kristian,NO,,oslo university hospital,,
227,Kvale,Dag,NO,,university of oslo,,
228,Dyrhol-Riise,Anne Ma,NO,,university of oslo,,
229,Mehl,A,NO,arne.mehl@hnt.no.,levanger,,
230,Scheel,Inger B,NO,inger.scheel@kunnskapssenteret.no,norwegian knowledge centre for health services,,
231,Hovda,Sigve,NO,sh@hinesna.no,nesna,,
232,Morken,Mette H,NO,mette.morken@helse.bergen.no,bergen,,
233,Kvien,Tore K,NO,,oslo,,
234,Torkildsen,Oivind,NO,,university of bergen,,
235,Myhr,Kjell-Morten,NO,,university of bergen,,
236,Wergeland,Stig,NO,,university of bergen,,
237,von Düring,Marit Elizabeth,NO,,oslo,,
238,Jenssen,Trond,NO,,oslo,,
239,Bollerslev,Jens,NO,,oslo,,
240,Åsberg,Anders,NO,,oslo,,
241,Godang,Kristin,NO,,oslo,,
242,Hartmann,Anders,NO,,oslo,,
243,Samdal,F,NO,,university of bergen,,
244,Morken,N-H,NO,,bergen,,
245,Skjaerven,R,NO,,bergen,,
246,Engesaeter,Birgit Ø,NO,birgite@labmed.uio.no,n- oslo,,
247,Brown,Andrew A,NO,,oslo,,
248,Hussain,Ajmal,NO,ajmalhus@gmail.com.,lørenskog,,
249,Nygaard,Egil,NO,,oslo,,
250,Siqveland,Johan,NO,,lørenskog,,
251,Heir,Trond,NO,,oslo,,
252,Zhou,Yifan,NO,ahan.zhou@gmail.com.,bergen,,
253,Søreide,E,NO,soed@sus.no,stavanger,,
254,Tonstad,S,NO,serena.tonstad@ulleval.no,oslo,,
255,Wisløff,F,NO,f.g.b.wisloff@ioks.uio.no,oslo,,
256,Berner,Christine L,NO,,university of stavanger,,
257,Flage,Roger,NO,,university of stavanger,,
258,Garmo,Oyvind Aaberg,NO,,n- trondheim,,
259,Wang,X L,NO,,oslo,,
260,Log,Torgrim,NO,torgrim.log@hvl.no.,haugesund,,
261,Moi,Asgjerd Litlere,NO,asgjerd.litlere.moi@hvl.no.,bergen,,
262,Hallenstvedt,E,NO,elin.hallenstvedt@fkf.no,n- trondheim,,
263,Robinson,Nicholas,NO,nicholas.robinson@nofima.no.,1432 ås,,
264,Borch-Iohnsen,B,NO,,university of oslo,,
265,Mézeth,Kjersti B,NO,kjersti.mezeth@mbi.uib.no,5020 bergen,,
266,Mannelqvist,Monica,NO,,bergen,,
267,Steen,Nils Eiel,NO,,oslo,,
268,Birkeland,Kåre I,NO,,oslo,,
269,Dieset,Ingrid,NO,,oslo,,
270,Reponen,Elina J,NO,,oslo,,
271,Laskemoen,Jannicke F,NO,,oslo,,
272,Rødevand,Linn,NO,,oslo,,
273,Melle,Ingrid,NO,,oslo,,
274,Andreassen,Ole A,NO,,oslo,,
275,Molden,Espen,NO,,oslo,,
276,Husebekk,Anne,NO,,tromsø,,
277,Hugdahl,K,NO,,bergen,,
278,Evans,Alina L,NO,,no- elverum,,
279,Fuchs,Boris,NO,,no- elverum,,
280,Græsli,Anne Randi,NO,,no- elverum,,
281,Arnemo,Jon M,NO,,no- elverum,,
282,Rösner,Assami,NO,,tromsø,,
283,Schirmer,Henrik,NO,,tromsø,,
284,Iqbal,Amjid,NO,,tromsø,,
285,Avenarius,Derk,NO,,tromsø,,
286,Malm,Siri,NO,,tromsø,,
287,Schou,Line,NO,,oslo,,
288,Moan,Inger Synnøve,NO,,oslo,,
289,Bruserud,Øystein,NO,oystein.bruserud@haukeland.no,bergen,,
290,Indredavik,Marit S,NO,,trondheim,,
291,Horn,Joachim,NO,joachim.horn@rikshospitalet.no,oslo,,
292,Engen,Steinar,NO,,n- trondheim,,
293,Vik,Jon Olav,NO,,0316 oslo,,
294,Vermund,Halvor,NO,hvermund@rikshospitalet.no,university of oslo,,
295,Rognes,Sven Erik,NO,,oslo,,
296,Haldorsen,Bjørg,NO,,tromsø,,
297,Blomberg,Bjørn,NO,,bergen,,
298,Sundsfjord,Arnfinn,NO,,tromsø,,
299,Langeland,Nina,NO,,bergen,,
300,Samuelsen,Ørjan,NO,orjan.samuelsen@unn.no.,tromsø,,
301,Johansen,Morten,NO,,norwegian institute for nature research tromsø,,
302,Svenning,Martin,NO,,norwegian institute for nature research tromsø,,
303,Brørs,Sturla,NO,,office of the county governor of finnmark vadsø,,
304,Davidsen,N B,NO,nina.davidsen@nisk.nih.no,as,,
305,Haukaas,Tonje H,NO,,oslo,,
306,Moestue,Siver A,NO,,trondheim,,
307,Vettukattil,Riyas,NO,,trondheim,,
308,Sitter,Beathe,NO,,trondheim,,
309,Giskeødegård,Guro F,NO,,trondheim,,
310,Bathen,Tone F,NO,,oslo,,
311,Saugstad,O D,NO,odsaugstad@rr-research.no,oslo,,
312,Dahl,Kristin H,NO,kristind@fagmed.uit.no,university of tromsø,,
313,Bonsaksen,Tore,NO,,oslo,,
314,Småstuen,Milada C,NO,,oslo,,
315,Thørrisen,Mikkel M,NO,,oslo,,
316,Thode,Sunniva Katharina,NO,,tromsø,,
317,Rojek,Ewelina,NO,,hamar,,
318,Kozlowski,Mikolaj,NO,,hamar,,
319,Ahmad,Rafi,NO,,hamar,,
320,Haugen,Peik,NO,,tromsø,,
321,Yavuz,Y,NO,nsalk@online.no,trondheim,,
322,Reitan,Nina Kristine,NO,nina.reitan@ntnu.no,n- trondheim,,
323,Prebensen,Christian,NO,,oslo,,
324,Schjøtt,Jan,NO,jasc@helse-bergen.no,n- bergen,,
325,Seljeflot,I,NO,,university of oslo,,
326,Opstad,T,NO,,university of oslo,,
327,Solheim,S,NO,,oslo university hospital ullevål,,
328,Arnesen,H,NO,,university of oslo,,
329,Singh,Ravinder,NO,ravinder.singh@farmasi.uio.no,0316 oslo,,
330,Lund,Reidar,NO,,n-0315 oslo,,
331,Glasø,M,NO,,national hospital,,
332,Huang,L Y,NO,,oslo,,
333,Leivseth,Linda,NO,,trondheim,,
334,Devik,Siri Andreassen,NO,,steinkjer,,
335,Enmarker,Ingela,NO,,steinkjer,,
336,Anda,Liss Gøril,NO,,stavanger,,
337,Brønnick,Kolbjørn,NO,,stavanger,,
338,Langeveld,Johannes,NO,,stavanger,,
339,Ten Velden Hegelstad,Wenche,NO,,stavanger,,
340,Joa,Inge,NO,,stavanger,,
341,Johannessen,Jan Olav,NO,,stavanger,,
342,Larsen,Tor Ketil,NO,,stavanger,,
343,Rashid,Moheb A,NO,mohebrashid@yahoo.se,lillehammer,,
344,Risberg,Karianne,NO,,oslo,,
345,Drotningsvik,Aslaug,NO,,bergen,,
346,Midttun,Øivind,NO,,bergen,,
347,McCann,Adrian,NO,,bergen,,
348,Ueland,Per Magne,NO,,university of bergen  bergen,,
349,Høgøy,Ingmar,NO,,storebø,,
350,Gudbrandsen,Oddrun Anita,NO,,bergen,,
351,Akkök,C A,NO,ciak@uus.no,n- oslo,,
352,Filimonenko,Maria,NO,,oslo,,
353,Waehre,T,NO,torgun.wehre@ahus.no,oslo,,
354,Sørlie,Tore,NO,tore.sorlie@unn.no,university of tromsø,,
355,Sudmann,Bjørn,NO,bjorn.sudmann@rikshospitalet.no,bergen,,
356,Stokowy,Tomasz,NO,,bergen,,
357,Polushina,Tatiana,NO,,bergen,,
358,Sønderby,Ida E,NO,,oslo,,
359,Giddaluru,Sudheer,NO,,bergen,,
360,Le Hellard,Stephanie,NO,,bergen,,
361,Andreassen,Ole A,NO,,oslo,,
362,Djurovic,Srdjan,NO,,bergen,,
363,Steen,Vidar M,NO,vidar.martin.steen@helse-bergen.no.,bergen,,
364,Tallaksen,C M,NO,,oslo,,
365,Rønning,John A,NO,johnr@fagmed.uit.no,tromsø,,
366,Istre,O,NO,,hamar,,
367,Johannessen,A C,NO,,university of bergen,,
368,Hofshagen,M,NO,,oslo,,
369,Røe,Oluf Dimitri,NO,,trondheim,,
370,Ekeberg,Øivind,NO,,oslo,,
371,Havnen,Hilde,NO,,trondheim,,
372,Helland,Arne,NO,,trondheim,,
373,Falch,Berit Margrethe Hasle,NO,,trondheim,,
374,Spigset,Olav,NO,,trondheim,,
375,Lundvoll Nilsen,Line,NO,,tromsø,,
376,Heradstveit,Bård E,NO,baard.heradstveit@helse-bergen.no,bergen,,
377,Quayle,A J,NO,,oslo,,
378,Weiderpass,Elisabete,NO,,tromsø,,
379,Ousdal,Olga-Therese,NO,,bergen,,
380,Lehne,G,NO,,oslo,,
381,Aasen,Ida Emilia,NO,,trondheim,,
382,Brunner,Jan Ferenc,NO,,mosjøen,,
383,Christiansen,Jon R,NO,,oslo,,
384,Kanellopoulos,Adriani,NO,,oslo,,
385,Lund,May B,NO,,oslo,,
386,Massey,Richard,NO,,oslo,,
387,Dalen,Håvard,NO,,levanger,,
388,Kiserud,Cecilie E,NO,,oslo,,
389,Ruud,Ellen,NO,,oslo,,
390,Aakhus,Svend,NO,,oslo,,
391,Tesli,M,NO,m.s.tesli@medisin.uio.no.,oslo,,
392,Bless,Josef J,NO,,university of bergen,,
393,Hugdahl,Kenneth,NO,,university of bergen,,
394,Westerhausen,René,NO,,oslo,,
395,Rushfeldt,C,NO,,university of tromsø,,
396,Breivik,Harald,NO,,oslo,,
397,Austreid,Eilin,NO,,bergen,,
398,Taule,Tina,NO,,bergen,,
399,Aasly,Jan,NO,,trondheim,,
400,Atar,Dan,NO,,oslo,,
401,Skaland,Ivar,NO,,stavanger,,
402,Aasmundstad,T A,NO,,university of trondheim,,
403,Gold,Christian,NO,christian.gold@grieg.uib.no,bergen,,
404,Ryding,Mauritz J,NO,,no-0315 oslo,,
405,Uggerud,Einar,NO,,no-0315 oslo,,
406,Sæthre,Leif J,NO,,no- bergen,,
407,Børve,Knut J,NO,,no- bergen,,
408,Boye,Kjetil,NO,,oslo,,
409,Jacob,Havjin,NO,,bergen,,
410,Frikstad,Kari-Anne M,NO,,oslo,,
411,Nesland,Jahn M,NO,,oslo,,
412,Maelandsmo,Gunhild M,NO,,oslo,,
413,Dahl,Olav,NO,,bergen,,
414,Nesbakken,Arild,NO,,oslo,,
415,Flatmark,Kjersti,NO,,oslo,,
416,Hynes,Natasha A,NO,natasha.hynes@uit.no,tromsø n-,,
417,Sejersted,Yngve,NO,yngve.sejersted@rr-research.no,oslo,,
418,Thorsen,Lene,NO,lene.thorsen@radiumhospitalet.no,oslo,,
419,Akslen,L A,NO,,university of bergen,,
420,From,Cecilie,NO,,oslo,,
421,Hovik,Kjell Tore,NO,kjell.tore.hovik@sykehuset-innlandet.no.,norway university of oslo,,
422,Plessen,Kerstin J,NO,,denmark university of bergen,,
423,Skogli,Erik Winther,NO,,norway university of oslo,,
424,Andersen,Per Normann,NO,,norway university of oslo,,
425,Øie,Merete,NO,,norway university of oslo,,
426,Drevon,Christian A,NO,h.l.gulseth@medisin.uio.no.,0424 oslo,,
427,Mørkve,O,NO,,university of bergen,,
428,Vatten,L J,NO,,trondheim,,
429,Aarønæs,Marit,NO,,oslo,,
430,Graff-Iversen,Sidsel,NO,,oslo,,
431,Nystad,Wenche,NO,,oslo,,
432,Ranhoff,Anette Hylen,NO,,bergen,,
433,Kolberg,J,NO,,oslo,,
434,Henriksen,G,NO,,university of oslo,,
435,Dahl,Alv A,NO,a.a.dahl@imbv.uio.no,oslo,,
436,Skari,H,NO,,oslo,,
437,Aarones,Marit,NO,,oslo,,
438,Aakhus,Svend,NO,,trondheim,,
439,Reppe,Sjur,NO,sjur.reppe@medisin.uio.no,ullevaal,,
440,Garratt,Andrew M,NO,andrew.garratt@diakonsyk.no,oslo,,
441,Gilbert,M,NO,,tromsø,,
442,Puga-Gonzalez,Ivan,NO,,kristiansand,,
443,Kinge,Jonas M,NO,,oslo,,
444,Neupane,Sudan Prasad,NO,,oslo,,
445,Norheim,Ole F,NO,,bergen,,
446,Skirbekk,Vegard,NO,,oslo,,
447,Vollset,Stein Emil,NO,,bergen,,
448,White,Richard A,NO,,oslo,,
449,Ringstad,Geir Andre,NO,geir.ringstad@rikshospitalet.no,oslo,,
450,Furnes,Bodil,NO,bodil.furnes@uis.no,stavanger,,
451,Ruud Hansen,Thor Willy,NO,t.w.r.hansen@medisin.uio.no,oslo,,
452,Kolstad,Frode,NO,frode.kolstad@medisin.ntnu.no,trondheim,,
453,Bull,Torill,NO,torill.bull@iuh.uib.no,bergen,,
454,Norum,J,NO,jannorum@fagmed.uit.no,university hospital of tromso,,
455,Moltubakk,M M,NO,,oslo,,
456,Magulas,M M,NO,,oslo,,
457,Villars,F O,NO,,oslo,,
458,Seynnes,O R,NO,,oslo,,
459,Bojsen-Møller,J,NO,,oslo,,
460,Konijnenberg,Carolien,NO,,university of oslo,,
461,Knappskog,Stian,NO,stian.knappskog@med.uib.no,bergen,,
462,Høstmark,A T,NO,,university of oslo,,
463,Tjernsbekk,Maria Therese,NO,,ås,,
464,Rubio-Fernández,Paula,NO,prubio@mit.edu.,oslo,,
465,Andresen,A T,NO,,university of oslo,,
466,Galtung,Hilde Kanli,NO,,blindern,,
467,Hellebostad,M,NO,,oslo,,
468,Celius,Elisabeth Gulowsen,NO,,oslo,,
469,Torkildsen,Øivind,NO,,bergen,,
470,Nysœter,Gunnar,NO,,bergen,,
471,Jozefiak,Thomas,NO,thomas.jozefiak@ntnu.no.,trondheim,,
472,Haavik,Jan,NO,,university of bergen,,
473,Halmøy,Anne,NO,,university of bergen,,
474,Fasmer,Ole B,NO,,bergen,,
475,Landaas,Elisabeth T,NO,,university of bergen,,
476,Johansson,Stefan,NO,,university of bergen,,
477,Husebo,Bettina S,NO,,bergen,,
478,Flo,Elisabeth,NO,elisabeth.flo@uib.no.,bergen,,
479,Engedal,Knut,NO,,oslo,,
480,Borgan,Ørnulf,NO,borgan@math.uio.no.,oslo,,
481,Elvevold,Kjetil,NO,,tromsø,,
482,Al-hebshi,Nezar,NO,nezar.al-hebshi@student.uib.no,n- bergen,,
483,Vorland,M,NO,marta.vorland@biomed.uib.no,university of bergen,,
484,Brandtzaeg,P,NO,per.brandtzaeg@labmed.uio.no,rikshospitalet,,
485,Fossum,Gro,NO,gro.fossum@legemiddelverket.no,statens legemiddelverk,,
486,Farstad,Inger Nina,NO,i.n.farstad@labmed.uio.no,university of oslo,,
487,Lie,Elisabeth,NO,elisabeth_lie@yahoo.no,oslo,,
488,Vassbakk-Brovold,Karianne,NO,,kristiansand,,
489,Kersten,Christian,NO,,kristiansand,,
490,Fegran,Liv,NO,,kristiansand,,
491,Mjåland,Odd,NO,,kristiansand,,
492,Mjåland,Svein,NO,,kristiansand,,
493,Seiler,Stephen,NO,,kristiansand,,
494,Berntsen,Sveinung,NO,,kristiansand,,
495,Larsen,T H,NO,,bergen,,
496,Fristad,I,NO,,university of bergen,,
497,Lysøe,Erik,NO,,ås,,
498,Mikkelsen,G,NO,,trondheim,,
499,Daub,C D,NO,,trondheim,,
500,Birkeland,Kåre I,NO,,oslo,,
501,Grill,Valdemar,NO,,trondheim,,
502,Wium,Cecilie,NO,,oslo,,
503,Rogers,G W,NO,,n- hamar,,
504,Cooper,J,NO,,n- hamar,,
505,Refsdal,A O,NO,,n- hamar,,
506,Kommisrud,E,NO,,n- elverum,,
507,Ropstad,E,NO,,n- oslo,,
508,Hjartåker,Anette,NO,anette.hjartaker@kreftregisteret.no,oslo,,
509,Josefsen,Dag,NO,dag.josefsen@ous-hf.no,oslo university hospital,,
510,Nerhus,Tor Kjetil,NO,kjetil@legesiden.no,baerum,,
511,Damås,Jan K,NO,jan.k.damas@ntnu.no,oslo,,
512,Kaiser,Matthias,NO,matthias.kaiser@etikkom.no,n- oslo,,
513,White,L R,NO,linda.white@medisin.ntnu.no,trondheim,,
514,Waage,Anders,NO,anders.waage@ntnu.no,trondheim,,
515,Weiderpass,Elisabete,NO,,tromsø n-,,
516,Jareid,Mie,NO,,tromsø n-,,
517,Boardman,Neoma T,NO,neoma.boardman@uit.no,tromsø,,
518,Sterud,T,NO,tom.sterud@stami.no.,oslo,,
519,Tynes,T,NO,,oslo,,
520,Mehlum,I Sivesind,NO,,oslo,,
521,Veiersted,K B,NO,,oslo,,
522,Jorde,Per Erik,NO,p.e.jorde@bio.uio.no,n-0316 oslo,,
523,Froestad,J,NO,,university of bergen,,
524,Berge,Eivind,NO,,oslo,,
525,Denison,Eva,NO,,oslo,,
526,Ruus,A,NO,anders.ruus@niva.no,university of oslo,,
527,Dybedal,Gro Strømnes,NO,,lørenskog,,
528,Magnusson,Karin,NO,,oslo,,
529,Elgjo,Kjell,NO,kjell.elgjo@labmed.uio.no,oslo,,
530,Kleist,Britta,NO,,kristiansand,,
531,Poetsch,Micaela,NO,,kristiansand,,
532,Hope,Arvid,NO,aho@nui.no,bergen,,
533,Samuelsen,S O,NO,,oslo,,
534,Johannessen,L N,NO,lene.johannessen@medisin.ntnu.no,trondheim,,
535,Mokso,Rajmund,NO,,no-0315 oslo,,
536,Ravndal,Maren E A,NO,,oslo,,
537,Christensen,Anders H,NO,,oslo,,
538,Døhlen,Gaute,NO,,oslo,,
539,Holmstrøm,Henrik,NO,,oslo,,
540,Larsen,R H,NO,,university of oslo,,
541,Bremnes,R M,NO,,university of tromsø,,
542,Handegard,Nils Olav,NO,nilsolav@imr.no.,bergen,,
543,Macaulay,Gavin John,NO,gavinj@imr.no.,bergen,,
544,Rieucau,Guillaume,NO,guillaumer@imr.no.,bergen,,
545,Sivle,Lise Doksæter,NO,lise.doksaeter.sivle@imr.no.,bergen,,
546,Sundaram,Arvind Y M,NO,,oslo,,
547,Hughes,Timothy,NO,,oslo,,
548,Lyle,Robert,NO,robert.lyle@medisin.uio.no.,oslo,,
549,Gilfillan,Gregor D,NO,gregor.gilfillan@medisin.uio.no.,oslo,,
550,Carlström,Eric,NO,,notodden,,
551,Vik,Kjersti,NO,kjersti.vik@hist.no,trondheim,,
552,Mosdøl,G,NO,,oslo,,
553,Edwin,Bjørn,NO,,oslo,,
554,Røsok,Bård,NO,,oslo,,
555,Sahakyan,Mushegh A,NO,,oslo,,
556,Konstantinova,Svetlana V,NO,svetlana.konstantinova@isf.uib.no,bergen,,
557,Alnaes,R,NO,,university of oslo,,
558,Olsen,A O,NO,,oslo,,
559,Aaseth,Jan,NO,,brumunddal,,
560,Rydenfelt,K,NO,,lørenskog,,
561,Dankel,Dorothy J,NO,,bergen,,
562,Eikeset,Anne M,NO,,oslo,,
563,Enberg,Katja,NO,,bergen,,
564,Jørgensen,Christian,NO,,bergen,,
565,Heino,Mikko,NO,,bergen,,
566,Nizzetto,Luca,NO,,oslo,,
567,Enersen,Morten,NO,,oslo,,
568,Høie,L H,NO,,oslo,,
569,Blomhoff,S,NO,,oslo,,
570,Malmo,Vegard,NO,,trondheim,,
571,Laugsand,Lars Erik,NO,,trondheim,,
572,Loennechen,Jan Pål,NO,,trondheim,,
573,Ellekjaer,Hanne,NO,,trondheim,,
574,Vatten,Lars J,NO,,trondheim,,
575,Janszky,Imre,NO,,trondheim,,
576,Jenssen,T G,NO,,tromsø,,
577,Haglund,Kaisa,NO,,oslo,,
578,Lie,Irene,NO,irene.lie@uus.no,oslo,,
579,Iversen,O H,NO,,university of oslo,,
580,Dragset,Marte Singsås,NO,,trondheim,,
581,Myint,M,NO,myintm@odont.uio.no,university of oslo,,
582,He,Chun-Bo,NO,,trondheim,,
583,Rørtveit,Kristine,NO,kroe@sus.no,stavanger 4068,,
584,Mola-Yudego,Blas,NO,,ås,,
585,Lund-Johansen,M,NO,,haukeland hospital,,
586,Wollmann,B M,NO,,oslo,,
587,Syversen,S W,NO,,oslo,,
588,Lie,E,NO,,oslo,,
589,Gjestad,C,NO,,oslo,,
590,Mehus,L L,NO,,oslo,,
591,Olsen,I C,NO,,oslo,,
592,Molden,E,NO,,oslo,,
593,Festvåg,Lillian,NO,lillian.festvag@sunnaas.no.,no- nesoddtangen,,
594,Gorunova,Ludmila,NO,,oslo,,
595,Davidson,Ben,NO,,oslo,,
596,Heim,Sverre,NO,,oslo,,
597,Forsdahl,G,NO,,tromsø,,
598,Takman,Christina,NO,catakman@telia.com,oslo,,
599,Lund,Eiliv,NO,,tromsø,,
600,Veierod,Marit B,NO,,oslo,,
601,Amundsen,Brage H,NO,brage.h.amundsen@ntnu.no,n- trondheim,,
602,Berstad,K,NO,,bergen,,
603,Kolbenstvedt,A,NO,alf.kolbenstvedt@klinmed.uio.no,oslo,,
604,Karlsen,Hans E,NO,h.e.karlsen@bio.uio.no,blindern n-,,
605,Heikal,Adam,NO,,oslo,,
606,Samuelsen,Ørjan,NO,,tromsø,,
607,Kristensen,Tom,NO,,oslo,,
608,Økstad,Ole Andreas,NO,,oslo,,
609,Fredheim,Olav Magnus S,NO,olav.m.fredheim@ntnu.no,rikshospitalet,,
610,Balasingham,Ilangko,NO,ilangkob@klinmed.uio.no,no- oslo,,
611,Nilsen,F S,NO,,aker hospital,,
612,Ørjasæter,Kristin Berre,NO,,bodø,,
613,Hedlund,Marianne,NO,,bodø,,
614,Bjerkeset,Ottar,NO,,bodø,,
615,Ness,Ottar,NO,,bodø,,
616,Raastad,Truls,NO,,oslo,,
617,Egner,Ingrid M,NO,,oslo,,
618,Elvsaas,I K Ø,NO,,oslo,,
619,Giske,L,NO,,oslo,,
620,Fure,B,NO,,oslo,,
621,Juvet,L K,NO,,oslo,,
622,Nakken,Karl O,NO,karl.otto.naken@epilepsy.no,sandvika,,
623,Halvorsen,F A,NO,,drammen,,
624,Alho,A,NO,,oslo,,
625,Huang,Tien-Sheng,NO,tihu@nifes.no,bergen,,
626,Torkildsen,Øivind,NO,,bergen,,
627,Wergeland,Stig,NO,,bergen,,
628,Myhr,Kjell-Morten,NO,,bergen,,
629,Berven,Frode S,NO,,bergen,,
630,Russell,Michael Bjørn,NO,m.b.russell@medisin.uio.no,oslo,,
631,Polder,A,NO,anuschka.polder@nvh.no,n-0033 oslo,,
632,Osthus,Arild Andrè,NO,,n- bergen,,
633,Sæbø,A,NO,,klepp,,
634,Eide,Leslie S P,NO,,bergen,,
635,Ranhoff,Anette H,NO,,bergen,,
636,Haaverstad,Rune,NO,,bergen,,
637,Hufthammer,Karl Ove,NO,,bergen,,
638,Kuiper,Karel K J,NO,,bergen,,
639,Nordrehaug,Jan Erik,NO,,stavanger,,
640,Norekvål,Tone M,NO,,bergen,,
641,Leder,Erica,NO,,oslo,,
642,Thorsen,F,NO,,bergen,,
643,Mala,T,NO,tom.mala@netcom.no,oslo,,
644,Mala,Tom,NO,tom.mala@rikshospitalet.no,n- oslo,,
645,Almendingen,K,NO,,university of oslo,,
646,Nylund,A,NO,are.nylund@ifm.uib.no,bergen,,
647,Jonsson,Roland,NO,roland.jonsson@gades.uib.no,university of bergen,,
648,Oliveira,Isabel B,NO,,0349 oslo,,
649,Langford,Katherine H,NO,,oslo,,
650,Thomas,Kevin V,NO,,oslo,,
651,Gaarder,Christine,NO,,oslo,,
652,Eng,Øyvin,NO,,bergen,,
653,Mellgren,Gunnar,NO,,bergen,,
654,Handegard,Nils Olav,NO,,bergen,,
655,Tenningen,Maria,NO,,bergen,,
656,Howarth,Kirsten,NO,,bergen,,
657,Anders,Neil,NO,,bergen,,
658,Rieucau,Guillaume,NO,,bergen,,
659,Breen,Michael,NO,,bergen,,
660,Bakke,Per,NO,,bergen,,
661,Bleskestad,Inger H,NO,,stavanger,,
662,Meknas,Khaled,NO,,tromsø,,
663,Mbanya,Vivian N,NO,,oslo,,
664,Akhtar,Hussain,NO,,oslo,,
665,Akerstedt,J,NO,johan.akerstedt@vetinst.no,oslo,,
666,Hagen,Kristen,NO,kristen.hagen@helse-mr.no.,molde,,
667,Solem,Stian,NO,,trondheim,,
668,Opstad,Håvard Berg,NO,,molde,,
669,Hansen,Bjarne,NO,,bergen,,
670,Hagen,Roger,NO,,trondheim,,
671,Romslo,I,NO,,regional hospital,,
672,Enoksen,Anette Einan,NO,,university of oslo,,
673,Flaatten,H,NO,hkfl@haukeland.no,bergen,,
674,Hvattum,E,NO,,oslo,,
675,Luo,Xiaodong,NO,,bergen,,
676,Bhakta,Tuhin,NO,,bergen,,
677,Jakobsen,Morten,NO,,bergen,,
678,Nævdal,Geir,NO,,bergen,,
679,Mykletun,Arnstein,NO,arnstein.mykletun@uib.no,oslo,,
680,Roxrud,Ingrid,NO,,n- oslo,,
681,Akerstedt,Johan,NO,johan.akerstedt@vetinst.nd,no-0033 oslo,,
682,Rud,Ane Kongsgaard,NO,anekkongsgaard@yahoo.com.,no-0424,,
683,Boye,Kjetil,NO,,no-0424,,
684,Fodstad,Øystein,NO,,no-0424,,
685,Juell,Siri,NO,,no-0424,,
686,Jørgensen,Lars H,NO,,oslo,,
687,Solberg,Steinar,NO,,oslo,,
688,Helland,Åslaug,NO,,oslo,,
689,Brustugun,Odd Terje,NO,,oslo,,
690,Mælandsmo,Gunhild Mari,NO,,no-0424,,
691,Norum,Jan,NO,jan.norum@telemed.no,tromsø,,
692,Sandvik,Hogne,NO,hogne.sandvik@isf.uib.no,bergen,,
693,Martines,Jose,NO,,bergen,,
694,Akkök,Cigdem Akalin,NO,cigdemakak@yahoo.no,bergen,,
695,Greibrokk,Tyge,NO,tyge.greibrokk@kjemi.uio.no,department of chemistry,,
696,Ording-Muller,Lil-Sofie,NO,,oslo,,
697,Thomas Augdal,A,NO,,tromsø,,
698,Åsjö,Birgitta,NO,,bergen,,
699,Bjørneboe,A,NO,,oslo,,
700,Hu,Haibin,NO,,oslo,,
701,Kortner,Trond M,NO,,oslo,,
702,Gajardo,Karina,NO,,oslo,,
703,Chikwati,Elvis,NO,,oslo,,
704,Krogdahl,Åshild,NO,,oslo,,
705,Lian,Olaug S,NO,olaug.lian@uit.no.,tromsø,,
706,Grue,Jan,NO,,oslo,,
707,Gilgien,Matthias,NO,,oslo,,
708,Løbersli,Inger,NO,,n-0403 oslo,,
709,Nieder,C,NO,carsten.nieder@nlsh.no.,bodø,,
710,Di Luca,Maria Chiara,NO,,tromsø,,
711,Skaare,Dagfinn,NO,,tønsberg,,
712,Aasnaes,Bettina,NO,,tromsø,,
713,Sundsfjord,Arnfinn,NO,,tromsø,,
714,Sandbaek,G,NO,,oslo,,
715,Løken,T,NO,,oslo,,
716,Eide,Per K,NO,,oslo,,
717,Svege,Sarah,NO,sarah.svege@icloud.com.,bergen,,
718,Robberstad,Bjarne,NO,,bergen,,
719,Nkosi-Gondwe,Thandile,NO,,bergen,,
720,Lange,Siri,NO,,bergen,,
721,Bentele,Horst,NO,horst.bentele@fhi.no.,oslo,,
722,Forus,A,NO,,oslo,,
723,Nygren,M K,NO,,n- oslo,,
724,Tekle,C,NO,,n- oslo,,
725,Ingebrigtsen,V A,NO,,n-0424 oslo,,
726,Krohn,M,NO,,n-0424 oslo,,
727,Aure,M R,NO,,n-0424 oslo,,
728,Nunes-Xavier,C E,NO,,n- oslo,,
729,Nesland,J M,NO,,n- oslo,,
730,Borgen,E,NO,,n- oslo,,
731,Børresen-Dale,A-L,NO,,n-0424 oslo,,
732,Fodstad,Ø,NO,,n-0424 oslo,,
733,Sahlberg,K K,NO,,n-3004 drammen,,
734,Leivonen,S-K,NO,,n-0424 oslo,,
735,Kravdal,Øystein,NO,okravdal@econ.uio.no,oslo,,
736,Vassend,O,NO,,university of oslo,,
737,Skjørten,F,NO,,oslo,,
738,Spigt,Mark,NO,,tromsø,,
739,Berge,T I,NO,,university of bergen,,
740,Faerestrand,S,NO,,haukeland hospital,,
741,Cekaite,Lina,NO,linac@rrresearch.no,oslo,,
742,Ørbo,Anne,NO,,n- tromsø,,
743,Arnes,Marit,NO,,n- tromsø,,
744,Lyså,Lena Myreng,NO,,n- tromsø,,
745,Straume,Bjørn,NO,,n- tromsø,,
746,Sandve,Simen R,NO,odd-simen.sandve@umb.no,as,,
747,Evensen,Julie,NO,j.h.evensen@medisin.uio.no,oslo,,
748,Storheim,Kjersti,NO,kjersti.storheim@medisin.uio.no.,oslo,,
749,Espeland,Ansgar,NO,,bergen,,
750,Grøvle,Lars,NO,,grålum,,
751,Skouen,Jan Sture,NO,,bergen,,
752,Aßmus,Jörg,NO,,bergen,,
753,Anke,Audny,NO,,tromsø,,
754,Froholdt,Anne,NO,,drammen,,
755,Pedersen,Linda M,NO,,oslo,,
756,Haugen,Anne Julsrud,NO,,grålum,,
757,Fors,Terese,NO,,tromsø,,
758,Schistad,Elina,NO,,oslo,,
759,Lutro,Olav,NO,,bergen,,
760,Marchand,Gunn Hege,NO,,trondheim,,
761,Kadar,Thomas,NO,,bergen,,
762,Vetti,Nils,NO,,bergen,,
763,Randen,Sigrun,NO,,drammen,,
764,Nygaard,Øystein Petter,NO,,trondheim,,
765,Brox,Jens Ivar,NO,,oslo,,
766,Grotle,Margreth,NO,,oslo,,
767,Zwart,John-Anker,NO,,oslo,,
768,Ustad,Tordis,NO,,trondheim,,
769,Follestad,Turid,NO,,trondheim,,
770,Kaaresen,Per Ivar,NO,,tromsø,,
771,Øberg,Gunn Kristin,NO,,the arctic university of norway,,
772,Torstveit,Monica Klungland,NO,,kristiansand,,
773,Aagedal-Mortensen,Kjersti,NO,,kristiansand,,
774,Stea,Tonje Holte,NO,,kristiansand,,
775,Sirpal,Manjit K,NO,,oslo,,
776,Haavet,Ole Rikard,NO,,oslo,,
777,Indredavik,B,NO,bent.indredavik@medisin.ntnu.no,trondheim,,
778,Frøyshov ,Ø,NO,,blindern,,
779,Demissie,Taye B,NO,,n- tromsø,,
780,Komorovsky,Stanislav,NO,,n- tromsø,,
781,Repisky,Michal,NO,,n- tromsø,,
782,Ruud,Kenneth,NO,,n- tromsø,,
783,Dyregrov,A,NO,,bergen,,
784,Kløvstad,Hilde,NO,,oslo,,
785,Orøy,Aud,NO,aud.oroy@himolde.no.,norway; molde university college,,
786,Strømskag,Kjell Erik,NO,,norway; molde university college,,
787,Gjengedal,Eva,NO,,norway; molde university college,,
788,Salvesen,H B,NO,,bergen,,
789,Guren,Marianne G,NO,,oslo,,
790,Raasakka,Arne,NO,,5009 bergen,,
791,Kursula,Petri,NO,,5009 bergen,,
792,Cameron,Jamie,NO,,oslo,,
793,Lepp,M,NO,,halden,,
794,Foss,Christina,NO,i.c.foss@medisin.uio.no.,oslo,,
795,Knutsen,Ingrid A Ruud,NO,i.a.r.knutsen@medisin.uio.no.,oslo,,
796,Suo,Zhenhe,NO,zhenhes@labmed.uio.no,oslo,,
797,Aarsaether,N,NO,,university of bergen,,
798,Oppegård,Camilla,NO,,oslo,,
799,Rustøen,T,NO,,oslo university college,,
800,Homlong,Lisbeth,NO,lisbeth.homlong@medisin.uio.no.,oslo,,
801,Rosvold,Elin O,NO,,oslo,,
802,Bruusgaard,Dag,NO,,oslo,,
803,Lien,Lars,NO,,brumunddal,,
804,Sagatun,Åse,NO,,oslo,,
805,Haavet,Ole R,NO,,oslo,,
806,Aasbrenn,Martin,NO,,n- gjøvik,,
807,Høgestøl,Ingvild,NO,,oslo,,
808,Eribe,Inger,NO,,oslo,,
809,Kristinsson,Jon,NO,,oslo,,
810,Lydersen,Stian,NO,,trondheim,,
811,Mala,Tom,NO,,oslo,,
812,Farup,Per G,NO,,trondheim,,
813,Beckwith,Kai Sandvold,NO,kai.beckwith@ntnu.no.,trondheim,,
814,Kartashov,Vladimir,NO,vladimir@polight.com,n- horten,,
815,Solstad,Ørjan,NO,,tromso,,
816,Moi,Line,NO,,tromso,,
817,Eilertsen,Marte,NO,,tromso,,
818,Nordby,Yngve,NO,,tromso,,
819,Ness,Nora,NO,,tromso,,
820,Richardsen,Elin,NO,,tromso,,
821,Busund,Lill-Tove,NO,,tromso,,
822,Aandahl,Håkon S,NO,,levanger,,
823,Johannessen,Berit,NO,,university of agder,,
824,Gramstad,Astrid,NO,astrid.gramstad@uit.no,university of tromsø,,
825,Olsen,Espen,NO,espen.olsen@uis.no,stavanger,,
826,Skeie,Marit Slåttelid,NO,,bergen,,
827,Frid,Paula,NO,,tromsø,,
828,Mustafa,Manal,NO,,hordaland,,
829,Aßmus,Jörg,NO,,bergen,,
830,Rosén,Annika,NO,,bergen,,
831,Røislien,Jo,NO,,stavanger,,
832,Søvik,Signe,NO,,lørenskog,,
833,Eken,Torsten,NO,,oslo,,
834,Leivestad,Torbjørn,NO,,oslo,,
835,Wisløff,Finn,NO,f.g.b.wisloff@medisin.uio.no,oslo,,
836,Perreault,Marie-Claude,NO,m.c.perreault@basalmed.uio.no,oslo,,
837,Lervåg,Arne,NO,,university of oslo,,
838,Selheim,F,NO,frode.selheim@pki.uib.no,university of bergen,,
839,de Boer,Marjolein,NO,marjoleinlotte@hotmail.com.,oslo,,
840,Schjøtt,Jan,NO,,bergen,,
841,Bergman,Jenny,NO,,bergen,,
842,Aas,M,NO,,oslo,,
843,Gele,Abdi A,NO,,oslo,,
844,Kour,Prabhjot,NO,,oslo,,
845,Austveg,Berit,NO,,oslo,,
846,Kumar,Bernadette,NO,,oslo,,
847,Simonsen,Øystein,NO,oystein.simonsen@so-hf.no.,fredrikstad,,
848,Wedege,Elisabeth,NO,elisabeth.wedege@fhi.no.,oslo,,
849,Kanestrøm,Anita,NO,anita.kanestrom@so-hf.no.,fredrikstad,,
850,Bolstad,Karin,NO,karin.bolstad@fhi.no.,oslo,,
851,Aaberge,Ingeborg S,NO,ingeborg.aaberge@fhi.no.,oslo,,
852,Ragnhildstveit,Eivind,NO,eivin-ra@online.no.,fredrikstad,,
853,Ringstad,Jetmund,NO,jetmund.ringstad@so-hf.no.,fredrikstad,,
854,Wiig,Helge,NO,helge.wiig@biomed.uib.no,n- bergen,,
855,van Dulmen,Sandra,NO,,drammen,,
856,Wang,J E,NO,jacob.wang@klinmed.uio.no,university of oslo,,
857,Kvalnes,Thomas,NO,,trondheim,,
858,Ringsby,Thor Harald,NO,,trondheim,,
859,Jensen,Henrik,NO,,trondheim,,
860,Hagen,Ingerid Julie,NO,,trondheim,,
861,Rønning,Bernt,NO,,trondheim,,
862,Pärn,Henrik,NO,,trondheim,,
863,Holand,Håkon,NO,,trondheim,,
864,Engen,Steinar,NO,,trondheim,,
865,Saether,Bernt-Erik,NO,,trondheim,,
866,Buanes,T,NO,,bergen,,
867,Bugge,L,NO,,oslo,,
868,Bugge,M K,NO,,oslo,,
869,Cameron,D,NO,,oslo,,
870,Catmore,J R,NO,,oslo,,
871,Dale,O,NO,,bergen,,
872,Eigen,G,NO,,bergen,,
873,Franconi,L,NO,,oslo,,
874,Garonne,V,NO,,oslo,,
875,Gjelsten,B K,NO,,oslo,,
876,Gramstad,E,NO,,oslo,,
877,Kastanas,A,NO,,bergen,,
878,Liebig,W,NO,,bergen,,
879,Lipniacka,A,NO,,bergen,,
880,Maeland,S,NO,,bergen,,
881,Martin Dit Latour,B,NO,,bergen,,
882,Morisbak,V,NO,,oslo,,
883,Nilsen,J K,NO,,oslo,,
884,Ould-Saada,F,NO,,oslo,,
885,Pajchel,K,NO,,oslo,,
886,Pedersen,M,NO,,oslo,,
887,Raddum,S,NO,,oslo,,
888,Read,A L,NO,,oslo,,
889,Røhne,O,NO,,oslo,,
890,Rosendahl,P L,NO,,bergen,,
891,Sandaker,H,NO,,oslo,,
892,Sjursen,T B,NO,,bergen,,
893,Smestad,L,NO,,bergen,,
894,Stapnes,S,NO,,oslo,,
895,Strandlie,A,NO,,oslo,,
896,Stugu,B,NO,,bergen,,
897,Ugland,M,NO,,bergen,,
898,Zalieckas,J,NO,,bergen,,
899,Høiness,Per,NO,per.hoiness@uus.no,oslo,,
900,Haugland,Gyri T,NO,gyri.haugland@bio.uib.no,bergen,,
901,Mowé,M,NO,,n- oslo,,
902,Grung,Merete,NO,mgr@niva.no,n- oslo,,
903,Sauer,T,NO,,ullevaal hospital,,
904,Røsaeg,M V,NO,,kverva,,
905,Sindre,H,NO,,oslo,,
906,Persson,D,NO,,oslo,,
907,Breck,O,NO,,bergen,,
908,Knappskog,D,NO,,bergen,,
909,Olsen,A B,NO,,oslo,,
910,Taksdal,T,NO,,oslo,,
911,Tveiten,Oystein Vesterli,NO,,bergen,,
912,Wang,Jian,NO,,-bergen,,
913,Stadskleiv,Kristine,NO,,oslo university hospital oslo,,
914,von Tetzchner,Stephen,NO,,university of oslo oslo,,
915,Haugarvoll,Erlend,NO,,0033 oslo,,
916,Nergard,Cecilie Sogn,NO,c.s.nergard@farmasi.uio.no,0316 oslo,,
917,Harding,Stephen E,NO,,0130 oslo,,
918,Hjermstad,M J,NO,,trondheim,,
919,Hornslien,K,NO,,oslo,,
920,Naess,A,NO,are.nass@k2.uib.no.,bergen,,
921,Kvien,T K,NO,t.k.kvien@medisin.uio.no,n- oslo,,
922,Samsonsen,Christian,NO,christian.samsonsen@stolav.no,trondheim,,
923,Røsok,B I,NO,,oslo,,
924,Brune,D,NO,,oslo,,
925,Riddervold,F,NO,,university of oslo,,
926,Molino,A,NO,stian.svelle@kjemi.uio.no.,n-0315 oslo,,
927,Bakk,A,NO,audun.bakk@phys.ntnu.no,no- trondheim,,
928,Saelensminde,Gisle,NO,gisle@cbu.uib.no,bergen,,
929,Granquist,Erik G,NO,erik.georg.granquist@veths.no,sandnes n-,,
930,Lind,P O,NO,,university of oslo,,
931,Langmoen,Iver A,NO,laiv@uus.no,oslo,,
932,Bø,K,NO,kari.bo@nih.no,oslo,,
933,Skolleborg,K C,NO,,university of bergen,,
934,Mansoor,Mohammad A,NO,mohammad.a.mansoor@hia.no,stavanger,,
935,Frantzen,Marianne,NO,marianne.frantzen@akvaplan.niva.no,n- tromsø,,
936,Mesna,O J,NO,,trondheim,,
937,Schytte Blix,I J,NO,iblix@odont.uio.no,university of oslo,,
938,Vogelsang,Petra,NO,,bergen,,
939,Lund,Anders,NO,,bergen,,
940,Vedeler,Christian A,NO,,bergen,,
941,Parkar,Anagha P,NO,,bergen,,
942,Nordrehaug,Jan Erik,NO,,stavanger,,
943,Kristoffersen,Einar K,NO,,bergen,,
944,Skazalski,C,NO,,oslo,,
945,Bahr,R,NO,,oslo,,
946,Specht,Karsten,NO,,n-5021 bergen,,
947,Newey,Scott,NO,,evanstad,,
948,Kongsvik,Thomas L,NO,,n-0316 oslo,,
949,Xavier,Joana R,NO,,university of bergen bergen,,
950,Myhrer,T,NO,,kjeller,,
951,Thommessen,M,NO,,university of oslo,,
952,Halvorsen,Sigrun,NO,,oslo,,
953,Salamonsen,Anita,NO,,tromsø,,
954,Kristoffersen,Agnete E,NO,agnete.kristoffersen@uit.no.,tromsø,,
955,Weiderpass,Elisabete,NO,,tromsø,,
956,Skeie,Guri,NO,,tromsø,,
957,Lund,Eiliv,NO,,tromsø,,
958,Rydland,J,NO,janar@mr.ntnu.no,trondheim,,
959,Johansen,Jeanette Schultz,NO,jeajoh@ous-hf.no,rikshospitalet,,
960,Kovacs,Kit M,NO,,n- tromsø,,
961,Lydersen,Christian,NO,,n- tromsø,,
962,Uhlen,M M,NO,,oslo,,
963,Skjeflo,Espen W,NO,espenwskjeflo@gmail.com.,bodø,,
964,Sagatun,Caroline,NO,c.sagatun@gmail.com.,bodø,,
965,Dybwik,Knut,NO,kdybwik@gmail.com.,bodø,,
966,Urving,Sven H,NO,shurving@gmail.com.,bodø,,
967,Fure,Hilde,NO,hilde.fure@nlsh.no.,bodø,,
968,Lau,Corinna,NO,corinna.lau@nlsh.no.,bodø,,
969,Brekke,Ole-Lars,NO,ole.lars.brekke@nlsh.no.,bodø,,
970,Espevik,Terje,NO,terje.espevik@ntnu.no.,trondheim,,
971,Barratt-Due,Andreas,NO,andreas.barrattdue@gmail.com.,oslo,,
972,Nielsen,Erik W,NO,erik.waage.nielsen@gmail.com.,tromsø,,
973,Mollnes,Tom E,NO,t.e.mollnes@medisin.uio.no.,bodø,,
974,Aadland,Eivind,NO,eivind.aadland@hisf.no.,no- forde,,
975,Skare,Oivind,NO,oivind.skare@medisin.uio.no,oslo,,
976,Tiainen,Hanna,NO,,0317 oslo,,
977,Nordlund,Marianne S,NO,marisno@ulrik.uio.no,oslo,,
978,Graver,V,NO,,oslo,,
979,Håberg,Siri E,NO,,oslo,,
980,Nystad,Wenche,NO,,oslo,,
981,Lie,Rolv T,NO,,oslo,,
982,Nørstrud,Karoline S,NO,,oslo,,
983,Vindas,Marco A,NO,,oslo,,
984,Nilsson,Göran E,NO,,oslo,,
985,Johansen,Ida B,NO,ida.johansen@nmbu.no.,oslo,,
986,Xi,Zhijun,NO,,oslo,,
987,Ferrante,Linda,NO,linda.ferrante@medisin.uio.no,university of oslo,,
988,Hjørnevik,Trine,NO,,oslo,,
989,Li,Chun,NO,,tromsø,,
990,Greiner-Tollersrud,Linn,NO,,tromsø,,
991,Geiran,Odd R,NO,,oslo,,
992,Djupesland,Per Gisle,NO,,oslo,,
993,Godal,A,NO,,oslo,,
994,Hansen,Thor Willy Ruud,NO,,oslo,,
995,Katsoyiannis,Athanasios,NO,,no- tromsø,,
996,Ali,Huda Omar,NO,,oslo,,
997,Stavik,Benedicte,NO,,oslo,,
998,Myklebust,Christiane Filion,NO,,oslo,,
999,Andersen,Elisabeth,NO,,oslo,,
1000,Dahm,Anders E A,NO,,oslo,,
1001,Iversen,Nina,NO,,oslo,,
1002,Sandset,Per Morten,NO,,oslo,,
1003,Skretting,Grethe,NO,,oslo,,
1004,Sletten,G B,NO,,haslum,,
1005,Vandvik,Per O,NO,per.vandvik@gmail.com.,gjøvik,,
1006,Vartdal,Trond,NO,,oslo,,
1007,Solbakk,Jan-Helge,NO,,oslo,,
1008,Liabakk,Nina Beate,NO,nina.beate.liabakk@medisin.ntnu.no,n- trondheim,,
1009,Ekström,A,NO,,n- oslo,,
1010,Olsen,Roy Bjørkholt,NO,r.b.olsen@medisin.uio.no,oslo,,
1011,Halle,Tuva K,NO,,trondheim,,
1012,Salvesen,Kjell Å,NO,,trondheim,,
1013,Volløyhaug,Ingrid,NO,,trondheim,,
1014,Engesaeter,Lars B,NO,,bergen,,
1015,Smith,P,NO,,oslo,,
1016,Wilhelmsen,Øivind,NO,oivind.wilhelmsen@ntnu.no.,trondheim,,
1017,Løvlien,Mona,NO,,gjøvik,,
1018,Mundal,Liv,NO,,oslo,,
1019,Hall-Lord,Marie-Louise,NO,,gjøvik,,
1020,Pedersen,Guro M,NO,guro.pedersen@fiskeriforskning.no,n-9291 tromsø,,
1021,Grundnes,O,NO,,national hospital university of oslo,,
1022,Strand,Trond-Eirik,NO,strtro@yahoo.no.,oslo,,
1023,Rostad,Hans,NO,tes@kreftregisteret.no.,oslo,,
1024,Strøm,Erik H,NO,erstrom@ous-hf.no.,oslo,,
1025,Reindal,Lise,NO,oykn@sus.no,stavanger,,
1026,Andersen,Guro L,NO,,tønsberg,,
1027,Finset,A,NO,arnstein.finset@basalmed.uio.no,university of oslo,,
1028,Klungland,H,NO,,as,,
1029,Jacobsen,Øyvind,NO,,0315 oslo,,
1030,Sande,Sverre Arne,NO,,0316 oslo,,
1031,Myrset,Astrid Hilde,NO,,oslo,,
1032,Klaveness,Jo,NO,,0316 oslo,,
1033,Grut,Lisbet,NO,,oslo,,
1034,Braathen,Stine Hellum,NO,,oslo,,
1035,Jürgens,Thomas,NO,,oslo,,
1036,Eide,Arne H,NO,,oslo,,
1037,Holmberg,Hans-Christer,NO,hans-christer.holmberg@miun.se.,tromso,,
1038,Teruel,Jose R,NO,,trondheim,,
1039,Goa,Pål E,NO,,trondheim,,
1040,Sjøbakk,Torill E,NO,,trondheim,,
1041,Østlie,Agnes,NO,,trondheim,,
1042,Fjøsne,Hans E,NO,,trondheim,,
1043,Bathen,Tone F,NO,,trondheim,,
1044,Atar,Dan,NO,,oslo,,
1045,Tonheim,Tom Christian,NO,tom.tonheim@nfh.it.no,n- tromsø,,
1046,Grøndahl,Vigdis Abrahamsen,NO,,halden,,
1047,Fagerli,Liv Berit,NO,,halden,,
1048,Katla,T,NO,,n- s.,,
1049,Helseth,E,NO,,n- oslo,,
1050,Jensen,Vidar,NO,,university of oslooslo,,
1051,Pape,Hilde,NO,hp@sirus.no,oslo,,
1052,Janbu,T,NO,,university of oslo,,
1053,Chu,Dinh-Toi,NO,,university of oslo and oslo university hospital,,
1054,Fagerli,Hilde,NO,h.fagerli@met.no,n- oslo,,
1055,Almendingen,Kari,NO,kari.almendingen@labmed.uio.no,oslo,,
1056,Gibbs,Charlotte,NO,,skien,,
1057,Thalamus,Jacob,NO,,skien,,
1058,Heldal,Kristian,NO,,skien,,
1059,Holla,Øystein Lunde,NO,,skien,,
1060,Haugaa,Kristina H,NO,,oslo,,
1061,Hysing,Jan,NO,,skien,,
1062,Andresen,Jannicke H,NO,jannicke.andresen@rr-research.no,oslo,,
1063,Grabner von Rosenberg,Jean-Paul,NO,,trondheim,,
1064,McDonagh,David,NO,,trondheim,,
1065,de Weerd,L,NO,louis.deweerd@unn.no,tromsö,,
1066,Gjerstad,Karl Idar,NO,,university of bergen,,
1067,Lukic,Marko,NO,marko.lukic@uit.no.,tromsö,,
1068,Skeie,Guri,NO,,tromsö,,
1069,Braaten,Tonje,NO,,tromsö,,
1070,Eide,P K,NO,per.kristian.eide@rikshospitalet.no,oslo,,
1071,Stojanovic,Aleksandar,NO,aleks@online.no,oslo and tromsø,,
1072,Aarhus,Lisa,NO,,oslo,,
1073,Engdahl,Bo,NO,,oslo,,
1074,Tambs,Kristian,NO,,oslo,,
1075,Kvestad,Ellen,NO,,oslo,,
1076,Håvelsrud,Othilde Elise,NO,,oslo,,
1077,Gaustad,Peter,NO,peter.gaustad@medisin.uio.no.,oslo,,
1078,Finsen,Vilhjalmur,NO,vilh.finsen@medisin.ntnu.no,trondheim,,
1079,Koppang,Erling Olaf,NO,erling.o.koppang@nvh.no.,0033 oslo,,
1080,Ødegård,J,NO,jorgen.odegard@nmbu.no.,trondheim,,
1081,Meuwissen,T,NO,theo.meuwissen@nmbu.no.,10 ås,,
1082,Kostol,Andreas Ravndal,NO,,bergen,,
1083,Lindekleiv,H M,NO,,tromsø,,
1084,Grønning,Line M,NO,l.m.g.wang@biotek.uio.no,0317 oslo,,
1085,Midgard,R,NO,,molde county hospital,,
1086,Reikvam,Håkon,NO,,universitetet i bergen,,
1087,Røttingen,John-Arne,NO,jrotting@hsph.harvard.edu,university of oslo,,
1088,Engebretsen,Lars,NO,,oslo,,
1089,Oxman,Andrew D,NO,oxman@online.no,oslo,,
1090,Hannestad,Yngvild S,NO,,university of bergen,,
1091,Vaktskjold,Arild,NO,,ås,,
1092,Medbø,J I,NO,jon.medbo@stami.no,oslo,,
1093,Arnemo,Jon M,NO,jon.arnemo@hihm.no.,koppang,,
1094,Andersen,Oddgeir,NO,,lillehammer,,
1095,Stokke,Sigbjørn,NO,,trondheim,,
1096,Strømland,Øyvind,NO,,bergen,,
1097,Handegård,Ørjan S,NO,,bergen,,
1098,Govasli,Morten L,NO,,bergen,,
1099,Wen,Hanzhen,NO,,bergen,,
1100,Furse,Samuel,NO,,bergen,,
1101,Halskau,Øyvind,NO,,bergen,,
1102,Kulseng,B,NO,,trondheim,,
1103,Røsok,Øystein,NO,,oslo,,
1104,Alvheim,Anita R,NO,,bergen,,
1105,Zimmermann,Boris,NO,boris.zimmermann@nmbu.no.,ås,,
1106,Sigmundsson,Hermundur,NO,,trondheim,,
1107,Dybfest Eriksen,Adrian,NO,,trondheim,,
1108,Ofteland,Greta S,NO,,trondheim,,
1109,Haga,Monika,NO,,trondheim,,
1110,Sekse,Camilla,NO,camilla.sekse@veths.no,n-0033 oslo,,
1111,Sorteberg,W,NO,,university of oslo,,
1112,Haerem,J W,NO,,hamar,,
1113,Götestam Skorpen,Carina,NO,,trondheim,,
1114,Lydersen,Stian,NO,,trondheim,,
1115,Gilboe,Inge-Margrethe,NO,,oslo,,
1116,Skomsvoll,Johan Fredrik,NO,,trondheim,,
1117,Salvesen,Kjell Å,NO,,trondheim,,
1118,Palm,Øyvind,NO,,oslo,,
1119,Koksvik,Hege Suorza Svean,NO,,trondheim,,
1120,Jakobsen,Bente,NO,,trondheim,,
1121,Wallenius,Marianne,NO,,trondheim,,
1122,Lybak,Stein,NO,,bergen,,
1123,Ljøkjel,Borghild,NO,,bergen,,
1124,Haave,Hilde,NO,,bergen,,
1125,Karlsdottir,Àsa,NO,,bergen,,
1126,Vintermyr,Olav K,NO,,bergen,,
1127,Aarstad,Hans Jørgen,NO,hans.aarstad@uib.no.,bergen,,
1128,Ørn,S,NO,,n- stavanger,,
1129,Gaustad,P,NO,,oslo,,
1130,Andersen,C T,NO,,oslo,,
1131,Haarr,E,NO,,stavanger,,
1132,Hannula,R,NO,,trondheim,,
1133,Haukland,H H,NO,,tromsø,,
1134,Hermansen,N-O,NO,,oslo,,
1135,Larssen,K W,NO,,trondheim,,
1136,Mylvaganam,H,NO,,bergen,,
1137,Ranheim,T E,NO,,lørenskog,,
1138,Sandven,P,NO,,oslo,,
1139,Nordøy,I,NO,,oslo,,
1140,Strandberg,T,NO,,oslo,,
1141,Carlsen,K H,NO,,oslo,,
1142,Lodrup Carlsen,K,NO,,oslo,,
1143,Matignon,P,NO,,moss,,
1144,Michel,J P,NO,,oslo,,
1145,Skrindo,I,NO,,oslo,,
1146,Langbach,Odd,NO,,1478 lorenskog,,
1147,Holmedal,Stein Harald,NO,,1478 lorenskog,,
1148,Grandal,Ole Jacob,NO,,0424 oslo,,
1149,Røkke,Ola,NO,,0316 oslo,,
1150,Skjaeraasen,J E,NO,,bergen,,
1151,Devine,J A,NO,,bergen,,
1152,Godiksen,J A,NO,,bergen,,
1153,Fonn,M,NO,,bergen,,
1154,OtterÅ,H,NO,,bergen,,
1155,Kjesbu,O S,NO,,bergen,,
1156,Norberg,B,NO,,storebø,,
1157,Langangen,Ø,NO,,oslo,,
1158,Karlsen,Ø,NO,,bergen,,
1159,Slaughter,Laura,NO,,oslo,,
1160,Nesbø,Camilla,NO,,oslo,,
1161,Jacobs,Chris M,NO,,university of oslo,,
1162,Rortveit,Guri,NO,,bergen,,
1163,Balcells,David,NO,,n- oslo,,
1164,Kristianslund,Eirik,NO,eirik.kristianslund@nih.no,0806 oslo,,
1165,Agapito-Tenfen,Sarah Z,NO,,tromsø,,
1166,Okoli,Arinze S,NO,,tromsø,,
1167,Bernstein,Michael J,NO,,tromsø,,
1168,Wikmark,Odd-Gunnar,NO,,tromsø,,
1169,Myhr,Anne I,NO,,tromsø,,
1170,Iqbal,Zafar,NO,,oslo,,
1171,Holmgren,Asbjørn,NO,,oslo,,
1172,Misceo,Doriana,NO,,oslo,,
1173,Frengen,Eirik,NO,,oslo,,
1174,Sandvik,Asle M,NO,,bergen,,
1175,Lyby,Peter Solvoll,NO,peter.lyby@uit.no,tromsø,,
1176,Naalsund,Anne,NO,anne.naalsund@rikshospitalet.no,oslo,,
1177,Sontum,P C,NO,,oslo,,
1178,Negri,Carlotta,NO,,bergen,,
1179,Pedersen,O M,NO,,university of bergen,,
1180,Høye,Gudrun,NO,,kjeller,,
1181,Omtvedt,Lone A,NO,lone_omtvedt@hotmail.com,0316 oslo,,
1182,de Weerd,L,NO,louis.deweerd@unn.no,tromsø,,
1183,Nissen-Lie,Helene A,NO,h.a.nissenlie@psykologi.uio.no,oslo,,
1184,Takvam,J A,NO,,university of trondheim,,
1185,Hågvar,Sigmund,NO,,ås,,
1186,Terjesen,T,NO,,trondheim university hospital,,
1187,Blekesaune,Morten,NO,morten.blekesaune@uia.no.,kristiansand,,
1188,Linder,M D,NO,,oslo,,
1189,Strøm,Kjetil,NO,kjetil.strom@odont.uio.no.,oslo,,
1190,Johansen,T,NO,,university of tromsø,,
1191,Nystad,W,NO,wenche.nystad@folkehelsa.no,oslo,,
1192,Kjeken,Ingvild,NO,,oslo,,
1193,Nakken,Karl O,NO,,oslo university hospital,,
1194,Træen,Bente,NO,,university of oslo,,
1195,Mowinckel,Petter,NO,,oslo university hospital,,
1196,Lossius,Morten,NO,,oslo university hospital,,
1197,Tonde,Ann Katarina,NO,antond@ous-hf.no,aker,,
1198,Rønnestad,Bent R,NO,bent.ronnestad@hil.no,lillehammer,,
1199,Grønlie Guren,Marianne,NO,,oslo university hospital,,
1200,Reseland,Janne E,NO,,oslo,,
1201,Vilhelmsen,Kenneth,NO,,trondheim,,
1202,Agyei,Seth B,NO,,trondheim,,
1203,van der Weel,F R Ruud,NO,,trondheim,,
1204,van der Meer,Audrey L H,NO,,trondheim,,
1205,Skorpen,Frode,NO,,sweden; stord/haugesund university college,,
1206,Tamber,Anne-Lise,NO,annelise.tamber@hf.hio.no,university of oslo,,
1207,Korsnes,Maria Stylianou,NO,m.s.korsnes@psykologi.uio.no,university of oslo,,
1208,Aamot,Hege Vangstein,NO,,oslo,,
1209,Dahl,A A,NO,,university of oslo,,
1210,Kolberg,Jan,NO,jan.kolberg@fhi.no,oslo,,
1211,Brodwall,Kristoffer,NO,kristoffer.brodwall@gmail.com,haukeland universitetssykehus,,
1212,Norheim,Arne Johan,NO,arne.johan.norheim@hlkbb.no,universitetet i tromsø,,
1213,Torgersen,Jacob S,NO,jacob.torgersen@nofima.no,n-1432 as,,
1214,Midtbø,K,NO,,oslo,,
1215,Forberg,Hilde,NO,,oslo,,
1216,Cui,Guanglin,NO,guanglin.cui@fagmed.uit.no,tromsø,,
1217,Skorge,Trude D,NO,trude.skorge@med.uib.no,bergen,,
1218,Amarzguioui,Mohammed,NO,,oslo,,
1219,Børresen,R,NO,,drammen,,
1220,Garborg,Kjetil,NO,kjetil.garborg@sshf.no,kristiansand,,
1221,Martinussen,M,NO,,university of tromso,,
1222,Umu,Özgün C O,NO,,ås,,
1223,Oostindjer,Marije,NO,,ås,,
1224,Pope,Phillip B,NO,,ås,,
1225,Diep,Dzung B,NO,,ås,,
1226,Wiig,H,NO,,bergen,,
1227,Westin,S,NO,,university of trondheim,,
1228,Qvigstad,Elisabeth,NO,elisabeth.qvigstad@medisin.ntnu.no,n- trondheim,,
1229,Gudjonsson,Arnar,NO,,oslo,,
1230,Lysén,Anna,NO,,oslo,,
1231,Sundvold-Gjerstad,Vibeke,NO,,oslo,,
1232,Bogen,Bjarne,NO,,oslo,,
1233,Avershina,Ekaterina,NO,ekaterina.avershina@nmbu.no.,ås,,
1234,Ravi,Anuradha,NO,anuradha.ravi@nmbu.no.,ås,,
1235,Storrø,Ola,NO,ola.storro@ntnu.no.,trondheim,,
1236,Øien,Torbjørn,NO,torbjorn.oien@ntnu.no.,trondheim,,
1237,Johnsen,Roar,NO,roar.johnsen@ntnu.no.,trondheim,,
1238,Rudi,Knut,NO,knut.rudi@nmbu.no.,ås,,
1239,Todt,Christiane,NO,christiane.todt@bm.uib.no.,bergen,,
1240,Strand,Trond-Eirik,NO,,n- tromsø,,
1241,Lilje,R,NO,,oslo university hospital,,
1242,Graff-Iversen,Sidsel,NO,,oslo,,
1243,Ariansen,Inger,NO,,oslo,,
1244,Næss,Øyvind,NO,,oslo,,
1245,Selmer,Randi M,NO,,oslo,,
1246,Strand,Bjørn Heine,NO,,oslo,,
1247,Røsjø,Helge,NO,,oslo,,
1248,Tveit,Bodil,NO,,oslo,,
1249,Raustøl,Anne,NO,,oslo,,
1250,Berg,Are Stuwitz,NO,,university of oslo,,
1251,Bratland-Sanda,Solfrid,NO,solfrid.bratland-sanda@hit.no,bø i telemark,,
1252,Hessevik,I,NO,,haukeland hospital,,
1253,Syversen,U,NO,,university of trondheim,,
1254,Gabrielsen,T O,NO,,oslo,,
1255,Vange,Pål,NO,,trondheim,,
1256,Bruland,Torunn,NO,,trondheim,,
1257,Bakke,Ingunn,NO,,trondheim,,
1258,Hagen,K,NO,knut.hagen@ntnu.no,trondheim,,
1259,Aakhus,A M,NO,,university of oslo,,
1260,Ibrahim,Salah Osman,NO,,bergen,,
1261,Brekke,Kurt R,NO,kurt.brekke@nhh.no,bergen,,
1262,Clausen,O P,NO,,university of oslo,,
1263,Boman,Erika,NO,,drammen,,
1264,Fure,Brynjar,NO,bryfure@online.no,oslo,,
1265,Guttormsen,A B,NO,anne.guttormsen@farm.uib.no,bergen,,
1266,Elvenes,Jan,NO,,tromsø,,
1267,Larsen,Jan Petter,NO,,n-4068 stavanger,,
1268,Lode,Kirsten,NO,,n-4068 stavanger,,
1269,Pedersen,Kenn Freddy,NO,,stavanger,,
1270,Vadstein,Olav,NO,olav.vadstein@biotech.ntnu.no,n- trondheim,,
1271,Jørgensen,L,NO,lone.jorgensen@hitos.no,tromsø,,
1272,Arentz-Hansen,Helene,NO,,oslo,,
1273,Clarsen,Benjamin,NO,ben.clarsen@nih.no,oslo,,
1274,Waaler,Jo,NO,jo.waaler@rr-research.no,oslo,,
1275,Lothe,R A,NO,,oslo,,
1276,Storli,K S,NO,,no- ås,,
1277,Klemetsdal,G,NO,,no- ås,,
1278,Volden,H,NO,,no-1431 ås,,
1279,Ringsevjen,Håvard,NO,,oslo,,
1280,Umbach Hansen,Heidi Marie,NO,,oslo,,
1281,Hussain,Suleman,NO,,oslo,,
1282,Hvalby,Øyvind,NO,,oslo,,
1283,Jensen,Vidar,NO,,oslo,,
1284,Walaas,S Ivar,NO,,oslo,,
1285,Dregelid,E,NO,,university of bergen,,
1286,Søhoel,D C,NO,,university of bergen,,
1287,Langford,Katherine H,NO,,oslo,,
1288,Subramaniam,Sumathi,NO,,n- bergen,,
1289,Larsen,T K,NO,,stavanger,,
1290,Orstavik,K,NO,,oslo,,
1291,Yaqub,Sheraz,NO,,blindern 0317 oslo,,
1292,van Dick,Rolf,NO,,oslo,,
1293,Xing,Zhe,NO,,university of bergen,,
1294,Midtvedt,K,NO,,university of oslo,,
1295,Røksund,Ola Drange,NO,odro@helse-bergen.no,n- bergen,,
1296,Paulsen,Berit Smestad,NO,,n- oslo,,
1297,Storsaeter,Jann,NO,,oslo,,
1298,Lerdal,Anners,NO,anners.lerdal@hibu.no,konggata 51. no- drammen,,
1299,Semakula,Daniel,NO,semakuladaniel@gmail.com.,oslo,,
1300,Nsangi,Allen,NO,,oslo,,
1301,Oxman,Matt,NO,,oslo,,
1302,Austvoll-Dahlgren,Astrid,NO,,oslo,,
1303,Rosenbaum,Sarah,NO,,oslo,,
1304,Fretheim,Atle,NO,,oslo,,
1305,Oxman,Andrew D,NO,,oslo,,
1306,Lygre,Ragnhild B,NO,,helse fonna,,
1307,Vandvik,Per Olav,NO,,gjøvik,,
1308,Kristiansen,Annette,NO,,oslo,,
1309,Cui,Guanglin,NO,,levanger,,
1310,Hetland,Thea Eline,NO,,n- oslo,,
1311,Jenssen,Bjørn Munro,NO,bjorn.munro.jenssen@bio.ntnu.no,trondheim,,
1312,Ree,A H,NO,,university of oslo,,
1313,Schmid,Marit,NO,,bergen,,
1314,Stormoen,Marit,NO,,oslo,,
1315,Rijal,Dilli P,NO,,tromsø,,
1316,Alm,Torbjørn,NO,,tromsø,,
1317,Stenøien,Hans K,NO,,trondheim,,
1318,Alsos,Inger G,NO,,tromsø,,
1319,Aamland,Aase,NO,,bergen,,
1320,Løvik,Amund N,NO,,trondheim,,
1321,Restrepo,Eliette,NO,,trondheim,,
1322,Müller,Daniel B,NO,,trondheim,,
1323,Baatrup,G,NO,gunnar.baatrup@helse-bergen.no,n bergen,,
1324,Steinberger,Bernhard,NO,bernhard.steinberger@ngu.no,trondheim,,
1325,Bartnes,Kristian,NO,kristian.bartnes@unn.no,tromsø,,
1326,Henriksen,A Z,NO,,university of trondheim,,
1327,Myhrer,T,NO,,oslo,,
1328,Haugen,H K,NO,,oslo,,
1329,Linga,G,NO,,n- trondheim,,
1330,Ballone,P,NO,,n- trondheim,,
1331,Hansen,Alex,NO,,n- trondheim,,
1332,Bulla,J,NO,,bergen,,
1333,Pettersen,Ann-Kathrin,NO,,n tromsø,,
1334,Thortveit,E T,NO,,kristiansand,,
1335,Rappersberger,K,NO,,university of oslo,,
1336,Normand,Camilla,NO,,stavanger,,
1337,Dickstein,Kenneth,NO,,stavanger,,
1338,Collas,Philippe,NO,,university of oslo,,
1339,Omvik,P,NO,,bergen,,
1340,Borgmann,R,NO,,bergen,,
1341,Olsen,Karina Standahl,NO,karina.s.olsen@uit.no.,tromsø,,
1342,Aksnes,Lage,NO,,bergen,,
1343,Frøyland,Livar,NO,,bergen,,
1344,Lund,Eiliv,NO,,tromsø,,
1345,Rylander,Charlotta,NO,,tromsø,,
1346,Dyrhol-Riise,A M,NO,annema.riise@vir.uib.no,university of bergen,,
1347,Malterud,Kirsti,NO,,bergen,,
1348,Eilertsen,M-E B,NO,mary.eilertsen@kreft.no,trondheim,,
1349,Jonsson,Roland,NO,,bergen,,
1350,Eriksson,Per,NO,,stavanger,,
1351,Pedersen,S H,NO,,university of oslo,,
1352,Nilsen,T,NO,,university of oslo,,
1353,Høiberg,M,NO,,kristiansand,,
1354,Bratlid,D,NO,,oslo,,
1355,Mayer,Christine,NO,,oslo,,
1356,Finsnes,F,NO,finn@finsnes.no,oslo,,
1357,Owe,Katrine M,NO,,oslo,,
1358,Farmen,Eivind,NO,,oslo,,
1359,Sagerup,Camilla M T,NO,camsa@radiumhospitalet.no,oslo,,
1360,Fjeldsgaard,B E,NO,,oslo,,
1361,Wathne,K O,NO,,university of oslo,,
1362,Aunan,K,NO,kristin.aunan@cicero.uio.no,university of oslo,,
