temp_id,lastname,firstname,countries_scope,email,town,role,url
1,Mangor-Jensen,A,NO,,bergen,,
2,Norheim,Gunnstein,NO,,oslo,,
3,Binder,Per-Einar,NO,per.binder@psykp.uib.no,bergen,,
4,Andreassen,Svein,NO,svandrea@online.no,fredrikstad,,
5,Huserbråten,Mats Brockstedt Olsen,NO,,oslo,,
6,Abel,Sören,NO,,tromsø,,
7,Alm,Magnus,NO,,n- trondheim,,
8,Pinxsterhuis,Irma,NO,,oslo,,
9,Sandvik,Leiv,NO,,oslo,,
10,Strand,Elin Bolle,NO,,oslo,,
11,Bautz-Holter,Erik,NO,,oslo,,
12,Sveen,Unni,NO,,oslo,,
13,Daulaire,Nils,NO,,oslo,,
14,Røttingen,John-Arne,NO,,oslo,,
15,Davidson,Ben,NO,ben.davidson@radiumhospitalet.no,oslo,,
16,Holen,K J,NO,,trondheim,,
17,Kortner,Trond M,NO,,trondheim,,
18,Boysen,Preben,NO,preben.boysen@veths.no,oslo no-0033,,
19,Berg,Janna,NO,,oslo,,
20,Halvorsen,Ann Rita,NO,,oslo,,
21,Bengtson,May-Bente,NO,,tønsberg,,
22,Taskén,Kristin A,NO,,oslo,,
23,Mælandsmo,Gunhild M,NO,,oslo,,
24,Yndestad,Arne,NO,,oslo,,
25,Halvorsen,Bente,NO,,oslo,,
26,Brustugun,Odd Terje,NO,,oslo,,
27,Aukrust,Pål,NO,,oslo,,
28,Ueland,Thor,NO,,oslo,,
29,Helland,Åslaug,NO,ahelland@medisin.uio.no.,oslo,,
30,Pedersen,R,NO,,oslo,,
31,Christensen,Terje,NO,terje.christensen@nrpa.no,haslum,,
32,Bianchini,F,NO,federico.bianchini@smn.uio.no.,n-0315 oslo,,
33,Jenssen,N,NO,,university of oslo,,
34,Ruus,Anders,NO,anders.ruus@niva.no,n- oslo,,
35,Collins,Andrew R,NO,a.r.collins@medisin.uio.no,oslo,,
36,Nordal,R R,NO,,oslo,,
37,Toya,W,NO,,bergen,,
38,Aalen,Odd O,NO,o.o.aalen@medisin.uio.no.,oslo,,
39,Grotmol,Tom,NO,,oslo,,
40,Tretli,Steinar,NO,,oslo,,
41,Erikson,Arne,NO,arne.erikson@phys.ntnu.no,trondheim,,
42,Guerin,P J,NO,philippe.guerin@epicentre.msf.org,oslo,,
43,Gopalakrishnan,N,NO,oyvind.halaas@ntnu.no.,trondheim,,
44,Aabakken,L,NO,larsaa@ioks.uio.no,oslo,,
45,Lind,P O,NO,,university of oslo,,
46,Morseth,Marianne S,NO,,oslo,,
47,Torheim,Liv Elin,NO,,oslo,,
48,Chandyo,Ram K,NO,,bergen,,
49,Shrestha,Sanjaya K,NO,,bergen,,
50,Pripp,Are Hugo,NO,,oslo,,
51,Henjum,Sigrun,NO,,oslo,,
52,Jensen,Henrik,NO,henrik.jensen@bio.ntnu.no,no- trondheim,,
53,Høiland,Ina Isabella,NO,,the arctic university of norway ; tromsø,,
54,de Weerd,Louis,NO,,norway; department of plastic surgery and hand surgery; university hospital of north norway; tromsø,,
55,Mercer,James B,NO,,norway; department of radiology; university hospital of north norway; tromsø,,
56,Aspestrand,F,NO,,oslo,,
57,Ruths,Sabine,NO,,bergen,,
58,Helseth,R,NO,,drammen,,
59,Carlsen,S M,NO,,trondheim,,
60,Bollerslev,J,NO,,oslo,,
61,Svartberg,J,NO,,tromsø,,
62,Øksnes,M,NO,,bergen,,
63,Skeie,S,NO,,stavanger,,
64,Fougner,S L,NO,stine.fougner@ntnu.no.,trondheim,,
65,Bjorvatn,Bjørn,NO,bjorn.bjorvatn@uib.no.,bergen,,
66,Meland,Eivind,NO,,bergen,,
67,Flo,Elisabeth,NO,,bergen,,
68,Mildestvedt,Thomas,NO,,bergen,,
69,Carlsen,S M,NO,,university hospital of trondheim,,
70,Olsbye,Unni,NO,unni.olsbye@kjemi.uio.no.,oslo,,
71,Borg,A,NO,,no- trondheim,,
72,Nissen-Meyer,Lise Sofie H,NO,,n- oslo,,
73,Blume,Joern,NO,joern.blume@uib.no.,bergen,,
74,Ruano,Ana Lorena,NO,,bergen,,
75,Wang,Siri,NO,,oslo,,
76,Tylleskär,Thorkild,NO,,bergen,,
77,Strand,Liv Inger,NO,,bergen,,
78,Hazlerigg,David,NO,,tromsø,,
79,Nikolaienko,Oleksii,NO,,university of bergenbergen,,
80,Bramham,Clive R,NO,,university of bergenbergen,,
81,Midtbø,M,NO,,university of bergen,,
82,Melis,Claudia,NO,,trondheim,,
83,Herfindal,Ivar,NO,,trondheim,,
84,Poyatos-Moré,Miquel,NO,,oslo,,
85,Bustad,Helene J,NO,,bergen,,
86,Kjeldsen,Sverre E,NO,,oslo,,
87,Fernø,Johan,NO,,bergen,,
88,Demmo,Christine,NO,,oslo,,
89,Lagerberg,Trine V,NO,,oslo,,
90,Kvitland,Levi R,NO,,oslo,,
91,Aminoff,Sofie R,NO,,oslo,,
92,Hellvin,Tone,NO,,oslo,,
93,Simonsen,Carmen,NO,,oslo,,
94,Haatveit,Beathe,NO,,oslo,,
95,Andreassen,Ole A,NO,,oslo,,
96,Melle,Ingrid,NO,,oslo,,
97,Ueland,Torill,NO,,oslo,,
98,Hartveit,F,NO,,university of bergen,,
99,Undheim,Anne Mari,NO,anne.m.undheim@ntnu.no.,trondheim,,
100,Sund,Anne Mari,NO,,trondheim,,
101,Kolboe,Stein,NO,stein.kolboe@kjemi.uio.no,oslo,,
102,Umu,Ozgün Candan Onarman,NO,,ås,,
103,Garmo,Oyvind A,NO,,n- ottestad,,
104,Schartau,Ann-Kristin,NO,,no  oslo,,
105,Walseng,Bjørn,NO,,no  oslo,,
106,Onstad,S,NO,,university of oslo,,
107,Schei,Jørgen,NO,,tromsø,,
108,Solbu,Marit D,NO,,tromsø,,
109,Jenssen,Trond G,NO,,oslo,,
110,Melsom,Toralf,NO,,tromsø,,
111,Eriksen,Bjørn O,NO,,tromsø,,
112,Teigen,Knut,NO,,bergen,,
113,Storås,Madeleine C A,NO,,trondheim,,
114,Aganovic,Amar,NO,,trondheim,,
115,Stenstad,Liv-Inger,NO,,trondheim,,
116,Skogås,Jan Gunnar,NO,,trondheim,,
117,Gislason,H,NO,,bergen,,
118,Seland,John Georg,NO,john.sealand@ntnu.no,trondheim,,
119,van Niekerk,Karen L,NO,,n- bergen,,
120,Thiis-Evensen,E,NO,,skien,,
121,Kvaal,S I,NO,,blindern,,
122,Bjerregaard-Andersen,Kaare,NO,,n-0318 oslo,,
123,Østensen,Ellen,NO,,n-0318 oslo,,
124,Taskén,Kjetil,NO,,n-0318 oslo,,
125,Morth,Jens Preben,NO,,n-0318 oslo,,
126,Reikerås,Olav,NO,olav.reikeras@rikshospitalet.no,rikshospitalet university clinic,,
127,Dietrichs,E,NO,,university of oslo,,
128,Tollefsen,I,NO,,stavanger,,
129,Pettersen,Reidar J,NO,rpet@helse-bergen.no,bergen,,
130,Thorsen,Kari Anne Haaland,NO,,stavanger,,
131,Berven,Frode S,NO,frode.berven@biomed.uib.no.,bergen,,
132,Asberg,Anders,NO,anderas@klinmed.uio.no,oslo,,
133,Risberg,T,NO,terje.risberg@umn.no,tromsø,,
134,Tveit,A B,NO,anne.tveit@odont.uib.no,university of bergen,,
135,Young,Alix,NO,alixr@odont.uio.no,oslo,,
136,Tierney,Sven,NO,,trondheim,,
137,Szyszko,Ewa A,NO,,bergen,,
138,Aqrawi,Lara A,NO,,bergen,,
139,Jonsson,Roland,NO,,bergen,,
140,Brokstad,Karl A,NO,,bergen,,
141,Skarstein,Kathrine,NO,,bergen,,
142,Strand,Liv Inger,NO,,university of bergen,,
143,Løvik,M,NO,,oslo,,
144,Lystad,E,NO,,university of oslo,,
145,Holm,Are Martin,NO,,oslo,,
146,Rustøen,Tone,NO,,oslo,,
147,Aasen,Tor B,NO,,bergen,,
148,Lunding,J,NO,,university of bergen,,
149,Fjeld,Bente,NO,bente.fjeld@fhi.no,n-0403 oslo,,
150,Koposov,Roman,NO,,tromsø,,
151,Okeke,Malachy Ifeanyi,NO,,tromsø,,
152,Arnesen,Thomas,NO,thomas.arnesen@mbi.uib.no,n- bergen,,
153,Robertson,L J,NO,lucy.robertson@veths.no,oslo,,
154,Bader,Lucius,NO,,tromsø,,
155,Gunnes,N,NO,,oslo,,
156,Stoltenberg,C,NO,,bergen,,
157,Surén,P,NO,,oslo,,
158,Mavropoulos,Antonios,NO,,blindern,,
159,Larsen,L N,NO,,university of oslo,,
160,Lodrup Carlsen,K C,NO,,oslo,,
161,Ingum,J,NO,,oslo,,
162,Haughom,B,NO,,university oslo,,
163,Johansen,May-Lill,NO,may-lill.johansen@uit.no.,tromsø,,
164,Ervik,Bente,NO,,tromsø,,
165,Nymo,Linn Såve,NO,,tromsoe,,
166,Aabakken,Lars,NO,,rikshospitalet,,
167,Lassen,Kristoffer,NO,,rikshospitalet,,
168,Sobhkhez,Mehrdad,NO,,n- tromsø,,
169,Skjesol,Astrid,NO,,n- tromsø,,
170,Thomassen,Ernst,NO,,n- tromsø,,
171,Tollersrud,Linn Greiner,NO,,n- tromsø,,
172,Iliev,Dimitar B,NO,,n- tromsø,,
173,Sun,Baojian,NO,,n- tromsø,,
174,Robertsen,Børre,NO,,n- tromsø,,
175,Jørgensen,Jorunn B,NO,,n- tromsø,,
176,Brede,Gaute,NO,,n- oslo,,
177,Strand,T A,NO,tor.strand@cih.uib.no,university of bergen,,
178,Steinsvåg,S,NO,,kristiansand,,
179,Hallén,Jonas,NO,jonashallen@gmail.com,oslo,,
180,Okullo,Isaac,NO,isaac.okullo@student.uib.no,bergen,,
181,Orstavik,K H,NO,,oslo,,
182,Glavin,Kari,NO,kari.glavin@diakonova.no,oslo,,
183,Martins,Sandra B,NO,,0317 oslo,,
184,Tveitnes,Dag,NO,tvda@sus.no,stavanger,,
185,Stabell,O B,NO,,oslo,,
186,Sommerschild,H T,NO,hilchen.sommerschild@loks.uio.no,oslo,,
187,Grjibovski,Andrej M,NO,andrej.grjibovski@prevnut.ki.se,oslo,,
188,Bergmo,Trine S,NO,trine.bergmo@telemed.no,tromsø,,
189,Andrén-Sandberg,A,NO,,department of surgery haukeland university hospital bergen,,
190,Brustugun,J,NO,jorgeb@farmasi.uio.no,university of oslo,,
191,Egeli,A K,NO,,oslo,,
192,Bentzen,G,NO,,university of trondheim,,
193,Skule,Cecilie,NO,,oslo,,
194,Ulleberg,Pål,NO,,oslo,,
195,Dallavara Lending,Hilde,NO,,oslo,,
196,Berge,Torkil,NO,,oslo,,
197,Egeland,Jens,NO,,tønsberg,,
198,Brennen,Tim,NO,,oslo,,
199,Landrø,Nils Inge,NO,,oslo,,
200,Oedegaard,Ketil J,NO,,bergen,,
201,Andreassen,Ole A,NO,,oslo,,
202,Jakobsen,Petter,NO,,bergen,,
203,Morken,Gunnar,NO,,trondheim,,
204,Schoeyen,Helle,NO,,stavanger,,
205,Kalungi,Sam,NO,,university of bergen,,
206,Øvstebø,Reidun,NO,reidun.ovstebo@medisin.uio.no,ullevål,,
207,Bartnes,K,NO,,tromsø,,
208,Aune,Dagfinn,NO,,oslo,,
209,Weiderpass,Elisabete,NO,,oslo,,
210,Geisler,Jürgen,NO,juergen.geisler@medisin.uio.no,oslo,,
211,Mulat,Daniel Girma,NO,,n-1432 ås,,
212,Eijsink,Vincent G H,NO,,n-1432 ås,,
213,Lund,Eiliv,NO,,tromso,,
214,Alho,A,NO,antti.alho@invalidisaatio.fi,oslo,,
215,Rosta,Judith,NO,judith.rosta@legeforeningen.no,pob  sentrum 0107 oslo,,
216,Rognes,Sven Erik,NO,,oslo,,
217,Andersen,K J,NO,,university of bergen,,
218,Loose,Jennifer S M,NO,,no- ås,,
219,Forsberg,Zarah,NO,,no- ås,,
220,Eijsink,Vincent G H,NO,,no- ås,,
221,Vaaje-Kolstad,Gustav,NO,,no- ås,,
222,Haram,L,NO,,university of bergen,,
223,Krettek,Alexandra,NO,,tromsø,,
224,Edvardsen,O,NO,edvard@fagmed.uit.no,university of tromsø,,
225,Pihlstrøm,Hege,NO,,0424 oslo,,
226,Aune,A K,NO,,university of oslo,,
227,Nordal,H J,NO,,oslo,,
228,Haug,B E,NO,,n- tromsø,,
229,Rydjord,B,NO,britt.rydjord@fhi.no,oslo,,
230,Garcia-Cabrera,I,NO,,university of bergen,,
231,Elstad,Jon Ivar,NO,,oslo,,
232,Khullar,S M,NO,,university of oslo,,
233,Tøndel,Camilla,NO,,bergen,,
234,Martin,Michael D,NO,,no- trondheim,,
235,Gilbert,M Thomas P,NO,,no- trondheim,,
236,Vatten,L J,NO,,trondheim,,
237,Mortensen,B,NO,,trondheim,,
238,Loge,J H,NO,,university of oslo,,
239,Sjøborg,Katrine Dønvold,NO,xatsjo@so-hf.no,fredrikstad,,
240,Hjortdahl,P,NO,,university of oslo,,
241,Louch,William E,NO,,oslo,,
242,Hopkins,Will G,NO,,oslo,,
243,Stene,Lars C,NO,marian.rewers@ucdenver.edu,oslo,,
244,Tønnessen,Theis,NO,thto@uus.no,oslo,,
245,Lundbom,Janne S,NO,,trondheim,,
246,Tangen,Lena F,NO,,trondheim,,
247,Wågø,Kathrine J,NO,,trondheim,,
248,Skarsvåg,Trine I,NO,,trondheim,,
249,Ballo,Solveig,NO,,trondheim,,
250,Hjelseng,Tonje,NO,,trondheim,,
251,Foss,Olav A,NO,,trondheim,,
252,Finsen,Vilhjalmur,NO,,trondheim,,
253,Saeves,Rønnaug,NO,ronnaug.saeves@tako.no,lovisenberg diakonale hospital oslo,,
254,Andersen,Lene F,NO,,oslo,,
255,Søreide,J A,NO,,bergen,,
256,Tveit,H,NO,,oslo,,
257,Eriksen,Harald M,NO,harald.eriksen@uit.no,universitetet i tromsø,,
258,Koppang,Erling Olaf,NO,,oslo,,
259,Oyaas,J,NO,,trondheim,,
260,Berg,K,NO,,oslo,,
261,Sortland,O,NO,,oslo,,
262,Airado-Rodríguez,Diego,NO,airado@unex.es,n- aas,,
263,Eriksen,Bjørn O,NO,medboe@rito.no,tromsø,,
264,Seynnes,O R,NO,,oslo,,
265,Prasmickaite,Lina,NO,,oslo university hospital,,
266,Tenstad,Ellen M,NO,,oslo university hospital,,
267,Pettersen,Solveig,NO,,oslo university hospital,,
268,Jabeen,Shakila,NO,,oslo,,
269,Egeland,Eivind V,NO,,oslo university hospital,,
270,Nord,Silje,NO,,oslo university hospital,,
271,Pandya,Abhilash,NO,,oslo university hospital,,
272,Haugen,Mads H,NO,,oslo university hospital,,
273,Kristensen,Vessela N,NO,,oslo,,
274,Børresen-Dale,Anne-Lise,NO,,oslo university hospital,,
275,Engebråten,Olav,NO,,oslo university hospital,,
276,Maelandsmo,Gunhild M,NO,,oslo university hospital,,
277,Dahl-Jørgensen,K,NO,,oslo,,
278,Kalfoss,Mary,NO,,oslo,,
279,Andersson,Helena,NO,,oslo,,
280,Manzetti,Sergio,NO,sergio.manzetti@fjordforsk.no,undredal,,
281,Krosshaug,Tron,NO,tron.krosshaug@nih.no.,oslo,,
282,Steffen,Kathrin,NO,,oslo,,
283,Kristianslund,Eirik,NO,,oslo,,
284,Nilstad,Agnethe,NO,,oslo,,
285,Mok,Kam-Ming,NO,,oslo,,
286,Myklebust,Grethe,NO,,oslo,,
287,Andersen,Thor Einar,NO,,oslo,,
288,Holme,Ingar,NO,,oslo,,
289,Engebretsen,Lars,NO,,oslo,,
290,Bahr,Roald,NO,,oslo,,
291,Bagøien,Gunnhild,NO,gunnhild.bagoien@ntnu.no,trondheim,,
292,Vandvik,Per Olav,NO,,oslo,,
293,Sannerud,Ragna,NO,,bergen,,
294,Heir,Even,NO,even.heir@matforsk.no,n-0403 oslo,,
295,Erikstein,B K,NO,,oslo,,
296,Nakrem,Sigrid,NO,sigrid.nakrem@hist.no,trondheim,,
297,Sørby,Inger Dybdahl,NO,inger.sorby@idi.ntnu.no,trondheim,,
298,Ellingsen,Ingrid,NO,ingrid.ellingsen@ulleval.no,oslo,,
299,Nirvani,Minou,NO,,oslo,,
300,Khuu,Cuong,NO,,oslo,,
301,Utheim,Tor Paaske,NO,,oslo,,
302,Hollingen,Henriette Stavik,NO,,oslo,,
303,Amundsen,Simon Furre,NO,,oslo,,
304,Sand,Lars Peter,NO,,oslo,,
305,Sehic,Amer,NO,,oslo,,
306,Khan,Ayyad Z,NO,,0318 oslo,,
307,Utheim,Tor P,NO,,0424 oslo,,
308,Jackson,Catherine J,NO,,0424 oslo,,
309,Reppe,Sjur,NO,,0424 oslo,,
310,Lyberg,Torstein,NO,,0424 oslo,,
311,Eidet,Jon R,NO,,0424 oslo,,
312,Mekasha,Sophanit,NO,,ås,,
313,Arntzen,Magnus Ø,NO,,ås,,
314,Vaaje-Kolstad,Gustav,NO,,ås,,
315,Eijsink,Vincent G H,NO,,ås,,
316,Hoover,F,NO,frank.hoover@vir.uib.no,institute of basic medical sciences,,
317,Tønseth,Kim Alexander,NO,,oslo,,
318,Sneistrup,Christian,NO,,oslo,,
319,Berg,Thomas Moe,NO,,oslo,,
320,Rønnestad,A,NO,,oslo,,
321,Grimholt,U,NO,,oslo,,
322,Nøst,Therese H,NO,,9296 tromsø,,
323,Halse,Anne K,NO,,kjeller,,
324,Randall,Scott,NO,,kjeller,,
325,Borgen,Anders R,NO,,kjeller,,
326,Schlabach,Martin,NO,,kjeller,,
327,Breivik,Knut,NO,,kjeller,,
328,Dees,Merete Wiken,NO,,ås,,
329,Lysøe,Erik,NO,,ås,,
330,Alsheikh,Muath,NO,,ridabu,,
331,Davik,Jahn,NO,,ås,,
332,Brurberg,May Bente,NO,,ås,,
333,Pedersen,Sindre A,NO,,trondheim,,
334,Kjeldsen,Sverre E,NO,,oslo,,
335,Os,Ingrid,NO,,oslo,,
336,Hansen,T,NO,han@nova.no,trondheim,,
337,Vinsnes,Anne G,NO,anne.g.vinsnes@hist.no,trondheim,,
338,Roberg,B,NO,,university of oslo,,
339,Pullisaar,Helen,NO,,oslo,,
340,Tiainen,Hanna,NO,,oslo,,
341,Landin,Maria A,NO,,oslo,,
342,Lyngstadaas,Ståle P,NO,,oslo,,
343,Haugen,Håvard J,NO,,oslo,,
344,Reseland,Janne E,NO,,oslo,,
345,Ostrup,Esben,NO,,oslo,,
346,Andenaes,Randi,NO,randi.andenes@su.hio.no,n- oslo,,
347,Pélabon,Christophe,NO,christophe.pelabon@bio.ntnu.no,trondheim,,
348,Grund,J,NO,,sandvika,,
349,Ying,Ming,NO,,bergen,,
350,Hole,Magnus,NO,,bergen,,
351,Flydal,Marte I,NO,,bergen,,
352,Bindoff,Laurence A,NO,,bergen,,
353,Hayle,R,NO,,oslo,,
354,Teigland,J C,NO,,oslo sanitetsforenings rheumatism hospital,,
355,Svendsen,Ida S,NO,,norwegian olympic and paralympic committee,,
356,Hasan-Olive,Md Mahdi,NO,m.m.hasan@medisin.uio.no.,oslo,,
357,Lauritzen,Knut H,NO,,oslo,,
358,Storm-Mathisen,Jon,NO,,oslo,,
359,Bergersen,Linda H,NO,l.h.bergersen@odont.uio.no.,oslo,,
360,Ljosaa,Tone Marte,NO,tone.marte.ljosaa@hibu.no,no- drammen,,
361,Froholdt,Anne,NO,anne.froholdt@oslo-universitetssykehus.no,oslo,,
362,Raknes,Guttorm,NO,,tromsø,,
363,Småbrekke,Lars,NO,,tromsø,,
364,Søvde,Beate,NO,,stathelle,,
365,Borch-Iohnsen,B,NO,,university of oslo,,
366,Solbakk,Anne-Kristin,NO,,mosjøen 8657,,
367,Endestad,Tor,NO,,oslo,,
368,Meling,Torstein R,NO,,oslo,,
369,Pedersen,Willy,NO,,university of oslo,,
370,Soest,Tilmann Von,NO,,oslo and akershus university college of applied sciences,,
371,Clausen,T,NO,torun.clausen@ioks.uio.no,oslo,,
372,Markhus,C E,NO,,university of bergen,,
373,Trøseid,Marius,NO,troseid@hotmail.com,oslo,,
374,Bustnes,Jan O,NO,jan.o.bustnes@nina.no,tromsø,,
375,Jensen,R,NO,svein.ivar.bekkelund@unn.no,tromsø,,
376,Nymoen,D A,NO,,oslo,,
377,Beitnes,Jan Otto,NO,jbeitnes@ous-hf.no.,oslo,,
378,Bjørnevoll,Inga,NO,,trondheim,,
379,Meuwissen,Theo H E,NO,,ås,,
380,Haugan,Gørill,NO,gorill.haugan@hist.no,sør-trøndelag university college,,
381,Eilertsen,Karl-Erik,NO,karl-erik.eilertsen@fagmed.uit.no,university of tromsø,,
382,Sengupta,Soumi,NO,,trondheim,,
383,Innstrand,Siw Tone,NO,siw.tone.innstrand@svt.ntnu.no,trondheim,,
384,Grønning,Line M,NO,,n- oslo,,
385,Helm,Paul Johannes,NO,p.j.helm@medisin.uio.no.,no-0317 oslo,,
386,Hu,Xian,NO,,oslo,,
387,Hugdahl,Kenneth,NO,hugdahl@psych.uib.no,bergen,,
388,Wehling,Eike,NO,eike.wehling@psybp.uib.no.,university of bergen,,
389,Einarsson,E J,NO,,n- aas-nlh,,
390,Chinga-Carrasco,Gary,NO,gary.chinga.carrasco@rise-pfi.no.,trondheim,,
391,Aamodt,A,NO,,trondheim university hospital,,
392,Wisløff,F,NO,,oslo,,
393,Vatland,Ann Kristin,NO,,stavanger,,
394,Arnold,Janine,NO,,stavanger,,
395,Eichacker,Lutz A,NO,,stavanger,,
396,Slettebø,Åshild,NO,,grimstad,,
397,Fossum,Mariann,NO,,grimstad,,
398,Fattah,Sabina,NO,sabina.fattah@norskluftambulanse.no.,drøbak,,
399,Ødegård,Elnar,NO,eo@sirus.no,oslo,,
400,Løken-Amsrud,Kristin I,NO,,lillehammer,,
401,Orstavik,D,NO,,haslum,,
402,Sahin,E,NO,,no- oslo,,
403,Garrote,F L Bello,NO,,no- oslo,,
404,Hadynska-Klek,K,NO,,no- oslo,,
405,Tveten,G M,NO,,no- oslo,,
406,Stølsmark,Torger,NO,tst070@student.uib.no,5020 bergen,,
407,Hurlen,M,NO,,nordbyhagen,,
408,Olsvik,Pål A,NO,,bergen,,
409,Aulin,Marte,NO,,bergen,,
410,Samuelsen,Ole B,NO,,bergen,,
411,Hannisdal,Rita,NO,,bergen,,
412,Agnalt,Ann-Lisbeth,NO,,bergen,,
413,Lunestad,Bjørn T,NO,,bergen,,
414,Odegaard,S,NO,svein.odegaard@helse-bergen.no,bergen,,
415,Aasvik,Julie K,NO,,norwegian university of science and technology trondheim,,
416,Woodhouse,Astrid,NO,,norwegian university of science of technology trondheim,,
417,Jacobsen,Henrik B,NO,,st. olav's university hospital trondheim,,
418,Borchgrevink,Petter C,NO,,st. olav's university hospital trondheim,,
419,Stiles,Tore C,NO,,norwegian university of science and technology trondheim,,
420,Landrø,Nils I,NO,,university of oslo oslo,,
421,Høvring,I,NO,,university of oslo,,
422,Guldvog,Bjørn,NO,postmottak@helsedir.no,helsedirektoratet,,
423,McTiernan,C,NO,christopher.mctiernan@fih.rfk-helse.telemax.no,haugesund general hospital,,
424,Barkhatov,Leonid I,NO,,oslo,,
425,Kazaryan,Airazat M,NO,,oslo,,
426,Edwin,Bjǿrn,NO,,oslo,,
427,Bramness,Jørgen G,NO,,oslo,,
428,Hart,Kent,NO,,oslo,,
429,Torsheim,Torbjørn,NO,torbjoern.torsheim@psych.uib.no,bergen,,
430,Nystad,Kristine,NO,,oslo,,
431,Spein,Anna Rita,NO,,tromsø,,
432,Balto,Asta Mitkija,NO,,oslo,,
433,Ingstad,Benedicte,NO,,oslo,,
434,Nørsett,Kristin G,NO,,trondheim,,
435,Andersen Berg,K,NO,,oslo,,
436,Wigestrand,Mattis B,NO,,oslo,,
437,Fyhn,Marianne,NO,,oslo,,
438,Engebretsen,Ingunn Marie S,NO,ingunn.engebretsen@cih.uib.no,university of bergen,,
439,Funnemark,E,NO,,høvik,,
440,Kristensen,Tor E,NO,,no-0315 oslo,,
441,Stea,Tonje Holte,NO,tonje.h.stea@uis.no,stavanger,,
442,Ostvik,Ann E,NO,,trondheim,,
443,Nyholm,S H,NO,,oslo,,
444,Kristoffersen,Anne K,NO,a.k.kristoffersen@odont.uio.no,universitetet i oslo,,
445,Maelandsmo,G M,NO,,university of oslo,,
446,Jensen,Christer Andre,NO,,ålesund,,
447,Skottner,Nils,NO,,ålesund,,
448,Frengen,Jomar,NO,,trondheim,,
449,Lund,Jo-Åsmund,NO,,trondheim,,
450,Hansen,Ketil Lenert,NO,,tromso,,
451,Szilvay,Anne-Marie,NO,,n-5020 bergen,,
452,Sarria,Shirley Vanessa,NO,,university of stavanger,,
453,Mannelqvist,Monica,NO,,n-5020 bergen,,
454,Aasland,Rein,NO,,n-5020 bergen,,
455,Furnes,Clemens,NO,,n-5020 bergen,,
456,Hollung,Kristin,NO,,n- ås,,
457,Ovrebø,S,NO,,oslo,,
458,Chen,Duan,NO,duan.chen@ntnu.no,trondheim,,
459,Baak,J P A,NO,,stavanger,,
460,Redmond,Kirsten J,NO,,stavanger,,
461,Berry,Mark,NO,,n- stavanger,,
462,Sanni,Steinar,NO,,stavanger,,
463,Andersen,Odd Ketil,NO,,n- stavanger,,
464,Drevon,Christian A,NO,,oslo,,
465,Flote,Vidar G,NO,v.g.flote@medisin.uio.no.,n-,,
466,Furberg,Anne-Sofie,NO,anne-sofie.furberg@uit.no.,n-,,
467,Frydenberg,Hanne,NO,hanne.frydenberg@medisin.uio.no.,n-,,
468,Ursin,Giske,NO,giske.ursin@kreftregisteret.no.,n-0304,,
469,Iversen,Anita,NO,anita.iversen@uit.no.,n-,,
470,Lofteroed,Trygve,NO,loftry@ous-hf.no.,n-,,
471,Wist,Erik A,NO,erik.wist@medisin.uio.no.,n-,,
472,Egeland,Thore,NO,thore.egeland@nmbu.no.,n-,,
473,Wilsgaard,Tom,NO,tom.wilsgaard@uit.no.,n-,,
474,Thune,Inger,NO,inger.thune@uit.no.,n-,,
475,Giannetto,Alessia,NO,,bodø,,
476,van de Putte,Gregg,NO,gregg.marijke@pandora.be,oslo,,
477,Holla,Oystein L,NO,,skien,,
478,Bock,Gunter,NO,,skien,,
479,Busk,Oyvind L,NO,,skien,,
480,Isfoss,Björn Logi,NO,,skien,,
481,Njølstad,I,NO,ingern@ism.uit.no,university of tromsø,,
482,Steinsland,Hans,NO,hans.steinsland@bio.uib.no,n-5020 bergen,,
483,Blix,Bodil Hansen,NO,,tromsø,,
484,Moatshe,Gilbert,NO,,oslo,,
485,Øygarden,Vegar,NO,,n-0315 oslo,,
486,Fjellvåg,Helmer,NO,,n-0315 oslo,,
487,Sørby,Magnus H,NO,,n- kjeller,,
488,Sjåstad,Anja O,NO,,n-0315 oslo,,
489,Hals,Elisabeth,NO,,lillehammer,,
490,Fosse,Lars,NO,lars.fosse@medisin.ntnu.no,trondheim,,
491,Grøn,B,NO,,oslo,,
492,Landaas,Elisabeth Toverud,NO,,bergen,,
493,Fretheim,Atle,NO,,oslo,,
494,Huun,Marianne Ullestad,NO,,oslo,,
495,Garberg,Håvard,NO,,oslo,,
496,Løberg,Else Marit,NO,,oslo,,
497,Escobar,Javier,NO,,oslo,,
498,Saugstad,Ola Didrik,NO,,oslo,,
499,Solberg,Rønnaug,NO,,oslo,,
500,Sjaastad,Ann Kristin,NO,ann.kristin.sjaastad@ntnu.no,n- trondheim,,
501,Saetre,T,NO,torunn.satre@ioks.uio.no,oslo,,
502,Kurz,M W,NO,martin.kurz@sus.no,stavanger,,
503,Rund,B R,NO,,solberg,,
504,Raeder,Maria B,NO,maria.rader@uib.no,bergen,,
505,Kresse,Stine H,NO,leonardm@rr-research.no.,oslo,,
506,Rand-Hendriksen,Kim,NO,,lørenskog,,
507,Austevoll,Ivar Magne,NO,imau@helse-bergen.no.,bergen,,
508,Hermansen,Erland,NO,,bergen,,
509,Fagerland,Morten,NO,,oslo,,
510,Rekeland,Frode,NO,,bergen,,
511,Solberg,Tore,NO,,tromsø,,
512,Storheim,Kjersti,NO,,oslo,,
513,Brox,Jens Ivar,NO,,oslo,,
514,Lønne,Greger,NO,,lillehammer,,
515,Indrekvam,Kari,NO,,bergen,,
516,Aaen,Jørn,NO,,bergen,,
517,Grundnes,Oliver,NO,,oslo,,
518,Hellum,Christian,NO,,oslo,,
519,Dusinska,Mária,NO,,jeller,,
520,Torheim,Liv E,NO,livelin.torheim@hiak.no,oslo,,
521,Tellgren,Erik I,NO,,n-0315 oslo,,
522,Vervaeke,K,NO,,n-0317 oslo,,
523,Lødemel,Jørgen B,NO,jbl@nfh.uit.no,n- tromsø,,
524,Baskar,Sushmitha,NO,rbaskargjuhisar@yahoo.com,bergen,,
525,Thoresen,Siri,NO,siri.thoresen@nkvts.unirand.no,oslo,,
526,Frantzen,Cyril,NO,,ås,,
527,Nes,Ingolf F,NO,,ås,,
528,Diep,Dzung B,NO,,ås,,
529,Asbjørnsen,Arve E,NO,,bergen,,
530,Kolstad,A,NO,,dragvoll,,
531,Birkeland,Nils-Kåre,NO,,no-5020 bergen,,
532,Poghosyan,Lianna,NO,,no-5020 bergen,,
533,Barstad,R M,NO,,oslo,,
534,Spurkland,A,NO,,oslo,,
535,Haatveit,Hanne Merethe,NO,hanne.merethe.haatveit@nmbu.no.,oslo,,
536,Wessel,Øystein,NO,oystein.wessel@nmbu.no.,oslo,,
537,Markussen,Turhan,NO,turhan.markussen@nmbu.no.,oslo,,
538,Lund,Morten,NO,morten.lund@vetinst.no.,oslo,,
539,Thiede,Bernd,NO,bernd.thiede@ibv.uio.no.,oslo,,
540,Nyman,Ingvild Berg,NO,ingvild.nyman@nmbu.no.,oslo,,
541,Braaen,Stine,NO,stine.braaen@nmbu.no.,oslo,,
542,Dahle,Maria Krudtaa,NO,maria.dahle@vetinst.no.,oslo,,
543,Rimstad,Espen,NO,espen.rimstad@nmbu.no.,oslo,,
544,Duttaroy,Asim K,NO,a.k.duttaroy@medisin.uio.no,n-0316 oslo,,
545,Hafstad,Anne D,NO,anne.hafstad@uit.no,tromsø,,
546,Goa,Pål Erik,NO,pal.erik.goa@stolav.no,trondheim,,
547,Karlsrud,T S,NO,,university of oslo,,
548,Rønnestad,Ivar,NO,,bergen,,
549,Gomes,Ana S,NO,,bergen,,
550,Murashita,Koji,NO,,bergen,,
551,Angotzi,Rita,NO,,bergen,,
552,Omdal,Roald,NO,,stavanger,,
553,Skoie,Inger Marie,NO,,stavanger,,
554,Grimstad,Tore,NO,,bergen,,
555,Wheeldon,L,NO,,kristiansand,,
556,Haugen,Oddbjørn,NO,,bergen,,
557,Storm,Marianne,NO,,stavanger,,
558,Schulz,Jörn,NO,,stavanger,,
559,Aase,Karina,NO,,stavanger,,
560,Haugen,Margaretha,NO,,oslo,,
561,Fløisand,Yngvar,NO,,oslo,,
562,Zeller,Bernward,NO,,oslo,,
563,Lucia,Magali,NO,magali.lucia@npolar.no.,tromsø,,
564,Strøm,Hallvard,NO,,tromsø,,
565,Gabrielsen,Geir W,NO,,tromsø,,
566,Eskild,W,NO,,university of oslo,,
567,Sayfritz,S J,NO,,oslo,,
568,Aakre,Kristin M,NO,kristin.moberg.aakre@helse-bergen.no,bergen,,
569,Kvalheim,Venny L,NO,,bergen,,
570,Díaz,Esperanza,NO,esperanza.diaz@isf.uib.no,n- bergen,,
571,Bergamaschi,R,NO,,trondheim,,
572,Zachariassen,Karl Erik,NO,karl.erik.zachariassen@bio.ntnu.no,no- trondheim,,
573,Bjerknes,R,NO,,bergen,,
574,Drageset,Sigrunn,NO,sigrunn.drageset@hib.no,bergen,,
575,Mollnes,T E,NO,tomeirik@fagmed.uit.no,bodø,,
576,Mentzoni,Rune A,NO,,bergen,,
577,Laberg,Jon Christian,NO,,bergen,,
578,Brunborg,Geir Scott,NO,,oslo,,
579,Molde,Helge,NO,,bergen,,
580,Ståle,Pallesen,NO,,bergen,,
581,Ruland,C M,NO,,university of oslo,,
582,Boix,Fernando,NO,,oslo,,
583,Koksæter,Paul,NO,,oslo,,
584,Strand,Maren Cecilie,NO,,oslo,,
585,Bachs,Liliana,NO,,oslo,,
586,Mørland,Jørg,NO,,oslo,,
587,Gjerde,Hallvard,NO,,oslo,,
588,Ytrehus,Kirsti,NO,kirsti.ytrehus@uit.no,university of tromsø,,
589,Sollid,S T,NO,,tromsø,,
590,Hutchinson,M Y S,NO,,tromsø,,
591,Fuskevåg,O M,NO,,tromsø,,
592,Joakimsen,R M,NO,,tromsø,,
593,Jorde,R,NO,,tromsø,,
594,Lingjaerde,O,NO,,oslo,,
595,Dybing,Erik,NO,erik.dybing@fhi.no,no-0403 oslo,,
596,Fredriksen,Børge N,NO,borge.nilsen-fredriksen@pharmaq.no,n-0213 oslo,,
597,Strømsøe,K,NO,,oslo,,
598,Sandberg,Wiggo J,NO,,oslo,,
599,Oppedal,Brit,NO,,oslo,,
600,Kulberg,S,NO,siri.kulberg@umb.no,oslo,,
601,Rundberget,Thomas,NO,,oslo,,
602,Jonsson,Malin E,NO,malin.jonsson@vetinst.no,oslo,,
603,Kvien,Tore K,NO,,oslo,,
604,Meijer,Hanneke J M,NO,,bergen,,
605,McCormack,E,NO,,bergen,,
606,Stenseth,Nils Chr,NO,n.c.stenseth@bio.uio.no,0316 oslo,,
607,Helvik,Anne-Sofie,NO,anne-sofie.helvik@ntnu.no.,trondheim,,
608,Høgseth,Lisbeth D,NO,lisbeth.dyrendal.hogset@sykehuset-innlandet.no.,ottestad,,
609,Bergh,Sverre,NO,sverre.bergh@sykehuset-innlandet.no.,ottestad,,
610,Šaltytė-Benth,Jūratė,NO,jurate.saltyte-benth@medisin.uio.no.,ottestad,,
611,Kirkevold,Øyvind,NO,oyvind.kirkevold@aldringoghelse.no.,tønsberg,,
612,Selbæk,Geir,NO,geir.selbaek@aldringoghelse.no.,tønsberg,,
613,Haukås,Marianne,NO,mha@fkd.dep.no,no- kjeller,,
614,Bull-Hansen,Bente,NO,,oslo,,
615,Berstad,Maria B,NO,,oslo,,
616,Berg,Kristian,NO,,oslo,,
617,Skarpen,Ellen,NO,,oslo,,
618,Fremstedal,Ane Sofie,NO,,oslo,,
619,Peng,Qian,NO,,oslo,,
620,Weyergang,Anette,NO,,oslo,,
621,Biong,Margarethe,NO,,oslo,,
622,Bekkelund,Svein Ivar,NO,,tromsø,,
623,Johnsen,Stein Harald,NO,,tromsø,,
624,Espevik,Terje,NO,terje.espevik@medisin.ntnu.no,trondheim,,
625,Kirkeby,O J,NO,,university of oslo,,
626,Beisland,Christian,NO,christian.beisland@helse-bergen.no,bergen,,
627,Shammas,F V,NO,,stavanger,,
628,Aamodt,A H,NO,anne.hege.aamodt@medisin.ntnu.no,trondheim,,
629,Kjerpeseth,Lars J,NO,lars.j.kjerpeseth@ntnu.no.,trondheim,,
630,Ellekjær,Hanne,NO,,trondheim,,
631,Selmer,Randi,NO,,oslo,,
632,Ariansen,Inger,NO,,oslo,,
633,Furu,Kari,NO,,oslo,,
634,Skovlund,Eva,NO,,trondheim,,
635,Ansteinsson,V,NO,,n-0805 oslo,,
636,Jacobsson,Bo,NO,,oslo,,
637,Tveten,Ann-Kristin,NO,,aalesund,,
638,Døhl,Øystein,NO,oystein.dohl@ntnu.no.,n-7491 trondheim,,
639,Moi,H,NO,,oslo,,
640,Fluge,Ø,NO,,bergen,,
641,Boe,J,NO,,oslo,,
642,Jørgensen,Lone,NO,lone.jorgensen@uit.no,tromsø,,
643,Watson,Martin M,NO,,stavanger,,
644,Hagland,Hanne R,NO,,stavanger,,
645,Bakali,Jan Vegard,NO,javb@lds.no,oslo,,
646,Canto,Cathrin B,NO,,trondheim,,
647,Hollekim-Strand,Siri Marte,NO,,trondheim,,
648,Høydahl,Sigve Fredrik,NO,,trondheim,,
649,Follestad,Turid,NO,,trondheim,,
650,Dalen,Håvard,NO,,levanger,,
651,Bjørgaas,Marit Rokne,NO,,trondheim,,
652,Wisløff,Ulrik,NO,,trondheim,,
653,Carlsen,S M,NO,sven.carlsen@ntnu.no,trondheim,,
654,Lindstad,R I,NO,,blindern,,
655,Quist,David,NO,david.quist@uit.no.,9294 tromsoe,,
656,Skiri,H T,NO,,no- trondheim,,
657,Kalhovde,J M,NO,j.m.kalhovde@basalmed.uio.no,0317 oslo,,
658,Engedal,Knut,NO,,toensberg,,
659,Voje,Kjetil L,NO,,oslo,,
660,Hansen,Thomas F,NO,,oslo,,
661,Nordgård,Ståle,NO,stale.nordgard@medisin.ntnu.no,trondheim,,
662,Raastad,Ragnhild,NO,,oslo,,
663,Tvete,Ingunn Fride,NO,,oslo,,
664,Abrahamsen,Tore G,NO,,oslo,,
665,Berild,Dag,NO,,oslo,,
666,Leegaard,Truls M,NO,,oslo,,
667,Walberg,Mette,NO,,rud,,
668,Müller,Fredrik,NO,,oslo,,
669,Fortelius,Mikael,NO,,no- oslo,,
670,Skagerstam,Bo-Sture K,NO,boskag@phys.ntnu.no,n- trondheim,,
671,Berg,Sigrid,NO,sigrid.berg@iet.ntnu.no,trondheim,,
672,Simangwa,Lutango D,NO,lutango.simangwa@uib.no.,bergen,,
673,Åstrøm,Anne N,NO,,bergen,,
674,Johansson,Anders,NO,,bergen,,
675,Johansson,Ann-Katrin,NO,,bergen,,
676,Quist-Paulsen,Petter,NO,petterqp@online.no,kristiansand,,
677,Zhao,J M,NO,,trondheim university hospital,,
678,Boye,N P,NO,,oslo,,
679,Leistad,E,NO,,ullevål hospital,,
680,Sætersdal,Magne,NO,,ås,,
681,Lie,Jenny-Anne S,NO,jenny-anne.sigstad.lie@kreftregisteret.no,n- oslo,,
682,Chinga-Carrasco,Gary,NO,gary.chinga.carrasco@pfi.no.,trondheim,,
683,Norgård,G,NO,,bergen,,
684,Skirbekk,Benedicte,NO,benedicte.skirbekk@r-bup.no,oslo,,
685,Hamel,Sandra,NO,,tromsø,,
686,Yoccoz,Nigel G,NO,,tromsø,,
687,Roald,H E,NO,,university of oslo,,
688,Jartun,Morten,NO,morten.jartun@ngu.no,trondheim,,
689,Tømmerås,B A,NO,,trondheim,,
690,Bjorgul,Kristian,NO,krisbjorgul@gmail.com,fredrikstad,,
691,O'Hara,Robert B,NO,,trondheim,,
692,Halvorsen,Thomas,NO,thomas.halvorsen@pedi.uib.no,university of bergen,,
693,Karlsen,F,NO,,oslo,,
694,Moe,Morten K,NO,mortenm@farmasi.uit.no,n- tromsø,,
695,Staalesen,Vidar,NO,,bergen,,
696,Graff,B A,NO,,n- oslo,,
697,Skulstad,Svein Magne,NO,svein.skulstad@uib.no,bergen,,
698,Frank,Arthur W,NO,arthurwfrank@gmail.com.,canada; betanien university college,,
699,Nilsen,Roy M,NO,,bergen,,
700,Berstad,K,NO,,oslo,,
701,Fjose,Marianne,NO,marianne.fjose@hvl.no.,bergen,,
702,Eilertsen,Grethe,NO,,drammen,,
703,Kirkevold,Marit,NO,,oslo,,
704,Grov,Ellen Karine,NO,,oslo,,
705,Solheim,Margrete,NO,margrete.solheim@umb.no,n-1432 as,,
706,Ugland,Hege,NO,,university of oslo,,
707,Nwokoro,Ejike,NO,,oslo,,
708,Årdal,Christine,NO,,oslo,,
709,Plahte,Jens,NO,,oslo,,
710,Bruserud ,O,NO,oystein.bruserud@haukeland.no,bergen,,
711,Ringvold,A,NO,,university of trondheim,,
712,Toft,Mathias,NO,mathias.toft@gmail.com.,oslo,,
713,Grewal,Harleen M S,NO,harleen.grewal@cih.uib.no,university of bergen,,
714,Werner,Henrica M J,NO,,5053 bergen,,
715,Olsen,Nina Rydland,NO,,bergen,,
716,Rasmussen,Svein,NO,svein.rasmussen@helse-bergen.no,bergen,,
717,Löffeler,Sven,NO,,tønsberg,,
718,Halland,Adrian,NO,,tønsberg,,
719,Weedon-Fekjær,Harald,NO,,oslo,,
720,Nikitenko,Anastasia,NO,,tønsberg,,
721,Ellingsen,Christian Lycke,NO,,bergen,,
722,Haug,Erik Skaaheim,NO,,tønsberg,,
723,Hjelmesæth,Jøran,NO,joran.hjelmeseth@siv.no.,tønsberg,,
724,Rosenvinge,Jan H,NO,,tromsø,,
725,Gade,Hege,NO,,tønsberg,,
726,Friborg,Oddgeir,NO,,tromsø,,
727,Bjorge,Line,NO,,bergen,,
728,Krakstad,Camilla,NO,,bergen,,
729,Salvesen,Helga B,NO,,bergen,,
730,Tangen,Ingvild L,NO,,bergen,,
731,Bartnes,K,NO,,school of medicine,,
732,Hartmann,Anders,NO,,oslo,,
733,Holdaas,Hallvard,NO,,oslo,,
734,Fu,Susie,NO,,norway; vestre viken hospital trust,,
735,Czajkowski,Nikolai,NO,,university of oslo,,
736,Stadelmann,Katrin,NO,,oslo,,
737,Wester,K,NO,,university of bergen medical school,,
738,Rygh,Astrid Betten,NO,ryas@sus.no,stavanger,,
739,Bondas,Terese,NO,,bodö,,
740,Hovde,Øistein,NO,,gjøvik,,
741,Høivik,Marte Lie,NO,,oslo,,
742,Henriksen,Magne,NO,,fredrikstad,,
743,Solberg,Inger Camilla,NO,,oslo,,
744,Småstuen,Milada Cvancarova,NO,,oslo,,
745,Moum,Bjørn A,NO,,oslo,,
746,Stang,Ingun,NO,is@hive.no,tonsberg,,
747,Enga,K F,NO,kristin.f.enga@uit.no,tromsø,,
748,Holst-Jensen,Arne,NO,,oslo,,
749,Mavroconstanti,Thegna,NO,tma079@biomed.uib.no,bergen,,
750,Høieggen,Aud,NO,uxaudh@ous-hf.no,ullevål,,
751,Ryghaug,Marianne,NO,marianne.ryghaug@ntnu.no,trondheim,,
752,Assum,Terje,NO,tas@toi.no,no- oslo,,
753,Hafström,Maria,NO,,trondheim,,
754,Mevik,Kjersti,NO,,bodø,,
755,Hansen,Tonje E,NO,,bodø,,
756,Deilkås,Ellen T,NO,,lørenskog,,
757,Vonen,Barthold,NO,,bodø,,
758,Hoff,Andreas M,NO,,oslo,,
759,Johannessen,Bjarne,NO,,oslo,,
760,Alagaratnam,Sharmini,NO,,oslo,,
761,Zhao,Sen,NO,,oslo,,
762,Nome,Torfinn,NO,,oslo,,
763,Løvf,Marthe,NO,,oslo,,
764,Bakken,Anne C,NO,,oslo,,
765,Hektoen,Merete,NO,,oslo,,
766,Sveen,Anita,NO,,oslo,,
767,Lothe,Ragnhild A,NO,,oslo,,
768,Skotheim,Rolf I,NO,,oslo,,
769,Belay,Mulugeta,NO,,oslo,,
770,Bjune,Gunnar,NO,,oslo,,
771,Abebe,Fekadu,NO,,oslo,,
772,Ottersen,Trygve,NO,,university of bergen,,
773,Norheim,Ole Fritjof,NO,,university of bergen,,
774,Skyrud,Katrine Damgaard,NO,,oslo,,
775,Almås,Inger K,NO,,trondheim,,
776,Krause,Daniel Franklin,NO,,trondheim,,
777,Haugen,Thomas,NO,thomas.haugen@olympiatoppen.no.,oslo,,
778,Brorson,O,NO,,oslo,,
779,Vandraas,Kathrine F,NO,,oslo,,
780,Grjibovski,Andrej M,NO,,oslo,,
781,Vangen,Siri,NO,,oslo,,
782,Grotmol,Tom,NO,,oslo,,
783,Vikanes,Åse V,NO,,oslo,,
784,Bjørnstad,Per G,NO,perbjo@broadpark.no,oslo,,
785,Tynes,T,NO,,oslo,,
786,Subramaniam,Gunasekaran,NO,,a sars international center for marine molecular biology; university of bergen ; bergen,,
787,Karstensen,Kåre Helge,NO,,n- oslo,,
788,Mathisen,Mariann,NO,mariann.mathisen@siv.no,vestfold hospital trust,,
789,Berstad,Johanna E R,NO,,oslo,,
790,Krabseth,Hege,NO,hege.merete.krabseth@fhi.no.,oslo,,
791,von Lueder,Thomas,NO,,oslo,,
792,Sagatun,Ase,NO,aase.sagatun@r-bup.no.,oslo,,
793,Hagen,Knut,NO,knut.hagen@ntnu.no,trondheim,,
794,Kittang,Bård Reiakvam,NO,brki@helse-bergen.no,bergen,,
795,Øvergård,Aina-Cathrine,NO,aina-cathrine.oevergaard@imr.no,bergen,,
796,Ibrahim,S O,NO,sosman@gades.uib.no,university of bergen,,
797,Furnham,Adrian,NO,,oslo,,
798,Fredriksen,B,NO,,dep n-0033 oslo,,
799,Kucharova,Veronika,NO,,university of bergen,,
800,Aure,Miriam R,NO,,oslo,,
801,Lingjærde,Ole Christian,NO,,oslo,,
802,Langerød,Anita,NO,,oslo,,
803,Knappskog,Stian,NO,,bergen,,
804,Børresen-Dale,Anne-Lise,NO,,oslo,,
805,Anthonsen,T,NO,thorleif@bendik.kje.ntnu.no,trondheim,,
806,Hansen,T W,NO,,university of oslo,,
807,Islam,Tajul,NO,,n-5020 bergen,,
808,Walhovd,Kristine B,NO,,oslo,,
809,Rodionov,D G,NO,,0316 oslo,,
810,Aalen,O O,NO,,university of oslo,,
811,Lillestøl,Jostein,NO,jostein.lillestol@nhh.no.,bergen,,
812,Kürschner,Wolfram M,NO,,oslo,,
813,Halvorsen,R,NO,,oslo,,
814,Rønnestad,Bent R,NO,bent.ronnestad@hil.no,lillehammer,,
815,Fosså,Alexander,NO,alexanfo@labmed.uio.no,oslo,,
816,Rustøen,T,NO,,oslo college,,
817,Nilsen,Roy M,NO,roy.miodini.nilsen@hvl.no.,bergen,,
818,Vik,Eline S,NO,,bergen,,
819,Rasmussen,Svein A,NO,,bergen,,
820,Moster,Dag,NO,,bergen,,
821,Aasheim,Vigdis,NO,,bergen,,
822,Olsen,Siv Js,NO,,university hospital of north norway,,
823,Schirmer,Henrik,NO,,the arctic university of norway,,
824,Bønaa,Kaare H,NO,,the arctic university of norway,,
825,Hanssen,Tove A,NO,,the arctic university of norway,,
826,Rongved,P,NO,,oslo,,
827,Norheim,Ole,NO,,bergen,,
828,Strand,Elin,NO,,bergen,,
829,Rebnord,Eirik W,NO,,bergen,,
830,Flygel,Malin R,NO,,bergen,,
831,Lysne,Vegard,NO,,bergen,,
832,Svingen,Gard F T,NO,,bergen,,
833,Tell,Grethe S,NO,,bergen,,
834,Løland,Kjetil H,NO,,bergen,,
835,Berge,Rolf K,NO,,bergen,,
836,Svardal,Asbjørn,NO,,bergen,,
837,Nygård,Ottar,NO,,bergen,,
838,Pedersen,Eva R,NO,,bergen,,
839,Rasmussen,A M,NO,,oslo,,
840,Graff-Iversen,Sidsel,NO,sidsel.graff-iverson@fhi.no,oslo,,
841,Skeie,Guri,NO,,tromsø,,
842,Lund,Eiliv,NO,,tromsø,,
843,Lien,E,NO,egil.lien@bmc.org,trondheim,,
844,Nygaard,Anders B,NO,anders.b.nygaard@gmail.com.,oslo,,
845,Charnock,Colin,NO,,oslo,,
846,Gedde-Dahl,T,NO,,national hospital,,
847,Buchmann,M S,NO,,university of oslo,,
848,Omland,Torbjørn,NO,torbjorn.omland@medisin.oiu.no,nordbyhagen,,
849,Kvåle,Alice,NO,alice.kvale@isf.uib.no,university of bergen,,
850,Rowland,David C,NO,,7491 trondheim,,
851,Eichele,Heike,NO,,university of bergen bergen,,
852,Anda,S,NO,,university hospital of trondheim,,
853,Rounge,Trine B,NO,trine.rounge@kreftregisteret.no.,oslo,,
854,Umu,Sinan U,NO,,oslo,,
855,Ursin,Giske,NO,,oslo,,
856,Tretli,Steinar,NO,,oslo,,
857,Lyle,Robert,NO,,oslo,,
858,Langseth,Hilde,NO,,oslo,,
859,Johannessen,Mona,NO,,tromsø,,
860,Kjensli,A,NO,aina.kjensli@glittreklinikken.no,n- hakadal,,
861,Halvorsen,Helene,NO,,oslo,,
862,Wang,Jian,NO,jian.wang@uib.com.,bergen,,
863,Li,Xin-Gang,NO,lixg@sdu.edu.cn.,bergen,,
864,Stawski,Clare,NO,,trondheim,,
865,van Dulmen,Sandra,NO,,drammen,,
866,Seland,Mette,NO,,oslo,,
867,Smeland,Knut B,NO,,oslo,,
868,Bjøro,Trine,NO,,oslo,,
869,Falk,Ragnhild S,NO,,oslo,,
870,Fosså,Sophie D,NO,,oslo,,
871,Gjesdal,Clara G,NO,,bergen,,
872,Godang,Kristin,NO,,oslo,,
873,Holte,Harald,NO,,oslo,,
874,Svartberg,Johan,NO,,tromsø,,
875,Syversen,Unni,NO,,trondheim,,
876,Bollerslev,Jens,NO,,oslo,,
877,Kiserud,Cecilie E,NO,,oslo,,
878,Langballe,Ellen Melbye,NO,eml@aldringoghelse.no.,oslo,,
879,Ask,Helga,NO,,oslo,,
880,Holmen,Jostein,NO,,levanger,,
881,Stordal,Eystein,NO,,namsos,,
882,Saltvedt,Ingvild,NO,,trondheim,,
883,Selbæk,Geir,NO,,tønsberg,,
884,Fikseaunet,Arvid,NO,,levanger,,
885,Bergh,Sverre,NO,,ottestad,,
886,Nafstad,Per,NO,,oslo,,
887,Tambs,Kristian,NO,,oslo,,
888,Sundby,Johanne,NO,johanne.sundby@medisin.uio.no,universitetet i oslo,,
889,Wessel,Øystein,NO,,oslo,,
890,Rimstad,Espen,NO,,oslo,,
891,Simonsen,Bjoerg O,NO,bjorg.simonsen@sykehuset-innlandet.no,brumunddal,,
892,Skjerve,Eystein,NO,,n- 0033 oslo,,
893,Skurtveit,Svetlana,NO,svetlana.skurtveit@fhi.no,n-0403 oslo,,
894,Carlson,Cathrine R,NO,,oslo,,
895,Dahl,S G,NO,,university of troms,,
896,Vistad,Ingvild,NO,ingvild.vistad@sshf.no,kristiansand,,
897,Olstad,Bjørn Harald,NO,,oslo,,
898,Cabri,Jan M H,NO,,oslo,,
899,Kjendlie,Per-Ludvik,NO,,oslo,,
900,Holm,I,NO,,no-0318 oslo,,
901,Moseng,T,NO,,no-0318 oslo,,
902,Dagfinrud,H,NO,,no-0319 oslo,,
903,Bretteville-Jensen,Anne Line,NO,alb@sirus.no.,oslo,,
904,Larsen,Tina Therese,NO,,the norwegian state housing bank,,
905,Blindheim,Torben,NO,,the norwegian state housing bank,,
906,Strand,Ingrid Haavde,NO,,trondheim,,
907,Fålun,Nina,NO,nina.falun@helse-bergen.no.,haukeland university hospital,,
908,Fridlund,Bengt,NO,,haukeland university hospital,,
909,Schaufel,Margrethe A,NO,,haukeland university hospital,,
910,Schei,Edvin,NO,,university of bergen,,
911,Norekvål,Tone M,NO,,haukeland university hospital,,
912,Haave,Einar,NO,einar.haave@glittreklinikken.no,glittreklinikken,,
913,Johnsen,Erik,NO,erij@ihelse.net.,bergen,,
914,Fathian,Farivar,NO,,bergen,,
915,Kroken,Rune A,NO,,bergen,,
916,Steen,Vidar M,NO,,bergen,,
917,Jørgensen,Hugo A,NO,,bergen,,
918,Gjestad,Rolf,NO,,bergen,,
919,Løberg,Else-Marie,NO,,bergen,,
920,Idstad,Mariann,NO,mariann.idstad@fhi.no.,oslo,,
921,Tambs,Kristian,NO,,oslo,,
922,Aarhus,Lisa,NO,,oslo,,
923,Engdahl,Bo Lars,NO,,oslo,,
924,Ørstavik,K,NO,,oslo,,
925,Hagen,T,NO,,drammen,,
926,Dietrichs,E,NO,,oslo,,
927,Naerland,T,NO,,oslo,,
928,Tryland,Morten,NO,morten.tryland@veths.no,no- tromsø,,
929,Madsen,J E,NO,,national hospital,,
930,Aasprang,Anny,NO,,bergen,,
931,Andersen,John Roger,NO,,førde,,
932,Våge,Villy,NO,,førde,,
933,Natvig,Gerd Karin,NO,,bergen,,
934,Muren,L P,NO,ludvig.muren@haukeland.no,bergen,,
935,Mollnes,Tom E,NO,t.e.mollnes@medisin.uio.no.,oslo,,
936,Grewal,Harleen M S,NO,,bergen,,
937,Midtbø,Lisa Kolden,NO,,bergen,,
938,Bernhard,Annette,NO,,bergen,,
939,Rønnevik,Alexander Krokedal,NO,,bergen,,
940,Lock,Erik-Jan,NO,,bergen,,
941,Torstensen,Bente E,NO,,bergen,,
942,Liaset,Bjørn,NO,,bergen,,
943,Brattelid,Trond,NO,,bergen,,
944,Stänicke,Erik,NO,erik.stanicke@psykologi.uio.no.,oslo,,
945,Strømme,Hanne,NO,,oslo,,
946,Killingmo,Bjørn,NO,,oslo,,
947,Gullestad,Siri Erika,NO,,oslo,,
948,Oppen-Berntsen,D O,NO,,university of bergen,,
949,Aksnes,A K,NO,,nesoddtangen,,
950,Langeland,B T,NO,,blindern,,
951,Brattebø,G,NO,,hammerfest hospital,,
952,Ausland,G,NO,geir.ausland@elkem.no,kristiansand,,
953,Müller,Kai Ivar,NO,,tromsø,,
954,Vestby,Lene K,NO,lene.vestby@vetinst.no,oslo,,
955,Vik-Mo,Einar Osland,NO,e.o.vik-mo@medisin.uio.no,oslo,,
956,Riise,Ruth,NO,,lillehammer,,
957,Whist,A C,NO,anne.c.whist@veths.no,n-0033 oslo,,
958,Ebbing,M,NO,marta.ebbing@helse-bergen.no,bergen,,
959,Jørgensen,Ivar Elvik,NO,ivarelvi@stud.ntnu.no,stavanger,,
960,Søfteland,Liv,NO,,national institute of nutrition and seafood research,,
961,Berntssen,Marc H G,NO,,national institute of nutrition and seafood research,,
962,Størseth,Trond R,NO,,sintef fisheries and aquaculture,,
963,Torstensen,Bente E,NO,,national institute of nutrition and seafood research,,
964,Waagbø,Rune,NO,,national institute of nutrition and seafood research,,
965,Olsvik,Pål A,NO,,national institute of nutrition and seafood research,,
966,Lohne,Vibeke,NO,vibeke.lohne@su.hio.no,oslo,,
967,Prytz,P S,NO,,university of tromsø,,
968,Brinchmann,Ellen Irén,NO,,university of oslo,,
969,Braeken,Johan,NO,,university of oslo,,
970,Lyster,Solveig-Alma Halaas,NO,,university of oslo,,
971,Deng,Bai-chuan,NO,,bergen n-,,
972,Fjermestad,Krister W,NO,,n-1404 siggerud,,
973,Haugland,Bente Storm-Mowatt,NO,,n-5020 bergen,,
974,Bjaastad,Jon Fauskanger,NO,,n-4068 stavanger,,
975,Oeding,Kristin,NO,,n- bergen,,
976,Bjelland,Ingvar,NO,,n- bergen,,
977,Havik,Odd E,NO,,n-5020 bergen,,
978,Heiervang,Einar R,NO,,n-0424 oslo,,
979,Sonnewald,Ursula,NO,ursula.sonnewald@ntnu.no,trondheim,,
980,El-Madhun,A S,NO,abdullah.el-madhun@slk.no,n- oslo,,
981,Song,Xingqiang,NO,,tromsø,,
982,Holte,H R,NO,,university of oslo,,
983,Birkeland,Marianne Skogbrott,NO,marianne.s.birkeland@gmail.com.,bergen,,
984,Skaali,Tone,NO,tone.skaali@oslo-universitetssykehus.no,the norwegian radium hospital,,
985,Starheim,Kristian K,NO,,bergen,,
986,Bangstad,H J,NO,hj.bangstad@ah.telia.no,oslo,,
987,Dahm,Anders,NO,a.e.a.dahm@klinmed.uio.no,oslo,,
988,Tranebjaerg,L,NO,lisbetht@fagmed.uit.no,university hospital of tromsø,,
989,Deschner,Thomas,NO,,n- bergen,,
990,Vedeler,A,NO,,university of bergen,,
991,Hess-Erga,Jeanette,NO,jeanette.hess-erga@helse-bergen.no.,bergen,,
992,Engelen,Bart Lambertus Henricus Jozef,NO,,bergen,,
993,Vassbotn,Flemming Slinning,NO,,bergen,,
994,Rolfsjord,Leif Bjarte,NO,,oslo,,
995,Stabell,U,NO,,university of oslo,,
996,Kolaczkowska,E,NO,,university of tromsø,,
997,Burns,Margrete Larsen,NO,,oslo,,
998,Tusiime,Felly Mugizi,NO,,oslo,,
999,Gizaw,Abel,NO,,oslo,,
1000,Wondimu,Tigist,NO,,oslo,,
1001,Masao,Catherine Aloyce,NO,,oslo,,
1002,Abdi,Ahmed Abdikadir,NO,,oslo,,
1003,Popp,Magnus,NO,,oslo,,
1004,Brochmann,Christian,NO,,oslo,,
1005,Pimentel,Manuel,NO,,oslo,,
1006,Alvik,Astrid,NO,,oslo,,
1007,Dahle,Gry,NO,,oslo,,
1008,Rein,Kjell-Arne,NO,,oslo,,
1009,Pedersen,H K,NO,,tromsø,,
1010,Kelman,Ilan,NO,,kristiansand,,
1011,Tørnblad,Silje H,NO,,oslo,,
1012,Åstrøm,Anne Nordrehaug,NO,anne.nordrehaug@cih.uib.no,n- bergen,,
1013,Møller,Bjorn,NO,,oslo,,
1014,Eide,Irina P,NO,irina.p.eide@ntnu.no,n- trondheim,,
1015,Kaland,Nils,NO,nils@kaland.net,lillehammer,,
1016,Bjørklund,Geir,NO,,mo i rana,,
1017,Agartz,Ingrid,NO,,oslo,,
1018,Djurovic,Srdjan,NO,,oslo,,
1019,Joa,Inge,NO,,stavanger,,
1020,Mattingsdal,Morten,NO,,oslo,,
1021,Melle,Ingrid,NO,,oslo,,
1022,Andreassen,Ole A,NO,,oslo,,
1023,Jönsson,Erik G,NO,,oslo,,
1024,Handeland,Kjell,NO,kjell.handeland@vetinst.no,n-0033 oslo,,
1025,Andersen,Randi Dovland,NO,,skien,,
1026,Basak,Sanjay,NO,,university of oslo,,
1027,Waaler,A,NO,,oslo,,
1028,Ebbing,Cathrine,NO,,bergen,,
1029,Kiserud,Torvid,NO,,bergen,,
1030,Hetland,G,NO,,oslo,,
1031,Sandstad,O,NO,olav.sandstad@ioks.uio.no,oslo,,
1032,Paulsen,Gøran,NO,,oslo,,
1033,Martinussen,Pål E,NO,pal.martinussen@sintef.no,n- trondheim,,
1034,Søberg,Kristoffer,NO,,oslo,,
1035,De Bin,Riccardo,NO,,oslo,,
1036,Sletner,Line,NO,line.sletner@medisin.uio.no,oslo,,
1037,Lossius,Andreas,NO,andreas.lossius@rr-research.no,oslo,,
1038,Grimsgaard,S,NO,sameline.grimsgaard@ism.uit.no,university of tromsø,,
1039,Verelst,M,NO,margareta.varelst@unn.no,university of tromsø,,
1040,Andersson,K B,NO,k.b.andersson@ioks.uio.no,n- oslo 3,,
1041,Holen,K J,NO,,trondheim university hospital,,
1042,Syversen,Silje W,NO,s.w.syversen@medisin.uio.no,n- oslo,,
1043,Lindseth,Inge,NO,inge@4mklinikken.no,oslo,,
1044,Kringen,Pedro,NO,,oslo,,
1045,Aune,B,NO,,university of tromsø,,
1046,Hegna,I K,NO,,department of microbiology,,
1047,Eggesbø,J B,NO,,oslo,,
1048,Weiderpass,Elisabete,NO,,tromsø,,
1049,Haugland,Linn,NO,,stavanger,,
1050,Kristensen,Kasper Dahl,NO,,stavanger,,
1051,Lie,Stein Atle,NO,,bergen,,
1052,Vandevska-Radunovic,Vaska,NO,,oslo,,
1053,Waersted,Morten,NO,mwa@stami.no,n-0033 oslo,,
1054,Lunde,E,NO,,n-0316 oslo,,
1055,Røislien,Jo,NO,jo.roislien@medisin.uio.no,university of oslo,,
1056,Milanković,Silje,NO,,bergen,,
1057,Holst,Lone,NO,,n-5018 bergen,,
1058,Nordeng,Hedvig,NO,,0316 oslo,,
1059,Heitmann,Kristine,NO,,n-5018 bergen,,
1060,Kvaløy,Kirsti,NO,kirsti.kvaloy@ntnu.no.,trondheim,,
1061,Page,Christian Magnus,NO,,oslo,,
1062,Holmen,Turid Lingaas,NO,,trondheim,,
1063,Tzoulis,Charalampos,NO,charalampos.tzoulis@helse-bergen.no.,bergen,,
1064,Schwarzlmüller,Thomas,NO,thomas.schwarzlmueller@k1.uib.no.,bergen,,
1065,Gjerde,Ivar Otto,NO,ivar.otto.gjerde@helse-bergen.no.,bergen,,
1066,Søfteland,Eirik,NO,esofteland@gmail.com.,bergen,,
1067,Neckelmann,Gesche,NO,gesche.frederike.neckelmann@helse-bergen.no.,bergen,,
1068,Biermann,Martin,NO,martin.biermann@k1.uib.no.,bergen,,
1069,Straume,Oddbjørn,NO,oddbjorn.straume@helse-bergen.no.,bergen,,
1070,Vintermyr,Olav Karsten,NO,olav.karsten.vintermyr@helse-bergen.no.,bergen,,
1071,Kristensen,R,NO,,oslo,,
1072,Mørkve Knudsen,Toril,NO,,bergen,,
1073,Svanes,Cecilie,NO,,bergen,,
1074,Lenters,Virissa,NO,,oslo,,
1075,Lyche,Pia,NO,,university of oslo oslo,,
1076,Zotchev,Sergey B,NO,,trondheim,,
1077,Rustøen,T,NO,,department of nursing education,,
1078,Foss,Øivind,NO,,0806 oslo,,
1079,Tasdemir,Ilker,NO,,stavanger,,
1080,Medbø,J I,NO,,oslo,,
1081,Grønli,Janne,NO,,bergen,,
1082,Mrdalj,Jelena,NO,,bergen,,
1083,Bekkelund,S I,NO,nevrsib@unn.no,tromsø university hospital,,
1084,Steyaert,S M J G,NO,sam.steyaert@nmbu.no.,3800 bø,,
1085,Kindberg,J,NO,,7485 trondheim,,
1086,Brunberg,S,NO,,ås,,
1087,Swenson,J E,NO,,7485 trondheim,,
1088,Andreassen,Arne K,NO,arne.andreassen@rikshospitalet.no,rikshospitalet,,
1089,Iszatt,Nina,NO,,no-0403 oslo,,
1090,Polder,Anuschka,NO,,oslo,,
1091,Mandal,Siddhartha,NO,,no-0403 oslo,,
1092,Eggesbø,Merete,NO,,no-0403 oslo,,
1093,Muhoozi,Grace K M,NO,,oslo,,
1094,Atukunda,Prudence,NO,,oslo,,
1095,Diep,Lien M,NO,,oslo,,
1096,Skaare,Anne B,NO,,oslo,,
1097,Willumsen,Tiril,NO,,oslo,,
1098,Westerberg,Ane C,NO,,oslo,,
1099,Iversen,Per O,NO,,oslo,,
1100,Møller,Elen K,NO,,oslo,,
1101,Mathiesen,Randi R,NO,,oslo,,
1102,Fjelldal,Renathe,NO,,oslo,,
1103,Borgen,Elin,NO,,oslo,,
1104,Baumbusch,Lars O,NO,,oslo,,
1105,Naume,Bjørn,NO,,oslo,,
1106,Børresen-Dale,Anne-Lise,NO,,oslo,,
1107,Nord,Silje,NO,,oslo,,
1108,Kristensen,Vessela N,NO,,lørenskog,,
1109,Rosenfeld,I,NO,idun.rosenfeld@umb.no,n- as,,
1110,Mugnaini,E N,NO,,oslo,,
1111,Enemark,Heidi Larsen,NO,,no-0106 oslo,,
1112,Woolsey,Ian David,NO,,no- oslo,,
1113,Winberg,J O,NO,janow@fagmed.uit.no,university of tromsø,,
1114,Wibe,Asa Espmark,NO,asa.wibe@akvaforsk.nlh.no,trondheim,,
1115,Lindemann,Rolf,NO,roli@uus.no,oslo,,
1116,Braekkan,S K,NO,,tromsø,,
1117,Wilhelmsen,Kjersti,NO,kwi@hib.no.,bergen,,
1118,Kvåle,Alice,NO,,bergen,,
1119,Waage,Steinar,NO,steinar.waage@nvh.no,oslo,,
1120,Gjengedal,Harald,NO,harald.gjengedal@iko.uib.no,bergen,,
1121,Sundvold,Hilde,NO,hilde.sundvold@oslo-universitetssykehus.no,aas,,
1122,Karlson,Rune,NO,rune.karlson@ppt.rogfk.no,stavanger,,
1123,Endresen,Inger M,NO,inger.endresen@psyhp.uib.no,university of bergen,,
1124,Dalgard,Olav,NO,,oslo,,
1125,Karimi,Hamid Reza,NO,,n- grimstad,,
1126,Lindstrøm,T C,NO,,university of bergen,,
1127,Hønsi,T G,NO,torunn.gauteplass@bio.uio.no,university of oslo,,
1128,Danielsen,Marit,NO,,trondheim,,
1129,Bjørnelv,Sigrid,NO,,trondheim,,
1130,Rø,Øyvind,NO,,oslo,,
1131,Jørgensen,Christian,NO,christian.jorgensen@uni.no,bergen,,
1132,Skyberg,K,NO,,oslo,,
1133,Weisaeth,Lars,NO,lars.weisath@psykiatri.uio.no,oslo,,
1134,Skodvin,Torbjørn Øygard,NO,,tromsø,,
1135,Evju,Øyvind,NO,,oslo,,
1136,Sorteberg,Angelika,NO,,oslo,,
1137,Isaksen,Jørgen Gjernes,NO,,tromsø,,
1138,Ness,G O,NO,,university of bergen,,
1139,Adams,S S,NO,samantha.s.adams@ahus.no,lørenskog,,
1140,Collas,P,NO,philippe.collas@basalmed.uio.no,oslo,,
1141,Cao,Guangyu,NO,,trondheim,,
1142,Johnsen,B H,NO,,university of bergen,,
1143,Wargelius,A,NO,anna.wargelius@imr.no,no-5817,,
1144,Bache,Kristi G,NO,,n- oslo,,
1145,Stigum,H,NO,,oslo,,
1146,Diamantopoulos,Andreas P,NO,,kristiansand,,
1147,Lund,T,NO,terjelu@radium.uio.no,oslo,,
1148,Knutzen,Maria,NO,maria.knutzen@kompetanse-senteret.no,oslo,,
1149,Aabakken,Lars,NO,,oslo,,
1150,Karlsen,Tom H,NO,,oslo,,
1151,Løvseth,Lise Tevik,NO,lise.lovseth@ntnu.no,trondheim,,
1152,Schiel,Anja,NO,,oslo,,
1153,Bergersen,B M,NO,b.m.bergersen@medisin.uio.no,oslo,,
1154,Lawyer,Glenn,NO,dr.g.lawyer@gmail.com,university of oslo,,
1155,Heringstad,B,NO,bjorg.heringstad@ihf.nlh.no,n-1432 as,,
1156,Juuhl-Langseth,Monica,NO,,oslo,,
1157,Hartberg,Cecilie B,NO,,oslo,,
1158,Holmén,Aina,NO,,lørenskog,,
1159,Thormodsen,Rune,NO,,drammen,,
1160,Groote,Inge R,NO,,oslo,,
1161,Rimol,Lars M,NO,,trondheim,,
1162,Emblem,Kyrre E,NO,,oslo,,
1163,Agartz,Ingrid,NO,,oslo,,
1164,Rund,Bjørn R,NO,,drammen,,
1165,Slimestad,Rune,NO,rune@plantchem.com,n- klepp station,,
1166,Power,Kjersti Nesheim,NO,kjersti.nesheim.power@helse-bergen.no,bergen,,
1167,Lønne,Greger,NO,greger.lonne@ntnu.no.,lillehammer,,
1168,Agewall,Stefan,NO,,oslo university hospital and oslo university oslo,,
1169,Storheim,Kjersti,NO,kjersti.storheim@nih.no,oslo,,
1170,Jansen,Peder A,NO,peder.jansen@vetinst.no,oslo,,
1171,Vengen,O A,NO,,ullevaal hospital,,
1172,Engedal,Knut,NO,,oslo,,
1173,Langballe,Ellen Melbye,NO,,oslo,,
1174,Benth,Jūratė Šaltytė,NO,,lorenskog,,
1175,Bergh,Sverre,NO,,ottestad,,
1176,Magnus,Per,NO,,n-0403 oslo,,
1177,Arving,Cecilia,NO,cecilia.arving@pubcare.uu.se,bergen,,
1178,Skjaervold,Nils K,NO,nils.k.skjervold@ntnu.no,trondheim,,
1179,Jones,Andrew M,NO,,bergen,,
1180,Tveito,Aslak,NO,,oslo university hospital,,
1181,Bondevik,Hilde,NO,,oslo,,
1182,Vaudel,Marc,NO,,bergen,,
1183,Thorkildsen,G,NO,gunnar.thorkildsen@tn.his.no,n- stavanger,,
1184,Lund,C,NO,lundchr@online.no,university of oslo,,
1185,Husebye,E S,NO,,university of bergen,,
1186,Mangel,Marc,NO,,bergen,,
1187,Rognmo,Oivind,NO,,trondheim,,
1188,Larsen,T,NO,,bergen,,
1189,Urke,H B,NO,helga.urke@uib.no.,bergen,,
1190,Holsen,I,NO,,bergen,,
1191,Anvik,C H,NO,,bodø,,
1192,Olsen,T,NO,,bodø,,
1193,Waldahl,R H,NO,,bodø,,
1194,Antonsen,K M,NO,,bodø,,
1195,Johnson,R,NO,,bodø,,
1196,Tobro,M,NO,,kristiansand,,
1197,Brastad,B,NO,,kristiansand,,
1198,Hansen,T B,NO,,kristiansand,,
1199,Sveen,O,NO,,university of oslo,,
1200,Pettersen,Veronika Kuchařová,NO,,bergen,,
1201,Steinsland,Hans,NO,,bergen,,
1202,Wiker,Harald G,NO,,bergen,,
1203,Birkeland,H C G,NO,,oslo,,
1204,Foyn Bruun,C,NO,,university of tromsö,,
1205,Chen,Jian,NO,,bergen,,
1206,Braaen,Stine,NO,,n-0033 oslo,,
1207,Villoing,Stephane,NO,,n- bergen,,
1208,Hodneland,Kjartan,NO,,n- bergen,,
1209,Frost,Petter,NO,,n- bergen,,
1210,Rimstad,Espen,NO,,n-0033 oslo,,
1211,Mittelholzer,C M,NO,camilla.mittelholzer@mtc.ki.se,bergen,,
1212,Ottesen,D,NO,,trondheim n-,,
1213,Johansen,S E,NO,,trondheim n-,,
1214,Dieset,I,NO,,oslo,,
1215,Mørch,R H,NO,,oslo,,
1216,Hope,S,NO,,oslo,,
1217,Hoseth,E Z,NO,,oslo,,
1218,Reponen,E J,NO,,oslo,,
1219,Gran,J M,NO,,oslo,,
1220,Aas,M,NO,,oslo,,
1221,Michelsen,A E,NO,,oslo,,
1222,Reichborn-Kjennerud,T,NO,,oslo,,
1223,Nesvåg,R,NO,,oslo,,
1224,Agartz,I,NO,,oslo,,
1225,Melle,I,NO,,oslo,,
1226,Aukrust,P,NO,,oslo,,
1227,Djurovic,S,NO,,bergen,,
1228,Ueland,T,NO,,oslo,,
1229,Andreassen,O A,NO,,oslo,,
1230,Lund-Johansen,P,NO,,bergen,,
1231,Hussain,Ajmal,NO,ajmal.hussain@nkvts.unirand.no,n- oslo,,
1232,Grisot,Miria,NO,miriag@ifi.uio.no,0316 oslo,,
1233,Nord,C,NO,carina.nord@klinmed.uio.no,n- oslo,,
1234,Pleym,H,NO,,trondheim,,
1235,Nordal,Ellen,NO,,tromsø,,
1236,Bou,Marta,NO,,no- ås,,
1237,Ruyter,Bente,NO,,no- ås,,
1238,Du,Liang,NO,,no- ås,,
1239,Steiner,Timothy J,NO,t.steiner@imperial.ac.uk.,trondheim,,
1240,Wibe,Atle,NO,atle.wibe@norsok.no,n-,,
1241,Widmark,A,NO,anders.widmark@nrpa.no,østerås,,
1242,Fenstad,Anette A,NO,,trondheim,,
1243,Jenssen,Bjørn M,NO,,trondheim,,
1244,Gabrielsen,Kristin M,NO,,trondheim,,
1245,Bustnes,Jan O,NO,,tromsø,,
1246,Hanssen,Sveinn A,NO,,tromsø,,
1247,Moe,Børge,NO,,tromsø,,
1248,Herzke,Dorte,NO,,tromsø,,
1249,Krøkje,Åse,NO,,trondheim,,
1250,Brantsaeter,Arne B,NO,abrant@online.no,oslo,,
1251,Håvelsrud,Othilde Elise,NO,,oslo,,
1252,Sørum,Henning,NO,,oslo,,
1253,Gaustad,Peter,NO,pgaustad@ous-hf.no.,oslo,,
1254,Gohli,Jostein,NO,,bergen,,
1255,Kirkendall,Lawrence R,NO,,bergen,,
1256,Jordal,Bjarte H,NO,,bergen,,
1257,Berg,J P,NO,,oslo,,
1258,Feragen,Kristin Billaud,NO,,oslo,,
1259,Sissener,Nini H,NO,nsi@hi.no.,n-5817 bergen,,
1260,Ørnsrud,Robin,NO,ror@hi.no.,n-5817 bergen,,
1261,Sanden,Monica,NO,msa@hi.no.,n-5817 bergen,,
1262,Frøyland,Livar,NO,lfr@hi.no.,n-5817 bergen,,
1263,Remø,Sofie,NO,sre@hi.no.,n-5817 bergen,,
1264,Lundebye,Anne-Katrine,NO,anne-katrine.lundebye@hi.no.,n-5817 bergen,,
1265,Kvåle,Kirsti,NO,kirsti.kvale@betanien.no,fyllingsdalen,,
1266,Fladeby,Cathrine,NO,,oslo,,
1267,Torgersen,Trine,NO,trine.torgensen@vetinst.no,no-0033 oslo,,
1268,Atar,Dan,NO,,n- oslo,,
1269,Kalfoss,M,NO,mary.kalfoss@c2i.net,oslo,,
1270,Strand,Trond-Eirik,NO,,oslo,,
1271,Khiabani,Hasse Z,NO,,oslo,,
1272,Hauge,Siri,NO,,oslo,,
1273,Stranden,E,NO,erling.stranden@hibu.no,drammen,,
1274,Reas,Deborah Lynn,NO,,oslo,,
1275,Stedal,Kristin,NO,,oslo,,
1276,Lindvall Dahlgren,Camilla,NO,,oslo,,
1277,Rø,Øyvind,NO,,oslo,,
1278,Moan,J,NO,,oslo,,
1279,Sletmoen,Marit,NO,,trondheim,,
1280,Stokke,Bjørn T,NO,,trondheim,,
1281,Hysing,Mari,NO,mari.hysing@norceresearch.no.,bergen,,
1282,Kvestad,Ingrid,NO,ingrid.kvestad@norceresearch.no.,bergen,,
1283,Kjellevold,Marian,NO,marian.kjellevold@hi.no.,bergen,,
1284,Kolden Midtbø,Lisa,NO,lisakolden.midtbo@hi.no.,bergen,,
1285,Graff,Ingvild Eide,NO,ingr@norceresearch.no.,bergen,,
1286,Lie,Øyvind,NO,oyvind.lie@fiskeridir.no.,bergen,,
1287,Hurum,Hallvard,NO,hhurum@gmail.com.,bergen,,
1288,Stormark,Kjell Morten,NO,kjst@norceresearch.no.,bergen,,
1289,Øyen,Jannike,NO,jannike.oyen@hi.no.,bergen,,
1290,van der Schoot,Christiaan,NO,,1432 ås,,
1291,Nilsson,Jonatan,NO,jonatan.nilsson@imr.no,storebø,,
1292,Helle,Karen B,NO,karen.helle@biomed.uib.no,bergen,,
1293,Lindstad,Berit H,NO,,no-1432,,
1294,Solberg,Birger,NO,,no-1432,,
1295,Aase,A,NO,,oslo,,
1296,Frye,Stephan A,NO,,oslo,,
1297,Lång,Emma,NO,,oslo,,
1298,Beyene,Getachew Tesfaye,NO,,oslo,,
1299,Balasingham,Seetha V,NO,,oslo,,
1300,Homberset,Håvard,NO,,oslo,,
1301,Rowe,Alexander D,NO,,oslo,,
1302,Ambur,Ole Herman,NO,,oslo,,
1303,Tønjum,Tone,NO,,oslo,,
1304,Pönitz,V,NO,volker.poenitz@lyse.net,bergen,,
1305,Johansen,Nina Svae,NO,nina.johansen@bioforsk.no,n- as,,
1306,Johansen,F E,NO,f.e.johansen@labmed.uio.no,rikshospitalet,,
1307,Reigstad,Ole,NO,ole.reigstad@gmail.com,oslo,,
1308,Baumeister,Jochen,NO,,norwegian university of science and technology (ntnu),,
1309,Rekvig,O P,NO,,university of tromsø school of medicine,,
1310,Lindemann,Paul Christoffer,NO,paul.lindemann@gades.uib.no,universitetet i bergen,,
1311,Dahl,Kari Elisabeth,NO,kari.dahl@inn.no.,elverum,,
1312,Calogiuri,Giovanna,NO,,elverum,,
1313,Jönsson,Birgitta,NO,,tromsø,,
1314,Horn,Morten A,NO,hormor@ous-hf.no,oslo,,
1315,Torjussen,William,NO,,kristiansand s,,
1316,Stensen,Mette Haug,NO,mette.haug.stensen@rikshospitalet.no,oslo,,
1317,Opsahl,Eystein,NO,,stavanger,,
1318,Bagi,Andrea,NO,,4070 randaberg,,
1319,Ottersen,Geir,NO,,n-5817 bergen,,
1320,Vikebø,Frode B,NO,,n-5817 bergen,,
1321,Stenseth,Nils Chr,NO,,n-4604 kristiansand,,
1322,Langangen,Øystein,NO,,n-0316 oslo,,
1323,Westin,Andreas Austgulen,NO,andreas.westin@legemidler.no,trondheim,,
1324,Bjørklund,Geir,NO,,mo i rana,,
1325,Hasle,Gunnar,NO,,oslo,,
1326,Smenes,Benedikte T,NO,,trondheim,,
1327,Bækkerud,Fredrik H,NO,,trondheim,,
1328,Slagsvold,Katrine H,NO,,trondheim,,
1329,Hassel,Erlend,NO,,trondheim,,
1330,Wohlwend,Martin,NO,,trondheim,,
1331,Pinho,Maria,NO,,trondheim,,
1332,Høydal,Morten,NO,,trondheim,,
1333,Wisløff,Ulrik,NO,,trondheim,,
1334,Rognmo,Øivind,NO,,trondheim,,
1335,Wahba,Alexander,NO,,trondheim,,
1336,Kaastad,T S,NO,,university of oslo,,
1337,Helle,S I,NO,,bergen,,
1338,Mostad,I L,NO,ingrid.l.mostad@medisin.ntnu.no,trondheim,,
1339,Kloster,R,NO,,sandvika,,
