temp_id,lastname,firstname,countries_scope,email,town,role,url
1,Pedersen,T R,NO,,oslo,,
2,Svendsen,M,NO,,oslo,,
3,Grøvslien,Anne,NO,,oslo,,
4,Glenjen,Nils,NO,nils.idar.glenjen@helse-bergen.no,bergen,,
5,Skjørten,F J,NO,,oslo,,
6,Pallesen,Ståle,NO,,bergen,,
7,Qaiumzadeh,A,NO,,no- trondheim,,
8,Duine,R A,NO,,no- trondheim,,
9,Brataas,A,NO,,no- trondheim,,
10,Hofmann,Bjørn,NO,b.m.hofmann@medisin.uio.no.,gjøvik,,
11,Eldholm,Vegard,NO,,as,,
12,Vollset,Stein Emil,NO,,oslo,,
13,Heldal,Mikal,NO,,bergen,,
14,Hellesen,A,NO,,bergen,,
15,Pryme,I F,NO,,university of bergen,,
16,Bjelke-Holtermann,Trine,NO,,kjeller,,
17,Hasvold,Pål,NO,,oslo,,
18,Wagstaff,Anthony S,NO,anthony.wagstaff@flymed.uio.no,oslo,,
19,Nilssen,O,NO,oivindn@fagmed.uit.no,university hospital and university of tromso,,
20,Rogne,Marie,NO,,0317 oslo,,
21,Stormorken,H,NO,,oslo,,
22,Alopaeus,Julia F,NO,j.f.alopaeus@farmasi.uio.no.,oslo,,
23,Hagesæther,Ellen,NO,elha@oslomet.no.,n- oslo,,
24,Tho,Ingunn,NO,ingunn.tho@farmasi.uio.no.,oslo,,
25,Zhou,H L,NO,hailong.zhou@iet.ntnu.no,trondheim,,
26,Alexander,J,NO,,n-0403 oslo,,
27,Brantsæter,A L,NO,,n-0403 oslo,,
28,Borch-Iohnsen,B,NO,,n-0317 oslo,,
29,Ellingsen,D G,NO,,n-0033 oslo,,
30,Thomassen,Y,NO,,n-0033 oslo,,
31,Holmen,J,NO,,levanger,,
32,Ydersbond,T A,NO,,n-0033 oslo,,
33,Nordbø,S A,NO,svein.a.nordbo@medisin.ntnu.no,university hospital of trondheim,,
34,Lilja,M,NO,,university of tromsø,,
35,Knævelsrud,Ingeborg,NO,,bergen,,
36,Kazazic,Sabina,NO,,stavanger,,
37,Birkeland,Nils-Kåre,NO,,bergen,,
38,Bjelland,Svein,NO,,stavanger,,
39,Olsen,Nina Rydland,NO,,bergen,,
40,Rugkåsa,Jorun,NO,,akershus university hospital,,
41,Staff,Anne Cathrine,NO,,oslo,,
42,Berg-Johnsen,Jon,NO,,oslo,,
43,Høgestøl,Einar August,NO,e.a.hogestol@medisin.uio.no.,oslo,,
44,Waade,Gunvor G,NO,,oslo,,
45,Sanderud,Audun,NO,,oslo,,
46,Haug,E S,NO,,tønsberg,,
47,Hauge,Anette,NO,,oslo,,
48,Wegner,Catherine S,NO,,oslo,,
49,Gaustad,Jon-Vidar,NO,,oslo,,
50,Simonsen,Trude G,NO,,oslo,,
51,Andersen,Lise Mari K,NO,,oslo,,
52,Rofstad,Einar K,NO,,oslo,,
53,Cataliotti,Alessandro,NO,,oslo,,
54,Skogstrand,Trude,NO,trude.skogstrand@med.uib.no,bergen,,
55,Kristoffersen,Morten,NO,,bergen,,
56,Sandbakk,Øyvind,NO,,trondheim,,
57,Tønnessen,Espen,NO,,oslo,,
58,Svendsen,Ida,NO,,oslo,,
59,Paulsen,Gøran,NO,,oslo,,
60,Ersvær,Elisabeth,NO,,bergen,,
61,Nygård,Irene,NO,,bergen,,
62,Rostad,Kari,NO,,bergen,,
63,Ryningen,Anita,NO,,bergen,,
64,Iversen,Vegard V,NO,,bergen,,
65,Skovereng,Knut,NO,,trondheim,,
66,Rønnestad,Bent R,NO,,lillehammer,,
67,Gundersen,Hilde,NO,,bergen,,
68,Asheim,P,NO,per.asheim@stolav.no,trondheim,,
69,Fiorito,Elisa,NO,,oslo,,
70,Steen,E,NO,eldri.steen@samfunnsmed.uio.no,blindern,,
71,Saatvedt,K,NO,,oslo,,
72,Haugsgjerd,S,NO,,oslo,,
73,Nygård,Yngve,NO,yngve_nygard@yahoo.no.,bergen,,
74,Haukaas,Svein A,NO,,bergen,,
75,Halvorsen,Ole J,NO,,bergen,,
76,Gravdal,Karsten,NO,,bergen,,
77,Frugård,Jannicke,NO,,bergen,,
78,Akslen,Lars A,NO,,bergen,,
79,Beisland,Christian,NO,,bergen,,
80,Gullestad,Lars,NO,,university of oslo,,
81,Nymo,Ståle H,NO,,oslo university hospital rikshospitalet,,
82,Yndestad,Arne,NO,,university of oslo,,
83,Aukrust,Pål,NO,,n- tromsø,,
84,Askevold,Erik T,NO,,n- oslo,,
85,Debelian,G J,NO,,university of oslo,,
86,Kaminski,Michal F,NO,,oslo,,
87,Bretthauer,Michael,NO,,oslo,,
88,Aabakken,Lars,NO,,oslo,,
89,Nieder,Carsten,NO,,8092 bodø,,
90,Haukland,Ellinor,NO,,8092 bodø,,
91,Mannsåker,Bård,NO,,bodø,,
92,Norum,Jan,NO,,8006 bodø,,
93,Støer,Nathalie C,NO,,0316 oslo,,
94,Valla,A,NO,,university of trondheim,,
95,Russnes,Hege G,NO,,oslo 0310,,
96,Moen Vollan,Hans Kristian,NO,,oslo,,
97,Szigetvari,Peter D,NO,,bergen,,
98,Kallio,Juha P,NO,,bergen,,
99,Hallin,Erik I,NO,,bergen,,
100,Fossbakk,Agnete,NO,,bergen,,
101,Kursula,Inari,NO,,bergen,,
102,Knappskog,Per M,NO,,bergen,,
103,Kursula,Petri,NO,,bergen,,
104,Haavik,Jan,NO,,bergen,,
105,Furunes,Håvard,NO,,gjøvik,,
106,Hellum,Christian,NO,,oslo,,
107,Espeland,Ansgar,NO,,bergen,,
108,Brox,Jens Ivar,NO,,oslo,,
109,Småstuen,Milada Cvancarova,NO,,oslo,,
110,Berg,Linda,NO,,bodø,,
111,Storheim,Kjersti,NO,,oslo,,
112,Reisaeter,A V,NO,,oslo,,
113,Kristoffersen,Anja Bråthen,NO,,n- oslo,,
114,Qviller,Lars,NO,,n- oslo,,
115,Helgesen,Kari Olli,NO,,n- oslo,,
116,Vollset,Knut Wiik,NO,,n- bergen,,
117,Viljugrein,Hildegunn,NO,,n- oslo,,
118,Myhr,Kjell-Morten,NO,,bergen,,
119,Celius,Elisabeth Gulowsen,NO,,oslo,,
120,Harbo,Hanne F,NO,,oslo,,
121,Reynolds,Dwight,NO,,bergen,,
122,Tjelmeland,Ingvild B M,NO,,oslo,,
123,Borgen,Birgit Hafeld,NO,,n- trondheim,,
124,Schjolberg,Tore Kr,NO,,oslo,,
125,Valen,B,NO,,haukeland hospital,,
126,Steffen,Kathrin,NO,,oslo,,
127,Moseid,Christine Holm,NO,,oslo,,
128,Engebretsen,Lars,NO,,oslo,,
129,Søberg,Pia K,NO,,lillehammer,,
130,Amundsen,Olav,NO,,lillehammer,,
131,Holm,Kristian,NO,,lillehammer,,
132,Moger,Thomas,NO,,lillehammer,,
133,Lindbäck,Toril,NO,toril.lindback@nvh.no,n-0033 oslo,,
134,Pedersen,Hege L,NO,,n- tromsø,,
135,Hoff,G,NO,hofg@online.no,skien,,
136,Olsen,Line,NO,,roskilde,,
137,Wallenius,Marianne,NO,,trondheim,,
138,Chierici,Melissa,NO,,tromsø,,
139,Nyman,Tuula A,NO,,oslo,,
140,Bania,Elisabeth Valmyr,NO,elisabeth.bania@uit.no.,tromsoe,,
141,Lydersen,Stian,NO,,trondheim,,
142,Kvernmo,Siv,NO,,tromsoe,,
143,Augdal,Thomas A,NO,,tromsø,,
144,Ording-Müller,Lil-Sofie,NO,,oslo,,
145,Helbostad,Jorunn L,NO,jorunn.helbostad@medisin.ntnu.no,bergen,,
146,Grøntvedt,T,NO,,trondheim university hospital,,
147,Klemsdal,T O,NO,,oslo,,
148,Landrø,Nils Inge,NO,n.i.landro@psykologi.uio.no,oslo,,
149,Weiderpass,Elisabete,NO,,tromsø,,
150,Weydahl,A,NO,,alta,,
151,Norheim,Gunnstein,NO,,oslo,,
152,Brorson,Sverre-Henning,NO,,oslo university hospital,,
153,Rosenqvist,Einar,NO,,oslo,,
154,Naess,Lisbeth,NO,,oslo,,
155,Tunheim,Gro,NO,,oslo,,
156,Henriksen,Stian,NO,,tromsø,,
157,Lindeman,Birgitte,NO,,no-0403 oslo,,
158,Strøm,Vegard,NO,vegard.strom@stami.no,oslo,,
159,Kaernes,Unni,NO,,n-0473 oslo,,
160,Dahlstrøm,Berit,NO,berit.dahlstrom@ahus.no,university of oslo,,
161,Iversen,Marjolein M,NO,marjolein.iversen@hib.no,bergen,,
162,Glover,J C,NO,,university of oslo,,
163,Andersen,Lene F,NO,l.f.andersen@basalmed.uio.no,university of oslo,,
164,Kirkhus,B,NO,,oslo,,
165,Enersen,Morten,NO,morteene@odont.uio.no,university of oslo,,
166,Flølo,Tone Nygaard,NO,tone.flolo@helse-bergen.no.,voss,,
167,Andersen,John R,NO,,førde,,
168,Kolotkin,Ronette L,NO,,førde,,
169,Aasprang,Anny,NO,,førde,,
170,Natvig,Gerd K,NO,,bergen,,
171,Hufthammer,Karl O,NO,,bergen,,
172,Våge,Villy,NO,,voss,,
173,Bjørklund,Geir,NO,bjorklund@conem.org.,mo i rana,,
174,Evensen,Elin,NO,,tromsø,,
175,Wilsgaard,Tom,NO,,tromsø,,
176,Furberg,Anne-Sofie,NO,,tromsø,,
177,Skeie,Guri,NO,guri.skeie@uit.no.,tromsø,,
178,Nilsen,H,NO,,n- trondheim,,
179,Mrdakovic Popic,Jelena,NO,jelena.mrdakovic.popic@nmbu.no.,ås,,
180,Kristensen,Pål,NO,,skien,,
181,Nielsen,Claus J,NO,,n-0315 oslo,,
182,Sagoe,Dominic,NO,,university of bergenbergen,,
183,Pallesen,Ståle,NO,,university of bergenbergen,,
184,Hanss,Daniel,NO,,university of bergenbergen,,
185,Leino,Tony,NO,,university of bergenbergen,,
186,Molde,Helge,NO,,university of bergenbergen,,
187,Mentzoni,Rune A,NO,,university of bergenbergen,,
188,Torsheim,Torbjørn,NO,,university of bergenbergen,,
189,Stavelin,Anne,NO,anne.stavelin@noklus.no,bergen,,
190,Waagen,V,NO,,university of trondheim,,
191,Misje,A H,NO,,oslo,,
192,Brauckhoff,M,NO,michael.brauckhoff@kir.uib.no,bergen,,
193,Ytterstad,B,NO,,university of tromsø,,
194,Helgeland,Erik,NO,,bergen,,
195,Breivik,Lars Ertesvåg,NO,,bergen,,
196,Vaudel,Marc,NO,,bergen,,
197,Svendsen,Øyvind Sverre,NO,,bergen,,
198,Garberg,Hilde,NO,,bergen,,
199,Nordrehaug,Jan Erik,NO,,bergen,,
200,Berven,Frode Steingrimsen,NO,,bergen,,
201,Jonassen,Anne Kristine,NO,,bergen,,
202,Tysnes,B B,NO,berit.tysnes@pki.uib.no,university of bergen,,
203,Finsen,V,NO,,trondheim university hospital,,
204,Lund,Eiliv,NO,eiliv.lund@ism.uit.no,tromsø,,
205,Tran,Long,NO,,trondheim,,
206,Greiff,Guri,NO,,trondheim,,
207,Pleym,Hilde,NO,,trondheim,,
208,Wahba,Alexander,NO,,trondheim,,
209,Stenseth,Roar,NO,,trondheim,,
210,Videm,Vibeke,NO,,trondheim,,
211,Mrdakovic Popic,Jelena,NO,jelena.mrdakovic.popic@umb.no,n- ås,,
212,Saleh,Farahnaz,NO,farahnaz.saleh@unn.no,tromsø,,
213,Mæland,John Gunnar,NO,john.meland@isf.uib.no,universitetet i bergen,,
214,Vaaje-Kolstad,Gustav,NO,,n- as,,
215,Lervåg,Arne,NO,,oslo,,
216,Lyster,Solveig-Alma Halaas,NO,,oslo,,
217,Oskam,I C,NO,irma.oskam@rikshospitalet.no,no-0033 oslo,,
218,Iversen,V V,NO,,bergen,,
219,Westgaard,R H,NO,,oslo,,
220,Olaisen,Maya,NO,,trondheim,,
221,Jacobsen,Henrik B,NO,,trondheim,,
222,Alvestad,Silje,NO,,n- trondheim,,
223,Edvardsen,T,NO,thor.edvardsen@rh.uio.no,university of oslo,,
224,Midttun,Oivind,NO,nkjbm@uib.no,bergen,,
225,Indergaard,Trond,NO,trond.indergaard@hist.no,trondheim,,
226,Korsgaard,Hans Ole,NO,,oslo,,
227,Torgersen,Svenn,NO,,oslo,,
228,Wentzel-Larsen,Tore,NO,,oslo,,
229,Ulberg,Randi,NO,,oslo,,
230,Norman Hansen,A,NO,age.normanhansen@harbitzalleen.onh.no,oslo,,
231,Fenne,Ingvild S,NO,,bergen,,
232,Flågeng,Marianne H,NO,,bergen,,
233,Almås,Bjørg,NO,,bergen,,
234,Lien,Ernst A,NO,,bergen,,
235,Mellgren,Gunnar,NO,,bergen,,
236,Raballo,Andrea,NO,,university of oslo,,
237,Strømme,Petter,NO,,oslo,,
238,Nordgaard,Håvard B,NO,haavardnordgaard@gmail.com,n- trondheim,,
239,Skaane,Per,NO,perska@ous-hf.no.,oslo,,
240,Sebuødegård,Sofie,NO,,oslo,,
241,Østerås,Bjørn Helge,NO,,oslo,,
242,Gullien,Randi,NO,,oslo,,
243,Hofvind,Solveig,NO,,oslo,,
244,Noever,Christoph,NO,,university of bergen bergen,,
245,Søgaard,Anne Johanne,NO,anne.johanne.sogaard@fhi.no.,oslo,,
246,Meyer,Haakon E,NO,,oslo,,
247,Emaus,Nina,NO,,tromsø,,
248,Grimnes,Guri,NO,,tromsø,,
249,Gjesdal,Clara Gram,NO,,bergen,,
250,Forsmo,Siri,NO,,trondheim,,
251,Tell,Grethe S,NO,,bergen,,
252,Meling,T R,NO,,oslo,,
253,Grindheim,Ann Kari,NO,,n- bergen,,
254,Hollås,Hanne,NO,,n- bergen,,
255,Saraste,Jaakko,NO,,n- bergen,,
256,Schou,M,NO,,trondheim,,
257,Sæther,S G,NO,,trondheim,,
258,Kondziella,D,NO,,trondheim,,
259,Vaaler,A,NO,,trondheim,,
260,Reitan,S K,NO,,trondheim,,
261,Solberg,K,NO,,oslo,,
262,Nilsson,Göran E,NO,,oslo,,
263,Lefevre,Sjannie,NO,,oslo,,
264,Bøhn,Siv K,NO,,oslo,,
265,Russell,David,NO,david.russell@klinmed.uio.no,oslo,,
266,Moens,U,NO,,university of tromsøo,,
267,Bjellaas,Thomas,NO,,oslo,,
268,Junttila,Juho,NO,,n-9037 tromsø,,
269,Aagaard-Sørensen,Steffen,NO,,n-9037 tromsø,,
270,Ueland,Per Magne,NO,per.ueland@ikb.uib.no,bergen,,
271,Elvik,R,NO,rune.elvik@toi.no,oslo,,
272,Baekelandt,M M,NO,,oslo,,
273,Hansen,Bjarne,NO,bjarne.hansen@ntnu.no,trondheim,,
274,Wolff,Katharina,NO,katharina.wolff@psysp.uib.no,bergen,,
275,Fossen,A,NO,,oslo,,
276,Berg,Akiah Ottesen,NO,,n-0424 oslo,,
277,Dahl,Sandra Rinne,NO,,n-0424 oslo,,
278,Holvik,Kristin,NO,,n-0403 oslo,,
279,Gardsjord,Erlend Strand,NO,,n-0424 oslo,,
280,Weibell,Melissa Authen,NO,,n-4068 stavanger,,
281,Bjella,Thomas Doug,NO,,n-0424 oslo,,
282,Andreassen,Ole A,NO,,n-0424 oslo,,
283,Melle,Ingrid,NO,,n-0424 oslo,,
284,Murison,R,NO,,university of bergen,,
285,Müller,Kai Ivar,NO,kai.ivar.muller@unn.no.,tromsø,,
286,Hurlen,Mette,NO,mehu@uus.no,oslo,,
287,Johnsen,J,NO,,oslo,,
288,Lützow-Holm,C,NO,,national hospital,,
289,Garthus-Niegel,Susan,NO,susan.garthus-niegel@tu-dresden.de.,oslo,,
290,Alho,A,NO,,university of oslo,,
291,Sundby,A,NO,,oslo 1,,
292,Kaur,Parvinder,NO,,trondheim,,
293,Nygaard,K,NO,,oslo,,
294,Søvik,O,NO,,haukeland hospital,,
295,Nord,Erik,NO,erik.nord@fhi.no,oslo,,
296,Søyseth,Vidar,NO,vidar.soyseth@medisin.uio.no,n- lørenskog,,
297,Laeng,Bruno,NO,,university of oslo,,
298,Færevaag,Fredrik Svartdal,NO,,university of oslo,,
299,Tanggaard,Stine,NO,,university of oslo,,
300,von Tetzchner,Stephen,NO,,university of oslo,,
301,Berg,Torill,NO,,oslo,,
302,Tzoulis,Charalampos,NO,,university of bergen and haukeland university hospital bergen,,
303,Moe,Borge,NO,borge.moe@bio.ntnu.no,no- trondheim,,
304,Vukovic,Jadranka,NO,,no-0316 oslo,,
305,Thingsgaard,K,NO,karen.thingsgaard@vm.ntnu.no,n-  trondheim,,
306,Hauglann,Beate,NO,beate.hauglann@gmail.com,oslo,,
307,Bergaust,Linda,NO,linda.bergaust@umb.no,as,,
308,Cheek,Julianne,NO,,oslo,,
309,Borthen,I,NO,,university of bergen,,
310,Tøndel,Hanne,NO,,trondheim,,
311,Lund,Jo-Åsmund,NO,,trondheim,,
312,Lydersen,Stian,NO,,trondheim,,
313,Wanderås,Anne D,NO,,trondheim,,
314,Aksnessæther,Bjørg Y,NO,,ålesund,,
315,Jensen,Christer Andre,NO,,ålesund,,
316,Kaasa,Stein,NO,,trondheim,,
317,Solberg,Arne,NO,,trondheim,,
318,Stokowy,Tomasz,NO,,bergen,,
319,Torp,Steffen,NO,steffen.torp@hive.no,tønsberg,,
320,Bakke,Oddmund,NO,,department of biosciences; centre of immune regulation; university of oslo; oslo,,
321,Progida,Cinzia,NO,,department of biosciences; centre of immune regulation; university of oslo; oslo,,
322,Thordardottir,Björg,NO,bjorgt@oslomet.no.,oslo,,
323,Frøyland,Marianne,NO,,oslo,,
324,Zahl,P H,NO,perhz@basalmed.uio.no,oslo,,
325,Heimdal,J H,NO,john.heimdal@haukeland.no,bergen,,
326,Brox,J,NO,klkjjb@rito.no,university hospital of tromsø,,
327,Hagen,K,NO,knut.hagen@medisin.ntnu.no,trondheim university hospital,,
328,Henriksen,T,NO,,oslo,,
329,Eder,S D,NO,,bergen,,
330,Nesse,T,NO,,no- trondheim,,
331,Holst,B,NO,,bergen,,
332,Flåøyen,A,NO,,oslo,,
333,Malt,Merete A,NO,merete.andersen.malt@helse-bergen.no.,bergen,,
334,Aarli,Ånen,NO,aanen.aarli@helse-bergen.no.,bergen,,
335,Bogen,Bård,NO,bard.bogen@igs.uib.no.,bergen,,
336,Fevang,Jonas M,NO,jonas.meling.fevang@helse-bergen.no.,bergen,,
337,Hansen,J B,NO,,university of tromsø,,
338,Evangelista,C,NO,charlotte.evangelista0@gmail.com.,oslo,,
339,Reigstad,Ole,NO,ole.reigstad@gmail.com,oslo,,
340,Taskén,K,NO,kjetil.tasken@basalmed.uio.no,university of oslo,,
341,Meknas,Khaled,NO,,tromsø,,
342,Al Hassoni,Thabit N,NO,,tromsø,,
343,Odden-Miland,Åshild,NO,,university of tromsø,,
344,Castillejo,Miguel,NO,,tromsø,,
345,Bye,Anja,NO,,trondheim,,
346,Wilkinson,Simon R,NO,siwi@uus.no,oslo,,
347,Odland,Jon Ø,NO,,tromsø,,
348,Bergheim,S,NO,,university of oslo,,
349,Mathiisen,Thomas Misje,NO,,n- oslo,,
350,Langeland,T,NO,,oslo,,
351,Kvaløy,Stein O,NO,,oslo,,
352,Jetne,Vidar,NO,,oslo,,
353,Myklebust,Tor Å,NO,,oslo,,
354,Levernes,Sverre G,NO,,østerås,,
355,Tveit,Kjell M,NO,,oslo,,
356,Green,Tor O,NO,,oslo,,
357,Johannesen,Tom B,NO,,oslo,,
358,Davanger,M,NO,,university of oslo,,
359,Htet,Aung Soe,NO,aungsh@gmail.com.,oslo,,
360,Bjertness,Marius B,NO,,oslo,,
361,Sherpa,Lhamo Y,NO,,oslo,,
362,Kjøllesdal,Marte Karoline,NO,,oslo,,
363,Meyer,Haakon E,NO,,oslo,,
364,Stigum,Hein,NO,,oslo,,
365,Bjertness,Espen,NO,,oslo,,
366,Mikkelsen,I M,NO,,university of tromsø,,
367,Dragland,Steinar,NO,,n- nes på hedmark,,
368,Bramham,C R,NO,,university of bergen,,
369,Skumlien,Siri,NO,siri.skumlien@glittreklinikken.no,hakadal,,
370,Myre,K,NO,,university of oslo,,
371,Ranhoff,A H,NO,,oslo,,
372,Pavlicev,Mihaela,NO,mihaela.pavlicev@bio.uio.no,oslo,,
373,Bouhmala,Noureddine,NO,noureddine.bouhmala@hive.no,vestfold university college,,
374,Holm,Pål I,NO,,bergen,,
375,Dusinska,Maria,NO,,kjeller,,
376,Strömskag,K E,NO,,molde county hospital,,
377,Jokstad,A,NO,,university of oslo,,
378,Karterud,S,NO,,oslo,,
379,Eiken,H G,NO,,university of bergen,,
380,Dyregrov,Kari,NO,kari@krisepsyk.no,bergen,,
381,Gorlén,T,NO,,oslo,,
382,Svenningsen,L,NO,,university of oslo,,
383,Wang,S,NO,wang.shuai@hit.no,porsgrunn,,
384,Yu,Xijiang,NO,xijiang.yu@nmbu.no.,ås 1432,,
385,Nøkleby,H,NO,hanne.nokleby@fhi.no,n-0403 oslo,,
386,Höglind,Mats,NO,,no - ås,,
387,Pfeffer,P F,NO,,oslo,,
388,Munthe,Ludvig A,NO,l.a.munthe@labmed.uio.no,n- oslo,,
389,Freitas,Carla,NO,carla@npolar.no,tromsø,,
390,Kjeldsen-Kragh,J,NO,,oslo,,
391,Mortensen,Nicolay,NO,,kristiansand,,
392,Augustsson,Johan Henrik,NO,,arendal,,
393,Ulriksen,Jorunn,NO,,kristiansand,,
394,Hinna,Unni Tveit,NO,,kristiansand,,
395,Schmölzer,Georg M,NO,,lørenskog,,
396,Solevåg,Anne Lee,NO,,lørenskog,,
397,Thorsen,Yngve,NO,,lorenskog,,
398,Nesgaard,Jens M,NO,,tonsberg,,
399,Ignjatovic,Dejan,NO,,lorenskog,,
400,Öhlander,Maria,NO,,oslo,,
401,Rognum,T O,NO,,national hospital,,
402,Åsvold,Bjørn O,NO,bjorn.o.asvold@ntnu.no,n-7491 trondheim,,
403,Martinez,Aurora,NO,,bergen,,
404,Børresen-Dale,A L,NO,alb@radium.uio.no,oslo,,
405,Larøi,Frank,NO,,university of bergenbergen,,
406,Refsnes,Magne,NO,,oslo,,
407,Skuland,Tonje,NO,,oslo,,
408,Låg,Marit,NO,,oslo,,
409,Schwarze,Per E,NO,,oslo,,
410,Øvrevik,Johan,NO,,oslo,,
411,Müller,F,NO,,oslo,,
412,Silwal-Pandit,Laxmi,NO,,0313 oslo,,
413,Russnes,Hege,NO,,0313 oslo,,
414,Borgen,Elin,NO,,0313 oslo,,
415,Skarpeteig,Veronica,NO,,oslo,,
416,Moen Vollan,Hans Kristian,NO,,0313 oslo,,
417,Schlichting,Ellen,NO,,oslo,,
418,Kåresen,Rolf,NO,,0450 oslo,,
419,Naume,Bjørn,NO,,0313 oslo,,
420,Børresen-Dale,Anne-Lise,NO,,0313 oslo,,
421,Langerød,Anita,NO,,oslo,,
422,Carstensen,Tove,NO,,trondheim,,
423,Bonsaksen,Tore,NO,,oslo,,
424,Huber,Sandra,NO,,tromsø,,
425,Furberg,Anne-Sofie,NO,,tromsø,,
426,Fossa,S D,NO,,oslo,,
427,Johnsen,Erik,NO,,bergen,,
428,Samuelsen,Anne Berit,NO,,oslo n-,,
429,Hoell,Ingunn A,NO,,1432 as,,
430,Westin,Steinar,NO,,norwegian university of science and technology,,
431,Seo,H C,NO,,bergen,,
432,Eide,Per Kristian,NO,peide@ous-hf.no.,oslo,,
433,Veiby,Gyri,NO,,bergen,,
434,A Engelsen,Bernt,NO,,bergen,,
435,Gilhus,Nils Erik,NO,,bergen,,
436,Waerhaug,O,NO,,university of oslo,,
437,Mørkved,Nina,NO,,mosjøen,,
438,Johnson,Egil,NO,,0316 oslo,,
439,Ilebekk,Arnfinn,NO,arnfinn.ilebekk@medisin.uio.no,oslo,,
440,Fersum,Kjartan,NO,,university of bergen,,
441,Mosti,Mats P,NO,,trondheim,,
442,Hellum,Marit,NO,m.s.hellum@medisin.uio.no,ullevål,,
443,Onstad,S,NO,,university of oslo,,
444,Thomsen,Cathrine,NO,,oslo,,
445,Aasvang,Gunn Marit,NO,,oslo,,
446,Haug,Line S,NO,,oslo,,
447,Gutzkow,Kristine B,NO,,oslo,,
448,Krog,Norun H,NO,,oslo,,
449,Meltzer,Helle M,NO,,oslo,,
450,Sakhi,Amrit K,NO,,oslo,,
451,Bergersen,Linda,NO,linda.bergersen@basalmed.uio.no,university of oslo,,
452,Halvorsen,Kjell H,NO,kjell.h.halvorsen@uit.no.,tromsø,,
453,Kjome,Reidun Lisbet Skeide,NO,reidun.kjome@isf.uib.no.,bergen,,
454,Björnsdottir,Ingunn,NO,ingunn.bjornsdottir@gmail.com.,oslo,,
455,Hølmebakk,T,NO,,oslo,,
456,Bjerkehagen,B,NO,,oslo,,
457,Hompland,I,NO,,oslo,,
458,Stoldt,S,NO,,oslo,,
459,Boye,K,NO,,oslo,,
460,Skjerpen,Camilla Skiple,NO,,oslo,,
461,Wolkers,Hans,NO,hans.wolkers@npolar.no,n- tromsø,,
462,Jacobsen,Geir,NO,geir.jacobsen@medisin.ntnu.no,trondheim,,
463,Pedersen,Willy,NO,willy.pedersen@sosgeo.uio.no.,oslo,,
464,Bakken,Anders,NO,,oslo,,
465,von Soest,Tilmann,NO,,oslo,,
466,Haugen,T B,NO,,oslo,,
467,Grotmol,T,NO,,oslo,,
468,Henriksen,O,NO,,sandvika,,
469,Agapito-Tenfen,Sarah,NO,,9294,,
470,Robinson,Pernille Stendal,NO,,0317 oslo,,
471,Balasundaram,Arun Prasad,NO,,0317 oslo,,
472,Vøllestad,Nina Køpke,NO,,0317 oslo,,
473,Robinson,Hilde Stendal,NO,,0317 oslo,,
474,Soma,J,NO,,university hospital of trondheim,,
475,Moe,Rikke Helene,NO,,diakonhjemmet hospital,,
476,Dagfinrud,Hanne,NO,,diakonhjemmet hospital,,
477,Gold,Christian,NO,,bergen,,
478,Gjelstad,Astrid,NO,,oslo,,
479,Westby Eger,S H,NO,,bergen,,
480,Møretrø,Trond,NO,,no- ås,,
481,Sperger,Christian,NO,,no- trondheim,,
482,Dahl,Alv A,NO,a.a.dahl@imbv.uio.no,oslo,,
483,Kruse,H,NO,,oslo,,
484,Johannessen,Hege Hølmo,NO,,fredrikstad,,
485,Wibe,Arne,NO,,trondheim,,
486,Stordahl,Arvid,NO,,østfold hospital trust,,
487,Sandvik,Leiv,NO,,oslo,,
488,Mørkved,Siv,NO,,trondheim,,
489,Svaland,M G,NO,,oslo,,
490,Arntzen,Erik,NO,erik.arntzen@equivalence.net,sandvika,,
491,Baftiu,Arton,NO,,oslo,,
492,Johannessen Landmark,Cecilie,NO,,oslo,,
493,Nikaj,Valent,NO,,oslo,,
494,Neslein,Inger-Lise,NO,,oslo,,
495,Johannessen,Svein I,NO,,oslo,,
496,Davidsen,T,NO,,no- oslo,,
497,Haraldseth,O,NO,olav.haraldseth@unimed.sintef.no,trondheim,,
498,Semb,A G,NO,,university of oslo,,
499,Skeie,G O,NO,geir.o.skeie@nevro.haukeland.no,bergen,,
500,Alsaker,Kjersti,NO,kjersti.alsaker@isf.uib.no.,bergen,,
501,Johansen,O E,NO,,asker,,
502,Hansen,Bjørn Henrik,NO,,trondheim,,
503,Ruland,C M,NO,,university of oslo,,
504,Langås-Larsen,Anette,NO,,tromsø,,
505,Salamonsen,Anita,NO,,tromsø,,
506,Kristoffersen,Agnete Egilsdatter,NO,,tromsø,,
507,Stub,Trine,NO,,tromsø,,
508,Schirmer,Henrik,NO,,tromsø,,
509,Tollefsen,Stig,NO,,oslo,,
510,Borsi,J D,NO,,university of trondheim,,
511,Liang,Robin Amanda,NO,,tromsø,,
512,Hindberg,Kristian,NO,,tromsø,,
513,Latysheva,Nadezhda,NO,,tromsø,,
514,Brekke,Ole-Lars,NO,,bodø,,
515,Mollnes,Tom Eirik,NO,,bodø,,
516,Hansen,John-Bjarne,NO,,tromsø,,
517,Åvitsland,Andreas,NO,,box 133 - n  sogndal,,
518,Solbraa,Ane Kristiansen,NO,,box 133 - n  sogndal,,
519,Riiser,Amund,NO,,box 133 - n  sogndal,,
520,Sveen,Kari Anne,NO,,oslo,,
521,Hammar,Asa,NO,aasa.hammar@psybp.uib.no,university of bergen,,
522,Bjørklund,Geir,NO,bjorklund@conem.org.,mo i rana,,
523,Aaseth,Jan,NO,,elverum,,
524,Severinsson,E I,NO,elisabeth.severinsson@kungsbacka.mail.telia.com,department of nursing education,,
525,Elvrum,Ann-Kristin G,NO,,trondheim,,
526,Vik,Torstein,NO,,trondheim,,
527,Paulsen,Berit Smestad,NO,,oslo,,
528,Carlsen,H,NO,,university of oslo,,
529,van Goudoever,Johannes B,NO,,oslo,,
530,Aakre,Kristin M,NO,kristin.moberg.aakre@helse-bergen.no,bergen,,
531,Olsen,O A,NO,,oslo 3,,
532,Eide,P K,NO,per.kristian.eide@rikshospitalet.no,oslo,,
533,Frost,Jørgen,NO,jorgen.frost@statped.no,bredtvet resource centre,,
534,Khullar,S M,NO,,university of oslo,,
535,Skogland,Steffen,NO,,bergen,,
536,Brox,J I,NO,jens.ivar.brox@rikshospitalet.no,oslo,,
537,Tyvand,Peder A,NO,,1432 as,,
538,Sulheim,Steinar,NO,,gjøvik,,
539,Ekeland,Arne,NO,,baerum,,
540,Holme,Ingar,NO,,oslo,,
541,Bahr,Roald,NO,,oslo,,
542,Bruserud,Øyvind,NO,,bergen,,
543,Oftedal,Bergithe E,NO,,bergen,,
544,Wolff,Anette B,NO,,bergen,,
545,Sahlmann,Christian,NO,,oslo,,
546,Gu,Jinni,NO,,oslo,,
547,Kortner,Trond M,NO,,oslo,,
548,Lein,Ingrid,NO,,sunndalsøra,,
549,Krogdahl,Åshild,NO,,oslo,,
550,Bakke,Anne Marie,NO,,oslo,,
551,Morigen,,NO,,oslo,,
552,Vatten,Lars J,NO,,trondheim,,
553,Woldseth,B,NO,,rikshospitalet,,
554,Fjösne,Hans E,NO,hans.fjosne@stolav.no,trondheim,,
555,van der Want,Johannes J L,NO,,trondheim,,
556,Svensen,Henrik H,NO,hensven@geo.uio.no.,oslo,,
557,Polozov,Alexander G,NO,,oslo,,
558,Jerram,Dougal A,NO,,oslo,,
559,Planke,Sverre,NO,,oslo,,
560,Taylor,Catherine,NO,catherine.taylor@nt.ntnu.no,trondheim n-,,
561,Ruyter,I E,NO,,haslum,,
562,Nordrum,I,NO,,university hospital of tromsø,,
563,Grape,Hedda Eik,NO,h.e.grape@medisin.uio.no.,oslo,,
564,Solbrække,Kari N,NO,,oslo,,
565,Kirkevold,Marit,NO,,oslo,,
566,Mengshoel,Anne Marit,NO,,oslo,,
567,Kvalheim,G,NO,,oslo,,
568,Gjerden,Pål,NO,gjerden@sthf.no,oslo,,
569,Holland,Petter,NO,,oslo,,
570,Gittel,Antje,NO,,bergen,,
571,Melnikov,A L,NO,,kirkenes hospital,,
572,Afzelius-Alm,Anita,NO,,oslo,,
573,Raddum,Gunnar G,NO,gunnar.raddum@zoo.uib.no,university of bergen,,
574,Oktedalen,Olav,NO,,oslo,,
575,Stray-Pedersen,Babill,NO,,oslo,,
576,Landsem,A,NO,,bodø,,
577,Fure,H,NO,,bodø,,
578,Christiansen,D,NO,,bodø,,
579,Nielsen,E W,NO,,tromsø,,
580,Østerud,B,NO,,tromsø,,
581,Mollnes,T E,NO,,bodø,,
582,Brekke,O L,NO,,bodø,,
583,Hartmann,E,NO,ellen.hartmann@psykologi.uio.no,university of oslo,,
584,Carlsson,Pernilla,NO,,longyearbyen,,
585,Jaakola,Laura,NO,,tromsø,,
586,Ihlen,H,NO,,oslo,,
587,Bindoff,Laurence A,NO,,bergen,,
588,Treacy,Laura,NO,ltreacy@hotmail.com.,0317,,
589,Sagbakken,Mette,NO,mette.sagbakken@hioa.no.,oslo,,
590,Ghiasvand,Reza,NO,,oslo,,
591,Paulsen,O,NO,,university of oslo,,
592,Ullebø,Anne Karin,NO,anne.ullebo@uni.no,bergen,,
593,Magelssen,Morten,NO,magelssen@gmail.com.,oslo,,
594,Solberg,Berge,NO,,trondheim,,
595,Supphellen,Magne,NO,,bergen,,
596,Haugen,Guttorm,NO,,oslo,,
597,Dalen,Knut Tomas,NO,dalenk@mail.nih.gov,n-0316 oslo,,
598,Frich,Jan C,NO,,oslo,,
599,Telford,Richard J,NO,richard.telford@bjerknes.uib.no,n- bergen,,
600,Volløyhaug,I,NO,,trondheim,,
601,Mørkved,S,NO,,trondheim,,
602,Salvesen,Ø,NO,,trondheim,,
603,Salvesen,K Å,NO,,trondheim,,
604,Sjaastad,O,NO,,trondheim university hospital,,
605,Sharashova,Ekaterina,NO,,tromsø,,
606,Wilsgaard,Tom,NO,,tromsø,,
607,Mathiesen,Ellisiv B,NO,,tromsø,,
608,Løchen,Maja-Lisa,NO,,tromsø,,
609,Njølstad,Inger,NO,,tromsø,,
610,Brenn,Tormod,NO,,tromsø,,
611,Hervig,T,NO,tor.hervig@blod.haukeland.no,university of bergen,,
612,Eskild,W,NO,,university of oslo,,
613,Ursin,Giske,NO,giske.ursin@kreftregisteret.no.,oslo,,
614,Uhlin-Hansen,L,NO,larsuh@fagmed.uit.no,tromso,,
615,Adli,Erik,NO,,oslo,,
616,Lindstrøm,Carl A,NO,,oslo,,
617,Pilipczuk,Michał,NO,,5020 bergen,,
618,Gordeladze,J O,NO,,oslo,,
619,Hvidsten,Torgeir R,NO,,ås,,
620,Pradhan,Manohar,NO,,oslo,,
621,Magnusson,K,NO,,oslo,,
622,Hagen,K B,NO,,oslo,,
623,Natvig,B,NO,,university of oslo,,
624,Ørstavik,R E,NO,ragnhild.orstavik@ioks.uio.no,oslo,,
625,Rosendahl-Riise,Hanne,NO,hanne.gjessing@uib.no.,bergen,,
626,Karlsson,Therese,NO,,bergen,,
627,Drevon,Christian A,NO,,oslo,,
628,Apalset,Ellen M,NO,,bergen,,
629,Nygård,Ottar K,NO,,bergen,,
630,Tell,Grethe S,NO,,bergen,,
631,Dierkes,Jutta,NO,,bergen,,
632,Skranes,Jon,NO,jon.skranes@ntnu.no,trondheim,,
633,Stenberg,Simon,NO,,1432 ås,,
634,Omholt,Stig,NO,,n- trondheim,,
635,Warringer,Jonas,NO,,1432 ås,,
636,Grundt,Hanne Hegre,NO,h.h.grundt@nhm.uio.no,oslo,,
637,Kornør,Hege,NO,,oslo,,
638,Bjørndal,Arild,NO,,oslo,,
639,Bjørnland,K,NO,,oslo,,
640,Földvári,Mihály,NO,,oslo,,
641,Aadland,Eivind,NO,,førde,,
642,Le Hellard,S,NO,stephanie.le.hellard@helse-bergen.no,bergen,,
643,Lillefjell,Monica,NO,,trondheim,,
644,Magnus,Eva,NO,,trondheim,,
645,Knudtsen,Margunn SkJei,NO,,steinkjer,,
646,Wist,Guri,NO,,steinkjer,,
647,Horghagen,Sissel,NO,,trondheim,,
648,Espnes,Geir Arild,NO,,trondheim,,
649,Maass,Ruca,NO,,trondheim,,
650,Anthun,Kirsti Sarheim,NO,,trondheim,,
651,Lunde,Pernille,NO,,oslo,,
652,Nilsson,Birgitta Blakstad,NO,,oslo,,
653,Bergland,Astrid,NO,,oslo,,
654,Kværner,Kari Jorunn,NO,,oslo,,
655,Bye,Asta,NO,,oslo,,
656,Nordvåg,B Y,NO,,university hospital of tromsø,,
657,Slot,Karsten Bruins,NO,karsten.bruins.slot@medisin.uio.no,oslo,,
658,Hoff,Mari,NO,mari.hoff@ntnu.no,trondheim,,
659,Hasvik,Eivind,NO,eivhas@so-hf.no.,oslo,,
660,Søyseth,Vidar,NO,vidar.soyseth@medisin.uio.no,lørenskog,,
661,Yoganathan,T,NO,,institute of medical biochemistry university of oslo,,
662,Oksum,Mads,NO,,lørenskog,,
663,Randsborg,Per-Henrik,NO,,lørenskog,,
664,Smebye,Marianne L,NO,,oslo,,
665,Wessman,F G,NO,fgw@kaldnes.com,tønsberg,,
666,Tveter,A T,NO,,oslo,,
667,Holm,I,NO,,oslo,,
668,Dagfinrud,H,NO,,oslo,,
669,Askheim,Clemet,NO,,oslo,,
670,Sandset,Tony,NO,,oslo,,
671,Engebretsen,Eivind,NO,,oslo,,
672,Bergström,S,NO,,university of oslo,,
673,Kristensen,Petter,NO,petter.kristensen@stami.no,oslo,,
674,Nieder,Carsten,NO,carsten.nieder@nlsh.no,bodø,,
675,Bjørnnes,Ann Kristin,NO,ann-kristin.bjornnes@hioa.no.,ullevål,,
676,Rustøen,Tone,NO,,university of oslo,,
677,Lie,Irene,NO,,ullevål,,
678,Leegaard,Marit,NO,,institute of nursing,,
679,Njølstad,Inger,NO,,oslo,,
680,Selmer,Randi Marie,NO,,oslo,,
681,Zahlsen,K,NO,,university of trondheim,,
682,Thaulow,E,NO,,rikshospitalet,,
683,Strandabø,Rønnaug A U,NO,,n-0316 oslo,,
684,Grønlien,Heidi K,NO,,n- halden,,
685,Ager-Wick,Eirill,NO,,n-0033 oslo,,
686,Nourizadeh-Lillabadi,Rasoul,NO,,n-0033 oslo,,
687,Hildahl,Jon P,NO,,n-0316 oslo,,
688,Weltzien,Finn-Arne,NO,,n-0033 oslo,,
689,Ahlsen,Birgitte,NO,,oslo,,
690,Sørby,M H,NO,magnuss@ife.no,no- kjeller,,
691,Årdal,Guro,NO,,bergen,,
692,Rollefstad,Silvia,NO,,oslo,,
693,Semb,Anne Grete,NO,,oslo,,
694,Krasnov,Aleksei,NO,aleksei.krasnov@nofima.no,ås,,
695,Iversen,O J,NO,,university of trondheim,,
696,Johansen,Edda,NO,edda.johansen@hbv.no.,drammen,,
697,Bakken,Linda N,NO,linda.bakken@hbv.no.,drammen,,
698,Raeder,J C,NO,,oslo,,
699,Svindland,A,NO,,oslo,,
700,Meyer,Käthe,NO,k.b.meyer@medisin.uio.no.,oslo,,
701,Wahl,Astrid Klopstad,NO,a.k.wahl@medisin.uio.no.,oslo,,
702,Bjørk,Ida Torunn,NO,i.t.bjork@medisin.uio.no.,oslo,,
703,Wisløff,Torbjørn,NO,twisloff@gmail.com.,oslo,,
704,Hartmann,Anders,NO,ahartman@ous-hf.no.,oslo,,
705,Andersen,Marit Helen,NO,manderse@ous-hf.no.,oslo,,
706,Bakkevold,K E,NO,,haugesund hospital,,
707,Røssberg,Jan I,NO,j.i.rxssberg@psykiatri.uio.no,oslo,,
708,Glavatskiy,K S,NO,,no  trondheim,,
709,Watne,Leiv Otto,NO,l.o.watne@gmail.com.,oslo,,
710,Idland,Ane-Victoria,NO,,oslo,,
711,Raeder,Johan,NO,,oslo,,
712,Frihagen,Frede,NO,,oslo,,
713,Ranhoff,Anette Hylen,NO,,oslo,,
714,Chaudhry,Farrukh Abbas,NO,,oslo,,
715,Engedal,Knut,NO,,oslo,,
716,Wyller,Torgeir Bruun,NO,,oslo,,
717,Hassel,Bjørnar,NO,bjornar.hassel@medisin.uio.no.,oslo,,
718,Garborg,Kjetil,NO,,oslo,,
719,Bretthauer,Michael,NO,,oslo,,
720,Brox,Jens Ivar,NO,jens.ivar.brox@rikshospitalet.no,oslo,,
721,Hodnesdal,Christian,NO,,oslo,,
722,Atar,Dan,NO,dan.atar@online.no.,oslo,,
723,Moodie,Lindon W K,NO,,tromsø,,
724,Svenson,Johan,NO,,tromsø,,
725,Melkevik,Ole,NO,ole.melkevik@psyph.uib.no.,n- bergen,,
726,Planagumà,Jesús,NO,,bergen,,
727,Grotmol,Sindre,NO,sindre.grotmol@zoo.uib.no,bergen,,
728,Lia,K,NO,,0424 oslo,,
729,Bruland,Ø S,NO,,0310 oslo,,
730,Randem,H L,NO,,0424 oslo,,
731,Aksnes,L H,NO,,0424 oslo,,
732,Poulsen,J P,NO,,0424 oslo,,
733,Taksdal,I,NO,,0424 oslo,,
734,Sundby Hall,K,NO,,0424 oslo,,
735,Tveit,Julie V H,NO,julievh@medisin.uio.no,oslo,,
736,Bakkeheim,Egil,NO,bake@uus.no,oslo,,
737,Hagen,E M,NO,ellen.merete.hagen@helse-bergen.no,bergen,,
738,Jenkins,A,NO,andrew.jenkins@teletab.no,skien,,
739,Berg,Marianne,NO,,oslo,,
740,Brun,Henrik,NO,henrik.brun@rikshospitalet.no,oslo,,
741,Vik,Torstein,NO,,trondheim,,
742,Jacobsen,Geir W,NO,,trondheim,,
743,Ellingsen,Anette Bauer,NO,,0033 oslo,,
744,Wiik-Nielsen,Christer,NO,,n- oslo,,
745,Winther-Larsen,Hanne C,NO,,0033 oslo,,
746,Colquhoun,Duncan J,NO,,5020 bergen,,
747,Sørum,Henning,NO,,0033 oslo,,
748,Boquest,Andrew C,NO,,oslo,,
749,Holter,Gro,NO,gro.holter@helse-bergen.no,haukeland university hospital,,
750,Skodje,F,NO,,university of bergen,,
751,Sand,T,NO,trond.sand@ntnu.no,trondheim,,
752,Kayumba,Akwilina V,NO,akwilina.kayumba@gmail.com,bergen,,
753,Braskerud,B C,NO,bent.braskerud@jordforsk.no,n- as,,
754,Kalaaji,Amin,NO,ami.kal@online.no,oslo,,
755,Eriksson,K M,NO,,trondheim university hospital,,
756,Hallan,S,NO,,levanger,,
757,Smith-Kielland,I,NO,,n-0316 oslo,,
758,Skar,A G,NO,,oslo,,
759,Gunnes,S,NO,,university of tromsø,,
760,Bratlie,Marit S,NO,,trondheim,,
761,Jørgensen,K N,NO,,oslo,,
762,Nerland,S,NO,,oslo,,
763,Norbom,L B,NO,,oslo,,
764,Doan,N T,NO,,university of oslo,,
765,Nesvåg,R,NO,,oslo,,
766,Mørch-Johnsen,L,NO,,oslo,,
767,Haukvik,U K,NO,,oslo,,
768,Melle,I,NO,,university of oslo,,
769,Andreassen,O A,NO,,university of oslo,,
770,Westlye,L T,NO,,university of oslo,,
771,Agartz,I,NO,,oslo,,
772,Schirmer,Bjørn Christian,NO,bjorn.schirmer@nofima.no,n- as,,
773,Knudtzon,J,NO,,university of bergen,,
774,Eidsvaag,Vigdis Andersen,NO,,university of oslo,,
775,Nagelhus,Erlend A,NO,,university of oslo,,
776,Rudi,Knut,NO,knut.rudi@umb.no,ås,,
777,Carling,Ulrik,NO,johcar@ous-hf.no.,oslo,,
778,Barkhatov,Leonid,NO,,oslo,,
779,Reims,Henrik M,NO,,oslo,,
780,Storås,Tryggve,NO,,oslo,,
781,Courivaud,Frederic,NO,,oslo,,
782,Kazaryan,Airazat M,NO,,oslo,,
783,Halvorsen,Per Steinar,NO,,oslo,,
784,Dorenberg,Eric,NO,,oslo,,
785,Edwin,Bjørn,NO,,oslo,,
786,Hol,Per Kristian,NO,,oslo,,
787,Mkonyi,Lilian Ephrem,NO,,bergen,,
788,Hoff,G,NO,,skien,,
789,Zachrisson,Henrik D,NO,henrikdz@ulrik.uio.no,oslo,,
790,Fernandes,L M,NO,,university of oslo,,
791,Evangeliou,Nikolaos,NO,,kjeller,,
792,Eckhardt,Sabine,NO,,kjeller,,
793,Stohl,Andreas,NO,,kjeller,,
794,Rekand,T,NO,trek@helse-bergen.no,bergen,,
795,Johansen,S,NO,,university of tromsø,,
796,Buanes,T,NO,,bergen,,
797,Bugge,L,NO,,oslo,,
798,Bugge,M K,NO,,oslo,,
799,Cameron,D,NO,,oslo,,
800,Catmore,J R,NO,,oslo,,
801,Dale,O,NO,,bergen,,
802,Eigen,G,NO,,bergen,,
803,Franconi,L,NO,,oslo,,
804,Garonne,V,NO,,oslo,,
805,Gjelsten,B K,NO,,oslo,,
806,Gramstad,E,NO,,oslo,,
807,Kastanas,A,NO,,bergen,,
808,Liebig,W,NO,,bergen,,
809,Lipniacka,A,NO,,bergen,,
810,Maeland,S,NO,,bergen,,
811,Martin Dit Latour,B,NO,,bergen,,
812,Morisbak,V,NO,,oslo,,
813,Nilsen,J K,NO,,oslo,,
814,Ould-Saada,F,NO,,oslo,,
815,Pajchel,K,NO,,oslo,,
816,Pedersen,M,NO,,oslo,,
817,Raddum,S,NO,,oslo,,
818,Read,A L,NO,,oslo,,
819,Røhne,O,NO,,oslo,,
820,Rosendahl,P L,NO,,bergen,,
821,Sandaker,H,NO,,oslo,,
822,Sjursen,T B,NO,,bergen,,
823,Smestad,L,NO,,bergen,,
824,Stapnes,S,NO,,oslo,,
825,Strandlie,A,NO,,oslo,,
826,Stugu,B,NO,,bergen,,
827,Ugland,M,NO,,bergen,,
828,Zalieckas,J,NO,,bergen,,
829,Ottersen,Trygve,NO,,university of bergen,,
830,Norheim,Ole F,NO,,university of bergen,,
831,Bredholt,G,NO,,tromsø,,
832,Colgin,Laura L,NO,,trondheim,,
833,Heuser,K,NO,kjell.heuser@rikshospitalet.no,oslo,,
834,Tollefsen,K-E,NO,knut.erik.tollefsen@niva.no,n- oslo,,
835,Olsen,Helle,NO,,n- aas,,
836,Tveten,Kristian,NO,,n- oslo,,
837,Haneberg,B,NO,haneberg@online.no,oslo,,
838,Nieder,Carsten,NO,carsten.nieder@nlsh.no,bodø,,
839,Borota,O C,NO,olivera.borota@rikshospitalet.no,oslo,,
840,Yunakov,Nikolai N,NO,,p.o. box  blindern no-0318 oslo,,
841,Burkhart,John F,NO,,oslo,,
842,Karlsson,Magdalena Kauczynska,NO,magdalena.karlsson@diagenic.com,oslo,,
843,Scheie,E,NO,eldri.scheie@vetinst.no,pob  dep. 0033 oslo,,
844,Kalaaji,Amin,NO,,private practice in oslo,,
845,Dryer,Stine,NO,,oslo,,
846,Maric,Ivana,NO,,arendahl hospital and in private practice oslo,,
847,Schnegg,Jakob,NO,,oslo,,
848,Jönsson,Vanja,NO,,oslo,,
849,Kristiansen,A,NO,,trondheim,,
850,Stavelin,Anne,NO,,bergen,,
851,Hegstad,S,NO,solfrid.hegstad@fhi.no,no-0403 oslo,,
852,Haugen,M A,NO,,university of oslo,,
853,Carlsen,K C Lodrup,NO,,oslo,,
854,Brandtzaeg,P,NO,,national hospital,,
855,Kvale,Espen O,NO,e.o.kvale@medisin.uio.no,n- oslo,,
856,Stenberg,Una,NO,,oslo,,
857,Titlestad,Irit,NO,,n-5020 bergen,,
858,Haugstvedt,Anne,NO,,n-5020 bergen,,
859,Igland,Jannicke,NO,,n-5020 bergen,,
860,Graue,Marit,NO,,n-5020 bergen,,
861,Sagona,Antonia P,NO,,oslo,,
862,Høglend,P,NO,,university of oslo,,
863,Johnsrud,Kjersti,NO,,oslo,,
864,Myren,Sverre,NO,sverre@myren.nu,norwegian university of science and technology,,
865,Buanes,T,NO,,bergen,,
866,Bugge,L,NO,,oslo,,
867,Bugge,M K,NO,,oslo,,
868,Cameron,D,NO,,oslo,,
869,Catmore,J R,NO,,oslo,,
870,Dale,O,NO,,bergen,,
871,Eigen,G,NO,,bergen,,
872,Franconi,L,NO,,oslo,,
873,Garonne,V,NO,,oslo,,
874,Gjelsten,B K,NO,,oslo,,
875,Gramstad,E,NO,,oslo,,
876,Kastanas,A,NO,,bergen,,
877,Liebig,W,NO,,bergen,,
878,Lipniacka,A,NO,,bergen,,
879,Maeland,S,NO,,bergen,,
880,Martin Dit Latour,B,NO,,bergen,,
881,Morisbak,V,NO,,oslo,,
882,Nilsen,J K,NO,,oslo,,
883,Ould-Saada,F,NO,,oslo,,
884,Pajchel,K,NO,,oslo,,
885,Pedersen,M,NO,,oslo,,
886,Raddum,S,NO,,oslo,,
887,Read,A L,NO,,oslo,,
888,Røhne,O,NO,,oslo,,
889,Rosendahl,P L,NO,,bergen,,
890,Sandaker,H,NO,,bergen,,
891,Sjursen,T B,NO,,bergen,,
892,Smestad,L,NO,,bergen,,
893,Stapnes,S,NO,,oslo,,
894,Strandlie,A,NO,,oslo,,
895,Stugu,B,NO,,bergen,,
896,Ugland,M,NO,,bergen,,
897,Zalieckas,J,NO,,bergen,,
898,Fossheim,R,NO,,blindern,,
899,Myrhaug,Hilde Tinderholt,NO,,oslo,,
900,Mbalilaki,Julia Aneth,NO,,oslo,,
901,Lie,Nataskja-Elena Kersting,NO,,oslo,,
902,Hansen,Tone,NO,,oslo,,
903,Nordvik,Jan Egil,NO,,oslo,,
904,Daryapeyma,A,NO,alireza.daryapeyma@helse-bergen.no,bergen,,
905,Ravndal,E,NO,,university of oslo,,
906,Sebergsen,K,NO,,tromsø,,
907,Solberg,Helge Erik,NO,helge.erik.solberg@rikshospitalet.no,oslo,,
908,Espeland,L V,NO,,university of oslo,,
909,Høj,Lone,NO,lhoj@aims.gov.au,n- bergen,,
910,Mathiesen,Geir,NO,,n-1432 ås,,
911,Eijsink,Vincent G H,NO,,n-1432 ås,,
912,Kjeldsen,Sverre E,NO,,oslo,,
913,Ramos,Alice A,NO,,oslo,,
914,Sande,Ragnar Kvie,NO,ragnar.sande@gmail.com,bergen,,
915,Størseth,Trond R,NO,trond.r.storseth@sintef.no,n- trondheim,,
916,Skauby,Ragnhild Heier,NO,,oslo,,
917,Aarli,A,NO,,university of bergen,,
918,Olasveengen,T M,NO,t.m.olasveengen@medisin.uio.no,oslo,,
919,Postoev,Vitaly A,NO,,tromsø,,
920,Grjibovski,Andrej M,NO,,oslo,,
921,Kovalenko,Anton A,NO,,tromsø,,
922,Anda,Erik Eik,NO,,tromsø,,
923,Odland,Jon Øyvind,NO,,tromsø,,
924,Vikanes,Ase,NO,ase.vigdis.vikanes@fhi.no,0403 oslo,,
925,Escudero,Carlos,NO,,no- oslo,,
926,Sediqi,Nadia,NO,,0316 oslo,,
927,Smistad,Gro,NO,,0316 oslo,,
928,Hiorth,Marianne,NO,,0316 oslo,,
929,Murad,Mudhafar K,NO,,tromso,,
930,Chinga-Carrasco,G,NO,gary.chinga.carrasco@pfi.no,trondheim,,
931,Svendsen,M,NO,,no-1432 ås,,
932,Heringstad,B,NO,,no-1432 ås,,
933,Martinsen,Marianne,NO,,oslo,,
934,Arnesen,K E,NO,,university of oslo,,
935,Persson,Clas,NO,,oslo,,
936,Nilsen,I W,NO,ingewn@fiskforsk.norut.no,tromsø,,
937,Andersen,Lene Frost,NO,,oslo,,
938,Bredal,W,NO,,oslo,,
939,Hummelen,Benjamin,NO,benjamin.hummelen@medisin.uio.no,oslo,,
940,Froholdt,Anne,NO,,vestre viken trust,,
941,Glover,J C,NO,joel@pons.uio.no,institute of basic medical sciences,,
942,Roen,Katrina,NO,,university of oslo,,
943,Gjertsen,Bjorn Tore,NO,,bergen,,
944,Hinderaker,S G,NO,,bergen,,
945,Gullestad,Lars,NO,,oslo,,
946,Askevold,Erik Tandberg,NO,,oslo,,
947,Nymo,Ståle,NO,,oslo,,
948,Dahl,Christen P,NO,,oslo,,
949,Aakhus,Sven,NO,,oslo,,
950,Aukrust,Pål,NO,,oslo,,
951,Ueland,Thor,NO,,tromsø,,
952,Kleggetveit,Inge Petter,NO,,oslo,,
953,Lyamouri,May,NO,,n-0315 oslo,,
954,Kvinnsland,S,NO,,university hospital of trondheim,,
955,Bentsen,Signe Berit,NO,,helse fonna,,
956,Budin-Ljøsne,Isabelle,NO,,oslo,,
957,Greve,G,NO,,university of bergen,,
958,Stensland,Maria,NO,,oslo,,
959,de Souza,Gustavo A,NO,,oslo,,
960,Strøm,Erik H,NO,,oslo,,
961,Heimdal,Ketil R,NO,,oslo,,
962,Selvig,Kristian,NO,,drammen,,
963,Lægreid,Inger K,NO,,trondheim,,
964,Wien,Tale N,NO,,oslo,,
965,García-Moyano,Antonio,NO,,bergen,,
966,Bjerga,Gro E K,NO,,bergen,,
967,Stokke,Runar,NO,,bergen,,
968,Steen,Ida H,NO,,bergen,,
969,Gudde,Camilla Buch,NO,,trondheim,,
970,Olsø,Turid Møller,NO,,trondheim,,
971,Vatne,Solfrid,NO,,trondheim,,
972,Lervåg,Arne,NO,,oslo,,
973,Lønning,P E,NO,,university of bergen,,
974,Sommer,Oskar H,NO,oskarsommer@gmail.com,reinsvoll,,
975,Levorstad,K,NO,,university of oslo,,
976,Seynnes,Olivier,NO,,oslo,,
977,Mathisen,Gro Ellen,NO,,university of stavanger,,
978,Bakke,P S,NO,per.bakke@helse-bergen.no,n- bergen,,
979,Andreassen,O A,NO,ole.andreassen@ulleval.no,bergen,,
980,Tellnes,G,NO,,university of oslo,,
981,Johansen,Truls E Bjerklund,NO,,oslo,,
982,Kaltenbacher,Thomas,NO,,bergen,,
983,Larsen,Terje H,NO,,bergen,,
984,Hoffmann,Pavel,NO,,oslo,,
985,Atar,Dan,NO,,oslo,,
986,Leistad,Rune B,NO,rune.leistad@ntnu.no,trondheim,,
987,Faraone,S V,NO,,bergen,,
988,Witczak,Birgit N,NO,,oslo,,
989,Flatø,Berit,NO,,oslo,,
990,Sjaastad,Ivar,NO,,oslo,,
991,Sanner,Helga,NO,,oslo,,
992,Jensen,Chris,NO,,trondheim,,
993,Natvik,Eli,NO,,førde,,
994,Råheim,Målfrid,NO,,bergen,,
995,Andersen,John Roger,NO,,førde,,
996,Moltu,Christian,NO,,førde,,
997,Groeneveld,Linn F,NO,,nordgen -the nordic genetic resource center ås,,
998,Hofmann,Bjørn,NO,b.m.hofmann@medisin.uio.no,oslo,,
999,Tingbø,Monica G,NO,monica.gausdal.tingbo@matforsk.no,as,,
1000,Waterloo,K,NO,,oslo,,
1001,Molewijk,Bert,NO,bert.molewijk@medisin.uio.no.,oslo,,
1002,Husum,Tonje,NO,,oslo,,
1003,Pedersen,Reidar,NO,,oslo,,
1004,Aasland,Olaf,NO,,oslo,,
1005,Vethe,Heidrun,NO,,bergen,,
1006,Bjørlykke,Yngvild,NO,,bergen,,
1007,Ghila,Luiza M,NO,,bergen,,
1008,Scholz,Hanne,NO,,oslo,,
1009,Chera,Simona,NO,,bergen,,
1010,Ræder,Helge,NO,helge.rader@uib.no.,bergen,,
1011,Ørbo,Anne,NO,anne.orbo@fagmed.uit.no,n- tromsø,,
1012,Ngai,Jacob,NO,jacob.ngai@biotek.uio.no,oslo,,
1013,Haugsdal,B,NO,bjarte.haugsdal@nrpa.no,osterås,,
1014,Bandyopadhyay,Sulalit,NO,sulalit.bandyopadhyay@ntnu.no.,trondheim,,
1015,McDonagh,Birgitte H,NO,,trondheim,,
1016,Singh,Gurvinder,NO,,trondheim,,
1017,Raghunathan,Karthik,NO,,trondheim,,
1018,Sandvig,Axel,NO,,trondheim,,
1019,Sandvig,Ioanna,NO,,trondheim,,
1020,Andreassen,Jens-Petter,NO,,trondheim,,
1021,Glomm,Wilhelm R,NO,,trondheim,,
1022,Mellem,H,NO,,oslo,,
1023,Fossberg,E,NO,,oslo,,
1024,Müller,Mette H B,NO,,oslo,,
1025,Grønnestad,Randi,NO,,trondheim,,
1026,Klungsøyr,Ole,NO,,oslo,,
1027,Polder,Anuschka,NO,,oslo,,
1028,Skjerve,Eystein,NO,,oslo,,
1029,Aaseth,Jan,NO,,elverum,,
1030,Lyche,Jan L,NO,,oslo,,
1031,de Weerd,Louis,NO,louis.deweerd@unn.no,norway cardiovascular research group department of medical biology faculty of health sciences university of tromsø n9037 tromsø,,
1032,Skytte Rasmussen,Mads,NO,,tromsø,,
1033,Kumar Shrestha,Birendra,NO,,tromsø,,
1034,Bowitz Larsen,Kenneth,NO,,tromsø,,
1035,Abudu Princely,Yakubu,NO,,tromsø,,
1036,Sjøttem,Eva,NO,,tromsø,,
1037,Lamark,Trond,NO,,tromsø,,
1038,Johansen,Terje,NO,,tromsø,,
1039,Tjensvoll,Kjersti,NO,ktje@sus.no,stavanger university hospital,,
1040,Haghdani,Shokouh,NO,,n- trondheim,,
1041,Hoff,Bård Helge,NO,,n- trondheim,,
1042,Koch,Henrik,NO,,n- trondheim,,
1043,Åstrand,Per-Olof,NO,,n- trondheim,,
1044,Mork,Erlend,NO,erlend.mork@medisin.uio.no.,oslo,,
1045,Gullberg,Donald,NO,,n- bergen,,
1046,Aasebø,Willy,NO,waaseboe@online.no,no- lørenskog,,
1047,Aakesson,I,NO,,department vii,,
1048,Alvsaker,J O,NO,,department vii,,
1049,Krogh,Anne-Berit,NO,anne-berit.krogh@ntnu.no.,trondheim,,
1050,Larsson,Bo,NO,bo.larsson@ntnu.no.,trondheim,,
1051,Salvesen,Øyvind,NO,oyvind.salvesen@ntnu.no.,trondheim,,
1052,Linde,Mattias,NO,mattias.linde@ntnu.no.,trondheim,,
1053,Hjermstad,Marianne J,NO,marianne.j.hjermstad@ntnu.no.,oslo,,
1054,Rasmussen,I B,NO,,n-0316 oslo,,
1055,Eriksen,E F,NO,,oslo,,
1056,Kaasa,Stein,NO,stein.kaasa@ntnu.no,trondheim,,
1057,Kynø,Nina M,NO,ninkyn@ous-hf.no,oslo,,
1058,Micci,Francesca,NO,francesca.micci@labmed.uio.no,oslo,,
1059,Røskaft,E,NO,,trondheim,,
1060,Lillefjell,Monica,NO,,trondheim,,
1061,Bakke,Rune,NO,,porsgrunn,,
1062,Htet,Aung Soe,NO,aungsh@gmail.com.,oslo,,
1063,Bjertness,Marius B,NO,,oslo,,
1064,Kjøllesdal,Marte Karoline,NO,,oslo,,
1065,Sherpa,Lhamo Y,NO,,oslo,,
1066,Stigum,Hein,NO,,oslo,,
1067,Meyer,Haakon E,NO,,oslo,,
1068,Bjertness,Espen,NO,,oslo,,
1069,Clausen,Ingelin,NO,ingelin.clausen@sintef.no.,no- oslo,,
1070,W Tvedt,Lars Geir,NO,lars.g.w.tvedt@sintef.no.,no- oslo,,
1071,Glott,Thomas,NO,thomas.glott@sunnaas.no.,no- nesoddtangen,,
1072,Lowther,Andrew D,NO,,tromsø,,
1073,Kovacs,Kit M,NO,,tromsø,,
1074,Løvik,G,NO,,university of oslo,,
1075,Hermansen,Johanne U,NO,,oslo,,
1076,Tjønnfjord,Geir E,NO,,oslo,,
1077,Munthe,Ludvig A,NO,,oslo,,
1078,Taskén,Kjetil,NO,,oslo,,
1079,Skånland,Sigrid S,NO,sigrid.skanland@medisin.uio.no.,oslo,,
1080,Engh,John A,NO,john.engh@medisin.uio.no,oslo,,
1081,Andersen,P,NO,andersen@basalmed.uio.no,university of oslo,,
1082,Munkeby,Berit H,NO,b.h.munkeby@medisin.uio.no,university of oslo,,
1083,Waaler,S M,NO,,university of oslo,,
1084,Espada,Sandra,NO,,0316 oslo,,
1085,Holm,Sverre,NO,,0424 oslo,,
1086,Sagen,Ellen Lund,NO,,0316 oslo,,
1087,Bjerkeli,Vigdis,NO,,0316 oslo,,
1088,Skjelland,Mona,NO,,0424 oslo,,
1089,Dahl,Tuva B,NO,,0424 oslo,,
1090,Espevik,Terje,NO,,trondheim,,
1091,Kanse,Sandip,NO,,0316 oslo,,
1092,Sandset,Per Morten,NO,,0316 oslo,,
1093,Skretting,Grethe,NO,,0424 oslo,,
1094,Halvorsen,Bente,NO,,0316 oslo,,
1095,Skånland,Sigrid S,NO,,oslo,,
1096,Fukami,M H,NO,,university of bergen,,
1097,Mollnes,T E,NO,,oslo,,
1098,Olsen,Ingar,NO,,oslo,,
1099,Rørvik,J,NO,,university of bergen,,
1100,Thornquist,E,NO,,university of oslo,,
1101,Lygre,Henning,NO,henning.lygre@odont.uib.no,university of bergen,,
1102,Leitges,Michael,NO,,oslo,,
1103,Söderlund,Göran B W,NO,,sogndal,,
1104,Onarheim,Kristine Husøy,NO,kristine.onarheim@isf.uib.no,bergen,,
1105,Julshamn,K,NO,kare.julshamn@nutr.fiskerdir.no,bergen,,
1106,Gammon,D,NO,deede.gammon@telemed.no,tromsø,,
1107,Jensen,Jørgen,NO,,oslo,,
1108,Hay,Gry,NO,gry.hay@medisin.uio,oslo,,
1109,Norheim,Gunnstein,NO,,oslo,,
1110,Namouchi,Amine,NO,,oslo,,
1111,Zegeye,Ephrem D,NO,,oslo,,
1112,Kinander,Wibeke,NO,,oslo,,
1113,Tønjum,Tone,NO,,oslo,,
1114,Mannsåker,Turid,NO,,oslo,,
1115,Bjune,Gunnar,NO,,oslo,,
1116,Holm-Hansen,Carol,NO,,oslo,,
1117,Munthe-Kaas,M C,NO,,oslo,,
1118,Nossent,H,NO,revhan@rito.no,university hospital tromso,,
1119,Askautrud,Hanne A,NO,hanneas@medisin.uio.no,oslo,,
1120,Espehaug,B,NO,,university of bergen,,
1121,Görbitz,Carl Henrik,NO,,n-0315 oslo,,
1122,Qi,Lianglin,NO,,n-0315 oslo,,
1123,Mai,Ngan Thi Kim,NO,,n-0315 oslo,,
1124,Kristiansen,Håvard,NO,,n-0315 oslo,,
1125,Landmark,Tormod,NO,,trondheim,,
1126,Romundstad,Pål,NO,,trondheim,,
1127,Dale,Ola,NO,,trondheim,,
1128,Borchgrevink,Petter C,NO,,trondheim,,
1129,Vatten,Lars,NO,,trondheim,,
1130,Kaasa,Stein,NO,,trondheim,,
1131,Jensen,Jørghild Karlotte,NO,,oslo,,
1132,Skår,Randi,NO,,bergen,,
1133,Tveit,Bodil,NO,,oslo,,
1134,Miljeteig,I,NO,ingrid.miljeteig@isf.uib.no,bergen,,
1135,Grung,M,NO,,oslo,,
1136,Sørum,Kim André,NO,,department of psychology,,
1137,Stenseth,R,NO,,regional/university hospital of trondheim,,
1138,Gallefoss,F,NO,,kristiansand,,
1139,Berg,Arne,NO,arne.berg@oslo-universitetssykehus.no,oslo,,
1140,Robberstad,L,NO,,university of oslo,,
1141,Skogen,Jens C,NO,,bergen,,
1142,Øverland,Simon,NO,,bergen,,
1143,Sivertsen,Børge,NO,,bergen,,
1144,Alraek,Terje,NO,,tromso,,
1145,Birch,Stephen,NO,,oslo,,
1146,Apold,J,NO,,bergen,,
1147,Mekonnen,Addisu,NO,addisumekonnen@gmail.com.,oslo,,
1148,Rueness,Eli K,NO,,oslo,,
1149,Stenseth,Nils Chr,NO,,oslo,,
1150,Fashing,Peter J,NO,,oslo,,
1151,Hernandez-Aguilar,R Adriana,NO,,oslo,,
1152,Wedege,Elisabeth,NO,elisabeth.wedege@fhi.no,no-0403 oslo,,
1153,Stoltenberg,Jens,NO,,no- oslo,,
1154,Reseland,J E,NO,j.e.reseland@basalmed.uio.no,n-0316 oslo,,
1155,Hasvold,T,NO,,university of tromsø,,
1156,El-Salhy,Magdy,NO,magdy.el-salhy@helse-fonna.no,5409 stord,,
1157,Davidsen,Einar Skulstad,NO,einar.davidsen@helse-bergen.no,haukeland university hospital,,
1158,Van Ghelue ,M,NO,,tromsø,,
1159,Holt,J,NO,,bodø,,
1160,Wood,Thomas,NO,,oslo,,
1161,Falck,Mari,NO,,oslo,,
1162,Løberg,Else Marit,NO,,oslo,,
1163,Thoresen,Marianne,NO,,oslo,,
1164,Brøndbo,Håkan,NO,,tromsø,,
1165,Haga,Monika,NO,,trondheim,,
1166,Loras,Håvard,NO,,trondheim,,
1167,Haapasalo,H K,NO,haapasal@odont.uio.no,university of oslo,,
1168,Myrseth,E,NO,erling.myrseth@helse-bergen.no,bergen,,
1169,Iosjpe,M,NO,,østerås,,
1170,Malmberg,Karl-Johan,NO,,0310 oslo,,
1171,van den Tillaar,Roland,NO,,levanger,,
1172,Bergan,S,NO,,university of oslo,,
1173,Johnson,Kenneth A,NO,,tromsø,,
1174,Ve,Thomas,NO,,bergen,,
1175,Larsen,Oivind,NO,,bergen,,
1176,Pedersen,Rolf B,NO,,bergen,,
1177,Lillehaug,Johan R,NO,,bergen,,
1178,Jensen,Harald B,NO,,bergen,,
1179,Helland,Ronny,NO,,tromsø,,
1180,Karlsen,Odd A,NO,,bergen,,
1181,Dalhus,Bjørn,NO,,oslo,,
1182,Nilsen,Line,NO,,oslo,,
1183,Korvald,Hanne,NO,,oslo,,
1184,Forstrøm,Rune Johansen,NO,,oslo,,
1185,Nielsen,Kaare M,NO,knielsen@farmasi.uit.no,n tromsø,,
1186,Kirkevold,Oyvind,NO,oyvind.kirkevold@aldringoghelse.no,tønsberg,,
1187,Kirkbakk-Fjær,Kari,NO,,gjøvik,,
1188,Hedelin,Birgitta,NO,,gjøvik,,
1189,Moen,Øyfrid Larsen,NO,,gjøvik,,
1190,Rees,David J,NO,david.rees@zoo.uib.no,bergen,,
1191,Rye,P D,NO,,oslo,,
1192,Ruzzin,Jérôme,NO,jerome.ruzzin@bio.uib.no,bergen,,
1193,Guttormsen,H K,NO,,haukeland hospital,,
1194,Brekke,L K,NO,lene.kristin.brekke@hsr.as.,haugesund,,
1195,Diamantopoulos,A P,NO,,bærum,,
1196,Fevang,B-T,NO,,bergen,,
1197,Aβmus,J,NO,,bergen,,
1198,Esperø,E,NO,,haugesund,,
1199,Gjesdal,C G,NO,,bergen,,
1200,Ervik,Bente,NO,bente.ervik@uit.no,n- tromsø,,
1201,Herrera,Ivonne A,NO,ivonne.a.herrera@sintef.no,no- trondheim,,
1202,Kåsin,Jan Ivar,NO,jik@flymed.no,oslo,,
1203,Evju,Marianne,NO,marianne.evju@nina.no,0318 oslo,,
1204,Dahle,Jostein,NO,jostein.dahle@labmed.uio.no,oslo,,
1205,Hauff,E,NO,,dikemark hospital,,
1206,Andersen,K J,NO,,bergen,,
1207,Stüken,Anke,NO,,oslo,,
1208,Skjeldal,S,NO,,sophies minde orthopaedic hospital,,
1209,Ruden,Torgeir A,NO,,n-0315 oslo,,
1210,Engeland,A,NO,,oslo,,
1211,Valberg,A,NO,,university of oslo,,
1212,Mustafa,T,NO,,university of bergen,,
1213,Iversen,T,NO,,university of oslo,,
1214,Johnsen,Anne Berit,NO,,trondheim,,
1215,Vaskinn,Anja,NO,anja.vaskinn@medisin.uio.no,university of oslo,,
1216,Nilsen,O G,NO,,university of trondheim,,
1217,Eker,P,NO,,oslo,,
1218,Landmark,T,NO,,trondheim,,
1219,Dale,O,NO,,trondheim,,
1220,Romundstad,P,NO,,trondheim,,
1221,Woodhouse,A,NO,,university hospital of trondheim,,
1222,Kaasa,S,NO,,oslo university hospital,,
1223,Borchgrevink,P C,NO,,university hospital of trondheim,,
1224,Berg,B H,NO,,university of bergen,,
1225,Saevik,Bente K,NO,bente.k.saevik@veths.no,n-0033 oslo,,
1226,Rygnestad,T,NO,,university of trondheim,,
1227,Kirsebom,Bjørn-Eivind,NO,,tromsø,,
1228,Nordengen,Kaja,NO,,lørenskog,,
1229,Selnes,Per,NO,,lørenskog,,
1230,Waterloo,Knut,NO,,tromsø,,
1231,Torsetnes,Silje Bøen,NO,,lørenskog,,
1232,Gísladóttir,Berglind,NO,,lørenskog,,
1233,Bråthen,Geir,NO,,trondheim,,
1234,Hessen,Erik,NO,,lørenskog,,
1235,Aarsland,Dag,NO,,stavanger,,
1236,Fladby,Tormod,NO,,lørenskog,,
1237,Rostami,Sina,NO,,n- bergen,,
1238,Masatu,M C,NO,,university of bergen,,
1239,Helland,Wenche Andersen,NO,whelland@haugnett.no,stord,,
1240,Jansen,P A,NO,,university of oslo,,
1241,Vik,Anders,NO,,university of oslo,,
1242,Folseraas,Trine,NO,,oslo,,
1243,Gautestad,Arild O,NO,a.o.gautestad@bio.uio.no,no-0316 oslo,,
1244,Vanky,Eszter,NO,eszter.vanky@ntnu.no,trondheim,,
1245,Tartu,Sabrina,NO,tartu.sabrina@gmail.com.,tromsø,,
1246,Lille-Langøy,Roger,NO,,bergen,,
1247,Størseth,Trond R,NO,,trondheim,,
1248,Bourgeon,Sophie,NO,,tromsø,,
1249,Brunsvik,Anders,NO,,trondheim,,
1250,Aars,Jon,NO,,tromsø,,
1251,Goksøyr,Anders,NO,,bergen,,
1252,Jenssen,Bjørn Munro,NO,,trondheim,,
1253,Polder,Anuschka,NO,,oslo,,
1254,Torget,Vidar,NO,,trondheim,,
1255,Routti,Heli,NO,,tromsø,,
1256,Røksund,Ola D,NO,,bergen university college bergen,,
1257,Kristoffersen,Morten,NO,,bergen university college bergen,,
1258,Bogen,Bård E,NO,,bergen university college bergen,,
1259,Wisnes,Alexander,NO,,the norwegian olympic sports center (olympiatoppen-vest) bergen,,
1260,Engeseth,Merete S,NO,,bergen university college bergen,,
1261,Nilsen,Ann-Kristin,NO,,bergen university college bergen,,
1262,Iversen,Vegard V,NO,,bergen university college bergen,,
1263,Mæland,Silje,NO,,norway; uni research healthbergen,,
1264,Gundersen,Hilde,NO,,bergen university college bergen,,
1265,Havelin,Leif I,NO,,bergen,,
1266,Furnes,Ove,NO,,bergen,,
1267,Nordsletten,Lars,NO,,oslo,,
1268,Linke,Dirk,NO,,oslo,,
1269,Valberg,Morten,NO,morten.valberg@medisin.uio.no,oslo,,
1270,Rønold,H J,NO,hansr@odont.uio.no,n-0317 oslo,,
1271,Specht,Karsten,NO,karsten.specht@psybp.uib.no,university of bergen,,
1272,Bugge,Erlend,NO,,harstad,,
1273,Aasum,Ellen,NO,ellenaa@fagmed.uit.no,tromsø,,
1274,El-Salhy,Magdy,NO,magdy.el-salhy@helse-fonna.no,stord,,
1275,Mårild,Karl,NO,karlmarild@gmail.com.,oslo,,
1276,Reikerås,Olav,NO,olav.reikeras@rikshospitalet.no,oslo,,
1277,Mellgren,Svein Ivar,NO,,tromsø,,
1278,Mygland,Åse,NO,,kristiansand,,
1279,Tallaksen,Chantal,NO,,oslo,,
1280,Line,P D,NO,,oslo,,
1281,Storm-Larsen,Christopher,NO,,oslo,,
1282,Stiksrud,Birgitte,NO,,oslo,,
1283,Holm,Kristian,NO,,oslo,,
1284,Dyrhol-Riise,Anne Ma,NO,,oslo,,
1285,Hov,Johannes R,NO,,oslo,,
1286,Trøseid,Marius,NO,,oslo,,
1287,Ekelund,Ulf,NO,,oslo,,
1288,Backlund,E O,NO,,haukeland hospital,,
1289,Dahl,Tove I,NO,tdahl@psyk.uit.no,university of tromsø,,
1290,Kløven,Barbro,NO,,trondheim,,
1291,Pettersen,Viggo,NO,viggo.pettersen@kf.his.no,stavanger,,
1292,Bøe,Ole Wilhelm,NO,,lillehammer,,
1293,Sveen,Kjell,NO,,lillehammer,,
1294,Børset,Magne,NO,,trondheim,,
1295,Karlstad,Øystein,NO,,oslo,,
1296,Furu,Kari,NO,,oslo,,
1297,Stoltenberg,Camilla,NO,,oslo,,
1298,Håberg,Siri E,NO,,oslo,,
1299,Bakken,Inger Johanne,NO,,oslo,,
1300,Bast-Pettersen,R,NO,,oslo,,
1301,Edwin,B,NO,bjorn.edwin@rikshospitalet.no,oslo,,
1302,Rasmussen,Svein,NO,,bergen,,
1303,Ebbing,Cathrine,NO,,bergen,,
1304,Irgens,Lorentz M,NO,,bergen,,
1305,Stuen,Hanne Kilen,NO,hanne.kilen.stuen@sykehuset-innlandet.no.,brummundal,,
1306,Rugkåsa,Jorun,NO,jorun.rugkasa@ahus.no.,lørenskog,,
1307,Landheim,Anne,NO,anne.landheim@sykehuset-innlandet.no.,brummundal,,
1308,Wynn,Rolf,NO,rolf.wynn@gmail.com.,tromsø,,
1309,Hafslund,Bjørg,NO,bhaf@hib.no,bergen,,
1310,Øystese,Kristin Astrid,NO,,oslo,,
1311,Casar-Borota,Olivera,NO,,oslo,,
1312,Normann,Kjersti Ringvoll,NO,,oslo,,
1313,Zucknick,Manuela,NO,,oslo,,
1314,Berg,Jens Petter,NO,,oslo,,
1315,Bollerslev,Jens,NO,,oslo,,
1316,Selmer,Randi,NO,randi.selmer@fhi.no.,oslo,,
1317,Furu,Kari,NO,,oslo,,
1318,Hellerud,B C,NO,,oslo,,
1319,Toft,Ingrid,NO,ingridt@fagmed.uit.no,tromsø,,
1320,Hagen,Christina,NO,,oslo,,
1321,Lien,Lars,NO,lars.lien@medisin.uio.no.,hedmark,,
1322,Hauff,Edvard,NO,,oslo,,
1323,Heir,Trond,NO,,oslo,,
1324,Moan,J,NO,,oslo,,
1325,Johannessen,Mona,NO,mona.johannessen@uit.no,tromsø,,
1326,Dyb,Grete,NO,grete.dyb@nkvts.no.,oslo,,
1327,Kirkebøen,K A,NO,,oslo,,
1328,Carlsen,Fredrik,NO,hodik_g@mac.org.il,no- trondheim,,
1329,Mo,R,NO,,school of medicine,,
1330,Qvigstad,E,NO,,oslo,,
1331,Hysing,Liv Bolstad,NO,liv.bolstad.hysing@gmail.com,bergen,,
1332,Omvik,P,NO,per.omvik@meda.uib.no,bergen,,
1333,Kinge,Jonas Minet,NO,,oslo,,
1334,Steingrímsdóttir,Ólöf Anna,NO,,oslo,,
1335,Strand,Bjørn Heine,NO,,oslo,,
1336,Kravdal,Øystein,NO,,oslo,,
1337,Bondas,Terese,NO,,bodø,,
1338,Hodt-Billington,Caroline,NO,caroline.hodt@isf.uib.no,bergen,,
1339,Bjørås,M,NO,,blindern,,
1340,Abraityte,Aurelija,NO,aurelija.abraityte@rr-research.no.,oslo,,
1341,Vinge,Leif E,NO,,oslo,,
1342,Askevold,Erik T,NO,,oslo,,
1343,Lekva,Tove,NO,,oslo,,
1344,Michelsen,Annika E,NO,,oslo,,
1345,Ranheim,Trine,NO,,oslo,,
1346,Alfsnes,Katrine,NO,,oslo,,
1347,Fiane,Arnt,NO,,oslo,,
1348,Aakhus,Svend,NO,,oslo,,
1349,Lunde,Ida G,NO,,oslo,,
1350,Dahl,Christen P,NO,,oslo,,
1351,Aukrust,Pål,NO,,oslo,,
1352,Christensen,Geir,NO,,oslo,,
1353,Gullestad,Lars,NO,,oslo,,
1354,Yndestad,Arne,NO,,oslo,,
1355,Ueland,Thor,NO,,oslo,,
1356,Hov,Ingrid,NO,,st. olavs hospital,,
