temp_id,lastname,firstname,countries_scope,email,town,role,url
1,Sandset,Per Morten,NO,,oslo,,
2,Diot,Béatrice,NO,,tromsø,,
3,Duale,Nur,NO,,oslo,,
4,Harju,Mikael,NO,,tromsø,,
5,Kovacs,Kit M,NO,,tromsø,,
6,Lydersen,Christian,NO,,tromsø,,
7,Scotter,Sophie E,NO,,tromsø,,
8,Villanger,Gro D,NO,,oslo,,
9,Bourgeon,Sophie,NO,,tromsø,,
10,Booth,Andy M,NO,,trondheim,,
11,Hansen,Bjørn Henrik,NO,,trondheim,,
12,Frenzel,Max,NO,,trondheim,,
13,Johnsen,Heidi,NO,,trondheim,,
14,Altin,Dag,NO,,trondheim,,
15,Olasveengen,Theresa M,NO,t.m.olasveengen@medisin.uio.no,n- oslo,,
16,Bjørgen,Håvard,NO,havard.bjorgen@nmbu.no.,oslo,,
17,Wessel,Øystein,NO,oystein.wessel@nmbu.no.,oslo,,
18,Fjelldal,Per Gunnar,NO,pergf@imr.no.,matre,,
19,Hansen,Tom,NO,tomh@imr.no.,matre,,
20,Sveier,Harald,NO,harald.sveier@leroy.no.,bergen,,
21,Sæbø,Håkon Rydland,NO,hakon.rydland.sabo@leroy.no.,skjervøy,,
22,Enger,Katrine Bones,NO,katrine@leroyaurora.no.,skjervøy,,
23,Monsen,Eirik,NO,eirik@leroyaurora.no.,tromsø,,
24,Kvellestad,Agnar,NO,agnar.kvellestad@nmbu.no.,oslo,,
25,Rimstad,Espen,NO,espen.rimstad@nmbu.no.,oslo,,
26,Koppang,Erling Olaf,NO,erling.o.koppang@nmbu.no.,oslo,,
27,Bugge,J F,NO,,oslo,,
28,Hu,G Y,NO,,university of oslo,,
29,Aanes,Håvard,NO,peter.alestrom@nvh.no.,oslo,,
30,Büyükyilmaz,T,NO,,university of oslo,,
31,Jakola,Asgeir Store,NO,,trondheim,,
32,Skaland,Ivar,NO,,4068 stavanger,,
33,Arora,Satish,NO,satish.arora@medisin.uio.no,oslo,,
34,Sinding,Mikkel-Holger S,NO,,n-0318 oslo,,
35,Gilbert,M Thomas P,NO,,trondheim,,
36,Vigen,Reidar Alexander,NO,,trondheim,,
37,Bogsrud,Trond Velde,NO,,oslo,,
38,Hansen,Bo T,NO,bo.terning.hansen@kreftregisteret.no,oslo,,
39,Diamanti,Vassiliki,NO,,oslo,,
40,Protopapas,Athanassios,NO,,oslo,,
41,Smedsrød,B,NO,,university of tromsø,,
42,Grinde,B,NO,,oslo,,
43,Akhter,Sundus,NO,,n- tromsø,,
44,Lund,Bjarte Aarmo,NO,,n- tromsø,,
45,Ismael,Aya,NO,,n- tromsø,,
46,Langer,Manuel,NO,,n- tromsø,,
47,Isaksson,Johan,NO,,n- tromsø,,
48,Christopeit,Tony,NO,,n- tromsø,,
49,Estensen,Mette-Elise,NO,,oslo,,
50,Grindheim,Guro,NO,,oslo,,
51,Remme,Espen W,NO,,oslo,,
52,Godang,Kristin,NO,,oslo,,
53,Henriksen,Tore,NO,,oslo,,
54,Aukrust,Pål,NO,,oslo,,
55,Aakhus,Svend,NO,,oslo,,
56,Gullestad,Lars,NO,,oslo,,
57,Torbjørn,P,NO,,drammen,,
58,Bryne,M,NO,,university of oslo,,
59,Brunvand,H,NO,,university of bergen,,
60,Steinnes,Eiliv,NO,eiliv.steinnes@chem.ntnu.no,no- trondheim,,
61,Slettan,A,NO,,oslo,,
62,Williamson,Adele,NO,,n- tromsø,,
63,De Santi,Concetta,NO,,n- tromsø,,
64,Altermark,Bjørn,NO,,n- tromsø,,
65,Hjerde,Erik,NO,,n- tromsø,,
66,Tasken,Kjetil,NO,kjetil.tasken@biotek.uio.no,n- oslo,,
67,Hylland,K,NO,,n-0349 oslo,,
68,Dalsgaard,Søren,NO,,kragerø,,
69,Sommer,Theis,NO,,oslo,,
70,Bjerregaard-Andersen,Kaare,NO,,oslo,,
71,Cascella,Michele,NO,michele.cascella@kjemi.uio.no.,oslo,,
72,Morth,J Preben,NO,premo@dtu.dk.,oslo,,
73,Djurovic,S,NO,srdjan.djurovic@medisin.uio.no,oslo,,
74,Hunderi,Odd Helge,NO,,fredrikstad,,
75,Grymyr,Ole-Johannes H N,NO,olegry@ous-hf.no.,oslo,,
76,Nguyen,Anh-Tuan T,NO,,kongsberg,,
77,Tjulkins,Fjodors,NO,,kongsberg,,
78,Espinoza,Andreas,NO,,oslo,,
79,Remme,Espen W,NO,,oslo,,
80,Skulstad,Helge,NO,,oslo,,
81,Fosse,Erik,NO,,oslo,,
82,Imenes,Kristin,NO,,kongsberg,,
83,Halvorsen,Per S,NO,,oslo,,
84,Jensen,Siri,NO,siri.jensen@medisin.uio.no,0317 oslo,,
85,Haugan,Grethe,NO,grethe.haugan@ldh.no,oslo,,
86,Svartdal,Frode,NO,,tromsø,,
87,Faraone,Stephen V,NO,,bergen,,
88,Lønne,Greger,NO,,trondheim university hospital,,
89,Einum,Sigurd,NO,sigurd.einum@bio.ntnu.no,trondheim,,
90,Enersen,Morten,NO,,oslo,,
91,Krokstad,S,NO,,nord-trøndelag health authority,,
92,Norheim,Ole F,NO,,bergen,,
93,Sommerfelt,Halvor,NO,,bergen,,
94,Rode,Tone Mari,NO,,4068 stavanger,,
95,McLeod,Anette,NO,,ås,,
96,Måge,Ingrid,NO,,ås,,
97,Heir,Even,NO,,ås,,
98,Axelsson,Lars,NO,,ås,,
99,Holck,Askild L,NO,,ås,,
100,Skovdahl,Kirsti,NO,,drammen,,
101,Engeland,Anders,NO,anders.engeland@fhi.no,oslo,,
102,Hindberg,Kristian,NO,,tromsø,,
103,Godtliebsen,Fred,NO,,tromsø,,
104,Mortensen,Kim,NO,,tromsø,,
105,Revhaug,Arthur,NO,,tromsø,,
106,Lindsetmo,Rolv-Ole,NO,,tromsø,,
107,Augestad,Knut Magne,NO,,tromsø,,
108,Jenssen,Robert,NO,,tromsø,,
109,Samuelsen,Ø,NO,orjan.samuelsen@unn.no,tromsø,,
110,Lukasse,Mirjam,NO,,oslo,,
111,Ehrich,Dorothee,NO,dorothee@bio.uio.no,no- oslo,,
112,Sollid,L M,NO,,university of oslo,,
113,Øie,Lise R,NO,,trondheim,,
114,Salvesen,Øyvind,NO,,trondheim,,
115,Vangen-Lønne,Vetle,NO,,trondheim,,
116,Nygaard,Øystein P,NO,,tromsø,,
117,Solberg,Tore K,NO,,tromsø,,
118,Gulati,Sasha,NO,,trondheim,,
119,Nybø,S,NO,,dragvoll,,
120,Reimann,Clemens,NO,,trondheim,,
121,Blaser,Nello,NO,,bergen,,
122,Hjelstuen,O K,NO,,university of oslo,,
123,Pettersen,Kristine,NO,,trondheim,,
124,Andersen,Sonja,NO,,trondheim,,
125,Tesfahun,Almaz N,NO,,trondheim,,
126,Moestue,Siver,NO,,trondheim,,
127,Kim,Jana,NO,,trondheim,,
128,Nonstad,Unni,NO,,trondheim,,
129,Romundstad,Pål R,NO,,trondheim,,
130,Skorpen,Frank,NO,,trondheim,,
131,Sørhaug,Sveinung,NO,,trondheim,,
132,Amundsen,Tore,NO,,trondheim,,
133,Grønberg,Bjørn H,NO,,trondheim,,
134,Hoem,Dag,NO,,bergen,,
135,Molven,Anders,NO,,bergen,,
136,Kaasa,Stein,NO,,trondheim,,
137,Fearon,Kenneth,NO,,trondheim,,
138,Bjørkøy,Geir,NO,geir.bjorkoy@ntnu.no.,trondheim,,
139,Gullestad,Lars,NO,,oslo,,
140,Jakobsen,Gunn Signe,NO,gunn.signe.jakobsen@siv.no,tønsberg,,
141,Nytun,Jan Pettersen,NO,,grimstad,,
142,Fossum,Mariann,NO,,grimstad,,
143,Rabanal,Kjersti S,NO,kjersti.stormark.rabanal@fhi.no.,oslo,,
144,Selmer,Randi M,NO,randi.selmer@fhi.no.,oslo,,
145,Igland,Jannicke,NO,jannicke.igland@uib.no.,bergen,,
146,Tell,Grethe S,NO,grethe.tell@uib.no.,bergen,,
147,Meyer,Haakon E,NO,haakon.meyer@fhi.no.,oslo,,
148,Vollan,Hilde S,NO,h.s.vollan@studmed.uio.no.,n- lørenskog,,
149,Tannæs,Tone,NO,t.m.tannas@medisin.uio.no.,n- lørenskog,,
150,Bukholm,Geir,NO,geir.bukholm@fhi.no.,n-0403 oslo,,
151,Vestby,L K,NO,,oslo,,
152,Borge,Bengt Age Sørby,NO,,n- bergen,,
153,Laxdal,E,NO,,bergen,,
154,Eikrem,Oystein S,NO,,bergen,,
155,Strauss,Philipp,NO,,bergen,,
156,Beisland,Christian,NO,,bergen,,
157,Landolt,Lea,NO,,bergen,,
158,Flatberg,Arnar,NO,,trondheim,,
159,Leh,Sabine,NO,,bergen,,
160,Beisvag,Vidar,NO,,trondheim,,
161,Skogstrand,Trude,NO,,bergen,,
162,Hjelle,Karin,NO,,bergen,,
163,Shresta,Anjana,NO,,bergen,,
164,Marti,Hans-Peter,NO,,bergen,,
165,Andersson,Martin,NO,martin.andersson@psybp.uib.no.,university of bergen,,
166,Hewitt,Stephen,NO,,oslo,,
167,Aasheim,Erlend Tuseth,NO,,oslo,,
168,Søvik,Torgeir Thorson,NO,,oslo,,
169,Jahnsen,Jørgen,NO,,oslo,,
170,Kristinsson,Jon,NO,,oslo,,
171,Eriksen,Erik Fink,NO,,oslo,,
172,Mala,Tom,NO,,oslo,,
173,Ravndal,E,NO,,university of oslo,,
174,Toft,M,NO,,oslo,,
175,Ropstad,E,NO,erik.ropstad@veths.no,alta,,
176,Görgen,A,NO,,oslo,,
177,Larsen,A C,NO,,oslo,,
178,Renstrøm,T,NO,,oslo,,
179,Siem,S,NO,,oslo,,
180,Tveten,G M,NO,,oslo,,
181,Tronvik,Erling,NO,erling.tronvik@ntnu.no,trondheim,,
182,Faraone,Stephen,NO,,bergen,,
183,Blomhoff,Rune,NO,,university of oslo,,
184,Arnesen,H,NO,harald.arnesen@uus.no,oslo,,
185,Waldeland,Einar,NO,,oslo,,
186,Furnes,Harald,NO,harald.furnes@geo.uib.no,bergen,,
187,Fattah,Sabina,NO,,drøbak,,
188,Nybakken,L,NO,,no-1432 ås,,
189,Gladhaug,Ivar Prydz,NO,,oslo 0372,,
190,Dahle,Dag Olav,NO,,olso,,
191,Nesheim,B I,NO,,nordbyhagen,,
192,Steenstrup,Sophie Elspeth,NO,,oslo,,
193,Bakken,Arnhild,NO,,oslo,,
194,Bere,Tone,NO,,oslo,,
195,Patton,Declan Alexander,NO,,oslo,,
196,Bahr,Roald,NO,,oslo,,
197,Bernardshaw,Soosaipillai,NO,sorn@ulleval.no,oslo,,
198,Iglebekk,Wenche,NO,,vennesla,,
199,Tjell,Carsten,NO,,vennesla,,
200,Refsum,Helga,NO,,oslo,,
201,Skomedal,T,NO,tor.skomedal@labmed.uio.no,university of oslo,,
202,Vedeler,A,NO,anni.vedeler@pki.uib.no,n- bergen,,
203,Boe,Sigurd,NO,sigurdbo@rr-research.no,oslo,,
204,Baerug,Anne,NO,,oslo,,
205,Sletner,Line,NO,,lørenskog,,
206,Laake,Petter,NO,,oslo,,
207,Fretheim,Atle,NO,,oslo,,
208,Løland,Beate Fossum,NO,,oslo,,
209,Waage,Christin W,NO,,oslo,,
210,Birkeland,Kåre I,NO,,oslo,,
211,Jenum,Anne Karen,NO,,oslo,,
212,Kolstad,A,NO,,school of medicine,,
213,Brekke,M,NO,,oslo,,
214,Wibe,A,NO,,trondheim,,
215,Hansen,B S,NO,habs@sus.no,stavanger university hospital,,
216,Haugsten,Ellen Margrethe,NO,,oslo,,
217,Haraldsen,I R,NO,,oslo,,
218,Solbakk,A K,NO,,8651 mosjøen,,
219,Skokauskas,Norbert,NO,,trondheim,,
220,Sandvik,H,NO,,university of bergen,,
221,Eikemo,Terje A,NO,,trondheim,,
222,Nilsen,W,NO,,oslo,,
223,Rofstad,E K,NO,,oslo,,
224,Vossius,Corinna,NO,,stavanger,,
225,Selbaek,Geir,NO,,ottestad,,
226,Šaltytė Benth,Jūratė,NO,,ottestad,,
227,Bergh,Sverre,NO,,ottestad,,
228,Grill,V,NO,,trondheim,,
229,Savic,Miloje,NO,,oslo,,
230,Dembinski,Jennifer L,NO,,oslo,,
231,Laake,Ida,NO,,oslo,,
232,Hungnes,Olav,NO,,oslo,,
233,Cox,Rebecca,NO,,oslo-bergen,,
234,Oftung,Fredrik,NO,,oslo,,
235,Trogstad,Lill,NO,,oslo,,
236,Mjaaland,Siri,NO,,oslo,,
237,Mbalilaki,J A,NO,j.a.mbalilaki@medisin.uio.no,oslo,,
238,Nina,Kløve,NO,,drammen,,
239,Hagen,Thomas,NO,,university of oslo,,
240,Espeseth,Thomas,NO,,oslo university hospital,,
241,Laeng,Bruno,NO,,university of oslo,,
242,Nortvedt,M W,NO,,university of bergen,,
243,Kvien,Tore K,NO,,oslo,,
244,Åsli,Lene A,NO,,n- tromsø,,
245,Braaten,Tonje,NO,,n- tromsø,,
246,Lund,Eiliv,NO,,n- tromsø,,
247,Skeie,Guri,NO,,n- tromsø,,
248,Midje,Hilde H,NO,,oslo,,
249,Tandberg,E,NO,,stavanger,,
250,Nordström,A,NO,,alta,,
251,Emken,Birgitte-Elise G,NO,,bergen,,
252,Myrvold,Helge E,NO,,trondheim,,
253,Hatlebakk,Jan G,NO,,bergen,,
254,Helland,Ronny,NO,,n- tromsø,,
255,Edwin,B,NO,,oslo,,
256,Bjørheim,Tor Svendsen,NO,,oslo,,
257,Fauchald,P,NO,,oslo,,
258,Raiborg,Camilla,NO,stenmark@ulrik.uio.no,n- oslo,,
259,Thorsby,E,NO,,oslo,,
260,Waldum,Helge L,NO,,trondheim,,
261,Martinsen,Tom Christian,NO,,trondheim,,
262,Berg,Rigmor C,NO,rigmor.berg@fhi.no.,oslo,,
263,Skogen,Vegard,NO,,tromso,,
264,Bugten,Vegard,NO,,trondheim,,
265,Nilsen,Ann Helen,NO,,trondheim,,
266,Thorstensen,Wenche Moe,NO,,trondheim,,
267,Moxness,Mads Henrik Strand,NO,,trondheim,,
268,Amundsen,Marit Furre,NO,,trondheim,,
269,Nordgård,Ståle,NO,,trondheim,,
270,Bye,Elin K,NO,ekb@sirus.no,oslo,,
271,Sund,Anne Mari,NO,anne.m.sund@medisin.ntnu.no,trondheim,,
272,Lauksund,Silje,NO,,tromsø,,
273,Greiner-Tollersrud,Linn,NO,,tromsø,,
274,Chang,Chia-Jung,NO,,tromsø,,
275,Hove,L M,NO,,bergen legevakt,,
276,Lund-Blix,Nicolai A,NO,n.a.lund@medisin.uio.no.,oslo,,
277,Stene,Lars C,NO,,oslo,,
278,Rasmussen,Trond,NO,,oslo,,
279,Torjesen,Peter A,NO,,oslo,,
280,Andersen,Lene F,NO,,oslo,,
281,Rønningen,Kjersti S,NO,,oslo,,
282,Vaismoradi,Mojtaba,NO,mojtaba.vaismoradi@nord.no.,bodø,,
283,Bøen,Erlend,NO,,oslo,,
284,Westlye,Lars T,NO,,oslo,,
285,Elvsåshagen,Torbjørn,NO,,oslo,,
286,Hummelen,Benjamin,NO,,oslo,,
287,Hol,Per K,NO,,oslo,,
288,Boye,Birgitte,NO,,oslo,,
289,Andersson,Stein,NO,,oslo,,
290,Karterud,Sigmund,NO,,oslo,,
291,Malt,Ulrik F,NO,,oslo,,
292,Kashuba,Natalija,NO,,oslo,,
293,Hartmann,Ellen,NO,ellen.hartmann@psykologi.uio.no,university of oslo,,
294,Haldorsen,Ingfrid S,NO,ingfrid.haldorsen@helse-bergen.no.,bergen,,
295,Salvesen,Helga B,NO,,bergen,,
296,Weiderpass,Elisabete,NO,,oslo,,
297,Harbo,H F,NO,h.f.harbo@medisin.uio.no,oslo,,
298,Kolset,S O,NO,s.o.kolset@medisin.uio.no,oslo,,
299,Guttormsen,A B,NO,anne.guttormsen@farm.uib.no,university of bergen,,
300,Drageset,Jorunn,NO,jorunn.drageset@hib.no,bergen,,
301,Møllersen,Linda,NO,,oslo,,
302,Chikwati,Elvis M,NO,,oslo,,
303,Venold,Fredrik F,NO,,oslo,,
304,Sahlmann,Christian,NO,,oslo,,
305,Holm,Halvor,NO,,oslo,,
306,Penn,Michael H,NO,,oslo,,
307,Oropeza-Moe,Marianne,NO,,oslo,,
308,Krogdahl,Åshild,NO,,oslo,,
309,Meermann,Christian,NO,,bergen,,
310,Figenschau,Y,NO,,university hospital of tromsö,,
311,Hallgrimsson,P,NO,,oslo,,
312,Naess,Halvor,NO,halvor.naess@haukeland.no,bergen,,
313,Sagberg,P,NO,,oslo 3,,
314,Johansson,Kjell Arne,NO,kjell.johansson@isf.uib.no,university of bergen,,
315,Walseth,Liv Tveit,NO,liv@walseth.no,bergen,,
316,Poppe,Trygve T,NO,trygve.poppe@veths.no,0033 oslo,,
317,Bjøro,K,NO,,oslo,,
318,Hannisdal,Rita,NO,rita.hannisdal@farm.uib.no,bergen,,
319,Oxman,Andrew D,NO,oxman@online.no,n-0130 oslo,,
320,Berg,B H,NO,,university of bergen,,
321,Ingum,J,NO,,oslo,,
322,Wickson,Fern,NO,fern.wickson@genok.no.,tromsø,,
323,Wisløff,Ulrik,NO,,trondheim,,
324,Gabrielsen,Anne-Marie,NO,,tønsberg,,
325,Myhr,K M,NO,kjell.m.myhr@nevro.haukeland.no,university of bergen,,
326,Lillegaard,I T L,NO,i.t.lillegaard@medisin.uio.no,n-0316 oslo,,
327,Blomhoff,Rune,NO,rune.blomhoff@medisin.uio.no,n-0316 oslo,,
328,Wijmenga,Cisca,NO,,oslo,,
329,Sveinsdottir,Vigdis,NO,vigdis.sveinsdottir@uni.no.,bergen,,
330,Eriksen,Hege R,NO,,bergen,,
331,Ursin,Holger,NO,,bergen,,
332,Harris,Anette,NO,,bergen,,
333,Rasmussen,Mette L,NO,,oslo,,
334,Mundal,Liv,NO,,oslo university hospital,,
335,Igland,Jannicke,NO,,bergen,,
336,Ose,Leiv,NO,,university of oslo,,
337,Holven,Kirsten B,NO,,university of oslo,,
338,Veierød,Marit B,NO,,university of oslo,,
339,Leren,Trond P,NO,,oslo university hospital,,
340,Retterstøl,Kjetil,NO,,oslo university hospital,,
341,Langvatn,Rolf,NO,rolf.langvatn@unis.no,n- trondheim,,
342,Gellein,Kristin,NO,kristin.gellein@chem.ntnu.no,no- trondheim,,
343,Bergli,J,NO,,n-0316 oslo,,
344,Thorsen,E,NO,,ytre laksevåg,,
345,Angell-Petersen,Even,NO,evenag@labmed.uio.no,oslo,,
346,Wandel,M,NO,,oslo,,
347,Lund-Johansen,Morten,NO,,bergen,,
348,Forsaa,Vegard Asgeir,NO,,bergen,,
349,Mukunya,David,NO,,bergen,,
350,Tumuhamye,Josephine,NO,,bergen,,
351,Tylleskar,Thorkild,NO,,bergen,,
352,Eskeland,Sigrun Losada,NO,,sandvika,,
353,Davidson,Ben,NO,bend@medisin.uio.no,n- oslo,,
354,Reisæter,Anna Varberg,NO,,olso,,
355,Dyrstad,Sindre M,NO,,stavanger,,
356,Bru,Edvin,NO,,stavanger,,
357,Brønnick,Kolbjørn,NO,,stavanger,,
358,Larsen,Kristin T,NO,,trondheim,,
359,Haugaa,Kristina H,NO,,oslo,,
360,Knappskog,Stian,NO,per.lonning@helse-bergen.no.,bergen,,
361,Pedersen,M K,NO,,no-0403 oslo,,
362,Mehdizadeh,Saeed,NO,mehdizad@ntnu.no,trondheim,,
363,Reinton,N,NO,,n-,,
364,Davidson,Ben,NO,bend@ulrik.uio.no,oslo,,
365,Bugge,E,NO,einarb@fagmed.uit.no,university of tromsø,,
366,Mo,Solveig Sølverød,NO,,oslo,,
367,Urdahl,Anne Margrete,NO,,oslo,,
368,Madslien,Knut,NO,,oslo,,
369,Sunde,Marianne,NO,,oslo,,
370,Nesse,Live L,NO,,oslo,,
371,Slettemeås,Jannice Schau,NO,,oslo,,
372,Norström,Madelaine,NO,,oslo,,
373,Gani,Osman A B S M,NO,,tromsø,,
374,Danbolt,C,NO,,university of oslo,,
375,Caugant,Dominique A,NO,dominique.caugant@fhi.no,oslo,,
376,Bryne,M,NO,,university of oslo,,
377,Vandvik,Per O,NO,,oslo,,
378,Wang,Rongrong,NO,,oslo,,
379,Langhammer,Birgitta,NO,,oslo,,
380,Muna,Ziad A,NO,ziad.muna@ikb.uib.no,n- bergen,,
381,Gussarova,Galina,NO,,tromsø,,
382,López-Villegas,Antonio,NO,antoniolopezvillegas@andaluciajunta.es.,bodø,,
383,Eidesen,Pernille Bronken,NO,,longyearbyen,,
384,Hodneland,Kjartan,NO,kjartan.hodneland@bio.uib.no,n- bergen,,
385,Rydstedt,Leif W,NO,leif.rydstedt@hil.no,ahs,,
386,Kaldhusdal,M,NO,magne.i.kaldhusdal@vetinst.no,oslo,,
387,Weiderpass,Elisabete,NO,,tromsø,,
388,Skeie,Guri,NO,,tromsø,,
389,Aune,Dagfinn,NO,,oslo,,
390,Karlsbakk,Egil,NO,egil.karlsbakk@bio.uib.no,bergen,,
391,Sørbye,Sveinung Wergeland,NO,sveinung.sorbye@unn.no,tromsø,,
392,Berntssen,M H G,NO,,n-5817 bergen,,
393,McEvoy,Maria,NO,,n- as,,
394,Tandberg,Marte,NO,martetan@student.sv.uio.no,oslo,,
395,Eduard,W,NO,wijnand.eduard@stami.no,oslo,,
396,Gallefoss,Frode,NO,,kristiansand,,
397,Fasting,Sigurd,NO,sigurd.fasting@medisin.ntnu.no,trondheim,,
398,Fiane,A E,NO,a.e.fiane@klinmed.uio.no,the national hospital,,
399,Selmer,K K,NO,k.k.selmer@medisin.uio.no,oslo,,
400,Glenton,Claire,NO,claire.glenton@fhi.no.,oslo,,
401,Severinsson,Elisabeth,NO,elisabeth.severinsson@hive.no,stavanger,,
402,Ropstad,E,NO,,department of reproduction and forensic medicine norwegian college of veterinary medicine p.o. box  dep n-0033 oslo 1,,
403,Fagerlund,Annette,NO,,ås,,
404,Gupta,Alok Kumar,NO,,bergen-,,
405,Silvola,J,NO,,university of tromsø,,
406,Sekurova,O,NO,,trondheim,,
407,Eggen,Siv,NO,siv.eggen@ntnu.no,trondheim,,
408,Strøm,E,NO,,haukeland hospital,,
409,Bølling,Anette,NO,,oslo,,
410,Halse,A,NO,,bergen,,
411,Lund,Randi Størdal,NO,randi.stordal.lund@siv.no,tønsberg,,
412,Stenseth,R,NO,,trondheim regional hospital,,
413,Naseer,Umaer,NO,,tromsø,,
414,Bakke,T A,NO,,no-0318 oslo,,
415,Grytten,J,NO,,university of oslo,,
416,Jorde,Rolf,NO,rolf.jorde@unn.no,tromsø,,
417,Kvittingen,,NO,,trondheim,,
418,Andreasen,S,NO,,bodø,,
419,Backe,B,NO,,trondheim,,
420,Lydersen,S,NO,,trondheim,,
421,Øvrebø,K,NO,,bergen,,
422,Øian,P,NO,,tromsø,,
423,Whist,S K,NO,solvejg.k.whist@veths.no,oslo,,
424,Stuge,Britt,NO,,oslo,,
425,Bjørås,Magnar,NO,,oslo university hospital oslo,,
426,Wang,Wei,NO,,oslo university hospital oslo,,
427,Olasveengen,Theresa M,NO,t.m.olasveengen@medisin.uio.no,n-0424 oslo,,
428,Augestad,H R,NO,,department of physiology,,
429,Juvet,Lene K,NO,,n- oslo,,
430,Glenton,Claire,NO,,n-0403 oslo,,
431,Mosevoll,Knut Anders,NO,,bergen,,
432,Lindås,Roald,NO,,bergen,,
433,Tvedt,Tor Henrik Anderson,NO,,bergen,,
434,Reikvam,Håkon,NO,,bergen,,
435,Samset,E,NO,eigil.samset@rikshospitalet.no,oslo,,
436,Grimnes,Sverre,NO,,oslo,,
437,Engjom,Trond,NO,trond.engjom@helse-bergen.no,bergen,,
438,Berge,Elisabet Ognedal,NO,,bergen,,
439,Berdal,J-E,NO,jan.erik.berdal@ahus.no,nordbyhagen,,
440,Torkildsen,Øivind,NO,oivind.torkildsen@gmail.com,n- bergen,,
441,Ertesvag,Aase,NO,,n- oslo,,
442,Swanson,Jayson O,NO,,oslo,,
443,Hagen,Terje P,NO,,oslo,,
444,Linde,Mattias,NO,mattias.linde@ntnu.no.,trondheim,,
445,Lehmann,T G,NO,trude.gundersen.lehmann@helsebergen.no,bergen,,
446,Hoel,Fredrik,NO,,bergen,,
447,Hoel,August,NO,,bergen,,
448,Tronstad,Karl Johan,NO,,bergen,,
449,Reikvam,Håkon,NO,,bergen,,
450,Arnesen,Thomas,NO,,university of bergen and haukeland university hospital,,
451,Erikssen,Gunnar,NO,k-eriks@online.no,oslo,,
452,Bjørnnes,Ann Kristin,NO,,oslo,,
453,Ulvestad,E,NO,,university of bergen,,
454,Magnus,J H,NO,,university hospital of tromsø,,
455,Aasarød,Knut Ivar,NO,,trondheim,,
456,Sagen,Erling,NO,,trondheim university hospital,,
457,Åsberg,Arne,NO,,trondheim university hospital,,
458,Søland,T M,NO,tinehe@odont.uio.no,oslo,,
459,Eriksen,Agnete Bratsberg,NO,,a department of biochemistry ; institute of basic medical sciences; university of oslo ; oslo,,
460,Lundanes,Elsa,NO,,oslo,,
461,Thomsen,Cathrine,NO,,oslo,,
462,Haug,Line Småstuen,NO,,oslo,,
463,Hansen,Gaute,NO,,n- tromsø,,
464,Ellefsen,B,NO,bodil.ellefsen@sykepleievit.uio.no,university of oslo,,
465,Møller,P,NO,moller.pal@gmail.com,oslo university hospital,,
466,Rønbeck,B A,NO,,university of oslo,,
467,Norheim,Frode,NO,,oslo,,
468,Hjorth,Marit,NO,,oslo,,
469,Langleite,Torgrim M,NO,,oslo,,
470,Lee,Sindre,NO,,oslo,,
471,Holen,Torgeir,NO,,oslo,,
472,Bindesbøll,Christian,NO,,oslo,,
473,Stadheim,Hans K,NO,,oslo,,
474,Gulseth,Hanne L,NO,,oslo,,
475,Birkeland,Kåre I,NO,,oslo,,
476,Kielland,Anders,NO,,oslo,,
477,Jensen,Jørgen,NO,,oslo,,
478,Dalen,Knut T,NO,,oslo,,
479,Drevon,Christian A,NO,,oslo,,
480,Zätterström,Ulf,NO,uzatterstrom@gmail.com.,oslo,,
481,Boysen,Morten,NO,,oslo,,
482,Evensen,Jan Folkvard,NO,,oslo,,
483,Agewall,Stefan,NO,stefan.agewall@medisin.uio.no,oslo,,
484,Engen,Steinar,NO,,trondheim,,
485,Bjørsvik,Hans-René,NO,hans.bjorsvik@kj.uib.no,n- bergen,,
486,Sundet,K,NO,,nesoddtangen,,
487,Kunst,Jonas R,NO,,oslo,,
488,Phillibert,Esther N,NO,,oslo,,
489,Lund,J,NO,,university of bergen,,
490,Lewin,Simon,NO,simon.lewin@nokc.no.,oslo,,
491,Røttingen,John-Arne,NO,jrotting@hsph.harvard.edu.,oslo,,
492,Knarlag,Kjetil,NO,,universell,,
493,Winje,Eirin,NO,,0424 oslo,,
494,Torgalsbøen,Anne-Kari,NO,,0317 oslo,,
495,Brunborg,Cathrine,NO,,oslo,,
496,Stedal,Kristin,NO,,0424 oslo,,
497,Mansoor,M A,NO,,haukeland hospital,,
498,Schenck,K,NO,,university of oslo,,
499,Årsand,Eirik,NO,eirik.arsand@telemed.no.,tromsø,,
500,Hartvigsen,Gunnar,NO,,tromsø,,
501,Arntzen,Magnus Ø,NO,,oslo,,
502,Antal,Ellen-Ann,NO,e.a.antal@ioks.uio.no,oslo,,
503,Thangstad,Ole Petter,NO,,n- trondheim,,
504,Song,Xiaobo,NO,,tromsø,,
505,Storset,A,NO,arne.storset@aquagen.no,trondheim,,
506,Skarpen,E,NO,,oslo,,
507,Walaas,O,NO,,university of oslo,,
508,Ivarsson,T,NO,,oslo,,
509,Skarphedinsson,G,NO,,oslo,,
510,Valderhaug,R,NO,,trondheim,,
511,Dahl,K,NO,,oslo,,
512,Weidle,B,NO,,trondheim,,
513,Torp,N C,NO,,oslo,,
514,Fintl,C,NO,,0033 oslo,,
515,Brørs,Odd,NO,odd.brors@uus.no,oslo,,
516,Landsem,A,NO,,bodø,,
517,Fure,H,NO,,bodø,,
518,Krey Ludviksen,J,NO,,bodø,,
519,Christiansen,D,NO,,bodø,,
520,Lau,C,NO,,bodø,,
521,Mathisen,M,NO,,bodø,,
522,Bergseth,G,NO,,bodø,,
523,Nymo,S,NO,,bodø,,
524,Lappegård,K T,NO,,tromsø,,
525,Espevik,T,NO,,trondheim,,
526,Mollnes,T E,NO,,bodø,,
527,Brekke,O-L,NO,,bodø,,
528,Kraggerud,S M,NO,s.m.kraggerud@labmed.uio.no,oslo,,
529,Vedeler,C A,NO,,university of bergen,,
530,Jørgensen,C,NO,,bergen,,
531,Enberg,K,NO,,bergen,,
532,Mangel,M,NO,,bergen,,
533,Nakstad,P H,NO,,university of oslo,,
534,Jørum,E,NO,ellen.jorum@rikshospitalet.no,oslo,,
535,Lybæk,Helle,NO,,center for medical genetics and molecular medicine; haukeland university hospital; bergen,,
536,Nepal,Chirag,NO,,center for medical genetics and molecular medicine; haukeland university hospital; bergen,,
537,Brendehaug,Atle,NO,,center for medical genetics and molecular medicine; haukeland university hospital; bergen,,
538,Houge,Gunnar,NO,,center for medical genetics and molecular medicine; haukeland university hospital; bergen,,
539,Rønning,Sissel Beate,NO,,0033 oslo,,
540,Pahnke,Jens,NO,,oslo,,
541,Winje,Eirin,NO,eirin.winje@uus.no,oslo,,
542,Rongve,Arvid,NO,arvid.rongve@helse-fonna.no.,haugesund,,
543,Aarsland,Dag,NO,,stavanger,,
544,Bjøro,K,NO,,oslo,,
545,Risöe,C,NO,,university of oslo,,
546,Angelsen,A,NO,,university of trondheim,,
547,Nordstoga,A B,NO,anne.nordstoga@nvh.no,oslo,,
548,Leonhardt,Marja,NO,marja.leonhardt@charite.de.,brumunddal,,
549,Haug,S R,NO,sivakami.rethnam@fys.uib.no,bergen,,
550,Aslaksen,Per M,NO,perasl@psyk.uit.no,n- tromsø,,
551,Rotegård,Ann Kristin,NO,ann.kristin.rotegard@rr-research.no,oslo,,
552,Anderssen,Sigmund,NO,s.a.anderssen@nih.no.,oslo,,
553,Ekelund,Ulf,NO,ulf.ekelund@nih.no.,oslo,,
554,Reiseter,Silje,NO,silje.reiseter@medisin.uio.no.,oslo,,
555,Molberg,Øyvind,NO,oyvind.molberg@medisin.uio.no.,oslo,,
556,Gunnarsson,Ragnar,NO,rgunnars@ous-hf.no.,oslo,,
557,Lund,May Brit,NO,mblund@ous-hf.no.,oslo,,
558,Aalokken,Trond Mogens,NO,taalokke@ous-hf.no.,oslo,,
559,Aukrust,Pål,NO,paukrust@ous-hf.no.,oslo,,
560,Ueland,Thor,NO,thor.ueland@medisin.uio.no.,oslo,,
561,Garen,Torhild,NO,tgaren@ous-hf.no.,oslo,,
562,Brunborg,Cathrine,NO,cathrine.brunborg@ous-hf.no.,oslo,,
563,Michelsen,Annika,NO,annika.michelsen@medisin.uio.no.,oslo,,
564,Abraityte,Aurelija,NO,aurelija.abraityte@rr-research.no.,oslo,,
565,Hoffmann-Vold,Anna-Maria,NO,a.m.hoffmann-vold@medisin.uio.no.,oslo,,
566,Myhr,A I,NO,annem@fagmed.uit.no,tromsø,,
567,Hertwich,E G,NO,hertwich@altavista.com,trondheim,,
568,Bechensteen,A G,NO,,oslo,,
569,Berge,M,NO,,university of bergen,,
570,Powell,M D,NO,,bergen,,
571,Hugdahl,K,NO,,university of bergen,,
572,Shirzadi,Reza,NO,,oslo,,
573,Braa,Kristin,NO,,oslo,,
574,Steen,E,NO,eldri.steen@samfunnsmed.uio.no,n- oslo,,
575,Bergesen,O,NO,,oslo,,
576,Johansson,L,NO,,oslo,,
577,Rowland,David C,NO,,trondheim,,
578,Heltne,J K,NO,,bergen,,
579,Gjønnaess,H,NO,,oslo,,
580,Holtsmark,M,NO,marte.holtsmark@umb.no,as,,
581,Jamtvedt,Gro,NO,gro.jamtvedt@nokc.no,oslo,,
582,Lier,Haldis O,NO,haldis.johanne.oekland.lier@helse-fonna.no,n-5504 haugesund,,
583,Berg-Johnsen,J,NO,,ullevaal hospital,,
584,Vik,Sigrid Dannheim,NO,,trondheim,,
585,Vik,Torstein,NO,,trondheim,,
586,Lydersen,Stian,NO,,trondheim,,
587,Støen,Ragnhild,NO,,trondheim,,
588,Aasen,T,NO,,bergen,,
589,Linder,Jacob,NO,,trondheim,,
590,Tønnesen,Hanne Hjorth,NO,h.h.tonnesen@farmasi.uio.no,oslo,,
591,Kirkengen,Anna Luise,NO,,trondheim,,
592,Ekeland,Tor-Johan,NO,,volda,,
593,Getz,Linn,NO,,trondheim,,
594,Hetlevik,Irene,NO,,trondheim,,
595,Schei,Edvin,NO,,tromsø,,
596,Ulvestad,Elling,NO,,bergen,,
597,Vetlesen,Arne Johan,NO,,oslo,,
598,Breivik,T,NO,tbreivik@odont.uio.no,university of oslo,,
599,Solbakk,Anne-Kristin,NO,,oslo university hospital-rikshospitalet,,
600,Mittelmark,Maurice B.,NO,,bergen,,
601,Lindström,Bengt,NO,,trondheim,,
602,Espnes,Geir Arild,NO,,trondheim,,
603,Lillefjell,Monica,NO,,trondheim,,
604,Maass,Ruca,NO,,trondheim,,
605,Ihlebæk,Camilla,NO,,ås,,
606,Perlovich,German L,NO,,n- tromsø,,
607,Hjelmevoll,S O,NO,stig.ove.hjelmevoll@unn.no,tromsø,,
608,Johnsrud,M L,NO,,tønsberg,,
609,Tjoflåt,I,NO,,stavanger,,
610,Angotzi,Anna R,NO,,bergen,,
611,Stefansson,Sigurd O,NO,,bergen,,
612,Nilsen,Tom O,NO,,n- bergen,,
613,Andersson,Eva,NO,,n- bergen,,
614,Taranger,Geir L,NO,,n- bergen,,
615,Kjekshus,John,NO,,oslo,,
616,Stenklev,Niels Christian,NO,niels.christian.stenklev@unn.no,university hospital of tromsø,,
617,Moller,Pal,NO,,oslo,,
618,Samuelstuen,Marit S,NO,,trondheim,,
619,Bondevik,O,NO,,university of oslo,,
620,Tetlie,Trine,NO,trine.tetlie@gmail.com,trondheim,,
621,Sørensen,Lin,NO,,bergen,,
622,Osnes,Berge,NO,,bergen,,
623,Visted,Endre,NO,,bergen,,
624,Svendsen,Julie Lillebostad,NO,,bergen,,
625,Adolfsdottir,Steinunn,NO,,bergen,,
626,Binder,Per-Einar,NO,,bergen,,
627,Schanche,Elisabeth,NO,,bergen,,
628,Jorde,R,NO,rolf.jorde@unn.no,tromsø,,
629,Magnus,Maria C,NO,,oslo,,
630,Gundersen,Thomas E,NO,teg@vitas.no,n-0316 oslo,,
631,Johansen,H R,NO,,oslo,,
632,Lindalen,Einar,NO,eli@lds.no,oslo,,
633,Bergamaschi,Anna,NO,,oslo,,
634,Engeseth,Kristian,NO,,university of oslo,,
635,Prestgaard,Erik E,NO,,university of oslo,,
636,Mariampillai,Julian E,NO,,university of oslo,,
637,Grundvold,Irene,NO,,oslo university hospital,,
638,Liestol,Knut,NO,,university of oslo,,
639,Kjeldsen,Sverre E,NO,,university of oslo,,
640,Bodegard,Johan,NO,,oslo university hospital,,
641,Erikssen,Jan E,NO,,university of oslo,,
642,Gjesdal,Knut,NO,,university of oslo,,
643,Skretteberg,Per Torger,NO,,oslo university hospital,,
644,Lorvik,Kristina Berg,NO,,oslo,,
645,Hammarström,Clara,NO,,oslo,,
646,Fauskanger,Marte,NO,,oslo,,
647,Haabeth,Ole Audun Werner,NO,,oslo,,
648,Zangani,Michael,NO,,oslo,,
649,Haraldsen,Guttorm,NO,,oslo,,
650,Bogen,Bjarne,NO,,oslo,,
651,Corthay,Alexandre,NO,alexandre.corthay@ibv.uio.no.,oslo,,
652,Holgersen,Katrine Høyer,NO,,trondheim,,
653,Solvoll,Betty-Ann,NO,bas@hive.no,horten,,
654,Espeseth,T,NO,thomas.espeseth@psykologi.uio.no,oslo,,
655,Borota,Olivera Casar,NO,olivera.borota@rikshospitalet.no,tromsø,,
656,Nygård,J F,NO,jan.nygard@kreftregisteret.no,oslo,,
657,Pedersen,Eva Ringdal,NO,,bergen,,
658,Tell,Grethe S,NO,,bergen,,
659,Nygård,Ottar,NO,,bergen,,
660,Husum,Tonje Lossius,NO,,center for medical ethics department of health and society university of oslo,,
661,Førde,Reidun,NO,,center for medical ethics department of health and society university of oslo,,
662,Pedersen,Reidar,NO,,center for medical ethics department of health and society university of oslo,,
663,Michelsen,Ottar,NO,ottar.michelsen@iot.ntnu.no,no- trondheim,,
664,Maurstad,Gjertrud,NO,,trondheim,,
665,Lowther,A,NO,,tromsø,,
666,Bjørge,Monica D,NO,,oslo,,
667,Hildrestrand,Gunn A,NO,,oslo,,
668,Scheffler,Katja,NO,,7491 trondheim,,
669,Suganthan,Rajikala,NO,,oslo,,
670,Rolseth,Veslemøy,NO,,oslo,,
671,Kuśnierczyk,Anna,NO,,trondheim,,
672,Rowe,Alexander D,NO,,oslo,,
673,Vågbø,Cathrine B,NO,,trondheim,,
674,Vetlesen,Susanne,NO,,oslo,,
675,Eide,Lars,NO,,oslo,,
676,Slupphaug,Geir,NO,,trondheim,,
677,Klungland,Arne,NO,,oslo,,
678,Alsam,Ali,NO,ali.alsam@gmail.com,gjøvik,,
679,Helbostad,Jorunn L,NO,,trondheim,,
680,Gjøvaag,Terje F,NO,terje.gjovaag@lu.hio.no,oslo,,
681,Kopjar,B,NO,branko.kopjar@samfunnsmed.uio.no,oslo,,
682,Thiyam,Priyadarshini,NO,,no-0316 oslo,,
683,Kurumbail,Anurag,NO,,no- trondheim,,
684,Persson,Clas,NO,,no-0316 oslo,,
685,Brevik,Iver,NO,,no- trondheim,,
686,Boström,Mathias,NO,,no- trondheim,,
687,Ueland,Thor,NO,thor.ueland@klinmed.uio.no,0027 oslo,,
688,Almdahl,S M,NO,,tromsø,,
689,Wannebo,Wenche,NO,wenche.wannebo@hint.no,steinkjer,,
690,Seidu,Razak,NO,,ålesund,,
691,Alvseike,O,NO,,oslo,,
692,Larsen,R H,NO,,university of oslo,,
693,Søreide,Kjetil,NO,ksoreide@mac.com,n- stavanger,,
694,Olsen,P A,NO,,oslo,,
695,Leren,T P,NO,,oslo,,
696,Lyng,H,NO,heidi.lyng@labmed.uio.no,oslo,,
697,Gjestland,Truls,NO,,n- trondheim,,
698,Helander,Lars R,NO,,tromsø,,
699,Iversen,Eric E,NO,,tromsø,,
700,Ågmo,Anders,NO,,tromsø,,
701,Sakhi,Amrit K,NO,,university of oslo,,
702,Reas,Deborah L,NO,,oslo,,
703,Dagnachew,Binyam S,NO,binyam.dagnachew@nmbu.no.,ås,,
704,Meuwissen,Theo H E,NO,,ås,,
705,Karlsson,B R,NO,,university of oslo,,
706,Abdelnoor,M,NO,,university of oslo,,
707,Fadl Elmula,Fadl Elmula M,NO,,oslo,,
708,Hoffmann,Pavel,NO,,oslo,,
709,Evans,Alina L,NO,,no- elverum,,
710,Wright,Jonathan,NO,,trondheim,,
711,Husebye,E,NO,,bergen,,
712,Lødrup Carlsen,Karin,NO,,oslo,,
713,Øymar,Knut,NO,,stavanger,,
714,Carlsen,Kai-Håkon,NO,,oslo,,
715,Åvitsland,Tone Lise,NO,,oslo,,
716,Narverud,Ingunn,NO,,oslo,,
717,Lindvig,Henriette W,NO,,oslo,,
718,Halvorsen,Bente,NO,,oslo,,
719,Langslet,Gisle,NO,,oslo,,
720,Nenseter,Marit S,NO,,oslo,,
721,Ulven,Stine M,NO,,oslo,,
722,Ose,Leiv,NO,,oslo,,
723,Aukrust,Pål,NO,,oslo,,
724,Retterstøl,Kjetil,NO,,oslo,,
725,Haslemo,Tore,NO,tore.haslemo@diakonsyk.no,oslo,,
726,Lahooti,H,NO,,haukeland hospital,,
727,Aaen,S M,NO,,oslo,,
728,Horsberg,T E,NO,,oslo,,
729,Kantyka,T,NO,,bergen,,
730,Espinoza,Andreas,NO,andreas.espinoza@rr-research.no,n- oslo,,
731,Fagerhol,M K,NO,,oslo,,
732,Bieber,Christiane,NO,,n-0317 oslo,,
733,Brown,Richard F,NO,,n-0317 oslo,,
734,Deveugele,Myriam,NO,,n-0317 oslo,,
735,Pieterse,Arwen,NO,,n-0317 oslo,,
736,Larsen,Magnus,NO,,tromsø,,
737,Markestad,T,NO,,university of bergen,,
738,Andersen,Marit Helen,NO,marit.anderson@rikshospitalet.no,oslo,,
739,Rønningen,Kjersti S,NO,kjersti.skjold.ronningen@fhi.no,n-0403 oslo,,
740,Balaeva,Tatiana,NO,arkhangelsk.tatiana@rambler.ru.,tromsø,,
741,Klouman,Elise,NO,elise.klouman@gmail.com.,tromsø,,
742,Schoeyen,Helle K,NO,,trondheim,,
743,Dahl,V,NO,,baerum hospital,,
744,Evje,Lars G,NO,,bergen,,
745,Sonnewald,Ursula,NO,,trondheim,,
746,Moqadam,Mahmoud,NO,,trondheim,,
747,Riccardi,Enrico,NO,,trondheim,,
748,Trinh,Thuat T,NO,,trondheim,,
749,Åstrand,Per-Olof,NO,,trondheim,,
750,van Erp,Titus S,NO,,trondheim,,
751,Lorentzen,Steinar,NO,steinar.lorentzen@medisin.uio.no.,0315,,
752,Bråtveit,Magne,NO,magne.bratveit@isf.uib.no,bergen,,
753,Sigstad,Hanne Marie Høybråten,NO,h.m.h.sigstad@isp.uio.no.,university of oslo,,
754,Stuen,Snorre,NO,snorre.stuen@nvh.no,norwegian school of veterinary science sandnes,,
755,Vikøren,Turid,NO,,n- oslo,,
756,Axcrona,Karol,NO,,lørenskog,,
757,Brennhovd,Bjørn,NO,,oslo,,
758,Leon,David A,NO,,tromsø,,
759,Kisely,Steve,NO,,lørenskog,,
760,Siskind,Dan,NO,,lørenskog,,
761,Rugkåsa,Jorun,NO,,lørenskog,,
762,Materstvedt,L J,NO,lars.johan.materstvedt@medisin.ntnu.no,trondheim n-,,
763,Gebhardt,K,NO,,university of oslo,,
764,Rosenström,T H,NO,,norwegian institute of public health,,
765,Øyehaug,Leiv,NO,,oslo,,
766,Athanasiu,Lavinia,NO,,oslo,,
767,Doan,Nhat Trung,NO,,oslo,,
768,Giddaluru,Sudheer,NO,,bergen,,
769,Haukvik,Unn K,NO,,oslo,,
770,Jørgensen,Kjetil N,NO,,oslo,,
771,Westlye,Lars T,NO,,oslo,,
772,Windham,Beverly G,NO,,oslo,,
773,Agartz,Ingrid,NO,,oslo,,
774,Andreassen,Ole A,NO,,oslo,,
775,Djurovic,Srdjan,NO,,bergen,,
776,Donohoe,Gary,NO,,oslo,,
777,Espeseth,Thomas,NO,,oslo,,
778,Håberg,Asta K,NO,,trondheim,,
779,Hashimoto,Ryota,NO,,trondheim,,
780,Le Hellard,Stephanie,NO,,bergen,,
781,Jönsson,Erik G,NO,,oslo,,
782,Melle,Ingrid,NO,,oslo,,
783,Morris,Derek W,NO,,oslo,,
784,Mosley,Thomas H,NO,,oslo,,
785,Ohi,Kazutaka,NO,,trondheim,,
786,Steen,Vidar M,NO,,bergen,,
787,Koyama,Tomohide,NO,t-koyama@office.nifty.jp.,oslo,,
788,Skattum,Jorunn,NO,,oslo,,
789,Engelsen,Peder,NO,,oslo,,
790,Eken,Torsten,NO,,oslo,,
791,Gaarder,Christine,NO,,oslo,,
792,Naess,Pål Aksel,NO,,oslo,,
793,Johansson,Anders,NO,anders.johansson@iko.uib.no,bergen,,
794,Hartnik,Thomas,NO,thomas.hartnik@bioforsk.no,as,,
795,Kirkhus,Eva,NO,eva.kirkhus@medisin.uio.no.,oslo,,
796,Arvidsson,Linda Z,NO,,oslo,,
797,Smith,Hans-Jørgen,NO,,oslo,,
798,Flatø,Berit,NO,,oslo,,
799,Hetlevik,Siri O,NO,,oslo,,
800,Larheim,Tore A,NO,,oslo,,
801,Bjornelv,Sigrid,NO,sigrid.bjornelv@ntnu.no,levanger,,
802,Hjermstad,Marianne Jensen,NO,m.j.hjermstad@medisin.uio.no,trondheim,,
803,Bull,Helen,NO,,oslo university hospital,,
804,Hagen,Inge,NO,hagi@sus.no,stavanger,,
805,Kürschner,Wolfram M,NO,w.m.kuerschner@geo.uio.no,0316 oslo,,
806,Petersen,Karina,NO,,no- oslo,,
807,Song,You,NO,,n-0033 oslo,,
808,Ruus,Anders,NO,,no- oslo,,
809,Grung,Merete,NO,,no- oslo,,
810,Bakke,Torgeir,NO,,no- oslo,,
811,Tollefsen,Knut Erik,NO,,n-0033 oslo,,
812,Berg,Peer,NO,,ås,,
813,Jamtvedt,Gro,NO,,oslo,,
814,Tatara,Naoe,NO,naoe.tatara@hioa.no.,oslo,,
815,Ekeberg,Vigdis,NO,vigdis.ekeberg@ifikk.uio.no,oslo,,
816,Albandar,J M,NO,,university of oslo,,
817,Stickley,Catherine E,NO,,n-9296 tromsø,,
818,Ottersen,Trygve,NO,,bergen,,
819,Norheim,Ole F,NO,,bergen,,
820,Ringdal,Gerd Inger,NO,gerd.inger.ringdal@svt.ntnu.no,trondheim,,
821,Moen,O,NO,,oslo,,
822,Wiium,Nora,NO,nora.wiium@psyhp.uib.no,university of bergen,,
823,Lee,Aline Magdalena,NO,aline.lee@bio.ntnu.no,n- trondheim,,
824,Hankø,Erik,NO,erikh@ulrik.uio.no,university of oslo,,
825,Wigen,Tove I,NO,wigen@odont.uio.no,oslo,,
826,Lund,Heidi Sjetne,NO,heidi.sjetne.lund@nmbu.no.,oslo,,
827,Skogtun,Gaute,NO,,oslo,,
828,Sørum,Henning,NO,,oslo,,
829,Eggertsdóttir,Anna Vigdís,NO,,oslo,,
830,Boye,Kjetil,NO,,oslo,,
831,Sundby Hall,Kirsten,NO,,oslo,,
832,Smedberg,Janne,NO,janne.smedberg@farmasi.uio.no.,0316 oslo,,
833,Adamski,Marcin,NO,,bergen,,
834,Adamska,Maja,NO,maja.adamska@anu.edu.au.,bergen,,
835,Johnsen,Erik,NO,,university of bergen,,
836,Aanesen,Kristina,NO,,sandviken,,
837,Sriskandarajah,Sanjeevan,NO,,university of bergen,,
838,Kroken,Rune A,NO,,sandviken,,
839,Løberg,Else-Marie,NO,,university of bergen,,
840,Jørgensen,Hugo A,NO,,university of bergen,,
841,Kudryavtsev,Alexander V,NO,,university of tromsø,,
842,Roberts,G C,NO,glyn.roberts@nih.no,0806 oslo,,
843,Jernas,Patrycja E,NO,,tromsø,,
844,Jürgensen,Marte,NO,marte.jurgensen@cih.uib.no,bergen,,
845,Nesbø,C L,NO,,oslo,,
846,Haverkamp,T H A,NO,,oslo,,
847,Sugulle,Meryam,NO,,0424 oslo,,
848,Wik,L,NO,,ullevaal university hospital,,
849,Haraldstad,Kristin,NO,kristin.haraldstad@uia.no.,kristiansand,,
850,Christophersen,Knut-Andreas,NO,,oslo,,
851,Helseth,Sølvi,NO,,kristiansand,,
852,Borud,Einar Kristian,NO,einar.borud@fagmed.uit.no,tromsø,,
853,Kjøniksen,Anna-Lena,NO,,oslo,,
854,Lande,K,NO,,ullevaal hospital,,
855,Edvardsen,Thor,NO,,oslo university hospital and university of oslo,,
856,Licaj,Idlir,NO,,tromsø,,
857,Jacobsen,Bjarne Koster,NO,,tromsø,,
858,Selmer,Randi Marie,NO,,oslo,,
859,Weiderpass,Elisabete,NO,,tromsø,,
860,Gram,Inger Torhild,NO,,tromsø,,
861,Silvola,Juha,NO,juha.silvola@ous-hf.no.,oslo,,
862,Bjørlykke,Gry Aletta,NO,,bergen,,
863,Moen,M H,NO,,university hospital of trondheim,,
864,Abildgaard,A,NO,,oslo,,
865,Heyn,Lena,NO,lena.heyn@rr-research.no,oslo,,
866,Moe,Vibeke,NO,,oslo,,
867,von Soest,Tilmann,NO,,oslo,,
868,Fredriksen,Eivor,NO,,oslo,,
869,Olafsen,Kåre S,NO,,oslo,,
870,Smith,Lars,NO,,oslo,,
871,Malde,Ketil,NO,ketil.malde@imr.no,bergen,,
872,Halvorsen,Inger,NO,,oslo university hospital,,
873,Reas,Deborah Lynn,NO,,oslo university hospital,,
874,Nilsen,Jan-Vegard,NO,,oslo university hospital,,
875,Rø,Øyvind,NO,,oslo university hospital,,
876,Johansson,Kjell Arne,NO,,bergen,,
877,Straume,Daniel,NO,daniel.straume@umb.no,n- as,,
878,Sand,Kari,NO,kari.sand@ntnu.no,no- trondheim,,
879,Stigen,Linda,NO,,gjøvik,,
880,Bjørk,Evastina,NO,,gjøvik,,
881,Lund,Anne,NO,,oslo,,
882,Cvancarova Småstuen,Milada,NO,,oslo,,
883,Østby,Ivar,NO,ivaro@ifi.uio.no,oslo,,
884,Røed,K H,NO,knut.roed@vetinst.no,oslo,,
885,Andersen,Synne Marte,NO,san@nifes.no.,bergen,,
886,Rasmussen,M,NO,,oslo,,
887,Johansson,Bente B,NO,,bergen,,
888,Fjeld,Karianne,NO,,bergen,,
889,El Jellas,Khadija,NO,,bergen,,
890,Gravdal,Anny,NO,,bergen,,
891,Dalva,Monica,NO,,bergen,,
892,Tjora,Erling,NO,,bergen,,
893,Ræder,Helge,NO,,bergen,,
894,Johansson,Stefan,NO,,bergen,,
895,Njølstad,Pål R,NO,,bergen,,
896,Vaglum,P,NO,,oslo,,
897,Messaoudi,Elhoucine,NO,,n- bergen,,
898,Kvestad,Ellen,NO,ellen.kvestad@fhi.no,oslo,,
899,Tropé,Ameli,NO,ameli.trope@me.com,lørenskog,,
900,Johnsen,B H,NO,,university of bergen,,
901,Borthen,Ingrid,NO,ingrid.borthen@med.uib.no,bergen,,
902,Wohlwend,Martin,NO,,trondheim,,
903,Rognmo,Øivind,NO,,trondheim,,
904,Mattsson,Erney,NO,,trondheim,,
905,Snellingen,T,NO,torkel.snellingen@ism.uit.no,university of tromso,,
906,Brauckhoff,Michael,NO,michael.brauckhoff@helse-bergen.no.,bergen,,
907,Kairemo,K J,NO,,trondheim,,
908,Jørgensen,L,NO,lone.jorgensen@uit.no,tromsø,,
909,Pezzuto,Simone,NO,,fornebu,,
910,Sundnes,Joakim,NO,,fornebu,,
911,Rashidi,Mitra,NO,mitrarashidi@hotmail.com,oslo,,
912,Degré,M,NO,,rikshospitalet,,
913,Wesenberg,Finn,NO,,university of oslo,,
914,Christensen,Monika H E,NO,,bergen,,
915,Grimmer,Stine,NO,,oslo,,
916,Hegstad,S,NO,solfrid.hegstad@fhi.no,no-0403 oslo,,
917,Jacobsson,Bo,NO,,oslo,,
918,Larsen,Geir Arne,NO,g.a.larsen@labmed.uio.no,oslo,,
919,Søreide,Eldar,NO,soed@sus.no,stavanger,,
920,Osterås,O,NO,,oslo,,
921,Karinen,Ritva,NO,rika@fhi.no,0403 oslo,,
922,Romi,Fredrik,NO,fredrik.romi@haukeland.no,bergen,,
923,Reigstad,A,NO,,national hospital university of oslo,,
924,Olsen,I,NO,,university of oslo,,
925,Aase,Audun,NO,audun.aase@fhi.no,no-0403 oslo,,
926,Vik,Torstein,NO,,trondheim,,
927,Lydersen,Stian,NO,,7491 trondheim,,
928,Bakken,Inger Johanne,NO,,0403 oslo,,
929,Andersen,Guro L,NO,,7491 trondheim,,
930,Nordahl,Henrik,NO,,trondheim,,
931,Sand,Kine Marita Knudsen,NO,,oslo,,
932,Landsverk,Ole J B,NO,,oslo,,
933,Berg-Larsen,Axel,NO,,oslo,,
934,Bakke,Oddmund,NO,,oslo,,
935,Gregers,Tone F,NO,,oslo,,
936,Wampold,Bruce E,NO,bwampold@wisc.edu,vikersund,,
937,Birkeland,Einar,NO,,bergen,,
938,Burkow,I C,NO,,tromsø,,
939,Ropstad,Ernst O,NO,ernst.ropstad@veths.no,oslo,,
940,Thune,Inger,NO,,oslo,,
941,Flørenes,V A,NO,v.a.florenes@labmed.uio.no,oslo,,
942,Pape,Kristine,NO,kristine.pape@ntnu.no,trondheim,,
943,Hussain,A,NO,akhtar.hussain@medisin.uio.no,university of oslo,,
944,Abel Zur Wiesch,Pia,NO,,oslo,,
945,Haugen,Thomas A,NO,,oslo,,
946,Jacobsen,B K,NO,bjarne.jacobsen@ism.uit.no,n- tromsø,,
947,Oftedal,G,NO,,trondheim,,
948,Botteri,E,NO,,oslo,,
949,de Lange,T,NO,,oslo,,
950,Tonstad,S,NO,,oslo,,
951,Berstad,P,NO,,oslo,,
952,Michelsen,Brigitte,NO,,oslo,,
953,Kvien,Tore K,NO,,oslo,,
954,Bakke,A,NO,,bergen,,
955,Buø,L,NO,,oslo,,
956,Meyer,Haakon E,NO,haakon.meyer@fhi.no,oslo,,
957,Ovrum,E,NO,,oslo heart center,,
958,Ludvigsen,Stian,NO,stian.ludvigsen@uit.no.,tromsö,,
959,Engdal,Silje,NO,silje.engdal@ntnu.no,trondheim,,
960,Borge,Ole Johan,NO,ole.borge@bion.no,no- oslo,,
961,Schubert,Marian,NO,,1432 ås,,
962,Fjellheim,Siri,NO,,1432 ås,,
963,Eliassen,Bent-Martin,NO,bent-martin.eliassen@uit.no,tromsø,,
964,Johansen,Jan Børre,NO,janborre.johansen@uus.no,oslo university hospital,,
965,Alseth,Ingrun,NO,,the national hospital n- oslo,,
966,Hoel,Tom N,NO,tom.nilsen.hoel@rikshospitalet.no,oslo,,
967,Ree,A H,NO,a.h.ree@dnr.uio.no,oslo,,
968,Sørnes,T,NO,,akershus central hospital,,
969,Johannessen,S I,NO,,the national centre for epilepsy,,
970,Kristiansen,Marianne,NO,marianne.kristiansen@ioks.uio.no,oslo,,
971,Skaare,Anne B,NO,,oslo,,
972,Pawlowski,Andrzej Adam,NO,,oslo,,
973,Maseng Aas,Anne-Lise,NO,,oslo,,
974,Espelid,Ivar,NO,,oslo,,
975,Verreault,Jonathan,NO,jonathan@npolar.no,no-,,
976,Langhammer,Astrid Jordet,NO,,norwegian university of science and technology (ntnu),,
977,Stensheim,Hanne,NO,,oslo,,
978,Turowski,Gitta,NO,,oslo,,
979,Braathen,Ranveig,NO,,oslo,,
980,Stien,A,NO,audun.stien@nina.no,tromsø,,
981,Pedersen,Eva Kristine Ringdal,NO,,bergen,,
982,Svingen,Gard Frodahl Tveitevåg,NO,,bergen,,
983,Tell,Grethe Seppola,NO,,bergen,,
984,Schartum-Hansen,Hall,NO,,hamar,,
985,Aakre,Kristin Moberg,NO,,bergen,,
986,Nygård,Ottar,NO,,bergen,,
987,Vikenes,Kjell,NO,,bergen,,
988,Davidson,Ben,NO,,montebello n- oslo,,
989,Dickstein,Kenneth,NO,kenneth.dickstein@med.uib.no,stavanger university hospital,,
990,Hessen,Dag O,NO,,university of oslo oslo,,
991,Hafslund,Ola T,NO,,university of oslo oslo,,
992,Andersen,Tom,NO,,university of oslo oslo,,
993,Broch,Catharina,NO,,university of oslo oslo,,
994,Shala,Nita K,NO,,university of oslo oslo,,
995,Wojewodzic,Marcin W,NO,,university of oslo oslo,,
996,Aakra,A.,NO,,n-1432 as,,
997,Oiesvold,T,NO,,bodø,,
998,Waage,Anders,NO,,trondheim,,
999,Tjønnfjord,Geir E,NO,,oslo,,
1000,Kahrs,Johannes,NO,,fredrikstad,,
1001,Holme,Pål Andrè,NO,,oslo,,
1002,Skeie,S,NO,,university of bergen,,
1003,Luan,Tu,NO,tu.luan@umb.no,n-1432 as,,
1004,Umetani,Ikumi,NO,,bø,,
1005,Myhrstad,Mari C W,NO,,oslo,,
1006,Ottestad,Inger,NO,,0130 oslo,,
1007,Günther,Clara-Cecilie,NO,,oslo,,
1008,Ryeng,Einar,NO,,trondheim,,
1009,Holden,Marit,NO,,oslo,,
1010,Brønner,Kirsti W,NO,,oslo,,
1011,Kohler,Achim,NO,,1432 ås,,
1012,Holven,Kirsten B,NO,,oslo,,
1013,Ulven,Stine M,NO,,0317 oslo,,
1014,Steihaug,S,NO,sissel.steihaug@sfk.uio.no,urban district stovner/oslo,,
1015,Storstein,Anette,NO,astt@helse-bergen.no,n- bergen,,
1016,Norderval,S,NO,stig.norderval@unn.no,tromsø,,
1017,Wilberg,Theresa,NO,theresa.wilberg@psykiatri.uio.no,oslo,,
1018,Bjørnestad,E,NO,elbj@helse-bergen.no,bergen,,
1019,Wijffels,René H,NO,,n-8049 bodø,,
1020,Knapskog,Anne-Brita,NO,,ullevaal,,
1021,Fjell,Anders M,NO,andersmf@psykologi.uio.no,oslo,,
1022,Sletten,I N,NO,ida.sletten@live.no,oslo,,
1023,Tegnander,A,NO,,trondheim university hospital,,
1024,Bjellaas,T,NO,,oslo,,
1025,Müller,T B,NO,,trondheim,,
1026,Fjaerli,Hans-Olav,NO,h.o.fjarli@medisin.uio.no,oslo,,
1027,Kildebo,S,NO,,tromsø,,
1028,Simonsen,Eva,NO,,oslo,,
1029,Skjærvø,S L,NO,,trondheim,,
1030,Høydalsvik,K,NO,,trondheim,,
1031,Blichfeld,A B,NO,,trondheim,,
1032,Einarsrud,M-A,NO,,trondheim,,
1033,Grande,T,NO,,trondheim,,
1034,Hoff,Dag Arne Lihaug,NO,dag.hoff@helse-mr.no.,aalesund,,
1035,Musial,Frauke,NO,,tromsø,,
1036,Kristoffersen,Agnete A,NO,,tromsø,,
1037,Alræk,Terje,NO,,tromsø,,
1038,Holmedahl,Nils Henrik,NO,nilshenrik.holmedahl@lhl-klinikkene.no.,hakadal,,
1039,Carter,Tim,NO,tim.carter@mcga.gov.uk,bergen,,
1040,Malm,D,NO,,university hospital of tromsoe,,
1041,Fredman,David,NO,,5008 bergen,,
1042,Osterholt,Helene C D,NO,helendo@medisin.uio.no,lørenskog,,
1043,He,D,NO,,university of oslo,,
1044,Fjelldal,Per Gunnar,NO,pergf@imr.no.,matredal,,
1045,Solberg,Monica F,NO,,bergen,,
1046,Hansen,Tom,NO,,matredal,,
1047,Vågseth,Tone,NO,,matredal,,
1048,Glover,Kevin Alan,NO,,bergen,,
1049,Kryvi,Harald,NO,,bergen,,
1050,Janssen,Emilius A M,NO,,stavanger,,
1051,Kildebo,S,NO,,university hospital of tromsø,,
1052,Grohganz,Holger,NO,holgerg@farmasi.uit.no,n- tromsø,,
1053,Fagerström,Lisbeth,NO,,drammen,,
1054,Magne Ueland,Per,NO,,bergen,,
1055,Midttun,Øivind,NO,,bergen,,
1056,Karlsen,H O,NO,,bergen,,
1057,Johnsen,S L,NO,,bergen,,
1058,Rasmussen,S,NO,,bergen,,
1059,Kiserud,T,NO,,bergen,,
1060,Fasmer,Ole Bernt,NO,ole.fasmer@kliniskmedisin.uib.no,bergen,,
1061,Solbjør,Marit,NO,marit.solbjor@ntnu.no,trondheim,,
1062,Olsen,Karina,NO,karina.olsen@unn.no,tromsø,,
1063,Iversen,Ole-Erik,NO,,bergen,,
1064,Graver,V,NO,,oslo,,
1065,Ording Muller,Lil-Sofie,NO,,ullevål,,
1066,Tingbø,M G,NO,monica.gausdal.tingbo@nofima.no,aas,,
1067,Monjo,Marta,NO,marta.monjo@uib.es,oslo,,
1068,Haug,Anita,NO,anita.haug@vetinst.no,n-0033 oslo,,
1069,Robertson,Lucy,NO,lucy.robertson@veths.no,oslo,,
1070,Panzacchi,Manuela,NO,,no-7485,,
1071,Van Moorter,Bram,NO,,no-7485,,
1072,Strand,Olav,NO,,no-7485,,
1073,Herfindal,Ivar,NO,,no-,,
1074,Sivertsen,Einar Andreas,NO,,oslo,,
1075,Andersen,Tom,NO,,n0316 oslo,,
1076,Krukhaug,Y,NO,yngvar.krukhaug@helse-bergen.no.,bergen,,
1077,Lie,S A,NO,,bergen,,
1078,Havelin,L I,NO,,bergen,,
1079,Furnes,O,NO,,bergen,,
1080,Hove,L M,NO,,bergen,,
1081,Hallan,G,NO,,bergen,,
1082,Eriksen,B O,NO,medboe@rito.no,university hospital of tromsø,,
1083,Trannum,Hilde Cecilie,NO,hilde.trannum@niva.no,no- oslo,,
1084,Sirnes,P A,NO,psirnes@online.no,feiring heart clinic,,
1085,Kaada,B,NO,,stavanger,,
1086,Sioud,Mouldy,NO,mosioud@ulrik.uio.no,n- oslo,,
1087,Heldal,K K,NO,kari.heldal@stami.no,oslo,,
1088,Tveito,Kari,NO,kari.tveito@hotmail.com,oslo,,
1089,Niemann,Helge,NO,,tromsø,,
1090,Aronsen,Tonje,NO,tonje.aronsen@ntnu.no.,trondheim,,
1091,Lie,B A,NO,b.a.lie@labmed.uio.no,n- oslo,,
1092,Vallittu,P K,NO,,haslum,,
1093,Hentemann,Martha,NO,,tromsø,,
1094,Uhlig,Till,NO,till.uhlig@diakonsyk.no,oslo,,
1095,Sagberg,Ingunn,NO,ingunn.sagberg@gmail.com.,levanger,,
1096,Platou,Carl,NO,,levanger,,
1097,Haugnes,Bård,NO,,levanger,,
1098,Hov,Håkon,NO,,trondheim,,
1099,Rønne,Elin,NO,,trondheim,,
1100,Catalán-Serra,Ignacio,NO,,levanger,,
1101,Andersen,Geir Oystein,NO,g.o.andersen@labmed.uio.no,0316 oslo,,
1102,Lindenskov,Paal H H,NO,,no- oslo,,
1103,Andersen,Bjarte T,NO,,fredrikstad,,
1104,Augestad,Knut M,NO,,lorenskog,,
1105,Ignjatovic,Dejan,NO,,lorenskog,,
1106,Fodstad,Kathrine,NO,,oslo,,
1107,Staff,Anne C,NO,,oslo,,
1108,Laine,Katariina,NO,,oslo,,
1109,Friis-Ottessen,Mariann,NO,,oslo,,
1110,De Angelis,Paula M,NO,,oslo,,
1111,Schjølberg,Aasa R,NO,,oslo,,
1112,Andersen,Solveig N,NO,,nordbyhagen,,
1113,Clausen,Ole Petter F,NO,,oslo,,
1114,Standal,Øyvind F,NO,,norwegian school of sport sciences in oslo,,
1115,Oftung,F,NO,fredrik.oftung@folkehelsa.no,oslo,,
1116,Mjøen,Geir,NO,dagsa75@c2i.net,bergen,,
1117,Awoyemi,Ayodeji,NO,,0424 oslo,,
1118,Trøseid,Marius,NO,,0424 oslo,,
1119,Arnesen,Harald,NO,,0424 oslo,,
1120,Solheim,Svein,NO,,0424 oslo,,
1121,Seljeflot,Ingebjørg,NO,,0424 oslo,,
1122,Akbari,Mansour,NO,,n- trondheim,,
1123,Nossent,H,NO,revhan@rito.no,university hospital tromsø,,
1124,Sletten,E T,NO,,tromsø,,
1125,Arnes,M,NO,,tromsø,,
1126,Lyså,L M,NO,,tromsø,,
1127,Larsen,M,NO,,tromsø,,
1128,Ørbo,A,NO,,tromsø,,
1129,Saeter,G,NO,,oslo,,
1130,Vitale,Nicola,NO,,bergen,,
1131,Dale,O B,NO,,oslo,,
1132,Haakstad,Lene A H,NO,lene.haakstad@nih.no,oslo,,
1133,Jørgensen,Lone,NO,lone.jorgensen@ism.uit.no,n- tromsø,,
1134,Holmøy,Trygve,NO,trygve.holmoy@rr-research.no,oslo university hospital ullevål,,
1135,Kurz,M,NO,,stavanger,,
1136,Sivertsen,Børge,NO,,bergen,,
1137,Knapstad,Marit,NO,,bergen,,
1138,Øverland,Simon,NO,,bergen,,
1139,Høgåsen,H R,NO,,0033 oslo,,
1140,Hassan,Junaid,NO,,ås,,
1141,Qu,Zhi,NO,,ås,,
1142,Bergaust,Linda L,NO,,ås,,
1143,Bakken,Lars R,NO,,ås,,
1144,Kögel,Tanja,NO,,bergen,,
1145,Hassani,Sahar,NO,,oslo,,
1146,Lindman,Anja Schou,NO,,oslo,,
1147,Kristoffersen,Doris Tove,NO,,oslo,,
1148,Tomic,Oliver,NO,,oslo,,
1149,Helgeland,Jon,NO,,oslo,,
1150,Folkvord,Sigurd,NO,,oslo,,
1151,von Hanno,Therese,NO,thvhanno@online.no,bodø,,
1152,Sogge,Hanne,NO,,oslo,,
1153,Lagesen,Karin,NO,,oslo,,
1154,Tooming-Klunderud,Ave,NO,,oslo,,
1155,Jakobsen,Kjetill S,NO,,oslo,,
1156,Rohrlack,Thomas,NO,,oslo,,
1157,Jakola,Asgeir S,NO,asgeir.jakola@stolav.no,trondheim,,
1158,Bergø,G W,NO,,university of bergen,,
1159,Bjerklund-Johansen,Truls Erik,NO,,oslo,,
1160,Thomas,Kolle E,NO,,university of tromsø,,
1161,Rø,Øyvind,NO,oyvind.roe@modum-bad.no,vikersund,,
1162,Hungnes,Olav,NO,olav.hungnes@fhi.no,n-0403 oslo,,
1163,Ims,R A,NO,,university of oslo,,
1164,Assefa,Netsanet Gizaw,NO,,tromsø,,
1165,Niiranen,Laila,NO,,tromsø,,
1166,Johnson,Kenneth A,NO,,tromsø,,
1167,Leiros,Hanna-Kirsti Schrøder,NO,,tromsø,,
1168,Smalås,Arne Oskar,NO,,tromsø,,
1169,Willassen,Nils Peder,NO,,tromsø,,
1170,Moe,Elin,NO,,tromsø,,
1171,Haugan,Grethe,NO,,lovisenberg deaconal university college,,
1172,Faiz,Kashif Waqar,NO,kashiffaiz@gmail.com,akershus universitetssykehus,,
1173,Kessler,J,NO,jorg.kessler@kk.uib.no,bergen,,
1174,Øian,Pål,NO,,tromsø,,
1175,Håvarstein,L S,NO,sigve.havarstein@ibf.nlh.no,as,,
1176,van der Meer,D,NO,,oslo,,
1177,Faraone,S V,NO,,bergen,,
1178,Djurovic,S,NO,,oslo,,
1179,Møllendal,Harald,NO,harald.mollendal@kjemi.uio.no,no-0315 oslo,,
1180,Blix,I J,NO,,university of oslo,,
1181,Tørstad,Solveig,NO,solveig.torstad@sabhf.no,rud,,
1182,Mamaeva,Veronika,NO,,bergen,,
1183,Pettersen,Ina K N,NO,,bergen,,
1184,McCormack,Emmet,NO,,bergen,,
1185,Abebe,Gezahegn,NO,,university of oslo,,
1186,Vinningland,Jan Ludvig,NO,janlv@fys.uio.no,n-0316 oslo,,
1187,Gran,J T,NO,,arendal,,
1188,Romundstad,Pål,NO,,trondheim,,
1189,Gatumu,Margaret K,NO,margaret.gatumu@gades.uib.no,bergen,,
1190,Sandvik,A K,NO,,trondheim,,
1191,Fønnebø,Vinjar,NO,,university of tromsø,,
1192,Jahnsen,F L,NO,,rikshospitalet,,
1193,Lund,T,NO,,university of tromsø,,
1194,Micci,Francesca,NO,francesca.micci@labmed.uio.no.,oslo,,
1195,Bonsaksen,Tore,NO,,oslo,,
1196,Sveen,Unni,NO,,oslo,,
1197,Dolva,Anne-Stine,NO,,lillehammer,,
1198,Horghagen,Sissel,NO,,trondheim,,
1199,Thyness,Else Merete,NO,,oslo,,
1200,Hagby,Cathrine,NO,,drammen,,
1201,Arntzen,Cathrine,NO,,tromsø,,
1202,Khan,Rabia,NO,,oslo,,
1203,Junges,Roger,NO,,oslo,,
1204,Åmdal,Heidi A,NO,,oslo,,
1205,Petersen,Fernanda C,NO,f.c.petersen@odont.uio.no.,oslo,,
1206,Warringer,Jonas,NO,,ås,,
1207,Åkra,Sissel,NO,,oslo,,
1208,Aksnes,Tonje A,NO,,oslo,,
1209,Flaa,Arnljot,NO,,oslo,,
1210,Eggesbø,Heidi B,NO,,oslo,,
1211,Opstad,Trine Baur,NO,,oslo,,
1212,Njerve,Ida U,NO,,oslo,,
1213,Seljeflot,Ingebjørg,NO,,oslo,,
1214,Furu,Kari,NO,kari.furu@fhi.no,0403 oslo,,
1215,Eskild,A,NO,,0403 oslo,,
1216,Fiedler,Johannes,NO,,no-0316 oslo,,
1217,Persson,Clas,NO,,no-0316 oslo,,
1218,Boström,Mathias,NO,,no- trondheim,,
1219,Berge,Eivind,NO,,oslo,,
1220,Kjelsberg,Ellen,NO,ellen.kjelsberg@kompetanse-senteret.no,oslo,,
1221,Kristianslund,Eirik,NO,eirik.kristianslund@nih.no,0806 oslo,,
1222,Jarnaess,Elisabeth,NO,,n-0317 oslo,,
1223,Nygaard,Vigdis,NO,vigdis.nygaard@rr-research.no,oslo,,
1224,Sørbø,Gunnar M,NO,gunnar.sorbo@cmi.no,bergen,,
1225,Nøvik,Torunn Stene,NO,torunn.novik@sb-hf.no,drammen,,
1226,Nilsen,T I,NO,,n- trondheim,,
1227,West,M,NO,,nesoddtangen,,
1228,Bell,H,NO,,oslo,,
1229,Fagerlund,Annette,NO,annette.fagerlund@nofima.no.,ås,,
1230,Langsrud,Solveig,NO,,ås,,
1231,Moen,Birgitte,NO,,ås,,
1232,Heir,Even,NO,,ås,,
1233,Møretrø,Trond,NO,,ås,,
1234,Valen-Sendstad,Kristian,NO,,lysaker,,
1235,Kvien,T K,NO,,diakonhjemmet hospital,,
1236,Aavitsland,P,NO,,oslo,,
1237,Weedon-Fekjær,Harald,NO,,oslo,,
1238,Slatkowsky-Christensen,Barbara,NO,barbaraschrist@hotmail.com,oslo,,
1239,Yao,A C,NO,,trondheim,,
1240,Sylte,I,NO,ingebrigt.sylte@uit.no,university of tromso,,
1241,Bağcıoğlu,Murat,NO,,ås,,
1242,Zimmermann,Boris,NO,,ås,,
1243,Kohler,Achim,NO,,ås,,
1244,Strømseng Sjetne,Ingeborg,NO,,oslo,,
1245,Tvedt,Christine,NO,,oslo,,
1246,Wiberg Tjønnfjord,Maria,NO,,akershus,,
1247,Niemi,G,NO,,oslo,,
1248,Torp,R,NO,,university of oslo,,
1249,Skagen,D W,NO,,haukeland sykehus,,
1250,Halvorsen,Sigrun,NO,,oslo,,
1251,Atar,Dan,NO,,oslo,,
1252,Roalkvam,Irene,NO,,university of bergen,,
1253,Knudtzon,J,NO,,oslo,,
1254,Halstensen,A,NO,,university of bergen,,
1255,Lindbaek,M,NO,,university of oslo,,
1256,Kvehaugen,Anne Stine,NO,,oslo,,
1257,Grøndahl,Pål,NO,,oslo,,
1258,Stridbeck,Ulf,NO,,oslo,,
1259,Kaldhusdal,M,NO,,oslo,,
1260,Aasland,R,NO,,university of bergen,,
1261,Løvstad,Rolf A,NO,rolflo@basalmed.uio.no,oslo,,
1262,Lupattelli,Angela,NO,,oslo,,
1263,Sciotto,Caterina,NO,,bergen,,
1264,Bjarnadóttir,Stefanía Guðrún,NO,,no- ås,,
1265,Almåsbak,Hilde,NO,,oslo,,
1266,Berg,O K,NO,ole.berg@bio.ntnu.no,no- trondheim,,
1267,Steinnes,E,NO,,kjeller,,
1268,Lønning,P E,NO,,bergen,,
1269,Grindem,Hege,NO,,oslo,,
1270,Moksnes,Håvard,NO,,oslo,,
1271,Engebretsen,Lars,NO,,oslo,,
1272,Risberg,May Arna,NO,,oslo,,
1273,Berg,Bente G,NO,bente.berg@svt.ntnu.no,n- trondheim,,
1274,Førre,O,NO,,university of oslo,,
1275,Småbrekke,Birgit,NO,,tromsø,,
1276,Rinde,Ludvig Balteskard,NO,,tromsø,,
1277,Hindberg,Kristian,NO,,tromsø,,
1278,Hald,Erin Mathiesen,NO,,tromsø,,
1279,Vik,Anders,NO,,tromsø,,
1280,Wilsgaard,Tom,NO,,tromsø,,
1281,Løchen,Maja-Lisa,NO,,tromsø,,
1282,Njølstad,Inger,NO,,tromsø,,
1283,Mathiesen,Ellisiv B,NO,,tromsø,,
1284,Hansen,John-Bjarne,NO,,tromsø,,
1285,Brækkan,Sigrid,NO,,tromsø,,
1286,Li,Xiaoran,NO,,oslo,,
1287,Axcrona,Karol,NO,,lørenskog,,
1288,Eide,Lars,NO,,oslo,,
1289,Syljuåsen,Randi G,NO,,oslo,,
1290,Peng,Qian,NO,,oslo,,
1291,Wang,Junbai,NO,,oslo,,
1292,Goscinski,Mariusz Adam,NO,,oslo,,
1293,Kvalheim,Gunnar,NO,,oslo,,
1294,Nesland,Jahn M,NO,,oslo,,
1295,Suo,Zhenhe,NO,,oslo,,
1296,Bleka,Øyvind,NO,,oslo university hospital,,
1297,Lilleby,W,NO,wolfgang.lilleby@klinmed.uio.no,n- oslo,,
1298,Solberg,H E,NO,,oslo,,
1299,Wickler,Stephen,NO,,tromsø,,
1300,Karlsdottir,R,NO,,trondheim,,
1301,Nase,Gabriele,NO,,no- oslo,,
1302,Tonstad,Serena,NO,serena.tonstad@uus.no,oslo,,
1303,Maniaol,Angelina H,NO,,oslo,,
1304,Harbo,Hanne F,NO,,oslo,,
1305,Lie,Benedicte A,NO,,oslo,,
1306,Torske,Magnhild Oust,NO,magnhild.o.torske@ntnu.no.,levanger,,
1307,Frost,Joachim,NO,joachim.frost@stolav.no,trondheim,,
1308,Meltzer,H M,NO,,blindern,,
1309,Tellnes,G,NO,,university of oslo,,
1310,Carricondo-Sanchez,David,NO,,koppang,,
1311,Odden,Morten,NO,,koppang,,
1312,Linnell,John D C,NO,,trondheim,,
1313,Odden,John,NO,,trondheim,,
