temp_id,lastname,firstname,countries_scope,email,town,role,url
1,Preljevic,Valjbona T,NO,prva@uus.no,oslo university hospital,,
2,Jacobsen,Bjarne K,NO,,tromsø,,
3,Aars,Nils Abel,NO,,tromsø,,
4,Skjesol,Astrid,NO,,n-  tromsø,,
5,Andersen,Vidar,NO,,trondheim,,
6,Myhr,Kjell-Morten,NO,,bergen,,
7,Cataliotti,Alessandro,NO,,oslo,,
8,Wells,Adrian,NO,,trondheim,,
9,Sunde,Kjetil,NO,,oslo,,
10,Buciuto,Robert,NO,robert.buciuto@stolav.no.,trondheim,,
11,Hotvedt,R,NO,ragnar.hotvedt@ism.uit.no,university of tromsø,,
12,Zuo,Hui,NO,,bergen,,
13,Tell,Grethe S,NO,,bergen,,
14,Ueland,Per M,NO,,bergen,,
15,Nygård,Ottar,NO,,bergen,,
16,Vollset,Stein E,NO,,bergen,,
17,Midttun,Øivind,NO,,bergen,,
18,Meyer,Klaus,NO,,bergen,,
19,Ulvik,Arve,NO,,bergen,,
20,Aahlin,Eirik K,NO,,tromsø,,
21,Lassen,Kristoffer,NO,,tromsø,,
22,Siljeholm,J,NO,jornsi@mit.edu,blindern,,
23,Robertsen,Børre,NO,borrer@nfh.uit.no,n- tromsø,,
24,Lågstad,Stian,NO,,oslo,,
25,Zhao,Sen,NO,,oslo,,
26,Hoff,Andreas M,NO,,oslo,,
27,Johannessen,Bjarne,NO,,oslo,,
28,Lingjærde,Ole Christian,NO,,oslo,,
29,Skotheim,Rolf I,NO,,oslo,,
30,Wood,Mollie E,NO,,university of oslo,,
31,Nordeng,Hedvig M E,NO,,university of oslo,,
32,Paulsen,Berit S,NO,,no-0316 oslo,,
33,Rise,Frode,NO,,no-0315 oslo,,
34,Barsett,Hilde,NO,,no-0316 oslo,,
35,Grønli,Janne,NO,,bergen,,
36,Kalfoss,Mary,NO,mary.kalfoss@c2i.net,oslo,,
37,Bjerkehagen,B,NO,,oslo,,
38,Aukrust,P,NO,,university of oslo,,
39,Paulsen,Gøran,NO,,oslo,,
40,Eidsheim,Hedda Ø,NO,,lillehammer,,
41,Helland,Christian,NO,,oslo,,
42,Seynnes,Olivier,NO,,oslo,,
43,Solberg,Paul A,NO,,fredrikstad,,
44,Rønnestad,Bent R,NO,,lillehammer,,
45,Bjerknes,Tale L,NO,,trondheim,,
46,Kruge,Ingvild U,NO,,trondheim,,
47,Moser,Edvard I,NO,,trondheim,,
48,Dalgard,Olav,NO,,lørenskog,,
49,Busund,R,NO,,tromsö university hospital,,
50,Bjerkreim,I,NO,,sophies minde,,
51,Johnsen,B H,NO,,department of biological and medical psychology,,
52,Berg,Kari Helene,NO,,ås,,
53,Skårdalsmo Bjørgo,Envor M,NO,,oslo,,
54,Jensen,Tine K,NO,,university of oslo,,
55,Wyller,Vegard B,NO,brwylle@online.no.,oslo,,
56,Hestad,Knut A,NO,,brumunddal,,
57,Kauserud,Håvard,NO,,no- oslo,,
58,Østbyhaug,Per Olav,NO,per-olav.ostbyhaug@stolav.no,trondheim,,
59,Zimmermann,Melanie,NO,,bergen,,
60,Østbye,K,NO,kjartan.ostbye@bio.uio.no,n- trondheim,,
61,Nystuen,Pal,NO,pal@psykologbistand.no,oslo,,
62,Poduval,Deepak,NO,,bergen,,
63,Berntsen,Erik Magnus,NO,erik.berntsen@stolav.no,st. olavs hospital,,
64,Brændengen,Morten,NO,mortbrae@medisin.uio.no,oslo,,
65,Vainio,Kirsti,NO,kirsti.vainio@fhi.no,oslo,,
66,Vasskog,Terje,NO,,tromsø n-,,
67,Heldal,M,NO,magnus.heldal@ioks.uio.no,oslo,,
68,Reenaas,Turid W,NO,,trondheim,,
69,Holmestad,Randi,NO,,trondheim,,
70,Vullum,Per Erik,NO,,7065 trondheim,,
71,Bjerknes,T,NO,,university of bergen,,
72,Holmberg,Hans-Christer,NO,,tromsø,,
73,Herrmann,Bent,NO,,tromsø,,
74,Skovlund,Eva,NO,,oslo,,
75,Rysstad,Tarjei,NO,rysstad@live.no.,oslo,,
76,Røe,Yngve,NO,,oslo,,
77,Haldorsen,Benjamin,NO,,bærum,,
78,Svege,Ida,NO,,oslo,,
79,Strand,Liv Inger,NO,,bergen,,
80,Aall,Carlo,NO,,sogndal,,
81,Baltruszewicz,Marta,NO,,sogndal,,
82,Richardsen Moberg,Karen,NO,,sogndal,,
83,Dickstein,Kenneth,NO,,bergen,,
84,Tesli,Martin,NO,,oslo,,
85,Bettella,Francesco,NO,,oslo,,
86,Aas,Monica,NO,,oslo,,
87,Lagerberg,Trine Vik,NO,,oslo,,
88,Djurovic,Srdjan,NO,,oslo,,
89,Andreassen,Ole A,NO,,oslo,,
90,Melle,Ingrid,NO,,oslo,,
91,von Lueder,Thomas G,NO,,rikshospitalet,,
92,Moen,M H,NO,,university of oslo,,
93,Evensen,Stig,NO,,oslo,,
94,Ueland,Torill,NO,,oslo,,
95,Lystad,June Ullevoldsæter,NO,,oslo,,
96,Bull,Helen,NO,,oslo,,
97,Klungsøyr,Ole,NO,,oslo,,
98,Martinsen,Egil W,NO,,oslo,,
99,Falkum,Erik,NO,,oslo,,
100,Rønsen,Astrid,NO,,oslo,,
101,Fossmark,Reidar,NO,reidar.fossmark@ntnu.no,trondheim,,
102,Pischke,Soeren Erik,NO,,oslo,,
103,Haugaa,Hakon,NO,,oslo,,
104,Tonnessen,Tor Inge,NO,,oslo,,
105,Kaljusto,Mari-Liis,NO,m.l.kaljusto@medisin.uio.no,university of oslo,,
106,Helgesen,Anne Lise Ording,NO,anneliseord@yahoo.no,oslo university hospital,,
107,Helseth,Øystein,NO,,oslo,,
108,Vik,Anders,NO,,tromsø,,
109,Brodin,Ellen E,NO,,tromsø,,
110,Mathiesen,Ellisiv B,NO,,tromsø,,
111,Brox,Jan,NO,,tromsø,,
112,Jørgensen,Lone,NO,,uit - the arctic university of norway,,
113,Njølstad,Inger,NO,,tromsø,,
114,Brækkan,Sigrid K,NO,,tromsø,,
115,Hansen,John-Bjarne,NO,,tromsø,,
116,Akor-Dewu,Maryam B,NO,,oslo,,
117,Zarza,Carlos,NO,,stavanger,,
118,Ertesvåg,H,NO,helga.ertesvag@unigen.ntnu.no,n- trondheim,,
119,Oldenburg,Anja R,NO,,oslo 0317,,
120,Lund,Eivind G,NO,,oslo 0317,,
121,Collas,Philippe,NO,,oslo 0317,,
122,Dahlback,H S S,NO,h.s.s.dahlback@medisin.uio.no,oslo,,
123,Heringstad,B,NO,bjorg.heringstad@umb.no,n- as,,
124,Rosén,L,NO,,oslo,,
125,Christensen,G,NO,,ullevaal hospital,,
126,Mandalà,M,NO,,bergen,,
127,Blomfeldt,A,NO,anita.blomfeldt@ahus.no.,lørenskog,,
128,Eskesen,A N,NO,,lørenskog,,
129,Aamot,H V,NO,,lørenskog,,
130,Leegaard,T M,NO,,lørenskog,,
131,Bjørnholt,J V,NO,,oslo,,
132,Hansen,Maren F,NO,,norwegian university of science and technology trondheim,,
133,Neckmann,Ulrike,NO,,norwegian university of science and technology trondheim,,
134,Lavik,Liss A S,NO,,st. olavs hospital trondheim,,
135,Vold,Trine,NO,,st. olavs hospital trondheim,,
136,Gilde,Bodil,NO,,st. olavs hospital trondheim,,
137,Toft,Ragnhild K,NO,,norwegian university of science and technology trondheim,,
138,Sjursen,Wenche,NO,,st. olavs hospital trondheim,,
139,Clausen,F,NO,,university of oslo,,
140,Anseth,A,NO,,oslo,,
141,Husebye,Eystein,NO,eyhu@helse-bergen.no,bergen,,
142,Bruserud,Øystein,NO,oystein.bruserud@haukeland.no,bergen,,
143,Olsen,Helle,NO,,no- ås,,
144,Alexander,J,NO,,oslo,,
145,Holmberg,Hans-Christer,NO,,tromsø,,
146,Caspersen,Ida H,NO,,trondheim,,
147,Holmen,Oddgeir,NO,,trondheim,,
148,Wilsgaard,Tom,NO,,tromsø,,
149,Johansen,Berit,NO,,trondheim,,
150,Hveem,Kristian,NO,,trondheim,,
151,Njølstad,Inger,NO,,tromsø,,
152,Magnus,J H,NO,,university of tromsø,,
153,Forsetlund,L,NO,louise.forsetlund@nokc.no,norwegian knowledge centre for the health services,,
154,Halskau,Øyvind,NO,,bergen,,
155,Damås,Jan K,NO,jan.k.damas@ntnu.no,trondheim,,
156,Søgaard,A J,NO,,university of tromsø,,
157,Jorde,Rolf,NO,,tromsø,,
158,Kubiak,Julia,NO,,tromsø,,
159,Helseth,Sølvi,NO,solvi.helseth@su.hio.no,oslo,,
160,Knobel,H,NO,heidi.knobel@medisin.ntnu.no,trondheim,,
161,Ahtapodov,Lyubomir,NO,,no- trondheim,,
162,Aamelfot,Maria,NO,,oslo,,
163,Nermoen,Ingrid,NO,ingrid.nermoen@ahus.no,lørenskog,,
164,Ren,J,NO,jicun.ren@farm.uib.no,university of bergen,,
165,Steinshamn,H,NO,havard.steinshamn@bioforsk.no,n- tingvoll,,
166,Vilming,S T,NO,steinar.vilming@ulleval.no,oslo,,
167,Langhelle,Audun,NO,audun.langhelle@ioks.uio.no,n- oslo,,
168,Morken,Nils-Halvdan,NO,nhmorken@online.no,skien,,
169,Schjetne,Karoline W,NO,k.w.schjetne@labmed.uio.no,oslo,,
170,Stacy,R A,NO,,university of oslo,,
171,Falck,Mari,NO,,oslo,,
172,Osredkar,Damjan,NO,,oslo,,
173,Maes,Elke,NO,,oslo,,
174,Flatebø,Torun,NO,,oslo,,
175,Wood,Thomas Ragnar,NO,,oslo,,
176,Walløe,Lars,NO,,oslo,,
177,Sabir,Hemmen,NO,,oslo,,
178,Thoresen,Marianne,NO,,oslo,,
179,Overgaard,Hans J,NO,hans.overgaard@nmbu.no.,ås 1432,,
180,Zapilko,Clemens,NO,,allegatén 41,,
181,Gjerde,Bjørn,NO,bjorn.gjerde@nmbu.no.,oslo,,
182,Skår,Randi,NO,randi.skar@hisf.no,førde,,
183,Einvik,Gunnar,NO,,oslo,,
184,Røsjø,Helge,NO,,oslo,,
185,Randby,Anna,NO,,oslo,,
186,Namtvedt,Silje K,NO,,oslo,,
187,Hrubos-Strøm,Harald,NO,,oslo,,
188,Brynildsen,Jon,NO,,oslo,,
189,Omland,Torbjørn,NO,,oslo,,
190,Johansen,Odd Erik,NO,,asker,,
191,Fedorcsák,Péter,NO,peter.fedorcsak@klinmed.uio.no,oslo,,
192,Smeby,Susanne Skjervold,NO,,trondheim,,
193,Johnsen,Roar,NO,,trondheim,,
194,Marhaug,Gudmund,NO,,trondheim,,
195,Lock,Erik-Jan,NO,,nordnes,,
196,Espe,Marit,NO,,nordnes,,
197,Skjærven,Kaja H,NO,,nordnes,,
198,Hamre,Kristin,NO,,nordnes,,
199,Grønseth,Rune,NO,,bergen,,
200,Haaland,Ingvild,NO,,bergen,,
201,Wiker,Harald G,NO,,bergen,,
202,Martinsen,Einar Marius H,NO,,bergen,,
203,Leiten,Elise O,NO,,bergen,,
204,Husebø,Gunnar,NO,,bergen,,
205,Svanes,Øistein,NO,,bergen,,
206,Bakke,Per S,NO,,bergen,,
207,Eagan,Tomas M,NO,,bergen,,
208,Vilming,S T,NO,,university of oslo,,
209,Hallan,Stein,NO,stein.hallan@ntnu.no,trondheim,,
210,Munch,I C,NO,,university of oslo,,
211,Rohwedder,R,NO,,university of oslo,,
212,Nystad,W,NO,,oslo,,
213,Beiske,A G,NO,antonie.beiske@ahus.no,lørenskog,,
214,Øya,E,NO,,oslo,,
215,Afanou,A K J,NO,,oslo,,
216,Malla,N,NO,,tromsø,,
217,Uhlig,S,NO,,oslo,,
218,Rolen,E,NO,,oslo,,
219,Skaar,I,NO,,oslo,,
220,Straumfors,A,NO,,oslo,,
221,Winberg,J O,NO,,tromsø,,
222,Bang,B E,NO,,tromsø,,
223,Schwarze,P E,NO,,oslo,,
224,Eduard,W,NO,,oslo,,
225,Holme,J A,NO,,oslo,,
226,Olsnes,Astrid Marta,NO,oystein.bruserud@haukeland.no,bergen,,
227,Steier,J A,NO,,university of bergen,,
228,Bergum,Kristin,NO,,trondheim,,
229,Nordahl,Hans M,NO,hans.nordahl@svt.ntnu.no,trondheim n-,,
230,Voigt,André,NO,,trondheim,,
231,Almaas,Eivind,NO,,trondheim,,
232,Trinh,Ly T T,NO,,trondheim,,
233,Bakke,Ingrid,NO,,trondheim,,
234,Vadstein,Olav,NO,olav.vadstein@ntnu.no.,trondheim,,
235,Fromm,Bastian,NO,,oslo,,
236,Flatmark,Kjersti,NO,,oslo,,
237,Engedal,Knut,NO,,oslo university hospital,,
238,Juliebø,Vibeke,NO,,oslo university hospital,,
239,Fretheim,Atle,NO,atle.fretheim@nokc.no,n-0130 oslo,,
240,Kirkeleit,J,NO,jorunn.kirkeleit@isf.uib.no,n- bergen,,
241,Stene,L C,NO,,oslo,,
242,Söderlund,Göran B W,NO,,sogn og fjordane university college sogndal,,
243,Vadakkepuliyambatta,Sunil,NO,,tromsø,,
244,Mienert,Jürgen,NO,,tromsø,,
245,Patton,Henry,NO,,tromsø,,
246,Portnov,Alexey,NO,,tromsø,,
247,Silyakova,Anna,NO,,tromsø,,
248,Panieri,Giuliana,NO,,tromsø,,
249,Carroll,Michael L,NO,,tromsø,,
250,Carroll,JoLynn,NO,,tromsø,,
251,Andreassen,Karin,NO,,tromsø,,
252,Hubbard,Alun,NO,,tromsø,,
253,León de la Fuente,Ricardo,NO,,stavanger,,
254,Hofmann,B M,NO,b.m.hofmann@medetikk.uio.no,0318 oslo,,
255,Maple,Jodi,NO,,university of stavanger,,
256,Reppe,Linda Amundstuen,NO,linda.a.reppe@nord.no.,namsos,,
257,Spigset,Olav,NO,,trondheim,,
258,Schjøtt,Jan,NO,,bergen,,
259,Adami,Hans-Olov,NO,,oslo,,
260,Weiderpass,Elisabete,NO,,tromsø,,
261,Isaksen,Trond Einar,NO,,bergen,,
262,Bye-Ingebrigtsen,Einar,NO,,bergen,,
263,Haave,Marte,NO,,bergen,,
264,Kvalø,Stian Ervik,NO,,bergen,,
265,Durand,Dominique,NO,,bergen,,
266,Rapp,Hans Tore,NO,,bergen,,
267,Wisløff,Ulrik,NO,,trondheim,,
268,Pettersen,F J,NO,,university of oslo,,
269,Borgen,Pål O,NO,,baerum postterminal,,
270,Reikeras,Olav,NO,,n- oslo,,
271,Schou Bredal,Inger,NO,i.s.bredal@medisin.uio.no,oslo,,
272,David,F,NO,,oslo,,
273,Tessema,Girum Tadesse,NO,,ås,,
274,Bratbak,Daniel Fossum,NO,daniel.f.bratbak@ntnu.no.,norwegian university of science and technology,,
275,Nordgård,Ståle,NO,,trondheim university hospital,,
276,Stovner,Lars Jacob,NO,,trondheim university hospital,,
277,Linde,Mattias,NO,,trondheim university hospital,,
278,Folvik,Mari,NO,,trondheim university hospital,,
279,Bugten,Vegard,NO,,trondheim university hospital,,
280,Tronvik,Erling,NO,,trondheim university hospital,,
281,Nordal,E J,NO,eli.johanne.nordal@oslo-universitetssykehus.no,oslo,,
282,Thorsen,Olav,NO,olav.thorsen@uib.no.,n-5020,,
283,Hartveit,Miriam,NO,,n-5020,,
284,Johannessen,Jan Olav,NO,,n-4068,,
285,Fosse,Lars,NO,,n-4068,,
286,Eide,Geir Egil,NO,,n-5020,,
287,Schulz,Jörn,NO,,n-4068,,
288,Bærheim,Anders,NO,,n-5020,,
289,Nitter-Hauge,S,NO,,university of oslo,,
290,Young,Sven,NO,,bergen,,
291,Devulapalli,C S,NO,,oslo,,
292,Hollås,Hanne,NO,,n- bergen,,
293,Hauge,Solveig,NO,solveig.hauge@medisin.uio.no,oslo,,
294,Refsum,H,NO,helga.refsum@ikb.uib.no,university of bergen,,
295,Guren,Tormod K,NO,,oslo,,
296,Berentsen,Sigbjørn,NO,s.beren@online.no,haugesund,,
297,Dahl,John-Arne,NO,,oslo,,
298,Ostensen,Monika,NO,,trondheim,,
299,Nilsen,T,NO,,trondheim,,
300,Stensløkken,K-O,NO,k.o.stenslokken@bio.uio.no,n-0316 oslo,,
301,Bjøro,T,NO,,oslo,,
302,Medbø,J I,NO,jon.medbo@stami.no,n-0033- oslo,,
303,Mustafa,A S,NO,,oslo,,
304,El-Salhy,M,NO,magdy.el-salhy@helse-fonna.no,stord,,
305,Thoresen,Marianne,NO,,oslo,,
306,Gilbert,M Thomas P,NO,,n-7491 trondheim,,
307,Gilfillan,Siv,NO,,oslo,,
308,Lohndal,Terje,NO,,university of tromsø the arctic university of norwaytromsø,,
309,Westergaard,Marit,NO,,norwegian university of science and technologytrondheim,,
310,Wüsthoff,Linda E,NO,l.e.wusthoff@medisin.uio.no,university of oslo,,
311,Iversen,O J,NO,,university of trondheim,,
312,Braekhus,Anne,NO,anne.brakhus@ulleval.no,ullevål  oslo,,
313,Manhenke,Cord,NO,maco@sus.no,stavanger,,
314,Mollnes,T E,NO,,oslo,,
315,Veenstra,Marijke,NO,marijke.veenstra@rikshospitalet.no,oslo,,
316,Frøysnes,Ida S,NO,,oslo,,
317,Larsen,Stein G,NO,,oslo,,
318,Spasojevic,Milan,NO,,oslo,,
319,Dueland,Svein,NO,,oslo,,
320,Flatmark,Kjersti,NO,,oslo,,
321,Rønneseth,Anita,NO,,n- bergen,,
322,Ambur,Ole Herman,NO,,oslo university hospital,,
323,Nguyen,Sanko,NO,s.h.nguyen@farmasi.uio.no,oslo,,
324,Nielsen,Morten Birkeland,NO,morten.nielsen@stami.no.,oslo,,
325,Knardahl,Stein,NO,stein.knardahl@stami.no.,oslo,,
326,Sidaly,Rivan,NO,,oslo,,
327,Landin,Maria A,NO,,oslo,,
328,Suo,Zhenhe,NO,,oslo,,
329,Lyngstadaas,Ståle P,NO,,oslo,,
330,Reseland,Janne E,NO,,oslo,,
331,Barrett,Robert T,NO,,no-9037,,
332,Erikstad,Kjell E,NO,,no-7049,,
333,Sandvik,Hanno,NO,,no-,,
334,Myksvoll,Mari,NO,,no-5817,,
335,Kristensen,Ditte L,NO,,no-,,
336,Moum,Truls,NO,,no-,,
337,Reiertsen,Tone K,NO,,no-9296,,
338,Vikebø,Frode,NO,,no-5817,,
339,Aas,E,NO,endre.aas@rf.no,stavanger,,
340,Thorkildsen,Joachim,NO,,oslo,,
341,Taksdal,Ingeborg,NO,,oslo,,
342,Bjerkehagen,Bodil,NO,,oslo,,
343,Haugland,Hans Kristian,NO,,oslo,,
344,Børge Johannesen,Tom,NO,,oslo,,
345,Viset,Trond,NO,,trondheim,,
346,Norum,Ole-Jacob,NO,,oslo,,
347,Bruland,Øyvind,NO,,oslo,,
348,Zaikova,Olga,NO,,oslo,,
349,Heiberg,Turid,NO,turid.heiberg@studmed.uio.no,oslo,,
350,Aukland,K,NO,,university of bergen,,
351,Stuhlfauth,Susanne,NO,,university of oslo (ms stuhlfauth),,
352,Igland,Jannicke,NO,,bergen,,
353,Sulo,Gerhard,NO,,bergen,,
354,Tell,Grethe S,NO,,bergen,,
355,Bruun,Trond,NO,,bergen,,
356,Jansen,Mona Dverdal,NO,monadjansen@hotmail.com.,oslo,,
357,Malterud,K,NO,,university of bergen,,
358,Husebo,Bettina S,NO,,university of bergen and municipality of bergen,,
359,Solberg,Øivind,NO,oivind.solberg@fhi.no,0403 oslo,,
360,Haug,E S,NO,,tønsberg,,
361,Vaysse,Charlotte,NO,,oslo,,
362,Lømo,Jon,NO,,oslo,,
363,Garred,Øystein,NO,,oslo,,
364,Fjeldheim,Frøydis,NO,,oslo,,
365,Lofteroed,Trygve,NO,,oslo,,
366,Schlichting,Ellen,NO,,oslo,,
367,Frydenberg,Hanne,NO,,oslo,,
368,Husøy,Anders,NO,,oslo,,
369,Lundgren,Steinar,NO,,trondheim,,
370,Fagerland,Morten W,NO,,oslo,,
371,Richardsen,Elin,NO,,tromsø,,
372,Wist,Erik A,NO,,oslo,,
373,Thune,Inger,NO,,oslo,,
374,Kvalevaag,Anne Lise,NO,anne.lise.kvalevaag@helse-fonna.no.,haugesund,,
375,Hove,Oddbjørn,NO,,haugesund,,
376,Eberhard-Gran,Malin,NO,,oslo,,
377,Assmus,Jörg,NO,,bergen,,
378,Havik,Odd E,NO,,bergen,,
379,Sivertsen,Børge,NO,,haugesund,,
380,Biringer,Eva,NO,,haugesund,,
381,Andreassen,K,NO,,university hospital of tromsø,,
382,Oymar,K,NO,,stavanger,,
383,Mathisen,O,NO,,university of oslo,,
384,Bang,L,NO,,oslo,,
385,Varvin,Sverre,NO,sverre.varvin@nkvts.unirand.no,oslo,,
386,Lundby,Rigmor,NO,rigmor.lundby@medisin.uio.no,university of oslo,,
387,Anonsen,Jan Haug,NO,,oslo,,
388,Hetland,H,NO,harald.hetland@ihf.nlh.no,n-1432 as,,
389,Stensrud,Mats Julius,NO,,oslo,,
390,Ovrum,E,NO,,rikshospitalet,,
391,Lund,Jo-Asmund,NO,,trondheim,,
392,Kristensen,Are,NO,,trondheim,,
393,Ottersen,O P,NO,,oslo 1,,
394,Skår,Randi,NO,randi.skar@hisf.no,bergen,,
395,Jørgensen,Silje F,NO,,oslo,,
396,Reims,Henrik M,NO,,oslo,,
397,Frydenlund,Didrik,NO,,oslo,,
398,Holm,Kristian,NO,,oslo,,
399,Paulsen,Vemund,NO,,oslo,,
400,Michelsen,Annika E,NO,,oslo,,
401,Jørgensen,Kristin K,NO,,oslo,,
402,Osnes,Liv T,NO,,oslo,,
403,Bratlie,Jorunn,NO,,oslo,,
404,Eide,Tor J,NO,,oslo,,
405,Dahl,Christen P,NO,,oslo,,
406,Holter,Ellen,NO,,oslo,,
407,Tronstad,Rune R,NO,,bergen,,
408,Hanevik,Kurt,NO,,bergen,,
409,Brattbakk,Hans-Richard,NO,,bergen,,
410,Kaveh,Fatemeh,NO,,oslo,,
411,Fiskerstrand,Torunn,NO,,bergen,,
412,Kran,Anne-Marte B,NO,,oslo,,
413,Ueland,Thor,NO,,oslo,,
414,Karlsen,Tom H,NO,,oslo,,
415,Aukrust,Pål,NO,,oslo,,
416,Lundin,Knut E A,NO,,oslo,,
417,Fevang,Børre,NO,,oslo,,
418,Wiedswang,Gro,NO,,oslo,,
419,Olsen,I,NO,,university of oslo,,
420,Torp,M,NO,mona.torp@vetinst.no,oslo,,
421,Harboe,Morten,NO,,oslo,,
422,Tørmoen,Anita J,NO,,university of oslo,,
423,Ramberg,Maria,NO,,university of oslo,,
424,Haga,Egil,NO,,university of oslo,,
425,Diep,Lien M,NO,,university of oslo,,
426,Laberg,Stine,NO,,university of oslo,,
427,Larsson,Bo S,NO,,trondheim,,
428,Stanley,Barbara H,NO,,and the university of oslo,,
429,Sund,Anne M,NO,,trondheim,,
430,Grøholt,Berit,NO,,university of oslo,,
431,Nilsson,Göran E,NO,g.e.nilsson@bio.uio.no,university of oslo,,
432,Vagnildhaug,O M,NO,,trondheim,,
433,Grønberg,B H,NO,,trondheim,,
434,Kaasa,S,NO,,trondheim,,
435,Solheim,T S,NO,,trondheim,,
436,Seland,J H,NO,,university of bergen,,
437,Aukrust,Pål,NO,pal.aukrust@rikshospiatlet.no,oslo,,
438,De Blasio,Birgitte Freiesleben,NO,,oslo,,
439,Møystad,A,NO,,university of oslo,,
440,Lycke,K H,NO,,oslo,,
441,Barkvoll,T A,NO,,university of oslo,,
442,Lauvås,P,NO,,fredrikstad,,
443,Froyd,Christian,NO,christian.froyd@hvl.no.,sogndal,,
444,Garcia-Cabrera,I,NO,,university of bergen,,
445,Wormstrand,Bjørn H,NO,bjorn.wormstrand@gmail.com.,0033 oslo,,
446,Lorenzo,Petra Isabel,NO,,0316 oslo,,
447,Bergan,S,NO,,university of oslo,,
448,Garratt,A M,NO,andrew.garratt@kunnskapssenteret.no,oslo,,
449,Bock,Annika J,NO,,oslo,,
450,Hartvig,P,NO,paal.hartvig@kompetanse-senteret.no,oslo,,
451,Brun,J G,NO,,university of bergen,,
452,Lossius,Astrid H,NO,,oslo university hospital,,
453,Walløe,Lars,NO,,university of oslo,,
454,Bergersen,Tone Kristin,NO,,oslo university hospital,,
455,Roaldset,John O,NO,johnolr@gmail.com,ålesund,,
456,Leithe,Edward,NO,,no- oslo,,
457,Saebø,A,NO,,n- hovdebygda,,
458,Lindbaek,M,NO,,university of oslo,,
459,Skurtveit,S,NO,,oslo,,
460,Duale,Nur,NO,,no- oslo,,
461,Reimann,Clemens,NO,,n-7491 trondheim,,
462,Flem,Belinda,NO,,n-7491 trondheim,,
463,Bjørnæs,Helge,NO,helgeb@epilepsy.no,oslo university hospital,,
464,Steen,T,NO,,university of oslo,,
465,Cooper,John Graham,NO,john.cooper@isf.uib.no,stavanger,,
466,Bjerklund Johansen,T E,NO,,porsgrunn,,
467,Johansen,Aslak,NO,aslak.johansen@unn.no,tromsø,,
468,Lund,Reidar,NO,,n-0315 oslo,,
469,Birkeli,Kim Are,NO,,oslo,,
470,Gjerde,Line C,NO,linecgj@student.sv.uio.no,division of mental health,,
471,Kristensen,Tor E,NO,,no- kjeller,,
472,Clark,D,NO,,university of tromsø,,
473,Selvaag,E,NO,,university of oslo,,
474,Berg,John E,NO,john.berg@lds.no,oslo,,
475,Nauman,Javaid,NO,,trondheim,,
476,Wisløff,Ulrik,NO,,trondheim,,
477,De Lange,Annet H,NO,,trondheim,,
478,Tarka,M,NO,,trondheim,,
479,Sioud,Mouldy,NO,mosioud@ulrik.uio.no,n- oslo,,
480,Oteiza,Ana,NO,,university of tromsø,,
481,Søreide,R,NO,,bergen,,
482,Fredriksen,P M,NO,permf@galenos.uio.no,n- oslo,,
483,Sandvik,A K,NO,,university of trondheim,,
484,Dahl,O E,NO,oladahl@start.no,oslo,,
485,Lien,T,NO,torleiv.lien@im.uib.no,university of bergen,,
486,Hofmann,Bjørn,NO,b.m.hofmann@medisin.uio.no,n-,,
487,Dalsgaard,Søren,NO,,hospital of telemark,,
488,Rokicki,Jaroslav,NO,,oslo,,
489,Baak,Jan P A,NO,,stavanger,,
490,Bruserud,Øyvind,NO,,bergen,,
491,Hansen,Bent-Are,NO,,førde,,
492,Vetti,Nils,NO,,bergen,,
493,Johansen,Silje,NO,,bergen,,
494,Reikvam,Håkon,NO,,bergen,,
495,Pedersen,Willy,NO,,oslo,,
496,Bakken,Anders,NO,,oslo,,
497,von Soest,Tilmann,NO,,oslo,,
498,Torheim,Turid,NO,,ås,,
499,Malinen,Eirik,NO,,oslo,,
500,Hole,Knut Håkon,NO,,oslo,,
501,Lund,Kjersti Vassmo,NO,,oslo,,
502,Indahl,Ulf G,NO,,ås,,
503,Lyng,Heidi,NO,,oslo,,
504,Kvaal,Knut,NO,,ås,,
505,Futsaether,Cecilia M,NO,,ås,,
506,Heuch,P A,NO,peter-andreas.heuch@vetinst.no,oslo,,
507,Lygre,Gunvor Bentung,NO,,bergen,,
508,Björkman,Lars,NO,,bergen,,
509,Stanghelle,Brita,NO,brita.stanghelle@hioa.no.,oslo,,
510,Bentzen,Hege,NO,,oslo,,
511,Pripp,Are Hugo,NO,,oslo,,
512,Bergland,Astrid,NO,,oslo,,
513,Acharya,G,NO,,tromsø,,
514,Goksøyr,A,NO,,university of bergen,,
515,Pedersen,W,NO,,university of oslo,,
516,Låg,M,NO,,oslo,,
517,Mortensen,Jan Helge Seglem,NO,,bergen n-,,
518,Øyen,Nina,NO,,bergen n-,,
519,Fomina,Tatiana,NO,,bergen n-,,
520,Tretli,Steinar,NO,,oslo,,
521,Vollset,Stein Emil,NO,,bergen n-,,
522,Bjørge,Tone,NO,,bergen n-,,
523,Mygland,A,NO,aase.mygland@sshf.no,kristiansand,,
524,Loevenich,Simon,NO,,trondheim,,
525,Ianevski,Aleksandr,NO,,trondheim,,
526,Kainov,Denis E,NO,,trondheim,,
527,Anthonsen,Marit W,NO,marit.w.anthonsen@ntnu.no.,trondheim,,
528,Bø,Lars,NO,,bergen,,
529,Myhr,Kjell-Morten,NO,,bergen,,
530,Torkildsen,Øivind,NO,,bergen,,
531,Wergeland,Stig,NO,,bergen,,
532,Myhrum,Marte,NO,,oslo,,
533,Mikalsen,Marius,NO,marius.mikalsen@sintef.no,trondheim,,
534,Fadl Elmula,Fadl Elmula M,NO,s.e.kjeldsen@medisin.uio.no.,n- oslo,,
535,Nieder,Carsten,NO,carsten.nieder@nlsh.no.,8092 bodø,,
536,Hoel,Michael,NO,,university of oslo,,
537,Haraldsen,G,NO,,rikshospitalet,,
538,Sheng,Ying,NO,ying.sheng@medisin.uio.no,bergen,,
539,Ruland,Cornelia M,NO,cornelia.ruland@rikshospitalet.no,n- oslo,,
540,Nakstad,P H,NO,,university of oslo,,
541,Emaus,Nina,NO,,tromsø,,
542,Haukaas,S,NO,,bergen,,
543,Åsberg,Signe E,NO,,norwegian university of science and technology trondheim,,
544,Bones,Atle M,NO,,norwegian university of science and technology trondheim,,
545,Øverby,Anders,NO,,norwegian university of science and technology trondheim,,
546,Bernstrøm,Vilde Hoff,NO,vilde.bernstrom@medisin.uio.no,oslo,,
547,Aljabri,M B,NO,belal.aljabri@uit.no,university of tromsø,,
548,Uhlig,Silvio,NO,silvio.uhlig@vetinst.no,oslo,,
549,Haugland,B S,NO,,university of bergen,,
550,Tropé,C,NO,,oslo,,
551,Nylander,G,NO,,university of oslo,,
552,Skogseid,I M,NO,i.m.skogseid@medisin.uio.no,university of oslo,,
553,Myint,M M,NO,myintm@odont.uio.no,university of oslo,,
554,Strand,P,NO,,osterås,,
555,Livden,J K,NO,,university of bergen,,
556,Pedersen,Kenn Freddy,NO,,stavanger,,
557,Tysnes,Ole-Bjorn,NO,,bergen,,
558,Alves,Guido,NO,,stavanger,,
559,Rye,P D,NO,,oslo,,
560,Breivik,Harald,NO,,0424 oslo,,
561,Hovdenak,Nils,NO,nils.hovdenak@helse-bergen.no,university of bergen,,
562,Nordal,Hilde Haugedal,NO,hilde.nordal@k2.uib.no.,bergen,,
563,Brokstad,Karl Albert,NO,,bergen,,
564,Solheim,Magne,NO,,bergen,,
565,Halse,Anne-Kristine,NO,,bergen,,
566,Kvien,Tore K,NO,,oslo,,
567,Hammer,Hilde Berner,NO,,oslo,,
568,Nakken,B,NO,,university of bergen,,
569,Jonsson,N,NO,,oslo,,
570,Langslet,Gisle,NO,,oslo,,
571,Snøve,Ola,NO,,trondheim,,
572,Walder,Ingar F,NO,,vestbygd 8412,,
573,Donatelli,Jenna Lee,NO,,vestbygd,,
574,Bhatta,Laxmi,NO,lax_b1@yahoo.com.,tromsø,,
575,Rohde,Gudrun,NO,gudrun.rohde@sshf.no,kristiansand,,
576,Hjelmesaeth,Jøran,NO,,oslo,,
577,Vainio,K,NO,kirsti.vainio@fhi.no,oslo,,
578,Strand,Sabina P,NO,,no- trondheim,,
579,Basset,Coraline,NO,,n-0403 oslo,,
580,Kristiansen,Kåre A,NO,,no- trondheim,,
581,Ulset,Ann-Sissel T,NO,,no- trondheim,,
582,Ballance,Simon,NO,,no- trondheim,,
583,Granum,Per Einar,NO,,n- oslo,,
584,Cunderlíková,B,NO,,oslo,,
585,Sanner,Helga,NO,helga.sanner@medisin.uio.no,oslo,,
586,Garratt,Andrew M,NO,andrew.garratt@kunnskapssenteret.no,oslo and norwegian knowledge centre for the health services,,
587,Gjone,H,NO,,university of oslo,,
588,Voltersvik,P,NO,pal.voltersvik@vir.uib.no,city of bergen,,
589,Skutle,A,NO,,hjellestad-klinikken,,
590,Gravningen,Kirsten,NO,,tromsø,,
591,Straume,Anne Hege,NO,,bergen,,
592,Knappskog,Stian,NO,,bergen,,
593,Hesseberg,Karin,NO,,oslo,,
594,Stensløkken,Kåre-Olav,NO,k.o.stenslokken@medisin.uio.no,oslo,,
595,Munkvold,Bodil Karoline Ravn,NO,,trondheim,,
596,Bø,Hans Kristian,NO,,trondheim,,
597,Jakola,Asgeir Store,NO,,trondheim,,
598,Reinertsen,Ingerid,NO,,trondheim,,
599,Berntsen,Erik Magnus,NO,,trondheim,,
600,Unsgård,Geirmund,NO,,trondheim,,
601,Torp,Sverre Helge,NO,,trondheim,,
602,Solheim,Ole,NO,,trondheim,,
603,Buanes,T,NO,,bergen,,
604,Bugge,M K,NO,,oslo,,
605,Cameron,D,NO,,oslo,,
606,Catmore,J R,NO,,oslo,,
607,Dale,O,NO,,bergen,,
608,Eigen,G,NO,,bergen,,
609,Feigl,S,NO,,oslo,,
610,Franconi,L,NO,,oslo,,
611,Garonne,V,NO,,oslo,,
612,Gjelsten,B K,NO,,oslo,,
613,Gramstad,E,NO,,oslo,,
614,Kastanas,A,NO,,bergen,,
615,Liebig,W,NO,,bergen,,
616,Lipniacka,A,NO,,bergen,,
617,Maeland,S,NO,,bergen,,
618,Martin Dit Latour,B,NO,,bergen,,
619,Morisbak,V,NO,,oslo,,
620,Nilsen,J K,NO,,oslo,,
621,Ould-Saada,F,NO,,oslo,,
622,Pajchel,K,NO,,oslo,,
623,Pedersen,M,NO,,oslo,,
624,Raddum,S,NO,,oslo,,
625,Read,A L,NO,,oslo,,
626,Røhne,O,NO,,oslo,,
627,Sandaker,H,NO,,oslo,,
628,Serfon,C,NO,,oslo,,
629,Sjursen,T B,NO,,bergen,,
630,Smestad,L,NO,,bergen,,
631,Stapnes,S,NO,,oslo,,
632,Strandlie,A,NO,,oslo,,
633,Stugu,B,NO,,bergen,,
634,Yang,Z,NO,,bergen,,
635,Zalieckas,J,NO,,bergen,,
636,Solberg,Arne,NO,,trondheim,,
637,Klepp,Olbjørn H,NO,,ålesund,,
638,Myklebust,Tor Åge,NO,,oslo,,
639,Skovlund,Eva,NO,,trondheim,,
640,Hoff,Solveig Roth,NO,,ålesund,,
641,Vatten,Lars J,NO,,trondheim,,
642,Lund,Jo-Åsmund,NO,,ålesund,,
643,Minge,Marianne A,NO,,n- oslo,,
644,Lien,E A,NO,,bergen,,
645,Saugstad,Ola Didrik,NO,,department of pediatric research university of oslo oslo university hospital oslo,,
646,Røed,Knut,NO,,the ragnar frisch centre for economic research,,
647,Sargénius,Hanna L,NO,,norwegian university of science and technologytrondheim,,
648,Lydersen,Stian,NO,,norwegian university of science and technologytrondheim,,
649,Hestad,Knut,NO,,norwegian university of science and technologytrondheim,,
650,Skuterud,L,NO,,østerås,,
651,Overgaard,Hans J,NO,hans.overgaard@nmbu.no.,ås,,
652,Knoeferle,Klemens,NO,,bi norwegian business school oslo,,
653,Silvola,Juha,NO,,oslo,,
654,Kapiriri,Lydia,NO,lydia.kapiriri@student.uib.no,n- bergen,,
655,Wisløff,T,NO,,oslo,,
656,White,R,NO,,oslo,,
657,Dalgard,O,NO,,lørenskog,,
658,Amundsen,E J,NO,,oslo,,
659,Meijerink,H,NO,,oslo,,
660,Kløvstad,H,NO,,oslo,,
661,Dahl,Øyvind,NO,,no- trondheim,,
662,Sørlie,Morten,NO,,n- ås,,
663,Gjøen,John Espen,NO,,bergen,,
664,Jenum,Synne,NO,,bergen,,
665,Sivakumaran,Dhanasekaran,NO,,bergen,,
666,Grewal,Harleen M S,NO,harleen.grewal@uib.no.,bergen,,
667,Dale,Ole B,NO,ole.b.dale@vetinst.no,oslo,,
668,Díaz,Esperanza,NO,esperanza.diaz@isf.uib.no,university of bergen,,
669,Forsén,L,NO,forsen@samfunnsmed.uio.no,oslo,,
670,Kraus,I,NO,h.i.kraus@labmed.uio.no,oslo,,
671,Krog,Norun Hjertager,NO,norun.krog@fhi.no,n-0403 oslo,,
672,Dundas,I,NO,ian.dundas@im.vib.no,department of microbiology,,
673,Mahler,Vera,NO,,oslo,,
674,Øiestad,Britt Elin,NO,,oslo,,
675,Imsland,Albert Kjartan Dagbjartarson,NO,,bergen,,
676,Hanssen,Anna,NO,,9267 tromsø,,
677,Nytrø,Ane Vigdisdatter,NO,,tromsø,,
678,Reynolds,Patrick,NO,,inndyr,,
679,Jonassen,Thor Magne,NO,,tromsø,,
680,Hangstad,Thor Arne,NO,,tromsø,,
681,Elvegård,Tor Anders,NO,,stokmarknes,,
682,Urskog,Tonje Cecilie,NO,,alta,,
683,Mikalsen,Bjørn,NO,,9267 tromsø,,
684,Skoie,I M,NO,,stavanger,,
685,Ternowitz,T,NO,,stavanger,,
686,Jonsson,G,NO,,stavanger,,
687,Norheim,K,NO,,stavanger,,
688,Omdal,R,NO,,stavanger,,
689,Leivseth,G,NO,,university of tromsø,,
690,Male,R,NO,,bergen,,
691,Goderstad,Jeanne Mette,NO,,arendal,,
692,Giercksky,T,NO,,oslo,,
693,Sverre,Beate Lie,NO,b.l.sverre@studmed.uio.no.,buskerud & vestfold university college,,
694,Solbrække,Kari Nyheim,NO,,university of oslo,,
695,Eilertsen,Grethe,NO,,buskerud & vestfold university college,,
696,Uglem,Martin,NO,,trondheim,,
697,Omland,Petter Moe,NO,,trondheim,,
698,Nilsen,Kristian Bernhard,NO,,trondheim,,
699,Tronvik,Erling,NO,,trondheim,,
700,Stovner,Lars Jacob,NO,,trondheim,,
701,Hagen,Knut,NO,,trondheim,,
702,Linde,Mattias,NO,,trondheim,,
703,Sand,Trond,NO,,trondheim,,
704,Gomes,Tânia,NO,,oslo,,
705,Røsaeg,Magnus Vikan,NO,,kverva,,
706,Rimstad,Espen,NO,,oslo,,
707,Guttvik,Arne,NO,,kverva,,
708,Skjelstad,Bård,NO,,kverva,,
709,Bendiksen,Eldar Åsgard,NO,,levanger,,
710,Garseth,Åse Helen,NO,,trondheim,,
711,Lerdal,Anners,NO,anners.lerdal@hibu.no,drammen,,
712,Fosså,S D,NO,,oslo,,
713,Navaratnam,Jesintha,NO,,oslo,,
714,Dedi,Lumnije,NO,,oslo,,
715,Tjølsen,Andreas Myklebust,NO,,tønsberg,,
716,Bragadóttir,Ragnheiður,NO,,oslo,,
717,Christophersen,Ingrid,NO,,rud,,
718,Sørensen,Tom,NO,,oslo,,
719,Lie,E,NO,,oslo n-0033,,
720,Vindstad,Ole Petter Laksforsmo,NO,,tromsø,,
721,Jepsen,Jane Uhd,NO,,tromsø,,
722,Yoccoz,Nigel Gilles,NO,,tromsø,,
723,Mesquita,Michel D S,NO,,mosterhamn,,
724,Ims,Rolf Anker,NO,,tromsø,,
725,Becker-Merok,A,NO,andrea.becker-merok@unn.no,tromsø,,
726,Ekeberg,Dag,NO,,as,,
727,Joseph,Josepha,NO,josepha_joseph@yahoo.com,tromsø,,
728,Franco-Lie,Isabel,NO,isabel.franco-lie@ulleval.no,oslo,,
729,Wohlwend,Martin,NO,,norwegian university of science and technology trondheim,,
730,Olsen,Alexander,NO,,trondheim university hospitaltrondheim,,
731,Håberg,Asta K,NO,,norwegian university of science and technology trondheim,,
732,Palmer,Helen S,NO,,norwegian university of science and technology trondheim,,
733,Brun,Anne C,NO,acbrun@gmail.com,n- tønsberg,,
734,Kauserud,Håvard,NO,haavarka@bio.uio.no,blindern,,
735,Pedarzani,P,NO,,n-0317 oslo,,
736,Braathen,L R,NO,,oslo,,
737,Wiig,O,NO,ola.wiig@ulleval.no,no- oslo,,
738,Reid,Malcolm J,NO,,n- oslo,,
739,Thomas,Kevin V,NO,,n- oslo,,
740,Lindland,Are,NO,,hospital of southern norway trust arendal,,
741,Lier,Haldis Ø,NO,haldis.johanne.oekland.lier@helse-fonna.no,haugesund,,
742,Gran,Siv Venke,NO,siv.venke.gran@hibu.no,drammen,,
743,Hjelmeland,Heidi,NO,heidi.hjelmeland@svt.ntnu.no,trondheim,,
744,Dieserud,Gudrun,NO,,oslo,,
745,Dyregrov,Kari,NO,,oslo,,
746,Knizek,Birthe L,NO,,trondheim,,
747,Leenaars,Antoon A,NO,,oslo,,
748,Dysvik,Anders,NO,,oslo,,
749,Skjeldal,S,NO,,university of oslo,,
750,Ovestad,Irene Tveiterås,NO,,stavanger,,
751,Grytten,Jostein,NO,,oslo,,
752,Sunde,Kathrin,NO,,moss,,
753,Skinningsrud,Beate,NO,beate.skinningsrud@medisin.uio.no,n- oslo,,
754,Aschim,Elin L,NO,,oslo,,
755,Bahr,R,NO,,national institute of occupational health,,
756,Valen,B,NO,,haukeland hospital,,
757,Fusser,Markus,NO,,oslo,,
758,Kernstock,Stefan,NO,,oslo,,
759,Aileni,Vinay Kumar,NO,,oslo,,
760,Egge-Jacobsen,Wolfgang,NO,,oslo,,
761,Falnes,Pål Ø,NO,,oslo,,
762,Klungland,Arne,NO,,oslo,,
763,Bergan,T,NO,,university of oslo,,
764,Brunvand,H,NO,harald.brunvand@ffhs.uib.no,haukeland hospital,,
765,Flaten,Magne Arve,NO,magnef@psyk.uit.no,tromsø,,
766,Ballance,Simon,NO,simon.ballance@nofima.no.,ås,,
767,Knutsen,Svein Halvor,NO,,ås,,
768,Fosvold,Øivind Winther,NO,,oslo,,
769,Iliev,Dimitar B,NO,,n- tromsø,,
770,Katle,Elin-Johanne,NO,kaej@sus.no,4068 stavanger,,
771,Maehle,Lovise,NO,,oslo,,
772,Johnsen,,NO,,university of oslo,,
773,Hammer,Hilde Berner,NO,h-hammer@diakonsyk.no,n- oslo,,
774,Halvorsen,S,NO,,oslo,,
775,Sjølie,E,NO,,no- trondheim,,
776,Jozefiak,Thomas,NO,thomas.jozefiak@ntnu.no.,trondheim,,
777,Kayed,Nanna Sønnichsen,NO,,trondheim,,
778,Rimehaug,Tormod,NO,,trondheim,,
779,Wormdal,Anne Kristine,NO,,trondheim,,
780,Brubakk,Ann Mari,NO,,trondheim,,
781,Wichstrøm,Lars,NO,,trondheim,,
782,Gerdes,H-H,NO,hans-hermann.gerdes@biomed.uib.no,bergen,,
783,Herø,H,NO,,haslum,,
784,Hasvold,H J,NO,hege.hasvold@veths.no,oslo,,
785,Carlsen,K H,NO,,oslo,,
786,Kostenko,Sergiy,NO,,tromsø,,
787,Gebreslasie,Hadgu Girmay,NO,,oslo,,
788,Saastad,Eli,NO,eli.saastad@fhi.no,n-0403 oslo,,
789,Tryland,I,NO,,trondheim,,
790,Flø,Kåre,NO,kare.flo@dips.no,dips ltd,,
791,Lyckander,I M,NO,,university of oslo,,
792,Killie,Mette Kjaer,NO,mette.kjaer.killie@unn.no,university hospital of north norway,,
793,White,Richard A,NO,,oslo,,
794,MacDonald,Emily,NO,,oslo,,
795,de Blasio,Birgitte Freiesleben,NO,,oslo,,
796,Nygård,Karin,NO,,oslo,,
797,Vold,Line,NO,,oslo,,
798,Røttingen,John-Arne,NO,,oslo,,
799,Mysterud,Atle,NO,atle.mysterud@ibv.uio.no.,no-0316,,
800,Madslien,Knut,NO,knut.madslien@vetinst.no.,no-,,
801,Herland,Anders,NO,anders.herland@ibv.uio.no.,no-0316,,
802,Viljugrein,Hildegunn,NO,hildegunn.viljugrein@vetinst.no.,no-0316,,
803,Ytrehus,Bjørnar,NO,bjornar.ytrehus@nina.no.,no-7485,,
804,Hadders,Hans,NO,hans.hadders@svt.ntnu.no,trondheim,,
805,Helgason,Lisa B,NO,lisa.helgason@npolar.no,n- tromsø,,
806,Johansen,Odd Erik,NO,,boehringer ingelheim,,
807,Møllerløkken,A,NO,andreas.mollerlokken@ntnu.no,n- trondheim,,
808,Olsen,Hanne Gro,NO,hanne-gro.olsen@nmbu.no.,ås,,
809,Knutsen,Tim Martin,NO,,ås,,
810,Lewandowska-Sabat,Anna M,NO,,oslo,,
811,Grove,Harald,NO,,ås,,
812,Nome,Torfinn,NO,,ås,,
813,Svendsen,Morten,NO,,ås,,
814,Arnyasi,Mariann,NO,,ås,,
815,Sodeland,Marte,NO,,his,,
816,Sundsaasen,Kristil K,NO,,ås,,
817,Dahl,Sandra Rinne,NO,,oslo,,
818,Heringstad,Bjørg,NO,,ås,,
819,Hansen,Hanne H,NO,,ås,,
820,Olsaker,Ingrid,NO,,oslo,,
821,Kent,Matthew Peter,NO,,ås,,
822,Lien,Sigbjørn,NO,,ås,,
823,Rustan,Arild C,NO,,oslo,,
824,Sulo,Enxhela,NO,enxhela.sulo@uib.no.,university of bergen,,
825,Nygård,Ottar,NO,,university of bergen,,
826,Vollset,Stein Emil,NO,,university of bergen,,
827,Igland,Jannicke,NO,,university of bergen,,
828,Ebbing,Marta,NO,,university of bergen,,
829,Østbye,Truls,NO,,university of bergen,,
830,Sulo,Gerhard,NO,,university of bergen,,
831,Tell,Grethe S,NO,,university of bergen,,
832,Vik,Hogne,NO,,lysaker,,
833,Ree,Eline,NO,eline.ree@uni.no.,vestfold hospital trust,,
834,Lie,Stein Atle,NO,,university of bergen,,
835,Eriksen,Hege R,NO,,bergen university college,,
836,Indahl,Aage,NO,,vestfold hospital trust,,
837,Samdal,Oddrun,NO,,university of bergen,,
838,Harris,Anette,NO,,university of bergen,,
839,Gjerde,Bjørn,NO,bjorn.gjerde@nvh.no,0033 oslo,,
840,Löe,Jonny,NO,jonnyloe@online.no,trondheim,,
841,Gullestad,L,NO,,oslo,,
842,Westrøm,Sara,NO,,oslo,,
843,Malenge,Marion,NO,,oslo,,
844,Jorstad,Ida Sofie,NO,,oslo,,
845,Napoli,Elisa,NO,,oslo,,
846,Bruland,Øyvind S,NO,,oslo,,
847,Bønsdorff,Tina B,NO,,oslo,,
848,Larsen,Roy H,NO,,oslo,,
849,Skugor,Stanko,NO,stanko.skugor@nofima.no,as 1430,,
850,Zätterström,U,NO,ulf.zatterstrom@rikshospitalet.no,oslo,,
851,Vaaler,S,NO,,oslo,,
852,Dellacasagrande,J,NO,,oslo,,
853,Mekonnen,Seble Merid,NO,,n tromsø,,
854,Samuelsen,J T,NO,jts@niom.no,n- haslum,,
855,Chandyo,Ram K,NO,,bergen,,
856,Henjum,Sigrun,NO,,oslo,,
857,Strand,Tor A,NO,,bergen,,
858,Mehlum,Lars,NO,,oslo,,
859,Ranhoff,Anette Hylen,NO,,oslo,,
860,Munk,Peter Scott,NO,munk@lyse.net,stavanger,,
861,Christensen,Bjørn E,NO,,trondheim,,
862,Aas,Hoai Thi Nguyen,NO,,0316 oslo,,
863,Paulsen,Berit S,NO,,0316 oslo,,
864,Strand,A,NO,a.h.strand@medsin.uio.no,oslo,,
865,Velle,W,NO,,oslo,,
866,Andersen,J B,NO,,bergen,,
867,Russell,Michael Bjørn,NO,m.b.russell@klinmed.uio.no,oslo,,
868,Storhaug,Christian Løvold,NO,,university of bergen,,
869,Fosse,Svein Kjetil,NO,,university of bergen,,
870,Jonsson,Malin V,NO,,bergen,,
871,Lundin,K E,NO,,oslo,,
872,Aspestrand,F,NO,,university of oslo,,
873,Lundin,Knut E A,NO,k.e.a.lundin@medisin.uio.no,oslo,,
874,Dahle,Øyvind,NO,,university of oslo,,
875,Geisler,Jürgen,NO,jurgen.geisler@helse-bergen.no,n- bergen,,
876,Masoy,S E,NO,svein-erik.masoy@ntnu.no,n- trondheim,,
877,Strisland,Frode,NO,,oslo,,
878,Svagård,Ingrid Storruste,NO,,oslo,,
879,Austad,Hanne Opsahl,NO,,oslo,,
880,Reitan,Jarl,NO,,trondheim,,
881,Sekse,Ragnhild Johanne Tveit,NO,,bergen,,
882,Hufthammer,Karl Ove,NO,,bergen,,
883,Vika,Margrethe Elin,NO,,bergen,,
884,Øpstad,Christer L,NO,,trondheim,,
885,Zeeshan,Muhammad,NO,,trondheim,,
886,Zaidi,Asma,NO,,trondheim,,
887,Partali,Vassilia,NO,,trondheim,,
888,Nicholson,David G,NO,,trondheim,,
889,Larsen,Helge,NO,,stavanger,,
890,Risøe,Petter K,NO,,oslo,,
891,Holmen,T L,NO,verdalfh@online.no,verdal,,
892,Sousa,Mirta M L,NO,,n- trondheim,,
893,Stray-Pedersen,Asbjørg,NO,,oslo,,
894,Nordheim,K,NO,,oslo,,
895,Tzellos,Thrasivoulos,NO,,troms,,
896,Vaismoradi,Mojtaba,NO,,bodø,,
897,Wang,Inger-Lise,NO,,bodø,,
898,Bondas,Terese,NO,,bodø,,
899,Einarson,Elisabeth,NO,,lørenskog,,
900,Syversen,Silje W,NO,s.w.syversen@medisin.uio.no,n- oslo,,
901,Busund,L-T,NO,lill.tove.busund@unn.no,n- tromsø,,
902,Syrstad,O,NO,,as,,
903,Havdahl,Karoline Alexandra,NO,,oslo,,
904,Lian,Olaug S,NO,,university of tromsø - the arctic university of norway,,
905,Bondevik,Hilde,NO,,university of oslo,,
906,Mangel,Marc,NO,,bergen,,
907,Dalen,Ingvild,NO,ingvild.dalen@medisin.uio.no,0317 oslo,,
908,Tjølsen,A,NO,,university of bergen,,
909,Falk,Knut,NO,,oslo,,
910,Andreassen,Trine Naalsund,NO,,trondheim,,
911,Havnen,Hilde,NO,,trondheim,,
912,Spigset,Olav,NO,,trondheim,,
913,Falch,Berit Margrethe Hasle,NO,,trondheim,,
914,Skråstad,Ragnhild Bergene,NO,,trondheim,,
915,Undheim,Marie,NO,,university of stavanger,,
916,Bru,Edvin,NO,,university of stavanger,,
917,Murberg,Terje A,NO,,university of stavanger,,
918,Foerster,A,NO,,ullevål hospital,,
919,Krogstad,Unni,NO,unni.krogstad@nhsrc.no,department of general practice and community medicine,,
920,Aaberge,I S,NO,,oslo,,
921,Vesterhus,M N,NO,,oslo,,
922,Karlsen,T H,NO,,oslo,,
923,Kittang,E,NO,,oslo,,
924,Aamodt,A H,NO,anne.aamodt@medfa.uib.no,bergen,,
925,Svinndal,Elisabeth Vigrestad,NO,,rauland,,
926,Jensen,Chris,NO,,rauland,,
927,Rise,Marit By,NO,,trondheim,,
928,Karoussi,O,NO,,stavanger,,
929,Tessem,May-Britt,NO,may-britt.tessem@medisin.ntnu.no,trondheim,,
930,Scheel,Inger B,NO,inger.scheel@shdir.no,oslo,,
931,Stovner,L J,NO,,trondheim university hospital,,
932,Kaur,Kiranpreet,NO,,no-0033 oslo,,
933,Bakke,Marit Jørgensen,NO,,no-0033 oslo,,
934,Nilsen,Frank,NO,,no- bergen,,
935,Horsberg,Tor Einar,NO,,no-0033 oslo,,
936,Hofvind,Solveig S H,NO,solveig.hofvind@kreftregisteret.no,oslo,,
937,Mastrangelopoulou,Maria,NO,,oslo,,
938,Grigalavicius,Mantas,NO,,oslo,,
939,Berg,Kristian,NO,,oslo,,
940,Ménard,Mathilde,NO,,oslo,,
941,Theodossiou,Theodossis A,NO,,oslo,,
942,Lauritzsen,G F,NO,,university of oslo,,
943,Arvidsson,Linda Z,NO,,oslo,,
944,Hauge,Helena,NO,,oslo,,
945,Dieckmann,Peter,NO,,stavanger,,
946,Reinholt,Finn P,NO,,oslo,,
947,Nguyen,Nga,NO,,oslo,,
948,Fashing,Peter J,NO,,oslo,,
949,Eriksen,G Anita,NO,,oslo,,
950,Tambs,K,NO,,university of oslo,,
951,Bjørnarå,Helga Birgit,NO,helga.birgit.bjornara@uia.no.,kristiansand,,
952,Berntsen,Sveinung,NO,,kristiansand,,
953,Te Velde,Saskia J,NO,,kristiansand,,
954,Fegran,Liv,NO,,kristiansand,,
955,Fyhri,Aslak,NO,,oslo,,
956,Andersen,Lars Bo,NO,,bergen,,
957,Bere,Elling,NO,,kristiansand,,
958,Thaulow,Jens,NO,,n- oslo,,
959,Abdelnoor,M,NO,,university of oslo,,
960,Eide,Helene Dahl,NO,,oslo,,
961,Olsen,H,NO,,oslo,,
962,Løken,Torleiv,NO,torleiv.loken@veths.no,n-0033 oslo,,
963,Bizanov,G,NO,,oslo,,
964,Caugant,D A,NO,,oslo,,
965,Somé,Eric Nagaonle,NO,,bergen,,
966,Engebretsen,Ingunn M S,NO,,bergen,,
967,Tylleskär,Thorkild,NO,,bergen,,
968,Folgerø,Tor,NO,tor.folgero@ikk.uib.no,n-5020 bergen,,
969,Henry,Ingrid A,NO,,trondheim,,
970,Ribicic,Deni,NO,,trondheim,,
971,Brönner,Ute,NO,,trondheim,,
972,Brakstad,Odd G,NO,,trondheim,,
973,Tyssen,Reidar,NO,tyssen@medisin.uio.no,oslo,,
974,Nybakken,Line,NO,line.nybakken@ina.nlh.no,as,,
975,Bramness,Jørgen G,NO,jorgen.bramness@labmed.uio.no,oslo,,
976,Fossmark,Reidar,NO,,trondheim,,
977,Mjønes,Patricia,NO,,trondheim,,
978,Waldum,Helge L,NO,,trondheim,,
979,Stray-Pedersen,A,NO,asbjorg.stray-pedersen@rikshospitalet.no,oslo,,
980,Erga,Aleksander H,NO,,stavanger,,
981,Alves,Guido,NO,,stavanger,,
982,Larsen,Jan Petter,NO,,stavanger,,
983,Tysnes,Ole Bj Rn,NO,,bergen,,
984,Pedersen,Kenn Freddy,NO,,stavanger,,
985,Karlsen,Christian,NO,christian.karlsen@nofima.no.,aas,,
986,Ytteborg,Elisabeth,NO,,aas,,
987,Timmerhaus,Gerrit,NO,,aas,,
988,Høst,Vibeke,NO,,aas,,
989,Handeland,Sigurd,NO,,bergen,,
990,Jørgensen,Sven Martin,NO,,aas,,
991,Krasnov,Aleksei,NO,,aas,,
992,Singh,K,NO,,tromsø,,
993,Christiansen,E,NO,,oslo,,
994,Skaare,A B,NO,askaare@odont.uio.no,university of oslo,,
995,Botsis,Taxiarchis,NO,tbotsis@cs.uit.no,tromsø,,
996,Engeloug,Anne Maren,NO,,aas,,
997,Yi,Gu,NO,,aas,,
998,Egelandsdal,Bjørg,NO,,aas,,
999,Haug,Anna,NO,,aas,,
1000,Nordvi,Berit,NO,,oslo,,
1001,Ippen,Tammo,NO,,ås,,
1002,Chavan,Sachin M,NO,,0315 oslo,,
1003,Murashita,Koji,NO,kojim@affrc.go.jp,no-5020 bergen,,
1004,Langhammer,Birgitta,NO,birgitta.langhammer@hf.hio.no,oslo,,
1005,Stokstad,Maria,NO,,oslo,,
1006,Sølverød,Liv,NO,,6402 molde,,
1007,Nødtvedt,Ane,NO,,oslo,,
1008,Gullestad,Lars,NO,,oslo,,
1009,Kjekshus,John,NO,,oslo,,
1010,Sletvold,H,NO,,ostmarka hospital,,
1011,Benterud,T,NO,,oslo,,
1012,Manueldas,S,NO,,oslo,,
1013,Løberg,E M,NO,,oslo,,
1014,Baumbusch,L O,NO,,oslo,,
1015,Solberg,R,NO,,oslo,,
1016,Saugstad,O D,NO,,oslo,,
1017,Etokebe,G E,NO,,national hospital oslo,,
1018,Lundin,Katrin U,NO,k.u.lundin@labmed.uio.no,n- oslo,,
1019,Hjelde,T,NO,,institute of pharmacy,,
1020,Saugstad,L F,NO,,university of trondheim,,
1021,Tanbo,Tom,NO,,oslo,,
1022,Mellembakken,Jan,NO,,oslo,,
1023,Bjercke,Sverre,NO,,oslo,,
1024,Ring,Eva,NO,,oslo,,
1025,Åbyholm,Thomas,NO,,oslo,,
1026,Fedorcsak,Peter,NO,,oslo,,
1027,Lindal,S,NO,,university of tromsø,,
1028,Wiedswang,G,NO,,trondheim university hospital,,
1029,Hakestad,Kari Anne,NO,k.a.hakestad@medisin.uio.no.,oslo,,
1030,Bramness,Jørgen G,NO,jorgen.bramness@labmed.uio.no,oslo,,
1031,Bertram,Lars,NO,,oslo,,
1032,Strand,Linn Beate,NO,,trondheim,,
1033,Hustad,Eldbjorg,NO,,trondheim,,
1034,Aasly,Jan O,NO,,trondheim,,
1035,Mobarak,K A,NO,kmobarak@bigfoot.com,0317 oslo,,
1036,Buanes,T,NO,,bergen,,
1037,Bugge,L,NO,,oslo,,
1038,Bugge,M K,NO,,oslo,,
1039,Cameron,D,NO,,oslo,,
1040,Catmore,J R,NO,,oslo,,
1041,Dale,O,NO,,bergen,,
1042,Eigen,G,NO,,bergen,,
1043,Gjelsten,B K,NO,,oslo,,
1044,Gramstad,E,NO,,oslo,,
1045,Kastanas,A,NO,,bergen,,
1046,Liebig,W,NO,,bergen,,
1047,Lipniacka,A,NO,,bergen,,
1048,Martin Dit Latour,B,NO,,bergen,,
1049,Ould-Saada,F,NO,,oslo,,
1050,Pajchel,K,NO,,oslo,,
1051,Pedersen,M,NO,,oslo,,
1052,Read,A L,NO,,oslo,,
1053,Røhne,O,NO,,oslo,,
1054,Rosendahl,P L,NO,,bergen,,
1055,Sandaker,H,NO,,bergen,,
1056,Sjursen,T B,NO,,bergen,,
1057,Smestad,L,NO,,bergen,,
1058,Stapnes,S,NO,,oslo,,
1059,Strandlie,A,NO,,oslo,,
1060,Stugu,B,NO,,bergen,,
1061,Ugland,M,NO,,bergen,,
1062,Halgunset,J,NO,,trondheim,,
1063,Alvik,Astrid,NO,,oslo,,
1064,Heggelund,Jørn,NO,,trondheim,,
1065,Kleppe,Kim Daniel,NO,,ottestad,,
1066,Morken,Gunnar,NO,,trondheim,,
1067,Vedul-Kjelsås,Einar,NO,,trondheim,,
1068,Geitung,J T,NO,,university of bergen,,
1069,Ellingsen,O,NO,,university of oslo,,
1070,Borgen,E,NO,,oslo,,
1071,Mengshoel,Anne Marit,NO,a.m.mengshoel@medisin.uio.no,oslo,,
1072,Femdal,Ingrid,NO,,kråkerøy,,
1073,de Vibe,Michael,NO,,oslo,,
1074,Solhaug,Ida,NO,,tromsø,,
1075,Rosenvinge,Jan H,NO,,tromsø,,
1076,Tyssen,Reidar,NO,,oslo,,
1077,Melinder,Annika,NO,a.m.d.melinder@psykologi.uio.no,oslo,,
1078,Aass,Nina,NO,,oslo,,
1079,Torjesen,P A,NO,,oslo,,
1080,Mdoe,Paschal F,NO,,stavanger,,
1081,Ersdal,Hege L,NO,,stavanger,,
1082,Mduma,Estomih,NO,,stavanger,,
1083,Moshiro,Robert,NO,,stavanger,,
1084,Dalen,Ingvild,NO,,stavanger,,
1085,Kidanto,Hussein,NO,,stavanger,,
1086,Vetvik,Kjersti Grøtta,NO,kjersti.vetvik@medisin.uio.no.,lørenskog,,
1087,Almendingen,K,NO,,oslo,,
1088,Lauritzsen,G F,NO,,university of oslo,,
1089,Varland,Sylvia,NO,,bergen,,
1090,Myklebust,Line M,NO,,bergen,,
1091,Goksøyr,Siri Øfsthus,NO,,bergen,,
1092,Glomnes,Nina,NO,,5021 bergen,,
1093,Torsvik,Janniche,NO,,bergen,,
1094,Varhaug,Jan Erik,NO,,bergen,,
1095,Muncaster,S,NO,simon.muncaster@boppoly.ac.nz,n- bergen,,
1096,Hertel-Aas,Turid,NO,turid.hertel-aas@umb.no,1432 aas,,
1097,Riksen,Elisabeth A,NO,,oslo,,
1098,Vikse,R,NO,,bekkestua,,
1099,Solligård,Erik,NO,,trondheim,,
1100,Damås,Jan Kristian,NO,,trondheim,,
1101,Morgado,Luis N,NO,,oslo,,
1102,Bråten,M,NO,,trondheim university hospital,,
1103,Moi,Harald,NO,,university of oslo,,
1104,Qviller,Lars,NO,,oslo,,
1105,Berge,Viktor,NO,viktbe@online.no,oslo,,
1106,Støren,Øyvind,NO,oyvind.storen@hit.no,bø,,
1107,Strand,Bjørn H,NO,,university of oslo,,
1108,Langballe,Ellen Melbye,NO,,tønsberg,,
1109,Rosness,Tor A,NO,,oslo,,
1110,Engedal,Knut,NO,,tønsberg,,
1111,Totland,Torunn Holm,NO,,tønsberg,,
1112,Myhre,Oddvar,NO,,oslo,,
1113,Bjertness,Espen,NO,,university of oslo,,
1114,Hopstock,Laila A,NO,,tromsø,,
1115,Løchen,Maja-Lisa,NO,,tromsø,,
1116,Mathiesen,Ellisiv B,NO,,tromsø,,
1117,Mo,Birger,NO,birger.mo@labmed.uio.no,oslo,,
1118,Schuster,Peter,NO,peter.schuster@med.uib.no,bergen,,
1119,Alme,J,NO,,mons,,
1120,Altinpinar,S,NO,,mons,,
1121,Arsene,I C,NO,,oslo,,
1122,Batzing,P C,NO,,oslo,,
1123,Djuvsland,Ø,NO,,mons,,
1124,Dordic,O,NO,,oslo,,
1125,Haaland,Ø,NO,,mons,,
1126,Helstrup,H,NO,,mons,,
1127,Hetland,K F,NO,,mons,,
1128,Huang,M,NO,,mons,,
1129,Kileng,B,NO,,mons,,
1130,Langoy,R,NO,,vestfold,,
1131,Lien,J,NO,,vestfold,,
1132,Lindal,S,NO,,oslo,,
1133,Loenne,P I,NO,,mons,,
1134,Mahmood,S M,NO,,oslo,,
1135,Milosevic,J,NO,,oslo,,
1136,Nystrand,J,NO,,mons,,
1137,Qvigstad,H,NO,,oslo,,
1138,Rehman,A,NO,,mons,,
1139,Richter,M,NO,,oslo,,
1140,Røed,K,NO,,oslo,,
1141,Röhrich,D,NO,,mons,,
1142,Skaali,T B,NO,,oslo,,
1143,Tambave,G J,NO,,mons,,
1144,Tveter,T S,NO,,oslo,,
1145,Ullaland,K,NO,,mons,,
1146,Velure,A,NO,,mons,,
1147,Wagner,B,NO,,mons,,
1148,Wikne,J,NO,,oslo,,
1149,Zhang,H,NO,,mons,,
1150,Zhao,C,NO,,oslo,,
1151,Zhou,Z,NO,,mons,,
1152,Zhu,H,NO,,mons,,
1153,Rigó,István Zoltán,NO,,moss,,
1154,Haugstvedt,Jan-Ragnar,NO,,moss,,
1155,Røkkum,Magne,NO,,oslo,,
1156,Muller,Ashley E,NO,,oslo,,
1157,Enger,Rune,NO,,n- oslo,,
1158,Dukefoss,Didrik B,NO,,n- oslo,,
1159,Tang,Wannan,NO,,n- oslo,,
1160,Pettersen,Klas H,NO,,n- oslo,,
1161,Bjørnstad,Daniel M,NO,,n- oslo,,
1162,Helm,P Johannes,NO,,n- oslo,,
1163,Jensen,Vidar,NO,,n- oslo,,
1164,Vervaeke,Koen,NO,,n- oslo,,
1165,Ottersen,Ole P,NO,,n- oslo,,
1166,Nagelhus,Erlend A,NO,,n- oslo,,
1167,Olsen,Esben M,NO,,n-,,
1168,Johannessen,Tore,NO,,n-,,
1169,Knutsen,Halvor,NO,,n-,,
1170,Dahl,John Arne,NO,,oslo,,
1171,Skeie,Guri,NO,,tromsø,,
1172,Weiderpass,Elisabete,NO,,tromsø,,
1173,Thongjuea,Supat,NO,,n- bergen,,
1174,Bliksøen,Marte,NO,,oslo,,
1175,Parulekar,Niranjan Nitin,NO,,bø i telemark,,
1176,Jenkins,Andrew,NO,,bø i telemark,,
1177,Kleiven,Synne,NO,,bø i telemark,,
1178,Utkilen,Hans,NO,,bø i telemark,,
1179,Johansen,Anette,NO,,bø i telemark,,
1180,Sæbø,Mona,NO,,bø i telemark,,
1181,Haldorsen,Ingfrid S,NO,,haukeland university hospital,,
1182,Kondziella,Daniel,NO,,trondheim,,
1183,Gundersen,V,NO,,university of oslo,,
1184,Christie,K E,NO,,university of bergen,,
1185,Eilevstjønn,Joar,NO,,n- stavanger,,
1186,Jaspers,Veerle Leontina Bernard,NO,,trondheim,,
1187,Aarseth,Guri,NO,guri.aarseth@medisin.uio.no.,university of oslo,,
1188,Natvig,Bård,NO,,faculty of medicine university of oslo,,
1189,Engebretsen,Eivind,NO,,faculty of medicine university of oslo,,
1190,Maagerø,Eva,NO,,university college of southeast norway,,
1191,Lie,Anne Helene Kveim,NO,,university of oslo,,
1192,Kruszewski,P,NO,,trondheim university hospital,,
1193,Lillo,Cathrine,NO,cathrine.lillo@tn.his.no,4068 stavanger,,
1194,Jordalen,Gro,NO,,norwegian school of sport sciences oslo,,
1195,Lemyre,Pierre-Nicolas,NO,,norwegian school of sport sciences oslo,,
1196,Krainski,Elias Teixeira,NO,,trondheim,,
1197,Bui,Tri Quang,NO,,halden,,
1198,Cao,Vinh Duy,NO,,halden,,
1199,Do,Nu Bich Duyen,NO,,notodden,,
1200,Christoffersen,Trine Eker,NO,,halden,,
1201,Wang,Wei,NO,,5020 bergen,,
1202,Kjøniksen,Anna-Lena,NO,,halden,,
1203,Haagensen,R E,NO,,oslo,,
1204,Helle,Frank,NO,,n- bergen,,
1205,Stea,Tonje H,NO,,n- kristiansand,,
1206,Vik,Frøydis N,NO,,n- kristiansand,,
1207,Bere,Elling,NO,,n- kristiansand,,
1208,Svendsen,Martin V,NO,,skien,,
1209,Oellingrath,Inger M,NO,,porsgrunn,,
1210,Åsberg,Anders,NO,anders.asberg@farmasi.uio.no,oslo,,
1211,Grindflek,Eli,NO,eli.grindflek@umb.no,hamar,,
1212,Bayegan,Elisabeth,NO,,no- trondheim,,
1213,Svendsen,K,NO,kristin.svendsen@medisin.ntnu.no,trondheim,,
1214,Bjerklund Johansen,Truls Erik,NO,,oslo,,
1215,Reed,Rolf K,NO,rolf.reed@biomed.uib.no,n- bergen,,
1216,Ødegaard,Hallvard,NO,,trondheim,,
1217,Beiske,A G,NO,antonie.beiske@ahus.no,nordbyhagen,,
1218,Skoe,E E,NO,evas@psyk.uit.no,university of tromsø,,
1219,Stene,Lars C,NO,,oslo,,
1220,Tapia,German,NO,,oslo,,
1221,Nakstad,Anders Rostrup,NO,andersrn@akuttmedisin.info,oslo,,
1222,Henriksen,Roger Ekeberg,NO,,bergen,,
1223,Torsheim,Torbjørn,NO,,bergen,,
1224,Thuen,Frode,NO,,bergen,,
1225,Furnham,Adrian,NO,,bi norwegian business school,,
1226,Sakariassen,K S,NO,,university of oslo,,
1227,Gele,Abdi A,NO,,oslo,,
1228,Fritsche,Lars G,NO,,trondheim,,
1229,Bjørkly,S,NO,,molde college,,
1230,Birkenaes,Astrid B,NO,a.b.birkenas@medisin.uio.no,oslo,,
1231,Bjørge,T,NO,tb@kreftreg.no,oslo,,
1232,Nygård,J F,NO,jan.nygard@kreftregisteret.no,oslo,,
1233,Reims,Henrik M,NO,henrik.reims@ioks.uio.no,oslo,,
1234,Athanasiu,Lavinia,NO,,n-0318 oslo,,
1235,Kaarensen,A,NO,,university of oslo,,
1236,Strand,S P,NO,,n- trondheim,,
1237,Stenehjem,Jo S,NO,jo.stenehjem@kreftregisteret.no.,oslo,,
1238,Hjerkind,Kirsti V,NO,,oslo,,
1239,Nilsen,Tom I L,NO,,trondheim,,
1240,Le Roux,Erwan,NO,,bergen,,
1241,Gulbrandsen,P,NO,,university of oslo,,
1242,Rutlen,D L,NO,,ullevaal hospital,,
1243,Hole,Torstein Nielsen,NO,,bergen,,
1244,Østby,Kristian Amundsen,NO,kristian.ostby@fhi.no.,oslo,,
1245,Czajkowski,Nikolai,NO,,oslo,,
1246,Knudsen,Gun Peggy,NO,,oslo,,
1247,Ystrøm,Eivind,NO,,oslo,,
1248,Gjerde,Line C,NO,,oslo,,
1249,Ørstavik,Ragnhild E,NO,,oslo,,
1250,Reichborn-Kjennerud,Ted,NO,,oslo,,
1251,Lysdahl,Kristin Bakke,NO,kristin.bakke-lysdahl@hf.hio.no,oslo,,
1252,Inderhaug,Eivind,NO,eivind.inderhaug@gmail.com.,bergen,,
1253,Raknes,Sveinung,NO,,bergen,,
1254,Østvold,Thomas,NO,,bergen,,
1255,Solheim,Eirik,NO,,bergen,,
1256,Strand,Torbjørn,NO,,bergen,,
1257,Volløyhaug,I,NO,,trondheim,,
1258,Bjertness,Espen,NO,espen.bjertness@medisin.uio.no,0318 oslo,,
1259,Johansen,Terje,NO,,tromsø,,
1260,Øfsteng,S,NO,,lillehammer,,
1261,Sandbakk,Ø,NO,,trondheim,,
1262,van Beekvelt,M,NO,,trondheim,,
1263,Hammarström,D,NO,,lillehammer,,
1264,Kristoffersen,R,NO,,trondheim,,
1265,Hansen,J,NO,,lillehammer,,
1266,Paulsen,G,NO,,oslo,,
1267,Rønnestad,B R,NO,,lillehammer,,
1268,Boman,Linus,NO,,n- trondheim,,
1269,Kylin,Henrik,NO,,no- tromsø,,
1270,Dyrhovden,Gro Sævik,NO,gdyrhovden@gmail.com.,bergen,,
1271,Holth,T F,NO,tor.fredrik.holth@niva.no,n- oslo,,
1272,Haga,Monika,NO,monika.haga@hist.no,trondheim,,
1273,Johansen,Roar,NO,,trondheim,,
1274,Bjorland,Siri,NO,sibjorl@online.no.,0316,,
1275,Moen,Aurora,NO,,oslo,,
1276,Schistad,Elina,NO,,oslo,,
1277,Gjerstad,Johannes,NO,,oslo,,
1278,Røe,Cecilie,NO,,0316,,
1279,Sollid,S,NO,snorre.sollid@unn.no,n- tromsø,,
1280,Hestmark,Geir,NO,,oslo,,
1281,Dusinska,M,NO,,kjeller,,
1282,Turner,Wendy C,NO,,oslo,,
1283,Spasojevic,Milan,NO,,tonsberg,,
1284,Helgeland,Erik,NO,,university of bergen,,
1285,Collas,Philippe,NO,,oslo,,
1286,Røise,Anne Kari,NO,,the norwegian science and technology university (ntnu) gjøvik,,
1287,Kvitle,Anne Kristin,NO,,the norwegian science and technology university (ntnu) gjøvik,,
1288,Green,Phil,NO,,the norwegian science and technology university (ntnu) gjøvik,,
1289,Gottås,A,NO,,0403 oslo,,
1290,Boix,F,NO,,0403 oslo,,
1291,Øiestad,E L,NO,,0403 oslo,,
1292,Vindenes,V,NO,,0403 oslo,,
1293,Mørland,J,NO,,0403 oslo,,
1294,Dupuy,B Myhre,NO,b.m.dupuy@labmed.uio.no,oslo,,
1295,Hanche-Olsen,T,NO,,bodø,,
1296,Gylseth,B,NO,,oslo,,
1297,Aamaas,Øystein,NO,oystein.aamaas@gmail.com,st. olavs hospital,,
1298,Hajdu,A,NO,agha@fhi.no,oslo,,
1299,Bye,R,NO,,oslo 3,,
1300,Størdal,Ketil,NO,,fredrikstad,,
1301,Le Hellard,Stephanie,NO,,bergen,,
1302,Mork,Erlend,NO,erlend.mork@medisin.uio.no.,university of oslo,,
1303,Vikanes,Ase,NO,ase.vigdis.vikanes@fhi.no,oslo,,
1304,Flaatten,Karianne,NO,karianne@gmx.de,oslo,,
1305,Aslaksen,Per M,NO,,tromsø,,
1306,Larsby,Kristina,NO,,tromsø,,
1307,Norli,Lena,NO,,tromsø,,
1308,Schäfer,Christoph,NO,,tromsø,,
1309,Tande,Pål M,NO,,tromsø,,
1310,Vangberg,Torgil R,NO,,tromsø,,
1311,Anke,Audny,NO,,tromsø,,
1312,Straume,Daniel,NO,,ås,,
1313,Hegnar,Olav A,NO,,ås,,
1314,Håvarstein,Leiv Sigve,NO,,ås,,
1315,Helgeland,Øyvind,NO,,bergen,,
1316,Holmen,Oddgeir L,NO,,trondheim,,
1317,Johansson,Stefan,NO,,bergen,,
1318,Njølstad,Pål R,NO,,bergen,,
1319,Sosa,Daysi Duarte,NO,daysi@online.no.,oslo,,
1320,Eriksen,Erik Fink,NO,,oslo,,
1321,Solheim,Marie H,NO,,bergen,,
1322,Molven,Anders,NO,,bergen,,
1323,Njølstad,Pål R,NO,,bergen,,
1324,Walhovd,Kristine B,NO,k.b.walhovd@psykologi.uio.no,oslo,,
1325,Bjugn,Roger,NO,roger.bjugn@medisin.uio.no,no- oslo,,
1326,Olsen,Olav,NO,,trondheim,,
1327,Braenden,J U,NO,jorunn.braenden@rikshospitalet.no,oslo,,
