temp_id,lastname,firstname,countries_scope,email,town,role,url
1,Gutema,Girma,NO,girmabbaacabsaa@gmail.com.,oslo,,
2,Briels,Nathalie,NO,,trondheim,,
3,Ciesielski,Tomasz M,NO,,trondheim,,
4,Herzke,Dorte,NO,,tromsø,,
5,Jaspers,Veerle L B,NO,,trondheim,,
6,Stensæth,Karette,NO,kst@nmh.no,oslo,,
7,Orvain,Christophe,NO,,n-0316 oslo,,
8,Andersen,Jannike M,NO,jannike.andersen@ffi.no,n- kjeller,,
9,Storm,H,NO,hanne.storm@klinmed.uio.no,oslo,,
10,Rentzsch,Fabian,NO,,bergen,,
11,Walløe,Lars,NO,,oslo,,
12,Fliegl,Heike,NO,,p.o. box  blindern 0315 oslo,,
13,Jusélius,Jonas,NO,,n- tromsø,,
14,Herlofsen,Sarah Roxana,NO,,oslo,,
15,Hvidsten,Torgeir R,NO,,ås,,
16,Røe,Oluf D,NO,,trondheim,,
17,Johansen,B,NO,,university of oslo,,
18,Ellekjaer,H,NO,verdalfh@online.no,verdal,,
19,D'Antonio,F,NO,,tromsø,,
20,Acharya,G,NO,,tromsø,,
21,Fjelldal,Per Gunnar,NO,,matredal,,
22,Hansen,Tom,NO,,matredal,,
23,Hjelmeland,Heidi,NO,heidi.hjelmeland@svt.ntnu.no,trondheim,,
24,Storm,Margrethe,NO,,oslo,,
25,Sheng,Xia,NO,,oslo,,
26,Arnoldussen,Yke Jildouw,NO,,oslo,,
27,Saatcioglu,Fahri,NO,,oslo,,
28,Holand,H,NO,hakon.holand@ntnu.no.,trondheim,,
29,Kvalnes,T,NO,,trondheim,,
30,Gamelon,M,NO,,trondheim,,
31,Tufto,J,NO,,trondheim,,
32,Jensen,H,NO,,trondheim,,
33,Pärn,H,NO,,trondheim,,
34,Ringsby,T H,NO,,trondheim,,
35,Sæther,B-E,NO,,trondheim,,
36,Ree,Anne Hansen,NO,,oslo,,
37,Saelen,Marie Grøn,NO,,oslo,,
38,Kalanxhi,Erta,NO,,lørenskog,,
39,Østensen,Ingrid H G,NO,,oslo,,
40,Schee,Kristina,NO,,oslo,,
41,Røe,Kathrine,NO,,lørenskog,,
42,Abrahamsen,Torveig Weum,NO,,oslo,,
43,Dueland,Svein,NO,,oslo,,
44,Flatmark,Kjersti,NO,,oslo,,
45,Fonseca,D M,NO,fonseca@ntnu.no,trondheim,,
46,Hoff,Geir,NO,,skien,,
47,Dahl,B L,NO,,university of oslo,,
48,Tarasov,Sergei,NO,,oslo,,
49,Dimitrov,Dimitar,NO,,oslo,,
50,Abebe,Fekadu,NO,,oslo,,
51,Heier,H E,NO,,oslo,,
52,Preus,Hans R,NO,,oslo,,
53,Gjermo,Per,NO,,oslo,,
54,Stuge,Britt,NO,,no- oslo,,
55,Llorente,A,NO,,oslo,,
56,Stornes,Per,NO,,trondheim,,
57,Eikemo,Terje A,NO,,trondheim,,
58,Trommald,M,NO,mari.trommald@basalmed.uio.no,blindern,,
59,Hysing,Mari,NO,mari.hysing@psybp.uib.no,university of bergen,,
60,Zhang,Z,NO,,oslo,,
61,Grønevik,Eirik,NO,e.gronevik@inovio.com,0316 oslo,,
62,Heimdal,J H,NO,,bergen,,
63,Bruserud,Øystein,NO,oystein.bruserud@haukeland.no,n- bergen,,
64,Gilhus,Nils Erik,NO,,bergen,,
65,Veiby,Gyri,NO,,bergen,,
66,Reiter,Simone Frizell,NO,,bergen,,
67,Lossius,Morten Ingvar,NO,,oslo,,
68,Bjørk,Marte,NO,,bergen,,
69,Fu,Juan,NO,juan.fu@uit.no,tromsø,,
70,Holtedahl,Knut,NO,knutarne.holtedahl@ism.uit.no,university of tromso,,
71,Haaland,S,NO,staale.haaland@bioforsk.no,no- as,,
72,Romstad,Anne Berit,NO,anne.b.romstad@hint.no,namsos,,
73,Almdahl,Ina S,NO,,lørenskog,,
74,Brækhus,Anne,NO,,tønsberg,,
75,Fladby,Tormod,NO,,lørenskog,,
76,Selbæk,Geir,NO,,tønsberg,,
77,Andreassen,Ole A,NO,,oslo,,
78,Lorås,H,NO,havard.loras@hist.no,trondheim,,
79,Grav,Siv,NO,,namsos,,
80,Foss,Stian,NO,,oslo,,
81,Sandlie,Inger,NO,,oslo,,
82,Andersen,Jan Terje,NO,,oslo,,
83,Helgeland,Helene,NO,helene.helgeland@g.mail.com,gjovik,,
84,Enga,K F,NO,kristin.f.enga@uit.no,university of tromsø,,
85,Grund,F,NO,,ullevål hospital,,
86,Haram,K,NO,,haukeland university hospital,,
87,Leitges,M,NO,,oslo,,
88,Osterud,B,NO,bjarne@fagmed.uit.no,university of tromsø,,
89,Slagsvold,Hege H,NO,,n-0316 oslo,,
90,Tomasdottir,Margret Olafia,NO,,trondheim,,
91,Sigurdsson,Johann Agust,NO,,trondheim,,
92,Petursson,Halfdan,NO,,trondheim,,
93,Kirkengen,Anna Luise,NO,,tromsø,,
94,Krokstad,Steinar,NO,,levanger,,
95,Hetlevik,Irene,NO,,trondheim,,
96,Getz,Linn,NO,,trondheim,,
97,Porcellato,Davide,NO,davide.porcellato@nmbu.no.,aas,,
98,Ostlie,Hilde M,NO,,aas,,
99,Skeie,Siv B,NO,,aas,,
100,BjØrshol,Conrad,NO,,university of bergen,,
101,Nirea,Kahsay G,NO,kahsay.nirea@umb.no,ås 1432,,
102,Arntzen,A,NO,,national institute of public health,,
103,Markhus,Maria Wik,NO,maria.wik.markhus@nifes.no,bergen,,
104,Kittang,A-I,NO,ann-iren.kittang@bio.ntnu.no,trondheim,,
105,Bender,Andrea,NO,,university of bergen bergen,,
106,Beller,Sieghard,NO,,university of bergen bergen,,
107,Ulset,Ann-Sissel T,NO,,trondheim no-,,
108,Christensen,Bjørn E,NO,,trondheim no-,,
109,Diaz,Esperanza,NO,,bergen,,
110,Johnsson,A,NO,anders.johnsson@ntnu.no,trondheim,,
111,Pischke,Soeren E,NO,s.e.pischke@medisin.uio.no.,oslo,,
112,Gustavsen,A,NO,,oslo,,
113,Orrem,H L,NO,,oslo,,
114,Egge,K H,NO,,oslo,,
115,Courivaud,F,NO,,oslo,,
116,Fontenelle,H,NO,,oslo,,
117,Tønnessen,T I,NO,,oslo,,
118,Scott,H,NO,,oslo,,
119,Skulstad,H,NO,,oslo,,
120,Barratt-Due,A,NO,,oslo,,
121,Mollnes,T E,NO,,oslo,,
122,Ilıcak,Mehmet,NO,,bergen,,
123,Ursin,Holger,NO,h.ursin@uib.no,university of bergen,,
124,Haugeberg,Glenn,NO,,kristiansand,,
125,Sand,K M,NO,,bergen,,
126,Naess,H,NO,,bergen,,
127,Nilsen,R M,NO,,bergen,,
128,Thomassen,L,NO,,bergen,,
129,Hoff,J M,NO,,bergen,,
130,Kvam,E,NO,,oslo,,
131,Sandanger,Øystein,NO,,university of oslo,,
132,Aukrust,Pål,NO,,university of oslo,,
133,Hansen,S,NO,,university of tromsø,,
134,Lie,Elisabeth,NO,,oslo,,
135,Kvamme,Maria K,NO,,oslo,,
136,Kvien,Tore K,NO,,oslo,,
137,Uhlig,Till,NO,,oslo,,
138,Brønstad,Eivind,NO,eivind.bronstad@ntnu.no,trondheim,,
139,Smedmark,Jenny E E,NO,,no-5020 bergen,,
140,Gavrilyuk,Oxana,NO,oxana.gavrilyuk@uit.no.,tromsø,,
141,Hartveit,F,NO,,university of bergen,,
142,Halvorsen,Thomas,NO,,no-7465 trondheim,,
143,Hem,Karl-Gerhard,NO,,no-7465 trondheim,,
144,Rohde,Tarald,NO,,no-7465 trondheim,,
145,Sandvik,Reidun,NO,,bergen,,
146,Selbaek,Geir,NO,,oslo,,
147,Aarsland,Dag,NO,,stavanger,,
148,Husebo,Bettina Sandgathe,NO,,bergen,,
149,Bredland,Ebba Langum,NO,ebba.bredland@ntnu.no.,trondheim,,
150,Söderström,Sylvia,NO,,trondheim,,
151,Vik,Kjersti,NO,,trondheim,,
152,Haug,Line S,NO,,oslo,,
153,Omvik,P,NO,,bergen,,
154,Hellevik,Turid,NO,,tromsø,,
155,Paus,A C,NO,,oslo sanitetsforening rheumatism hospital,,
156,Walderhaug,Harald,NO,harald.walderhaug@kjemi.uio.no,oslo,,
157,Tveit,Tor O,NO,tor.tveit@sshf.no,kristiansand,,
158,Edvardsen,Bente,NO,,oslo,,
159,Lund,H,NO,,bergen,,
160,Nilsen,Dennis W T,NO,dennis.nilsen@med.uib.no,stavanger,,
161,Skretting,G,NO,,university of oslo,,
162,Sandvik,Hogne,NO,hogne.sandvik@isf.uib.no,bergen,,
163,Berntsen,Sveinung,NO,,kristiansand,,
164,Raastad,Truls,NO,,oslo,,
165,Nordin,Karin,NO,karin.nordin@pubcare.uu.se.,kristiansand,,
166,Wargelius,Anna,NO,anna.wargelius@imr.no,bergen,,
167,Posserud,Maj-Britt,NO,maj-britt.posserud@uni.no,bergen,,
168,Thune,I,NO,inger.thune@ism.uit.no,university of tromsø,,
169,Sandberg,Marcel,NO,,oslo,,
170,Haaland,Thomas Ray,NO,,trondheim,,
171,Wright,Jonathan,NO,,trondheim,,
172,Tufto,Jarle,NO,,trondheim,,
173,Ratikainen,Irja Ida,NO,,trondheim,,
174,Kalaš,Matúš,NO,,university of bergen,,
175,Aspehaug,Vidar,NO,vidar.aspehaug@bio.uib.no,bergen,,
176,Dahl,J E,NO,,haslum,,
177,Bujacz,Aleksandra,NO,,university of tromsø tromsø,,
178,Vittersø,Joar,NO,,university of tromsø tromsø,,
179,Hauge,S J,NO,sigrun.hauge@animalia.no,oslo,,
180,Deribe,Ermias,NO,ermias.weldemariam@umb.no,ås,,
181,Sletten,Gaynour,NO,,oslo,,
182,Porojnicu,Alina Carmen,NO,a.c.porojnicu@usit.uio.no,oslo,,
183,Jorgensen,Sven Martin,NO,tor.gjoen@farmasi.uio.no.,oslo,,
184,Ehrich,Dorothee,NO,dorothee.ehrich@uit.no.,tromsø,,
185,Strømeng,Marita A,NO,,tromsø,,
186,Killengreen,Siw T,NO,,tromsø,,
187,Gaustad,R,NO,,kjeller,,
188,Larsson,Pål G,NO,pal.g.larsson@epilepsy.no,sandvika,,
189,Alberg,Torunn,NO,,oslo,,
190,Harman,Christopher,NO,cha@niva.no,oslo,,
191,Runemark,Anna,NO,anna.runemark@ibv.uio.no.,oslo,,
192,Trier,Cassandra N,NO,,oslo,,
193,Eroukhmanoff,Fabrice,NO,,oslo,,
194,Hermansen,Jo S,NO,,oslo,,
195,Matschiner,Michael,NO,,oslo,,
196,Ravinet,Mark,NO,,oslo,,
197,Elgvin,Tore O,NO,,oslo,,
198,Sætre,Glenn-Peter,NO,,oslo,,
199,Fuglebakk,Edvin,NO,,n-5020 bergen,,
200,Bengtsson,Mia M,NO,mia.bengtsson@bio.uib.no.,n-5020 bergen,,
201,von Soest,Tilmann,NO,tvs@nova.no,oslo,,
202,Chekenya,M,NO,martha.chekenya@biomed.uib.no,bergen,,
203,Paulsen,Victoria S,NO,,tromsø,,
204,Edvardsen,O,NO,,university of tromosø,,
205,Bergan,Harald Arne,NO,haaber@ous-hf.no.,n-,,
206,Dahl,J E,NO,jon.dahl@niom.no,haslum,,
207,Musial,Frauke,NO,,tromsø,,
208,Kaczensky,Petra,NO,petra.kaczensky@nina.no.,trondheim,,
209,Sun,Yi-Qian,NO,,trondheim,,
210,Langhammer,Arnulf,NO,,trondheim,,
211,Skorpen,Frank,NO,,trondheim,,
212,Mai,Xiao-Mei,NO,,trondheim,,
213,Malaba,L,NO,,university of oslo,,
214,Petrenya,Natalia,NO,natalya.petrenya@nofima.no.,tromsø,,
215,Gustavsson,Emil K,NO,,trondheim,,
216,Lervåg,Arne,NO,,oslo,,
217,Young,Alix,NO,alixr@odont.uio.no,oslo,,
218,Villa,Oscar,NO,,oslo,,
219,Wohlfahrt,Johan C,NO,,oslo,,
220,Koldsland,Odd Carsten,NO,,oslo,,
221,Lyngstadaas,Staale P,NO,,oslo,,
222,Aass,Anne M,NO,,oslo,,
223,Reseland,Janne E,NO,,oslo,,
224,Fritsvold,C,NO,camilla.fritsvold@vetinst.no,oslo,,
225,Hayashi,Katsuhiko,NO,,oslo,,
226,Rzeppa,S,NO,,oslo university hospital,,
227,Gjedrem,T,NO,trygve.gjedrem@nofima.no,ås,,
228,Moksnes,Unni K,NO,,1 ntnu center for health promotion research,,
229,Espnes,Geir A,NO,,1 ntnu center for health promotion research,,
230,El-Salhy,Magdy,NO,,stord,,
231,Mazzawi,Tarek,NO,,bergen,,
232,Agostini,Antonio,NO,,oslo,,
233,Panagopoulos,Ioannis,NO,,oslo,,
234,Davidson,Ben,NO,,oslo,,
235,Trope,Claes Goran,NO,,oslo,,
236,Heim,Sverre,NO,,oslo,,
237,Micci,Francesca,NO,,oslo,,
238,Høgåsen,K,NO,,bodø,,
239,Bretthauer,M,NO,,porsgrunn,,
240,Tornøe,Kirsten A,NO,,ottestad,,
241,Danbolt,Lars J,NO,,ottestad,,
242,Kvigne,Kari,NO,,elverum,,
243,Sørlie,Venke,NO,,oslo,,
244,Kurabachew,Mekonnen,NO,mekonnen.kurabachew@cih.uib.no,bergen,,
245,Ystgaard,Brynjulf,NO,brynjulf.ystgaard@stolav.no,st. olavs hospital,,
246,Wikerøy,Annette K B,NO,awikeroy@hotmail.com,oslo,,
247,Thaulow,Christian Magnus,NO,,trondheim,,
248,Mosberg,Arne,NO,,nesoddtangen,,
249,Tigalonowa,M,NO,,university of bergen,,
250,Büyükyilmaz,T,NO,,oslo,,
251,Darj,Elisabeth,NO,,oslo,,
252,Fernø,Johan,NO,,university of bergen,,
253,Mikkelsen,Thea F,NO,theam@studmed.uio.no,university of oslo,,
254,Shadidi,K R,NO,,oslo,,
255,Carlsen,Benedicte,NO,benedicte.carlsen@rokkan.uib.no,bergen,,
256,Faraone,S V,NO,,bergen,,
257,Kismul,Hallgeir,NO,hallgeir.kismul@cih.uib.no.,bergen,,
258,Hatløy,Anne,NO,anne.hatloy@fafo.no.,oslo,,
259,Andersen,Peter,NO,peter.andersen@geog.uib.no.,bergen,,
260,Van den Broeck,Jan,NO,hallgeir.kismul@cih.uib.no.,bergen,,
261,Moland,Karen Marie,NO,karen.moland@cih.uib.no.,bergen,,
262,Brevik,O J,NO,oyvind.brevik@bio.uib.no,bergen,,
263,Bogen,B,NO,,university of oslo,,
264,Bratberg,I,NO,ivar.bratberg@fys.uio.no,n- trondheim,,
265,Sekse,Ragnhild J T,NO,ragnhild.johanne.sekse@helse-bergen.no,bergen,,
266,Gøthesen,Øystein,NO,oystein.gothesen@helse-fonna.no,haugesund,,
267,Karlsson,Øyvind,NO,,oslo,,
268,Gilgien,Matthias,NO,,oslo,,
269,Gløersen,Øyvind N,NO,,oslo,,
270,Rud,Bjarne,NO,,oslo,,
271,Losnegard,Thomas,NO,,oslo,,
272,Rostoft,Siri,NO,,oslo,,
273,Fosså,Sophie D,NO,,oslo,,
274,Gislefoss,Randi E,NO,randi.gislefoss@kreftregisteret.no,n- oslo,,
275,Ervik,Bente,NO,bente.ervik@uit.no,university of tromsø,,
276,Wagner,Marek,NO,marek.wagner@biomed.uib.no.,bergen,,
277,Kjekshus,H,NO,,n- oslo,,
278,Priebe,H,NO,,oslo,,
279,Seljelid,R,NO,,university of tromsø,,
280,Nordstoga,A B,NO,anne.nordstoga@veths.no,oslo,,
281,Sioud,Mouldy,NO,,university of oslo,,
282,Sundling,Vibeke,NO,vibeke.sundling@hibu.no,kongsberg,,
283,Iversen,P O,NO,,university of oslo,,
284,Ellingsen,D G,NO,,porsgrunn,,
285,Stene-Johansen,Kathrine,NO,,oslo,,
286,Skotheim,Rolf I,NO,,the norwegian radium hospital and university of oslo,,
287,Kiserud,Torvid,NO,,bergen,,
288,Torsheim,T,NO,,bergen,,
289,Holvik,Kristin,NO,,oslo,,
290,Sandvik,Morten Renslo,NO,,oslo,,
291,Bakken,Anders,NO,,oslo,,
292,Loland,Sigmund,NO,,oslo,,
293,Nerland,Audun Helge,NO,,bergen,,
294,Ogundipe,Olukemi,NO,,bergen,,
295,Bremnes,R M,NO,kreftrmb@rito.no,university hospital of tromsø,,
296,Langseth,H,NO,,oslo,,
297,Heimdal,John-Helge,NO,john.heimdal@helse-bergen.no,bergen,,
298,Kristensen,G B,NO,,oslo,,
299,Holthe,Torhild,NO,,tönsberg,,
300,Jentoft,Rita,NO,,tromsö,,
301,Arntzen,Cathrine,NO,,tromsö,,
302,Thorsen,Kirsten,NO,,oslo,,
303,Perander,M,NO,,tromsø,,
304,Pryme,I F,NO,,university of bergen,,
305,Oftedal,G,NO,,trondheim,,
306,Bindesboll,Christian,NO,,oslo,,
307,Simonsen,Anne,NO,,oslo,,
308,Larsen,Anja C V,NO,,university of oslo,,
309,Kroken,Rune A,NO,,bergen,,
310,Kjelby,Eirik,NO,,bergen,,
311,Wentzel-Larsen,Tore,NO,,bergen,,
312,Mellesdal,Liv S,NO,,bergen,,
313,Jørgensen,Hugo A,NO,,university of bergen,,
314,Johnsen,Erik,NO,,university of bergen,,
315,Skaare,Dagfinn,NO,dagfinn.skaare@siv.no.,tromsø,,
316,Lia,Astrid,NO,,tønsberg,,
317,Hannisdal,Anja,NO,,tønsberg,,
318,Tveten,Yngvar,NO,,skien,,
319,Kristiansen,Bjørn-Erik,NO,,tromsø,,
320,Gude,Einar,NO,einar.gude@rikshospitalet.no,oslo,,
321,Heuch,Ingrid,NO,,oslo,,
322,Heuch,Ivar,NO,,bergen,,
323,Hagen,Knut,NO,,trondheim,,
324,Sørgjerd,Elin Pettersen,NO,,levanger,,
325,Åsvold,Bjørn Olav,NO,,levanger,,
326,Zwart,John-Anker,NO,,oslo,,
327,Grundt,Heidi,NO,grhe@sus.no.,stavanger,,
328,Helland,Wenche Andersen,NO,,1helse fonna hf,,
329,Cordero,Héctor,NO,,bodø,,
330,Brinchmann,Monica F,NO,monica.f.brinchmann@nord.no.,bodø,,
331,Aamot,Inger-Lise,NO,inger.lise.aamot@stolav.no,trondheim,,
332,Bonsaksen,Tore,NO,,oslo,,
333,Lerdal,Anners,NO,,oslo,,
334,Småstuen,Milada Cvancarova,NO,,oslo,,
335,Fagermoen,May Solveig,NO,,oslo,,
336,Gilljam,Karin M,NO,,trondheim,,
337,Søvik,T T,NO,t.t.sovik@medisin.uio.no,oslo,,
338,Odland,Hans Henrik,NO,h.h.odland@medisin.uio.no,oslo,,
339,Oksvold,Morten P,NO,moroks@rr-research.no,university of oslo,,
340,Simonsen,Gunnar S,NO,gunnar.skov.simonsen@unn.no,tromsø,,
341,Zinöcker,S,NO,,oslo,,
342,Bakken,Inger Johanne,NO,inger.johanne.bakken@fhi.no.,n-0403,,
343,Aaberg,Kari Modalsli,NO,kari.modalsli.aaberg@fhi.no.,n-0403,,
344,Ghaderi,Sara,NO,sara.ghaderi@fhi.no.,n-0403,,
345,Gunnes,Nina,NO,nina.gunnes@fhi.no.,n-0403,,
346,Trogstad,Lill,NO,lill.iren.trogstad@fhi.no.,n-0403,,
347,Magnus,Per,NO,per.magnus@fhi.no.,n-0403,,
348,Håberg,Siri Eldevik,NO,sirieldevik.haberg@fhi.no.,n-0403,,
349,Hem,Camilla,NO,,oslo,,
350,Nielsen,Morten Birkeland,NO,,bergen,,
351,Hansen,Marianne Bang,NO,,oslo,,
352,Heir,Trond,NO,,oslo,,
353,Faerevik,G,NO,,1432 as,,
354,Johannessen,Svein I,NO,svein@epilepsy.no,sandvika,,
355,Rønnestad,Bent R,NO,bent.ronnestad@hil.no,lillehammer,,
356,Engebretsen,Anders H,NO,anders.engebretsen@nih.no,n-0806 oslo,,
357,Godfroid,Jacques,NO,,tromsø,,
358,Sekelja,Monika,NO,monika.sekelja@nofima.no,aas,,
359,Sommerfelt,Halvor,NO,halvor.sommerfelt@cih.uib.no,bergen,,
360,Agmo,A,NO,,university of tromsø,,
361,Sandbaek,G,NO,gunnar.sandbaek@rh.uio.no,university of oslo,,
362,Bakken,A,NO,,oslo,,
363,Bere,T,NO,,oslo,,
364,Bahr,R,NO,,oslo,,
365,Sjøttem,E,NO,,university of tromso,,
366,Gjønnes,J,NO,,university of oslo,,
367,Gabarron,Elia,NO,elia.gabarron@telemed.no.,tromsø,,
368,Nakken,Sigve,NO,sigve.nakken@medisin.uio.no,oslo,,
369,Kulseng,B,NO,,trondheim,,
370,Einarsen,S,NO,,university of bergen,,
371,Naliboff,John B,NO,jbnaliboff@ucdavis.edu.,trondheim,,
372,Buiter,Susanne J H,NO,,trondheim,,
373,Péron-Pinvidic,Gwenn,NO,,trondheim,,
374,Osmundsen,Per Terje,NO,,trondheim,,
375,Tetreault,Joya,NO,,trondheim,,
376,Vollrath,Margarete E,NO,mavo@fhi.no,oslo,,
377,Leininger,S,NO,,n- bergen,,
378,Ødegård,R A,NO,ronnaug.odegard@medisin.ntnu.no,trondheim,,
379,Hanssen,I,NO,,trondheim,,
380,Solberg,Tore K,NO,tore.solberg@unn.no,tromsø,,
381,Lingjaerde,O,NO,,oslo,,
382,Huszthy,Peter C,NO,,oslo,,
383,Sakariassen,Per Ø,NO,,bergen,,
384,Espedal,Heidi,NO,,bergen,,
385,Brokstad,Karl A,NO,,bergen,,
386,Miletic,Hrvoje,NO,,bergen,,
387,Buanes,E A,NO,,bergen,,
388,Gude,Einar,NO,einar.gude@rikshospitalet.no,oslo,,
389,Berge,T I,NO,,university of bergen,,
390,Davidson,Ben,NO,ben.davidson@radiumhospitalet.no,montebello n- oslo,,
391,Hoffart,Asle,NO,,university of oslo oslo,,
392,Øktedalen,Tuva,NO,,university of oslo oslo,,
393,Langkaas,Tomas F,NO,,university of oslo oslo,,
394,Kurz,K D,NO,,stavanger,,
395,Ringstad,G,NO,,oslo,,
396,Odland,A,NO,,stavanger,,
397,Advani,R,NO,,stavanger,,
398,Farbu,E,NO,,stavanger,,
399,Kurz,M W,NO,,stavanger,,
400,Baghirov,Habib,NO,,trondheim,,
401,Snipstad,Sofie,NO,,trondheim,,
402,Sulheim,Einar,NO,,trondheim,,
403,Berg,Sigrid,NO,,trondheim,,
404,Hansen,Rune,NO,,trondheim,,
405,Thorsen,Frits,NO,,bergen,,
406,Mørch,Yrr,NO,,trondheim,,
407,Davies,Catharina de Lange,NO,,trondheim,,
408,Åslund,Andreas K O,NO,,trondheim,,
409,Aasen,Elin Margrethe,NO,,ålesund,,
410,Dahl,Berit Misund,NO,,ålesund,,
411,Schjøtt,J,NO,,bergen,,
412,Kavaliauskis,Arturas,NO,,oslo,,
413,Arnemo,Marianne,NO,,oslo,,
414,Kim,Sung-Hyun,NO,,oslo,,
415,Ulanova,Lilia,NO,,oslo,,
416,Speth,Martin,NO,,oslo,,
417,Evensen,Øystein,NO,,oslo,,
418,Griffiths,Gareth Wyn,NO,,oslo,,
419,Gjøen,Tor,NO,,oslo,,
420,Davidson,Ben,NO,,oslo,,
421,Syse,Astri,NO,astri.syse@medisin.uio.no,oslo,,
422,Speth,Martin T,NO,,n- oslo,,
423,Repnik,Urska,NO,,n- oslo,,
424,Müller,Elisabeth,NO,,n- oslo,,
425,Corthay,Alexandre,NO,,n- oslo,,
426,Griffiths,Gareth,NO,,n- oslo,,
427,Averina,M,NO,,uit the arctic university of norway,,
428,Jensvoll,H,NO,,tromsø,,
429,Strand,H,NO,,tromsø,,
430,Hermansen,L F,NO,,university of oslo,,
431,Thorsen,Kristian,NO,,stavanger,,
432,Agafonov,Oleg,NO,,stavanger,,
433,Selstø,Christina H,NO,,stavanger,,
434,Jolma,Ingunn W,NO,,stavanger,,
435,Ni,Xiao Y,NO,,stavanger,,
436,Drengstig,Tormod,NO,,stavanger,,
437,Ruoff,Peter,NO,,stavanger,,
438,Langseth,Hilde,NO,,oslo,,
439,Hovig,Eivind,NO,,oslo,,
440,Johannesen,Tom Børge,NO,,oslo,,
441,Waage,Inger Marie,NO,inger.waage@helse-bergen.no,n- bergen,,
442,Vrålstad,Trude,NO,trude.vralstad@vetinst.no,oslo,,
443,Hveem,Kristian,NO,,levanger,,
444,Johansson,Stefan,NO,,bergen,,
445,Molven,Anders,NO,,bergen,,
446,Njølstad,Pål R,NO,,bergen,,
447,Bjørgen,S,NO,siri.bjorgen@ntnu.no,trondheim,,
448,Nahrgang,J,NO,jasmine.m.nahrgang@uit.no,tromsø,,
449,Mjaavatten,Maria D,NO,maria_mjaavatten@hotmail.com,oslo,,
450,Hansen,Trond V,NO,,oslo,,
451,Hauge,Lars Johan,NO,,oslo,,
452,Reneflot,Anne,NO,,oslo,,
453,Mykletun,Arnstein,NO,,oslo,,
454,Aarø,Leif Edvard,NO,,oslo,,
455,Brox,J I,NO,jens.ivar.brox@rikshospitalet.no,oslo,,
456,Stenmark,Harald,NO,stenmark@ulrik.uio.no,university of oslo,,
457,Dalgard,F,NO,,oslo,,
458,Rebours,Céline,NO,,no-8049 bodø,,
459,Bay-Larsen,Ingrid,NO,,bodø,,
460,Hovelsrud,Grete,NO,,bodø,,
461,Rødven,Rolf,NO,,ås,,
462,Dybwik,Knut,NO,kdybwik@gmail.com,nordlandssykehuset bodø,,
463,Rø,Oyvind,NO,,oslo,,
464,Johannessen,A,NO,,oslo,,
465,Corander,Jukka,NO,,oslo,,
466,Kindem,Ingvild A,NO,,oslo,,
467,Hansen,Anne Helen,NO,anne.helen.hanzen@gmail.com.,tromsø,,
468,Lian,Olaug S,NO,,tromsø,,
469,Ursin,H,NO,,university of bergen,,
470,Lorensen,M,NO,,institute for nursing science,,
471,Utheim,Tor Paaske,NO,,oslo,,
472,Junges,Roger,NO,,oslo,,
473,Khan,Rabia,NO,,oslo,,
474,Åmdal,Heidi A,NO,,oslo,,
475,Petersen,Fernanda C,NO,,oslo,,
476,Martinez,Aurora,NO,,bergen,,
477,Nystuen,P,NO,pal.nystuen@folkehelsa.no,oslo,,
478,Shrestha,Sanjaya,NO,,bergen,,
479,Lund,Christian Georg,NO,christian.lund@rikshospitalet.no,rikshospitalet,,
480,Pollmann,Sylvie,NO,,oslo,,
481,Stenfors,L E,NO,,university of tromsö,,
482,Pedersen-Bjergaard,Stig,NO,,0316 oslo,,
483,Jensen,S A,NO,,trondheim,,
484,Jørgensen,L,NO,lone.jorgensen@ism.uit.no,tromsø,,
485,Karinen,Ritva,NO,ritva.karinen@fhi.no,oslo,,
486,Noodt,B B,NO,,oslo,,
487,Armbruster,W Scott,NO,,trondheim 7491,,
488,Tvedt,B,NO,,drammen,,
489,Klos,Jan,NO,,stavanger,,
490,Solheim,B G,NO,bjarte.solheim@rikshospitalet.no,no- oslo,,
491,Hellebust,Halldis,NO,,oslo,,
492,Munang'andu,Hetron Mweemba,NO,hetroney.mweemba.munangandu@nmbu.no.,oslo 0454,,
493,Paul,Joydeb,NO,joydeb.paul@nmbu.no.,oslo 0454,,
494,Evensen,Øystein,NO,oystein.evensen@nmbu.no.,oslo 0454,,
495,Ghaderi,Sara,NO,sara.ghaderi@fhi.no.,bergen,,
496,Engeland,Anders,NO,,bergen,,
497,Gunnes,Maria Winther,NO,,bergen,,
498,Moster,Dag,NO,,bergen,,
499,Ruud,Ellen,NO,,oslo,,
500,Syse,Astri,NO,,oslo,,
501,Wesenberg,Finn,NO,,oslo,,
502,Bjørge,Tone,NO,,bergen,,
503,Amundsen,S,NO,,university of bergen,,
504,Waaler,Jo,NO,jo.waaler@rr-research.no,oslo,,
505,Fadnes,Lars T,NO,lars.fadnes@cih.uib.no.,bergen,,
506,Nankabirwa,Victoria,NO,,bergen,,
507,Engebretsen,Ingunn M,NO,,bergen,,
508,Sommerfelt,Halvor,NO,,bergen,,
509,Birungi,Nancy,NO,,bergen,,
510,Van den Broeck,Jan,NO,,bergen,,
511,Tylleskär,Thorkild,NO,,bergen,,
512,Jøranson,Nina,NO,,ås,,
513,Pedersen,Ingeborg,NO,,ås,,
514,Rokstad,Anne Marie Mork,NO,,tønsberg,,
515,Ihlebaek,Camilla,NO,,ås,,
516,Dormagen,Johann Baptist,NO,johannd@medisin.uio.no.,oslo,,
517,Gaarder,Mario,NO,,oslo,,
518,Drolsum,Anders,NO,,oslo,,
519,Høgåsen,Helga R,NO,,no- oslo,,
520,Rosenlund,Grethe,NO,,no- stavanger,,
521,Moldal,Torfinn,NO,,no- oslo,,
522,Grove,Søren,NO,,no- oslo,,
523,Berntssen,Marc H G,NO,,no-5817 bergen,,
524,Thoresen,Stein I,NO,,no-0033 oslo,,
525,Alexander,Jan,NO,,no-0403 oslo,,
526,Krosshaug,Tron,NO,tron.krosshaug@nih.no,oslo,,
527,Aarsland,D,NO,aarsland@netpower.no,stavanger,,
528,Dahl,Lisbeth,NO,lisbeth.dahl@hi.no.,5817 bergen,,
529,Wik Markhus,Maria,NO,maria.wik.markhus@hi.no.,5817 bergen,,
530,Sanchez,Perla Vanessa Roldan,NO,jovanelssa@hotmail.com.,5817 bergen,,
531,Moe,Vibeke,NO,vibeke.moe@psykologi.uio.no.,oslo,,
532,Smith,Lars,NO,lrssmth@gmail.com.,oslo,,
533,Meltzer,Helle Margrete,NO,hellemargrete.meltzer@fhi.no.,oslo,,
534,Kjellevold,Marian,NO,marian.kjellevold@hi.no.,5817 bergen,,
535,Astrøm,Anne Nordrehaug,NO,anne.nordrehaug@cih.uib.no,n- bergen,,
536,Zedrosser,Andreas,NO,,no-,,
537,Steyaert,Sam M J G,NO,,no-,,
538,Swenson,Jon E,NO,,no-,,
539,Wijffels,René H,NO,rene.wijffels@wur.nl.,n- bodø,,
540,Barbosa,Maria J,NO,maria.barbosa@wur.nl.,5006 bergen,,
541,Dahl-Jørgensen,Carla,NO,carla.dahl-jorgensen@ntnu.no,trondheim,,
542,Kruke,Bjørn Ivar,NO,bjorn.i.kruke@uis.no,university of stavanger,,
543,Aas,Øystein,NO,,lillehammer,,
544,Reitan,Solveig Klaebo,NO,,n- tromsø,,
545,Dyregrov,A,NO,atle.dyregrov@psych.uib.no,bergen,,
546,Andersen,Jan Terje,NO,,oslo,,
547,Martin,Adam D,NO,,oslo,,
548,Holmøy,Ingrid H,NO,,oslo,,
549,Karlberg,Knut,NO,,oslo,,
550,Nødtvedt,Ane,NO,,oslo,,
551,Flekkøy,Eirik G,NO,,0316 oslo,,
552,Fadnes,Bodil,NO,bodil.i.fadnes@uit.no,university of tromsø,,
553,Torgalsbøen,A K,NO,a.k.torgalsboen@psykologi.uio.no,university of oslo,,
554,Sand,T,NO,,trondheim,,
555,von Soest,Tilmann,NO,tvs@nova.no,oslo,,
556,Segerström,Susanna,NO,,haslum,,
557,Synnes,Oddgeir,NO,,oslo,,
558,Malterud,Kirsti,NO,,bergen,,
559,Nguyen,Nga,NO,,kjeller,,
560,Hansson,P T,NO,,0424 oslo,,
561,Wohlfahrt,Johan C,NO,,oslo,,
562,Robertson,Lucy J,NO,,0033 oslo,,
563,Albrektsen,Grethe,NO,msega@uib.no,bergen,,
564,Haugdahl,Hege S,NO,,levanger,,
565,Eide,Regina,NO,,trondheim,,
566,Alexandersen,Ingeborg,NO,,trondheim,,
567,Paulsby,Tove Engan,NO,,trondheim,,
568,Stjern,Berit,NO,,trondheim,,
569,Lund,Stine Borgen,NO,,trondheim,,
570,Haugan,Gørill,NO,,trondheim,,
571,Bukten,Anne,NO,,oslo,,
572,Stavseth,Marianne Riksheim,NO,,oslo,,
573,Skurtveit,Svetlana,NO,,oslo,,
574,Tverdal,Aage,NO,,oslo,,
575,Clausen,Thomas,NO,,oslo,,
576,Blaas,H G,NO,,trondheim university hospital,,
577,Lothe,R A,NO,,oslo,,
578,Grøndahl,T,NO,frondahl@klinmed.uio.no,oslo,,
579,Vetere,Arlene,NO,,oslo,,
580,Rinde,L B,NO,,tromsø,,
581,Lind,C,NO,,tromsø,,
582,Småbrekke,B,NO,,tromsø,,
583,Njølstad,I,NO,,tromsø,,
584,Mathiesen,E B,NO,,tromsø,,
585,Wilsgaard,T,NO,,tromsø,,
586,Løchen,M-L,NO,,tromsø,,
587,Hald,E M,NO,,tromsø,,
588,Vik,A,NO,,tromsø,,
589,Braekkan,S K,NO,,tromsø,,
590,Hansen,J-B,NO,,tromsø,,
591,Srinivasan,Saurabh,NO,,oslo,,
592,Bettella,Francesco,NO,,oslo,,
593,Frei,Oleksandr,NO,,oslo,,
594,Wang,Yunpeng,NO,,oslo,,
595,Witoelar,Aree,NO,,oslo,,
596,Melle,Ingrid,NO,,oslo,,
597,Ueland,Torill,NO,,oslo,,
598,Djurovic,Srdjan,NO,,oslo,,
599,Smeland,Olav B,NO,,oslo,,
600,Andreassen,Ole A,NO,o.a.andreassen@medisin.uio.no.,oslo,,
601,Stranden,M,NO,,trondheim,,
602,Pfeffer,P F,NO,,oslo,,
603,López-Soop,Graciela,NO,,oslo,,
604,Rønningen,Torunn,NO,,oslo,,
605,Rogala,Agnieszka,NO,,oslo,,
606,Richartz,Nina,NO,,oslo,,
607,Blomhoff,Heidi Kiil,NO,,oslo,,
608,Thiede,Bernd,NO,,oslo,,
609,Collas,Philippe,NO,,oslo,,
610,Küntziger,Thomas,NO,,oslo,,
611,Hoff,Geir,NO,,skien,,
612,de Lange,Thomas,NO,,oslo,,
613,Bretthauer,Michael,NO,,oslo,,
614,Dahler,Stein,NO,,notodden,,
615,Halvorsen,Fred-Arne,NO,,drammen,,
616,Huppertz-Hauss,Gert,NO,,skien,,
617,Høie,Ole,NO,,kristiansand,,
618,Kjellevold,Øystein,NO,,kragerø,,
619,Mortiz,Volker,NO,,skien,,
620,Sandvei,Per,NO,,grålum,,
621,Seip,Birgitte,NO,,tønsberg,,
622,Holme,Øyvind,NO,,kristiansand,,
623,Borda,Miguel Germán,NO,,stavanger,,
624,Hupfeld,Stefan,NO,,tromsø,,
625,Krohn,Jørgen,NO,jorgen.krohn@helse-bergen.no,haukeland university hospital,,
626,Lund-Johansen,P,NO,,university of bergen,,
627,Stene-Larsen,G,NO,,olso,,
628,Buanes,T,NO,,bergen,,
629,Bugge,M K,NO,,oslo,,
630,Cameron,D,NO,,oslo,,
631,Catmore,J R,NO,,oslo,,
632,Dale,O,NO,,bergen,,
633,Eigen,G,NO,,bergen,,
634,Feigl,S,NO,,oslo,,
635,Fomin,N,NO,,bergen,,
636,Franconi,L,NO,,oslo,,
637,Garonne,V,NO,,oslo,,
638,Gjelsten,B K,NO,,oslo,,
639,Gramstad,E,NO,,oslo,,
640,Lipniacka,A,NO,,bergen,,
641,Maeland,S,NO,,bergen,,
642,Martin Dit Latour,B,NO,,bergen,,
643,Morisbak,V,NO,,oslo,,
644,Oppen,H,NO,,oslo,,
645,Ould-Saada,F,NO,,oslo,,
646,Raddum,S,NO,,oslo,,
647,Read,A L,NO,,oslo,,
648,Røhne,O,NO,,oslo,,
649,Sandaker,H,NO,,oslo,,
650,Serfon,C,NO,,oslo,,
651,Stapnes,S,NO,,oslo,,
652,Stugu,B,NO,,bergen,,
653,Vadla,K O H,NO,,oslo,,
654,Yang,Z,NO,,bergen,,
655,Zalieckas,J,NO,,bergen,,
656,Kleppa,Elisabeth,NO,,oslo,,
657,Lillebo,Kristine,NO,,oslo,,
658,Galappaththi-Arachchige,Hashini N,NO,,oslo,,
659,Kjetland,Eyrun F,NO,,oslo,,
660,Baay,Marc F D,NO,,oslo,,
661,Olsen,Bernt Rydland,NO,,bergen,,
662,Søstrand,P,NO,,national institute of occupational health,,
663,Ottem,E,NO,,oslo,,
664,Tatara,Naoe,NO,,tromsø,,
665,Boström,Anne-Marie,NO,,campus haugesund,,
666,Kassahun,Henok,NO,,the biotechnology centre; university of oslo; oslo,,
667,Nilsen,Hilde,NO,,the biotechnology centre; university of oslo; oslo,,
668,Skranes,Jon,NO,jon.skranes@ntnu.no,trondheim,,
669,Nøst,Therese Haugdahl,NO,,no-9019 tromsø,,
670,Huber,Sandra,NO,,no-9296 tromsø,,
671,Rylander,Charlotta,NO,,no- tromsø,,
672,Hansen,Solrunn,NO,,no- tromsø,,
673,Veyhe,Anna Sofía,NO,,no- tromsø,,
674,Fuskevåg,Ole Martin,NO,,no- tromsø,,
675,Odland,Jon Øyvind,NO,,no- tromsø,,
676,Sandanger,Torkjel Manning,NO,,no-9019 tromsø,,
677,Falkum,Erik,NO,,0315 oslo,,
678,Haaland,Vegard Øksendal,NO,,4604 kristiansand,,
679,Bull,Helen,NO,,0315 oslo,,
680,Evensen,Stig,NO,,0424 oslo,,
681,Ueland,Torill,NO,,0317 oslo,,
682,Nilssen,D E,NO,,national hospital,,
683,Tangen,J M,NO,,oslo,,
684,Jacobsen,N,NO,,haslum,,
685,Martins,Sandra,NO,,oslo,,
686,Kristensen,Vessela N,NO,v.n.kristensen@medisin.uio.no,oslo,,
687,Norum,Jan,NO,,n- tromsø,,
688,El-Salhy,Magdy,NO,magdy.el-salhy@helse-fonna.no.,stord,,
689,Ringberg,Unni,NO,,tromsø,,
690,Fleten,Nils,NO,,tromsø,,
691,Førde,Olav Helge,NO,,tromsø,,
692,Tjølsen,A,NO,,university of bergen,,
693,Bjørndal,Christian Thue,NO,,oslo,,
694,Luteberget,Live Steinnes,NO,,oslo,,
695,Holm,Simen,NO,,oslo,,
696,Zhou,Y,NO,,oslo,,
697,Teigen,N,NO,,tromsø,,
698,Fismen,S,NO,,tromsø,,
699,Udal,Anne H,NO,anne.udal@sshf.no,arendal,,
700,Kroken,R A,NO,rune.kroken@helse-bergen.no,bergen,,
701,Dong,Hiep Phuc,NO,,montebello n- oslo,,
702,Stenberg,Thor Allan,NO,,tromsø,,
703,Kildal,Anders Benjamin,NO,,tromsø,,
704,Sanden,Espen,NO,,tromsø,,
705,How,Ole-Jakob,NO,,tromsø,,
706,Hagve,Martin,NO,,tromsø,,
707,Ytrehus,Kirsti,NO,,tromsø,,
708,Larsen,Terje S,NO,,tromsø,,
709,Myrmel,Truls,NO,,tromsø,,
710,Eide,Nina E,NO,nina.eide@nina.no,n-7485 trondheim,,
711,Zachariassen,K E,NO,,dragvoll,,
712,Solhaug,Hanne Indermo,NO,hanne.solhaug@hnt.no,namsos,,
713,Rykke,M,NO,,university of oslo,,
714,Steindal,Arnfinn Hykkerud,NO,,n- tromsø,,
715,Nordtug,Birgit,NO,,lillehammer,,
716,Bjerre,A,NO,a.k.bjerre@ioks.uio.no,oslo,,
717,Berg,Einar S,NO,esbe@fhi.no,n-0403 oslo,,
718,Ali,Hiba Mohamed,NO,hiba.mohammedali@student.uib.no.,bergen,,
719,Mustafa,Manal,NO,,hordaland,,
720,Nasir,Elwalid Fadul,NO,,bergen,,
721,Berggreen,Ellen,NO,,bergen,,
722,Skeie,Marit Slåttelid,NO,,bergen,,
723,Strand,P,NO,,osterås,,
724,Landsverk,Helga B,NO,,oslo 0317,,
725,Ording,E,NO,,university of oslo,,
726,Bere,T,NO,,oslo,,
727,Flørenes,T W,NO,,oslo,,
728,Krosshaug,T,NO,,oslo,,
729,Haugen,P,NO,,oslo,,
730,Svandal,I,NO,,oslo,,
731,Nordsletten,L,NO,,oslo,,
732,Bahr,R,NO,,oslo,,
733,Mork,Paul Jarle,NO,,trondheim,,
734,Nuñez-Ortiz,N,NO,,bergen,,
735,Moore,L J,NO,,bergen,,
736,Jarungsriapisit,J,NO,,bergen,,
737,Nilsen,T O,NO,,bergen,,
738,Stefansson,S,NO,,bergen,,
739,Morton,H C,NO,,bergen,,
740,Taranger,G L,NO,,bergen,,
741,Rø,Øyvind,NO,oyvind.ro@ous-hf.no,oslo,,
742,Torlakovic,Emina,NO,emina.torlakovic@saskatoonhealthregion.ca,oslo,,
743,Værnes,Tor Gunnar,NO,,oslo,,
744,Røssberg,Jan Ivar,NO,,oslo,,
745,Møller,Paul,NO,,asker,,
746,Tjensvoll,Kjersti,NO,,n- bergen,,
747,Tellgren,Erik I,NO,,n-0315 oslo,,
748,Laestadius,Andre,NO,,n-0315 oslo,,
749,Helgaker,Trygve,NO,,n-0315 oslo,,
750,Kvaal,Simen,NO,,n-0315 oslo,,
751,Teale,Andrew M,NO,,n-0315 oslo,,
752,Degré,M,NO,degre@labmed.uio.no,oslo,,
753,Refsum,H,NO,helga.refsum@farm.uib.no,university of bergen,,
754,Stormo,Camilla,NO,,oslo,,
755,Kringen,Marianne K,NO,,oslo,,
756,Lyle,Robert,NO,,oslo,,
757,Olstad,Ole Kristoffer,NO,,oslo,,
758,Sachse,Daniel,NO,,oslo,,
759,Berg,Jens P,NO,,oslo,,
760,Piehler,Armin P,NO,,oslo,,
761,Yip,Wai Lam,NO,w.l.yip@farmasi.uio.no,0316 oslo,,
762,Abel Zur Wiesch,Pia,NO,,oslo,,
763,Clarelli,Fabrizio,NO,,tromsø,,
764,Grytten,N,NO,,bergen,,
765,Torkildsen,Ø,NO,,bergen,,
766,Myhr,K-M,NO,,bergen,,
767,Nygaard,Vigdis,NO,vigdisny@radium.uio.no,oslo,,
768,Aas,I H Monrad,NO,monrad.aas@siv.no.,tönsberg,,
769,Torp,Steffen,NO,,tönsberg,,
770,Smith,J A,NO,,oslo,,
771,Høibråten,S,NO,,kjeller,,
772,Orstavik,K H,NO,,oslo,,
773,Måren,Inger Elisabeth,NO,,bergen,,
774,Kapfer,Jutta,NO,,tromsø,,
775,Aarrestad,Per Arild,NO,,bergen,,
776,Grytnes,John-Arvid,NO,,bergen,,
777,Vandvik,Vigdis,NO,,bergen,,
778,Andersen,Sigve,NO,,tromso,,
779,Richardsen,Elin,NO,,tromso,,
780,Rakaee,Mehrdad,NO,,tromso,,
781,Bertilsson,Helena,NO,,trondheim,,
782,Bremnes,Roy,NO,,tromso,,
783,Børset,Magne,NO,,trondheim,,
784,Busund,Lill-Tove,NO,,tromso,,
785,Slørdahl,Tobias,NO,,trondheim,,
786,Amdam,Gro V,NO,gro.amdam@asu.edu.,aas,,
787,Romi,F,NO,fredrik.romi@haukeland.no,bergen,,
788,Govatsmark,Ragna Elise Støre,NO,,trondheim,,
789,Janszky,Imre,NO,,trondheim,,
790,Slørdahl,Stig Arild,NO,,trondheim university hospital,,
791,Ebbing,Marta,NO,,oslo,,
792,Wiseth,Rune,NO,,trondheim university hospital,,
793,Grenne,Bjørnar,NO,,trondheim university hospital,,
794,Vesterbekkmo,Elisabeth,NO,,trondheim university hospital,,
795,Bønaa,Kaare Harald,NO,,trondheim university hospital,,
796,Schouwenaars,Katie,NO,,notodden,,
797,Klokkernes,Torunn,NO,,oslo,,
798,Boysen,Morten Ebbe,NO,moboysen@online.no.,oslo,,
799,Zätterström,Ulf Kaare,NO,,oslo,,
800,Evensen,Jan Folkvard,NO,,oslo,,
801,Fodstad,Ø,NO,,oslo,,
802,Krogenæs,Anette,NO,anette.krogenaes@nmbu.no.,no-1432 ås,,
803,Moum,Bjørn,NO,bjorn.moum@medisin.uio.no,oslo,,
804,Aarø,Leif E,NO,leif.edvard.aaro@fhi.no,n-0403 oslo,,
805,Elvik,Rune,NO,rune.elvik@toi.no,oslo,,
806,Aas,Lars Martin Sandvik,NO,lars.martin.aas@gmail.com,n- trondheim,,
807,Tørresen,Ole K,NO,o.k.torresen@ibv.uio.no.,oslo,,
808,Brieuc,Marine S O,NO,,oslo,,
809,Solbakken,Monica H,NO,,oslo,,
810,Sørhus,Elin,NO,,bergen,,
811,Nederbragt,Alexander J,NO,,oslo,,
812,Jakobsen,Kjetill S,NO,,oslo,,
813,Meier,Sonnich,NO,,bergen,,
814,Edvardsen,Rolf B,NO,,bergen,,
815,Jentoft,Sissel,NO,sissel.jentoft@ibv.uio.no.,oslo,,
816,Hallsteinsen,A,NO,,oslo,,
817,Rekvig,O P,NO,,tromsø,,
818,Alexander,J,NO,,oslo,,
819,Trøseid,Marius,NO,,oslo,,
820,Åstrand,Ove Alexander Høgmoen,NO,,university of oslo,,
821,Nguyen,Luan Minh,NO,,university of oslo,,
822,Elvestrand,Tina,NO,,n-0316 oslo,,
823,Hagelin,Gunnar,NO,,oslo,,
824,Solberg,Rigmor,NO,,n-0316 oslo,,
825,Johansen,Harald Thidemann,NO,,n-0316 oslo,,
826,Rongved,Pål,NO,,university of oslo,,
827,Høie,Ole,NO,ole.hoie@sshf.no,kristiansand,,
828,Quintana,Daniel S,NO,,oslo university hospital oslo,,
829,Ytterstad,B,NO,,university of tromsø,,
830,Rossow,Ingeborg,NO,ir@sirus.no,oslo,,
831,Hals,Kjetil M D,NO,,no- førde,,
832,Rajka,Thomas,NO,,oslo,,
833,Erichsen,C,NO,,stavanger,,
834,Gunnes,G,NO,gjermund.gunnes@veths.no,oslo,,
835,Hong,Christian I,NO,,n- stavanger,,
836,Koposov,Roman A,NO,,tromsø,,
837,Halvorsen,Einar,NO,einar.halvorsen@hive.no,n-3103 tønsberg,,
838,Vik,Unni,NO,,no-0316 oslo,,
839,Haugen,I K,NO,haugen_ida@hotmail.com,oslo,,
840,Poli,Aurélie,NO,,university of bergen,,
841,Halvorsen,Sigrun,NO,,oslo,,
842,Ovchinnikov,Kirill V,NO,,norwegian university of life sciencesås,,
843,Kristiansen,Per Eugen,NO,,university of oslooslo,,
844,Straume,Daniel,NO,,norwegian university of life sciencesås,,
845,Jensen,Marianne S,NO,,norwegian university of life sciencesås,,
846,Nes,Ingolf F,NO,,norwegian university of life sciencesås,,
847,Diep,Dzung B,NO,,norwegian university of life sciencesås,,
848,Jensenius,Mogens,NO,mogens.jensenius@joks.uio.no,oslo,,
849,Albandar,J M,NO,,university of oslo,,
850,Dahl,J,NO,julie.dahl@helse-bergen.no,university of bergen,,
851,Assev,S,NO,,oslo,,
852,De Blasio,Fabio Vittorio,NO,fvb@ngi.no,oslo,,
853,Nilssen,Yngvar,NO,,oslo,,
854,Strand,Trond-Eirik,NO,,oslo,,
855,Fjellbirkeland,Lars,NO,,oslo,,
856,Bartnes,Kristian,NO,,tromsø,,
857,Brustugun,Odd Terje,NO,,oslo,,
858,Møller,Bjørn,NO,,oslo,,
859,Dedichen,H,NO,,oslo,,
860,Krohn,C D,NO,,university of oslo,,
861,Debesay,Jonas,NO,,oslo,,
862,Langaas,Anne,NO,,oslo,,
863,Bye,Asta,NO,,oslo,,
864,Bergland,Astrid,NO,,oslo,,
865,Tuveng,Tina Rise,NO,,ås,,
866,Rothweiler,Ulli,NO,,tromsø,,
867,Udatha,Gupta,NO,,tromsø,,
868,Vaaje-Kolstad,Gustav,NO,,ås,,
869,Smalås,Arne,NO,,tromsø,,
870,Eijsink,Vincent G H,NO,,ås,,
871,Haugaa,Kristina H,NO,,oslo,,
872,Heyn,Lena,NO,lena.heyn@rr-research.no,university of oslo,,
873,Beitland,Sigrid,NO,,oslo,,
874,Wimmer,Henning,NO,,oslo,,
875,Lorentsen,Torleif,NO,,oslo,,
876,Jacobsen,Dag,NO,,oslo,,
877,Draegni,Tomas,NO,,oslo,,
878,Brunborg,Cathrine,NO,,oslo,,
879,Kløw,Nils Einar,NO,,oslo,,
880,Sandset,Per Morten,NO,,oslo,,
881,Sunde,Kjetil,NO,,oslo,,
882,Suganthan,Rajikala,NO,,0424 oslo,,
883,Gaustad,Peter,NO,,0424 oslo,,
884,Aarsetøy,H,NO,aahi@sus.no,stavanger,,
885,Tuseth,V,NO,,bergen,,
886,Lilledahl,N P,NO,,oslo,,
887,Bergseng,Hakon,NO,hakon.bergseng@ntnu.no,n- trondheim,,
888,Sahlin,Y,NO,,trondheim regional and university hospital,,
889,Kaarvatn,M H,NO,,oslo,,
890,Eilertsen,Anette L,NO,,lørenskog,,
891,Dahm,Anders E A,NO,,lørenskog,,
892,Skranes,Jon,NO,jon.skranes@ntnu.no,n- trondheim,,
893,Eggesbø,Merete,NO,,oslo,,
894,Magnus,Per,NO,,oslo,,
895,Papadopoulou,Eleni,NO,,oslo,,
896,Stoltenberg,Camilla,NO,,oslo,,
897,Berstad,Paula,NO,,n-0316 oslo,,
898,Lerum,Sverre Vigeland,NO,,university of oslo,,
899,Vestad,Tor Arne,NO,,n-0316 oslo,,
900,Øyri,Karl,NO,,,,
901,Bless,Josef J,NO,,trondheim,,
902,Wohlfahrt,Johan Caspar,NO,johancw@odont.uio.no,oslo,,
903,Hermann,Monica,NO,monica.hermann@farmasi.uio.no,university of oslo,,
904,Daltveit,Anne Kjersti,NO,,bergen,,
905,Vangen,Siri,NO,,oslo,,
906,Cox,Rebecca J,NO,rebecca.cox@gades.uib.no,n- bergen,,
907,Rudi,K,NO,knut.rudi@matforsk.no,no- as,,
908,Erikssen,Gunnar,NO,gunnar.erikssen@rikshospitalet.no,rikshospitalet,,
909,Brown,J,NO,,n- østerås,,
910,Helseth,E,NO,,university hospital of trondheim,,
911,Dahl,Vegard,NO,vegard.dahl@sabhf.no,rud n-,,
912,Høivik,Marte Lie,NO,marte.hoivik@medisin.uio.no,0424 oslo,,
913,Samy,Jeevan Karloss Antony,NO,jeevan.karloss@nmbu.no.,akershus,,
914,Mulugeta,Teshome Dagne,NO,,akershus,,
915,Nome,Torfinn,NO,,akershus,,
916,Sandve,Simen Rød,NO,,akershus,,
917,Grammes,Fabian,NO,,akershus,,
918,Kent,Matthew Peter,NO,,akershus,,
919,Lien,Sigbjørn,NO,,akershus,,
920,Våge,Dag Inge,NO,,akershus,,
921,Kristoffersen,Doris Tove,NO,,oslo,,
922,Helgeland,Jon,NO,,oslo,,
923,Clench-Aas,Jocelyne,NO,,oslo,,
924,Laake,Petter,NO,,oslo,,
925,Veierød,Marit B,NO,,oslo,,
926,Agewall,Stefan,NO,,oslo,,
927,Juliebø,Vibeke,NO,vibeke.juliebo@medisin.uio.no,n- oslo,,
928,Gjerde,H,NO,,oslo,,
929,Berge,O G,NO,,university of bergen,,
930,Holdaas,Hallvard,NO,,oslo,,
931,Svennevig,J L,NO,,oslo,,
932,Jordet,Geir,NO,,oslo,,
933,Roos,Eirik,NO,eirik.roos@trondheim.kommune.no.,trondheim,,
934,Bjerkeset,Ottar,NO,,bodø,,
935,Søndenaa,Erik,NO,,trondheim,,
936,Antonsen,Dag Øyvind,NO,,trondheim,,
937,Steinsbekk,Aslak,NO,,trondheim,,
938,Mageroy,Melissa,NO,,ås,,
939,Skipperud,Lindis,NO,lindis.skipperud@ijvf.nlh.no,n-1432 as,,
940,Skjærven,Lars,NO,lars.skjarven@biomed.uib.no.,bergen,,
941,Ekelund,Ulf,NO,,oslo,,
942,Bjørkeng,Eva,NO,,university of tromsø,,
943,Botteri,Edoardo,NO,,oslo,,
944,Støer,Nathalie C,NO,,oslo,,
945,Sakshaug,Solveig,NO,,oslo,,
946,Graff-Iversen,Sidsel,NO,,oslo,,
947,Vangen,Siri,NO,,oslo,,
948,Hofvind,Solveig,NO,,oslo,,
949,de Lange,Thomas,NO,,oslo,,
950,Ursin,Giske,NO,,oslo,,
951,Weiderpass,Elisabete,NO,,oslo,,
952,Ruus,A,NO,,oslo,,
953,Rundberget,J T,NO,,no- oslo,,
954,Kringstad,A,NO,,no- oslo,,
955,Lillicrap,A,NO,,no- oslo,,
956,Steffen,Kathrin,NO,,oslo,,
957,Raeder,Johan,NO,,university of oslo,,
958,Silviken,Anne,NO,,karasjok,,
959,Rordam,Ole Martin,NO,,trondheim,,
960,Devulapalli,Chandra Sekhar,NO,chandev@gmail.com,hønefoss,,
961,Ueland,Per M,NO,,bergen,,
962,Hämäläinen,Soile,NO,,tromsø,,
963,Musial,Frauke,NO,,tromsø,,
964,Graff,Ola,NO,,tromsø,,
965,Olsen,Torjer A,NO,,tromsø,,
966,Salamonsen,Anita,NO,,tromsø,,
967,Guttormsen,A B,NO,,university of bergen,,
968,Bjerkeng,B,NO,bjorn.bjerkeng@akvaforsk.nlh.no,sunndalsøra,,
969,Jepsen,Jane U,NO,jane.jepsen@nina.no,n- tromsø,,
970,Meijer,Andreas,NO,,oslo,,
971,Kroksveen,Ann C,NO,,bergen,,
972,Aasebø,Elise,NO,,bergen,,
973,Barsnes,Harald,NO,,bergen,,
974,Bjørlykke,Yngvild,NO,,bergen,,
975,Myhr,Kjell-Morten,NO,,bergen,,
976,Opsahl,Jill A,NO,,bergen,,
977,Torkildsen,Øivind,NO,,bergen,,
978,Ulvik,Rune J,NO,,bergen,,
979,Vethe,Heidrun,NO,,bergen,,
980,Berven,Frode S,NO,,bergen,,
981,Hokstad,Anne,NO,anne.hokstad@ntnu.no.,trondheim,,
982,Martini,Svein,NO,,kjeller,,
983,Teien,Hilde K,NO,,kjeller,,
984,Stenberg,Pål H,NO,,rodskferveien,,
985,Gundersen,Yngvar,NO,,kjeller,,
986,Cicarma,Emanuela,NO,emanuela.cicarma@rr-research.no,oslo,,
987,Orning,Lars,NO,lars.orning@no.axis-shield.com,oslo,,
988,Gullestad,Lars,NO,lars.gullestad@medisin.uio.no,oslo,,
989,Solheim,Margrete,NO,,aas,,
990,Holo,Helge,NO,,aas,,
991,Nes,Ingolf,NO,,aas,,
992,Myklebost,Ola,NO,,0424 oslo,,
993,Reigstad,M M,NO,martereigstad@gmail.com.,oslo,,
994,Larsen,I K,NO,,oslo,,
995,Myklebust,T Å,NO,,oslo,,
996,Robsahm,T E,NO,,oslo,,
997,Oldereid,N B,NO,,oslo,,
998,Omland,A K,NO,,oslo,,
999,Vangen,S,NO,,oslo,,
1000,Storeng,R,NO,,oslo,,
1001,Lindahl,A K,NO,,oslo,,
1002,Bourgeon,Sophie,NO,,tromsø,,
1003,Strøm,Hallvard,NO,,tromsø,,
1004,Gabrielsen,Geir W,NO,,tromsø,,
1005,Hanssen,Sveinn Are,NO,,tromsø,,
1006,Bustnes,Jan Ove,NO,,tromsø,,
1007,Eibak,Lars Erik Eng,NO,,oslo,,
1008,Totlandsdal,Annike I,NO,annike.irene.totlandsdal@fhi.no,no- oslo,,
1009,Schwarze,Per E,NO,per.schwarze@fhi.no.,0403 oslo,,
1010,Byska,Jan,NO,,bergen,,
1011,Tøien,Ø,NO,oivindt@fagmed.uit.no,university of tromsø,,
1012,Garcia,Beate Hennie,NO,beate.garcia@uit.no.,tromsø,,
1013,Djønne,Berit Svendsen,NO,,tromsø,,
1014,Skjold,Frode,NO,,tromsø,,
1015,Mellingen,Ellen Marie,NO,,tromsø,,
1016,Aag,Trine Iversen,NO,,tromsø,,
1017,Kuipers,Sjoukje D,NO,,bergen,,
1018,Trentani,Andrea,NO,,bergen,,
1019,Tiron,Adrian,NO,,bergen,,
1020,Bramham,Clive R,NO,,bergen,,
1021,Delghandi,Marit Pedersen,NO,,n- tromsø,,
1022,Karstens,Jens,NO,jkarstens@geomar.de.,bergen,,
1023,Haflidason,Haflidi,NO,,bergen,,
1024,Becker,Lukas W M,NO,,bergen,,
1025,Planke,Sverre,NO,,oslo,,
1026,Mienert,Jürgen,NO,,tromsø,,
1027,Rønning,Pål,NO,,oslo university hospital,,
1028,Gunstad,Per Ole,NO,,university of oslo,,
1029,Skaga,Nils-Oddvar,NO,,oslo university hospital,,
1030,Langmoen,Iver Arne,NO,,oslo university hospital,,
1031,Stavem,Knut,NO,,university of oslo,,
1032,Helseth,Eirik,NO,,oslo university hospital,,
1033,Eriksen,Bjørn Odvar,NO,,tromsø,,
1034,Toft,Ingrid,NO,,tromsø,,
1035,Wilsgaard,Tom,NO,,tromsø,,
1036,Busund,R,NO,,university hospital of tromsø,,
1037,Bakke,Berit,NO,bba@stami.no.,0033 oslo,,
1038,Ulvestad,Bente,NO,,0033 oslo,,
1039,Thomassen,Yngvar,NO,,0033 oslo,,
1040,Woldbaek,Torill,NO,,0033 oslo,,
1041,Ellingsen,Dag G,NO,,0033 oslo,,
1042,Kruszewski,P,NO,,trondheim university hospital,,
1043,Mustafa,Tehmina,NO,tehmina.mustafa@cih.uib.no,bergen,,
1044,Aasmoe,L,NO,farmla@rito.no,university of tromsø,,
1045,Furnes,M W,NO,,trondheim,,
1046,Helland,Ylva,NO,,oslo,,
1047,Arntzen,Annett,NO,annett.arntzen@hive.no,n-3303 tønsberg,,
1048,Gerner,T,NO,,oslo,,
1049,Prescott,Trine E,NO,,skien,,
1050,Busk,Øyvind Løvold,NO,,skien,,
1051,Holla,Øystein Lunde,NO,,skien,,
1052,Tveten,Kristian,NO,,skien,,
1053,Braathen,Geir J,NO,,skien,,
1054,Høstmark,A T,NO,a.t.hostmark@samfunnsmed.uio.no,university of oslo,,
1055,Bechensteen,A G,NO,,university of oslo,,
1056,Kjeldsen,Sverre E,NO,,oslo,,
1057,Ekblad,Bie,NO,,oslo,,
1058,Nissen-Meyer,Jon,NO,,oslo,,
1059,Kristensen,Tom,NO,,oslo,,
1060,Mørch,Kristine,NO,,bergen,,
1061,Wallace,C,NO,,namsos,,
1062,Hukkelberg,Silje,NO,,oslo,,
1063,Ogden,Terje,NO,,oslo,,
1064,Paulsen,A Henriette,NO,,oslo,,
1065,Steinshamn,S,NO,,university hospital of trondheim,,
1066,Zhulay,Irina,NO,,8049 bodø,,
1067,Reiss,Katrin,NO,,8049 bodø,,
1068,Slagsvold,Tore,NO,,oslo 3,,
1069,Husby,Magne,NO,,dragvoll,,
1070,Sandvik,Jostein,NO,,dragvoll,,
1071,Thorstensen,Tage,NO,,oslo,,
1072,Nordeng,Hedvig,NO,h.m.e.nordeng@medisin.uio.no.,no-0316,,
1073,Spigset,Olav,NO,,trondheim,,
1074,Naas,H,NO,,n-0424 oslo,,
1075,Kramer-Johansen,J,NO,,n-0424 oslo,,
1076,Eftestøl,T,NO,,stavanger,,
1077,Heyerdahl,Fridtjof,NO,frihey@online.no,ullevål,,
1078,Paulssen,E J,NO,,university of oslo,,
1079,Søreide,E,NO,,stavanger,,
1080,Aarsland,Dag,NO,,stavanger,,
1081,Leikanger,Einar,NO,,volda,,
1082,Stordal,Eystein,NO,,norwegian university of science and technology,,
1083,Kvamme,John A,NO,,förde,,
1084,Solheim,Eivind,NO,eivind.solheim@helse-bergen.no,bergen,,
1085,Eggebø,T M,NO,tme@lyse.net,stavanger,,
1086,Wijffels,René H,NO,,bodø,,
1087,Janssen,Marcel,NO,,bodø,,
1088,Hølen,Jacob C,NO,jacob.chr.holen@medisin.ntnu.no,norwegian university of science and technology,,
1089,Skovlund,E,NO,,university of oslo,,
1090,Busvold,Kari Irene H,NO,,sandvika,,
1091,Keblys,Modestas,NO,,oslo,,
1092,Jørgensen,Silje B,NO,,bærum,,
1093,Søraas,Arne V,NO,,bærum,,
1094,Arnesen,Lotte S,NO,,oslo,,
1095,Leegaard,Truls M,NO,,lørenskog,,
1096,Sundsfjord,Arnfinn,NO,,tromsø,,
1097,Jenum,Pål A,NO,,bærum,,
1098,Dickstein,Kenneth,NO,,stavanger,,
1099,Remberg,Siv Fagertun,NO,,no-1432 ås,,
1100,Tho,T,NO,ingunn.tho@farmasi.uio.no,university of oslo,,
1101,Tjemsland,L,NO,,stavanger,,
1102,Kvam,G,NO,,bergen,,
1103,Roik,Elena E,NO,roik.elena@gmail.com.,tromsø n-,,
1104,Kharkova,Olga A,NO,olga.a.kharkova@uit.no.,tromsø n-,,
1105,Odland,Jon Ø,NO,jon.oyvind.odland@uit.no.,tromsø n-,,
1106,Moe,Joakim O,NO,,0317 oslo,,
1107,Klokk,Marianne,NO,ma-klokk@online.no,helse-sunnmøre hf,,
1108,Otterholt,Eli,NO,eli.otterholt@hf.hio.no,oslo,,
1109,Grønlien,Heidi K,NO,heidi.k.gronlien@hiof.no,n- oslo,,
1110,Dorenberg,Eric J,NO,eric.dorenberg@rikshospitalet.no,oslo,,
1111,Langebrekke,A,NO,,nordbyhagen,,
1112,Kleveland,P M,NO,,trondheim,,
1113,Kildahl-Andersen,Geir,NO,,trondheim,,
1114,Lund-Hanssen,H,NO,,trondheim university hospital,,
1115,Slupphaug,G,NO,,university of trondheim,,
1116,Handeland,G F,NO,,oslo,,
1117,Bjugn,R,NO,,university of bergen,,
1118,Arslan,A,NO,arzuarslan@netscape.net,oslo,,
1119,Wang,Hao,NO,,aalesund,,
1120,Rinaldo,Christine Hanssen,NO,christine.rinaldo@unn.no.,tromsø,,
1121,Henriksen,Stian,NO,,tromsø,,
1122,Tylden,Garth D,NO,,tromsø,,
1123,Hartveit,F,NO,,bergen,,
1124,Ringvoll,Jeanette,NO,,oslo,,
1125,Hagve,T A,NO,,rikshospitalet,,
1126,Bjaalie,Jan G,NO,j.g.bjaalie@basalmed.uio.no,n- oslo,,
1127,Görbitz,C H,NO,,university of oslo,,
1128,Beerepoot,Maarten T P,NO,maarten.beerepoot@uit.no.,n- tromsø,,
1129,Aasheim,Lars Birger,NO,lbaasheim@gmail.com.,trondheim,,
1130,Eftestøl,Trygve,NO,,stavanger,,
1131,Farstad,I N,NO,,national hospital,,
1132,Søreide,E,NO,,stavanger,,
1133,Muggerud,Astrid Marie F,NO,,n- trondheim,,
1134,Li,Yanjun,NO,,n- trondheim,,
1135,Holmestad,Randi,NO,,n- trondheim,,
1136,Andersen,Sigmund J,NO,,n- trondheim,,
1137,Skarbø,Tove,NO,tove.skarboe@nlsh.no,university of tromsø,,
1138,Fredheim,Olav Magnus S,NO,olavmagn@ntnu.no,trondheim,,
1139,Gold,Christian,NO,christian.gold@grieg.uib.no,bergen,,
1140,Aakre,K M,NO,kristin.moberg.aakre@helse-bergen.no,bergen,,
1141,Servoll,Einar,NO,einar.servoll@sshf.no,arendal,,
1142,Amirkhani,Masoud,NO,,oslo,,
1143,Sørlie,Tore,NO,tore.sorlie@unn.no,n- tromsø,,
1144,Ytrehus,B,NO,bjornar.ytrehus@veths.no,oslo,,
1145,Koskela,Lauri,NO,lauri.koskela@student.oulu.fi.,tromsø,,
1146,Bakke,Håkon Kvåle,NO,,tromsø,,
1147,Bergersen,Bente Magny,NO,b.m.bergersen@medisin.uio.no,oslo,,
1148,Hovik,Kjell Tore,NO,,lillehammer,,
1149,Skogli,Erik Winther,NO,,lillehammer,,
1150,Andersen,Per Normann,NO,,lillehammer,,
1151,Øie,Merete,NO,,lillehammer,,
1152,Aksnes,Liv Hege,NO,liv.hege.aksnes@radiumhospitalet.no,oslo,,
1153,Valeberg,Berit Taraldsen,NO,berit.valeberg@su.hio.no,oslo,,
1154,Lundby,R,NO,rigmor.lundby@medisin.uio.no,oslo,,
1155,Kauserud,Håvard,NO,haavarka@bio.uio.no,n-0316 oslo,,
1156,Terjesen,T,NO,,oslo,,
1157,van Dulmen,S,NO,,drammen,,
1158,Røsvik,A S,NO,ar@hials.no,bergen,,
1159,Breivik,K,NO,,bergen,,
1160,Hofmann,B,NO,b.m.hofmann@medetikk.uio.no,university of oslo,,
1161,Mengshoel,A M,NO,,oslo sanitetsforening rheumatism hospital,,
1162,Storeng,Katerini T,NO,,oslo,,
1163,Kloster,Maren O,NO,,oslo,,
1164,Skotland,Tore,NO,,oslo,,
1165,Mader,Konrad,NO,,bergen,,
1166,Høglend,Per,NO,p.a.hoglend@medisin.uio.no,n- oslo,,
1167,Andersen,K I,NO,,university of oslo,,
1168,Kett,K,NO,,rikshospitalet,,
1169,Brekke,Mette,NO,mette.brekke@samfunnsmed.uio.no,oslo,,
1170,Godfroid,Jacques,NO,,tromsø,,
1171,Tjugen,Trygve B,NO,trygve.braathen.tjugen@siv.no,oslo,,
1172,Gulden,Gro,NO,gro.gulden@nhm.uio.no,n-0318 oslo,,
1173,Ugreninov,Elisabeth,NO,,oslo,,
1174,Skurtveit,Svetlana,NO,,oslo,,
1175,Selmer,Randi,NO,,oslo,,
1176,Myhre,Ronny,NO,,oslo,,
1177,Deng,Liyuan,NO,,trondheim,,
1178,Langhammer,A,NO,verdalfh@online.no,n- verdal,,
1179,Nes,M,NO,,university of oslo,,
1180,Skaane,Per,NO,,oslo,,
1181,Olsen,I,NO,,university of oslo,,
1182,Syversen,U,NO,,university of trondheim,,
1183,Berentsen,Sigbjørn,NO,sigbjorn.berentsen@haugnett.no,haugesund hospital,,
1184,Bindoff,Laurence A,NO,,bergen,,
1185,Söreide,Kjetil,NO,,n- stavanger,,
1186,Skeie,G O,NO,,university of bergen,,
1187,Jensen,Ø,NO,,n- oslo,,
1188,Møretrø,Trond,NO,,n- aas,,
1189,Sharifzadeh,Shahab,NO,,n- aas,,
1190,Langsrud,Solveig,NO,,n- aas,,
1191,Heir,Even,NO,,n- aas,,
1192,Sigurdsen,Ulf,NO,u.e.w.sigurdsen@medisin.uio.no,university of oslo,,
1193,Ferrante,L,NO,linda.ferrante@medisin.uio.no,oslo,,
1194,Gerdts,Eva,NO,gerdtsev@online.no,n- bergen,,
1195,Dey,Abhishek,NO,,n- tromsø,,
1196,Straiton,Melanie L,NO,melanie.straiton@fhi.no,oslo,,
1197,Soreide,Kjetil,NO,ksoreide@mac.com,stavanger university hospital,,
1198,Wilson,David J D,NO,,n-0315 oslo,,
1199,Mohn,Chris E,NO,,n-0315 oslo,,
1200,Helgaker,Trygve,NO,,n-0315 oslo,,
1201,Theodorsen,A,NO,,n- tromsø,,
1202,Garcia,O E,NO,,n- tromsø,,
1203,Gjøen,T,NO,,oslo,,
1204,Gill,Peter,NO,peterd.gill@gmail.com,oslo,,
1205,Forsberg,Ellen-Marie,NO,ellen-marie.forsberg@afi-wri.no,oslo,,
1206,Hofmann,Bjørn,NO,bjoern.hofmann@hig.no,gjøvik,,
1207,Nuruddin,Syed,NO,,oslo,,
1208,Syverstad,Gry Helen Enger,NO,,oslo,,
1209,Lillehaug,Sveinung,NO,,oslo,,
1210,Leergaard,Trygve B,NO,,oslo,,
1211,Ropstad,Erik,NO,,oslo,,
1212,Krogenæs,Anette,NO,,oslo,,
1213,Haraldsen,Ira Ronit Hebold,NO,,oslo,,
1214,Torp,Reidun,NO,,oslo,,
1215,Gulbrandsen,Pål,NO,palgul@heltef.no,oslo,,
1216,Orstavik,K H,NO,k.h.orstavik@ioks.uio.no,oslo,,
1217,Haukedal,Christiane Lingås,NO,,0318 oslo,,
1218,Wie,Ona Bø,NO,,0424 oslo,,
1219,Bretthauer,Michael,NO,,oslo,,
1220,Aars,H,NO,,university of oslo,,
1221,Eide,Asbjørn,NO,asbjorn.eide@nchr.uio.no,university of oslo,,
1222,Ekelund,Ulf,NO,,oslo,,
1223,Trollvik,Anne,NO,anne.trollvik@hse.hihm.no,oslo,,
1224,Flatø,B,NO,,oslo,,
1225,Stokke,M,NO,,oslo,,
1226,Brunborg,Geir Scott,NO,,university of bergen,,
1227,Hanss,Daniel,NO,,university of bergen,,
1228,Mentzoni,Rune Aune,NO,,university of bergen,,
1229,Molde,Helge,NO,,university of bergen,,
1230,Pallesen,Ståle,NO,,university of bergen,,
1231,Lerdal,Anners,NO,anners.lerdal@hibu.no,drammen,,
1232,Slørdahl,S A,NO,stig.slordahl@medisin.ntnu.no,trondheim,,
1233,Ingum,J,NO,,oslo,,
1234,Jakobsen,J A,NO,,university of oslo,,
1235,Botellero,Violeta L,NO,violeta.lozano@ntnu.no.,trondheim,,
1236,Skranes,Jon,NO,,trondheim,,
1237,Bjuland,Knut Jørgen,NO,,trondheim,,
1238,Håberg,Asta Kristine,NO,,trondheim,,
1239,Lydersen,Stian,NO,,trondheim,,
1240,Brubakk,Ann-Mari,NO,,trondheim,,
1241,Indredavik,Marit S,NO,,trondheim,,
1242,Martinussen,Marit,NO,,trondheim,,
1243,Wouda,Matthijs F,NO,matthijs.wouda@sunnaas.no.,oslo,,
1244,Lundgaard,Eivind,NO,,oslo,,
1245,Becker,Frank,NO,,oslo,,
1246,Strøm,Vegard,NO,,oslo,,
1247,McCann,A,NO,,bergen,,
1248,Ueland,P M,NO,,bergen,,
1249,Liseth,Knut,NO,,bergen,,
1250,Rinde,Eivind,NO,eivind.rinde@telenor.com,n tromso,,
1251,Waage,Anders,NO,,trondheim,,
1252,Førre,Morten,NO,,n- bergen,,
1253,Selstø,Sølve,NO,,no- oslo,,
1254,Husebye,Elisabeth Ellingsen,NO,i.e.e.husebye@medisin.uio.no,ullevaal,,
1255,Lönn-Stensrud,J,NO,jessiclo@odont.uio.no,oslo,,
1256,Holland,Petter,NO,,institute of basic medical sciences; university of oslo ; oslo,,
1257,Simonsen,Anne,NO,,institute of basic medical sciences; university of oslo ; oslo,,
1258,Storla,Dag Gundersen,NO,dgstorla@online.no,university of oslo,,
1259,Hovda,Knut Erik,NO,knuterik.hovda@ulleval.no,oslo,,
1260,Oksanen,A,NO,antti.oksanen@veths.no,tromsø,,
1261,Skar,Ane-Marthe Solheim,NO,,oslo,,
1262,von Tetzchner,Stephen,NO,,oslo,,
1263,Sinding,Mikkel-Holger S,NO,,oslo,,
1264,Bachmann,Lutz,NO,,oslo,,
1265,Wiig,Øystein,NO,,oslo,,
1266,Gilbert,M Thomas P,NO,,trondheim,,
1267,Arnes,Jarle B,NO,,bergen,,
1268,Dirnena-Fusini,Ilze,NO,,trondheim,,
1269,Åm,Marte Kierulf,NO,,trondheim,,
1270,Fougner,Anders Lyngvi,NO,,trondheim,,
1271,Carlsen,Sven Magnus,NO,,trondheim,,
1272,Christiansen,Sverre Christian,NO,,trondheim,,
1273,Aure,Miriam R,NO,,oslo,,
1274,Lingjærde,Ole Christian,NO,,oslo,,
1275,Langerød,Anita,NO,,oslo,,
1276,Knappskog,Stian,NO,,bergen,,
1277,Børresen-Dale,Anne-Lise,NO,,oslo,,
1278,Moskaug,Jan Øivind,NO,j.o.moskaug@medisin.uio.no,oslo,,
1279,Fevang,Silje Katrine Elgen,NO,silje.elgen@uib.no.,bergen,,
1280,Hysing,Mari,NO,,bergen,,
1281,Sommerfelt,Kristian,NO,,bergen,,
1282,Elgen,Irene,NO,,bergen,,
1283,Skagseth,Susann,NO,,tromsø,,
1284,Carlsen,Trine Josefine,NO,,tromsø,,
1285,Bjerga,Gro Elin Kjæreng,NO,,bergen,,
1286,Samuelsen,Ørjan,NO,,tromsø,,
1287,Leiros,Hanna-Kirsti S,NO,hanna-kirsti.leiros@uit.no.,tromsø,,
1288,Liow,Lee Hsiang,NO,,oslo,,
1289,Lundin,Knut E A,NO,k.e.a.lundin@medisin.uio.no.,n- oslo,,
1290,Buechner,Jochen,NO,,oslo,,
1291,Kryczka,Tomasz,NO,kryczka.tomasz@gmail.com,trondheim,,
1292,Görgen,A,NO,,n- oslo,,
1293,Siem,S,NO,,n- oslo,,
1294,Haatveit,Hanne M,NO,,oslo,,
1295,Hodneland,Kjartan,NO,,bergen,,
1296,Braaen,Stine,NO,,oslo,,
1297,Hansen,Elisabeth F,NO,,oslo,,
1298,Nyman,Ingvild B,NO,,oslo,,
1299,Dahle,Maria K,NO,,oslo,,
1300,Frost,Petter,NO,,bergen,,
1301,Berg,Karina,NO,,oslo,,
1302,Roald,Anca B,NO,,oslo,,
1303,Navaratnam,Jesintha,NO,,oslo,,
1304,Bragadóttir,Ragnheiður,NO,,oslo,,
1305,Vandraas,Kathrine F,NO,,trondheim,,
1306,Gebremariam,M K,NO,,oslo,,
1307,Andersen,L F,NO,,oslo,,
1308,Lien,N,NO,,oslo,,
1309,Nordang,Kirsten,NO,per.farup@ntnu.no.,gjøvik,,
1310,Sarfraz,A A,NO,aahshi.sarfraz@ahus.no,lørenskog,,
1311,Rødahl,Eyvind,NO,eyvind.rodahl@helse-bergen.no,bergen,,
1312,Uhlig,Till,NO,,oslo,,
1313,Berentsen,S,NO,sigbjorn.berentsen@c2i.net,haugesund,,
1314,Eriksen,Ida Iren,NO,,oslo,,
1315,Baz-Lomba,Jose A,NO,,0316 oslo,,
1316,Ryu,Yeonsuk,NO,,0316 oslo,,
1317,Thomas,Kevin V,NO,,oslo,,
1318,Holtan,Synnøve,NO,,trondheim,,
1319,Riise,Trond,NO,trond.riise@isf.uib.no,university of bergen,,
1320,Kvalheim,Siri F,NO,,bergen,,
1321,Xenaki,Victoria,NO,,bergen,,
1322,Kvalheim,Arild,NO,,nesttun,,
1323,Lie,Stein-Atle,NO,,bergen,,
1324,Marthinussen,Mihaela C,NO,,bergen,,
1325,Strand,Gunhild V,NO,,bergen,,
1326,Costea,Daniela E,NO,,bergen,,
1327,Holm,J O,NO,,oslo,,
1328,Brinchmann-Hansen,O,NO,,oslo,,
1329,Brekke,Fredrik B,NO,,oslo,,
1330,Waldum-Grevbo,Bård,NO,,oslo,,
1331,von der Lippe,Nanna,NO,,oslo,,
1332,Os,Ingrid,NO,,oslo,,
1333,Bramham,Clive R,NO,clive.bramham@biomed.uib.no,bergen,,
1334,Reikerås,Olav,NO,olav.reikeras@rikshospitalet.no,no- oslo,,
1335,Eggen,A E,NO,,university of tromsø,,
1336,Sandvig,Kirsten,NO,ksandvig@radium.uio.no,oslo,,
1337,Moksnes,Unni K,NO,,trondheim,,
1338,Haugan,Gørill,NO,,trondheim,,
1339,Sommerfelt,Halvor,NO,,oslo,,
1340,Rønning,Ole Morten,NO,ole.morten.ronning@ahus.no,lørenskog,,
1341,Husbyn,M,NO,mette.husbyn@biotek.uio.no,oslo,,
1342,Vegsundvåg,J,NO,,førde,,
1343,Lyssenko,Valeriya,NO,,bergen,,
1344,Frøyland,Elisabeth,NO,elisabeth.froyland@medisin.uio.no,n- oslo,,
1345,Egge,K,NO,,university of oslo,,
