temp_id,lastname,firstname,countries_scope,email,town,role,url
1,Kjeldsen,Sverre E,NO,s.e.kjeldsen@medisin.uio.no,n- oslo,,
2,Soilevuo Grønnerød,Jarna,NO,j.s.gronnerod@psykologi.uio.no,university of oslo,,
3,Brodwall,Kristoffer,NO,kristoffer.brodwall@gmail.com,ålesund sjukehus,,
4,Hofvind,S,NO,solveig.hofvind@kreftregisteret.no,oslo,,
5,Sjaastad,O,NO,berit.mjoen@medisin.ntnu.no,trondheim,,
6,Hofvind,Solveig,NO,sshh@kreftregisteret.no,oslo,,
7,Bjordal,Jan Magnus,NO,jmb@hib.no,bergen university college,,
8,Rebnord,Eirik W,NO,,bergen,,
9,Strand,Elin,NO,,bergen,,
10,Pedersen,Eva R,NO,,bergen,,
11,Sunde,Arne,NO,arne.sunde@ntnu.no,trondheim,,
12,Ryu,Yeonsuk,NO,,no- oslo,,
13,Baz-Lomba,J A,NO,,no- oslo,,
14,Bramness,Jørgen G,NO,,0316 oslo,,
15,Reid,Malcolm J,NO,,no- oslo,,
16,Thomas,Kevin V,NO,,no- oslo,,
17,Michelsen,Ottar,NO,ottar.michelsen@iot.ntnu.no,n- trondheim,,
18,Løhre,Audhild,NO,audhild.lohre@ntnu.no,trondheim,,
19,Michelsen,Brigitte,NO,,oslo,,
20,Uhlig,Till,NO,,oslo,,
21,Sexton,Joseph,NO,,oslo,,
22,van der Heijde,Désirée,NO,,oslo,,
23,Hammer,Hilde Berner,NO,,oslo,,
24,Kristianslund,Eirik Klami,NO,,oslo,,
25,Wierød,Ada,NO,,drammen,,
26,Bakland,Gunnstein,NO,,tromsø,,
27,Rødevand,Erik,NO,,trondheim,,
28,Krøll,Frode,NO,,lillehammer,,
29,Loge,Jon Håvard,NO,,oslo,,
30,Haugeberg,Glenn,NO,,kristiansand,,
31,Kvien,Tore K,NO,,oslo,,
32,Hompland,Ivar,NO,,oslo,,
33,Bruland,Øyvind Sverre,NO,,oslo,,
34,Boye,Kjetil,NO,,oslo,,
35,Gjerde,Hallvard,NO,,no-0424 oslo,,
36,Clausen,Grethe Brennhovd,NO,,no- stavern,,
37,Andreassen,Espen,NO,,no- stavern,,
38,Furuhaugen,Håvard,NO,,no-0424 oslo,,
39,Appel,Silke,NO,silke.appel@gades.uib.no,university of bergen,,
40,Løvås,Kristian,NO,kristian.lovas@haukeland.no,n- bergen,,
41,Heiberg,A N,NO,,university of oslo,,
42,Narud,Kjersti,NO,kjer-na@online.no,oslo,,
43,Helgeland,L,NO,,university of oslo,,
44,Stene,Lars C,NO,lars.christian.stene@fhi.no,oslo,,
45,Brautaset,Trygve,NO,,trondheim,,
46,Scheel,Inger B,NO,inger.scheel@folkehelsa.no,oslo,,
47,Hanem,S,NO,,university of oslo,,
48,Saeterbakken,Atle H,NO,atle.saeterbakken@hisf.no,sogndal,,
49,Prebensen,Christian,NO,,oslo,,
50,Lind,Andreas,NO,,oslo,,
51,Dyrhol-Riise,Anne-Ma,NO,,oslo,,
52,Kvale,Dag,NO,,oslo,,
53,Chen,Xiangjun,NO,chenxiangjun1982@hotmail.com,synslaser kirurgi as,,
54,Karlsen,Paul Johan,NO,p_j_karlsen@yahoo.com,0317 oslo,,
55,Sommervold,Maria,NO,,trondheim,,
56,Østerås,Håvard,NO,,trondheim,,
57,Haugen,Per K,NO,,tønsberg,,
58,Biong,Stian,NO,,drammen,,
59,Lien,Lars,NO,,no- ottestad,,
60,Flood,P R,NO,,university of bergen,,
61,Joner,Geir,NO,geir.joner@ioks.uio.no,oslo,,
62,Berg,O K,NO,ole.berg@bio.ntnu.no,no- trondheim,,
63,van den Tillaar,Roland,NO,,levanger,,
64,Gravdal,Karsten,NO,karsten.gravdal@haukeland.no,bergen,,
65,Skogstad,Marit,NO,marit.skogstad@stami.no.,oslo,,
66,Lunde,Lars-Kristian,NO,,oslo,,
67,Skare,Øivind,NO,,oslo,,
68,Mamen,Asgeir,NO,,oslo,,
69,Alfonso,Jose Hernán,NO,,oslo,,
70,Øvstebø,Reidun,NO,,ullevaal,,
71,Ulvestad,Bente,NO,,oslo,,
72,Smestad,Cathrine,NO,cathrinesmestad@hotmail.com,n- kristiansand,,
73,Tunsjø,Hege Smith,NO,,oslo,,
74,Kalyanasundaram,Sumana,NO,,oslo,,
75,Charnock,Colin,NO,,oslo,,
76,Leegaard,Truls Michael,NO,,lørenskog,,
77,Moen,Aina E F,NO,,lørenskog,,
78,Salvesen,K A,NO,pepes@ntnu.no,trondheim,,
79,Lindmark,Marianne,NO,,siggerud,,
80,Russnes,Hege G,NO,,oslo,,
81,Lingjærde,Ole Christian,NO,,oslo,,
82,Børresen-Dale,Anne-Lise,NO,,oslo,,
83,Kittelsen,Käthe Elise,NO,kathe.kittelsen@animalia.no.,n- oslo,,
84,Granquist,Erik Georg,NO,erikgeorg.granquist@nmbu.no.,n- oslo,,
85,Aunsmo,Agnete Lien,NO,agnete.lien.aunsmo@norsk-kylling.no.,n- støren,,
86,Moe,Randi Oppermann,NO,randi.moe@nmbu.no.,n- oslo,,
87,Tolo,Elisiv,NO,elisiv.tolo@animalia.no.,n- oslo,,
88,Micci,Francesca,NO,francesca.micci@labmed.uio.no,oslo,,
89,Salvesen,H B,NO,hesa@haukeland.no,bergen,,
90,Laake,Jon Henrik,NO,,oslo,,
91,Dissen,Erik,NO,,oslo,,
92,Kiserud,T,NO,torvid@online.no,n- bergen,,
93,Tellgren,Erik I,NO,,oslo,,
94,Stopkowicz,Stella,NO,,oslo,,
95,Ekström,Ulf,NO,,oslo,,
96,Helgaker,Trygve,NO,,oslo,,
97,Junker,Asbjørn,NO,,trondheim,,
98,Bjørngaard,Johan Håkon,NO,,trondheim,,
99,Bjerkeset,Ottar,NO,,levanger,,
100,Rasse,Daniel P,NO,,ås,,
101,Budai,Alice,NO,,ås,,
102,O'Toole,Adam,NO,,ås,,
103,Beisland,Christian,NO,christian.beisland@helse-bergen.no.,bergen,,
104,Guðbrandsdottir,Gigja,NO,,bergen,,
105,Reisæter,Lars A R,NO,,bergen,,
106,Bostad,Leif,NO,,bergen,,
107,Hjelle,Karin M,NO,,bergen,,
108,Hovland,Anders,NO,a-hovlan@online.no,bodo,,
109,Bjørklund,Geir,NO,bjorklund@conem.org.,mo i rana,,
110,Aaseth,Jan,NO,,elverum,,
111,Myrmel,Truls,NO,,tromsoe,,
112,Hønsvall,Birgitte K,NO,,borre,,
113,Robertson,Lucy J,NO,,oslo,,
114,Linder,Dennis,NO,,oslo,,
115,Kvaerner,K J,NO,,oslo,,
116,Carlson,C R,NO,,university of oslo,,
117,Bertheussen,K,NO,,university of tromsö,,
118,Sharma,Chhatra Mani,NO,chhatra.sharma@gmail.com,1432 as,,
119,Wojewodzic,Marcin Włodzimierz,NO,,oslo,,
120,Foss Abrahamsen,A,NO,harald.holte@klinmed.uio.no,oslo,,
121,Børte,Sigrid,NO,,oslo,,
122,Zwart,John-Anker,NO,,oslo,,
123,Stensland,Synne Øien,NO,,oslo,,
124,Hagen,Knut,NO,,trondheim,,
125,Winsvold,Bendik S,NO,,oslo,,
126,Bekkelund,Svein I,NO,,tromsø,,
127,Jorde,Rolf,NO,,tromsø,,
128,Oldereid,N B,NO,,n- oslo,,
129,Hatlebakk,J G,NO,,university of bergen,,
130,Vollset,Stein Emil,NO,vollset@uib.no,bergen,,
131,Theofylaktopoulou,Despoina,NO,,bergen,,
132,Ulvik,Arve,NO,,bergen,,
133,Midttun,Øivind,NO,,bergen,,
134,Ueland,Per Magne,NO,,bergen,,
135,Vollset,Stein Emil,NO,,bergen,,
136,Nygård,Ottar,NO,,bergen,,
137,Hustad,Steinar,NO,,bergen,,
138,Tell,Grethe S,NO,,bergen,,
139,Eussen,Simone J P M,NO,,bergen,,
140,Helland,Turid,NO,,bergen,,
141,Morken,Frøydis,NO,,bergen,,
142,Bless,Josef J,NO,,bergen,,
143,Valderhaug,Hanna V,NO,,bergen,,
144,Eiken,Monica,NO,,bergen,,
145,Helland,Wenche A,NO,,bergen,,
146,Torkildsen,Janne V K,NO,,oslo,,
147,Karlsen,Tine V,NO,tine.karlsen@biomed.uib.no,bergen,,
148,Ahuja,Ishita,NO,,n- trondheim,,
149,Søyland,E,NO,,university of oslo,,
150,Vistad,Ingvild,NO,ingvild.vistad@sshf.no,kristiansand,,
151,Aasmul,Irene,NO,irene.aasmul@uib.no.,bergen,,
152,Husebo,Bettina S,NO,,bergen,,
153,Flo,Elisabeth,NO,,bergen,,
154,Faiz,Kashif Waqar,NO,kashif.faiz@medisin.uio.no.,department of neurology akershus university hospital lørenskog,,
155,Einvik,Gunnar,NO,,division of medicine akershus university hospital lørenskog,,
156,Brekke,Pål Haugar,NO,,oslo,,
157,Omland,Torbjørn,NO,,division of medicine akershus university hospital lørenskog,,
158,Berg,Peter,NO,,trondheim,,
159,Gaullier,Jean-Michel,NO,j-m@scr.no,kjeller,,
160,Abdi-Dezfuli,F,NO,,haukeland hospital,,
161,Hafting,Marit,NO,,bergen,,
162,Gullbrå,Frøydis,NO,,bergen,,
163,Anderssen,Norman,NO,,bergen,,
164,Rørtveit,Guri,NO,,bergen,,
165,Smith-Sivertsen,Tone,NO,,bergen,,
166,van Doesum,Karin,NO,,tromsø,,
167,Oruch,Ramadhan,NO,ramadhan.oruch@biomed.uib.no.,bergen,,
168,Kvamme,E,NO,,blindern,,
169,Ahuja,Ishita,NO,,norwegian university of science and technology trondheim,,
170,Bones,Atle M,NO,,norwegian university of science and technology trondheim,,
171,Furu,K,NO,,university of oslo,,
172,Kvamme,John Arthur,NO,,førde,,
173,Lagos,Leidy,NO,leidy.lagos@nmbu.no.,aas,,
174,Tandberg,Julia,NO,j.i.tandberg@farmasi.uio.no.,oslo,,
175,Kashulin-Bekkelund,Alexander,NO,alexander.kashulin@nmbu.no.,oslo,,
176,Colquhoun,Duncan J,NO,duncan.colquhoun@vetinst.no.,oslo,,
177,Sørum,Henning,NO,henning.sorum@nmbu.no.,oslo,,
178,Winther-Larsen,Hanne C,NO,h.c.winther-larsen@ibv.uio.no.,oslo,,
179,Midtvedt,Øyvind,NO,,oslo,,
180,Klemsdal,T O,NO,,oslo,,
181,Christiansen,Sverre Christian,NO,sverre.christiansen@ntnu.no.,trondheim,,
182,Fougner,Anders Lyngvi,NO,,trondheim,,
183,Stavdahl,Øyvind,NO,,trondheim,,
184,Kölle,Konstanze,NO,,trondheim,,
185,Ellingsen,Reinold,NO,,trondheim,,
186,Carlsen,Sven Magnus,NO,,trondheim,,
187,McSherry,Wilfred,NO,,bergen,,
188,Nowak,Michael D,NO,,oslo,,
189,Westerhausen,René,NO,rene.westerhausen@psybp.uib.no,bergen,,
190,Martinussen,M,NO,,trondheim,,
191,Kaland,Nils,NO,nils@kaland.net,lillehammer,,
192,Breitve,Monica H,NO,monica.breitve@helse-fonna.no.,haugesund,,
193,Brønnick,Kolbjørn,NO,,stavanger,,
194,Chwiszczuk,Luiza J,NO,,haugesund,,
195,Hynninen,Minna J,NO,,bergen,,
196,Aarsland,Dag,NO,,stavanger,,
197,Rongve,Arvid,NO,,haugesund,,
198,Dannevig,B H,NO,birgit.dannevig@vetinst.no,oslo,,
199,Bergland,Adel,NO,aadel.bergland@ldh.no,oslo,,
200,Solberg,H E,NO,,oslo,,
201,Thrane,E V,NO,,oslo,,
202,Gjerde,H,NO,,oslo,,
203,Pélabon,Christophe,NO,christophe.pelabon@bio.ntnu.no,trondheim,,
204,Aarsland,Dag,NO,daarsland@gmail.com,stavanger,,
205,Solhaug,Anita,NO,,oslo,,
206,Eriksen,Gunnar Sundstøl,NO,,oslo,,
207,Jäderlund,Karin Hultin,NO,,oslo,,
208,Sjö,P,NO,,university of oslo,,
209,Jonsson,Malin V,NO,malin.jonsson@odont.uib.no,bergen,,
210,Hillesund,Elisabet R,NO,,kristiansand,,
211,Bere,Elling,NO,,kristiansand,,
212,Sagedal,Linda R,NO,,kristiansand,,
213,Vistad,Ingvild,NO,,kristiansand,,
214,Seiler,Hilde L,NO,,kristiansand,,
215,Torstveit,Monica K,NO,,kristiansand,,
216,Øverby,Nina C,NO,,kristiansand,,
217,Hegland,Stein Joar,NO,stein.joar.hegland@hisf.no,svanøybukt,,
218,Glambek,Mats,NO,,university of bergen,,
219,Brenna,O,NO,,n- trondheim,,
220,Skurtveit,Svetlana,NO,svetlana.skurtveit@fhi.no,oslo,,
221,Flugsrud,G B,NO,gunnar.flugsrud@ioks.uio.no,oslo,,
222,Burman,Robert A,NO,,bergen,,
223,Kancherla,Sindhu,NO,,n- stavanger,,
224,Lorentzen,Marianne,NO,,n- stavanger,,
225,Jørgensen,Kåre B,NO,,n- stavanger,,
226,Roller,Masa,NO,,no-0316 oslo,,
227,Skålevåg,Svein Atle,NO,svein.skalevag@rokkan.uib.no,bergen,,
228,Antonaci,F,NO,,trondheim university hospital,,
229,Fell,A K,NO,,skien,,
230,Abrahamsen,R,NO,,university of oslo,,
231,Svendsen,M V,NO,,skien,,
232,Kongerud,J,NO,,oslo,,
233,Gjellestad,G,NO,,bergen,,
234,Laeng,Bruno,NO,,oslo,,
235,Kiambarua,Kenneth Gitiye,NO,,oslo,,
236,Hagen,Thomas,NO,,oslo,,
237,Bochynska,Agata,NO,,oslo,,
238,Lubell,Jamie,NO,,oslo,,
239,Bramanti,Barbara,NO,barbara.bramanti@ibv.uio.no.,oslo,,
240,Stenseth,Nils Chr,NO,,oslo,,
241,Walløe,Lars,NO,,oslo,,
242,Lei,Xu,NO,,oslo,,
243,Ternowitz,T,NO,,stavanger,,
244,Iozzi,Maria Francesca,NO,m.f.iozzi@kjemi.uio.no,n-0315 oslo,,
245,Bals,Margrethe,NO,margrethe.bals@uit.no,n- tromsø,,
246,Davidson,Ben,NO,bend@ulrik.uio.no,montebello n- oslo,,
247,Myhr,K M,NO,,university of bergen,,
248,Bredholt,Geir,NO,,bergen,,
249,Mannelqvist,Monica,NO,,bergen,,
250,Stefansson,Ingunn M,NO,,bergen,,
251,Birkeland,Even,NO,,bergen,,
252,Bø,Trond Hellem,NO,,bergen,,
253,Øyan,Anne M,NO,,bergen,,
254,Trovik,Jone,NO,,university of bergen,,
255,Kalland,Karl-Henning,NO,,bergen,,
256,Jonassen,Inge,NO,,bergen,,
257,Salvesen,Helga B,NO,,university of bergen,,
258,Wik,Elisabeth,NO,,bergen,,
259,Akslen,Lars A,NO,,bergen,,
260,Blom,H,NO,,n- as,,
261,Boitsov,Stepan,NO,stepan.boitsov@imr.no,n-5817 bergen,,
262,Ågmo,Anders,NO,,troms,,
263,Snoeren,Eelke M S,NO,,troms,,
264,Tveitå,Einar Kristian,NO,e.k.tveita@medisin.uio.no,university of oslo,,
265,Berntsen,Erik Magnus,NO,,trondheim,,
266,Mikkelsen,Vilde E,NO,,trondheim,,
267,Torp,Sverre H,NO,,trondheim,,
268,Salvesen,Øyvind,NO,,trondheim,,
269,Solheim,Ole,NO,,trondheim,,
270,Bergum,Daniel,NO,,no-7006 trondheim,,
271,Olasveengen,Theresa Mariero,NO,,no 0424 oslo,,
272,Eftestøl,Trygve,NO,,n- stavanger,,
273,Wiseth,Rune,NO,,no-7006 trondheim,,
274,Kvaløy,Jan Terje,NO,,n- stavanger,,
275,Skogvoll,Eirik,NO,,no-7006 trondheim,,
276,Agewall,Stefan,NO,stefan.agewall@medisin.uio.no.,oslo,,
277,Magelssen,Morten,NO,morten.magelssen@medisin.uio.no.,oslo,,
278,Gjerberg,Elisabeth,NO,,oslo,,
279,Pedersen,Reidar,NO,,oslo,,
280,Førde,Reidun,NO,,oslo,,
281,Lillemoen,Lillian,NO,,oslo,,
282,von Tetzchner,Stephen,NO,,oslo,,
283,Hønsi,Audhild,NO,,bergen,,
284,Dragesund,Tove,NO,,bergen,,
285,Øien,Aud Marie,NO,,bergen,,
286,Bukholm,G,NO,,rikshospitalet,,
287,Bergersen,Aslak W,NO,,fornebu,,
288,Mortensen,Mikael,NO,,oslo,,
289,Valen-Sendstad,Kristian,NO,,fornebu,,
290,Dorey,Narimane,NO,,bergen,,
291,Skorpen,J,NO,,university of oslo,,
292,Indrebø,Kirsten Lerum,NO,,førde,,
293,Natvig,Gerd Karin,NO,,bergen,,
294,Andersen,John Roger,NO,,førde,,
295,Grill,V,NO,valdemar.grill@ntnu.no,trondheim,,
296,Moens,Ugo,NO,,tromsø,,
297,Jablonski,G,NO,,university of oslo,,
298,Angelsen,A,NO,,trondheim,,
299,Wijffels,Rene H,NO,,bodø,,
300,Aunan,Siv Tove,NO,,stavanger,,
301,Wallgren,Gry Ciekals,NO,,stavanger,,
302,Hansen,Britt Saetre,NO,,stavanger,,
303,Nordbø,A,NO,,oslo university hospital,,
304,Halvorsen,Fredrik H,NO,hermanhalvorsen@hotmail.com,oslo,,
305,Hansteen,I L,NO,,skien,,
306,Dembic,Zlatko,NO,zlatko.dembic@odont.uio.no.,university of oslo,,
307,Stensvold,A D,NO,,university hospital of tromsø,,
308,Steinsbekk,Aslak,NO,aslak.steinsbekk@ntnu.no,n- trondheim,,
309,Dervola,Kine S,NO,k.s.n.dervola@medisin.uio.no,oslo,,
310,Askarian,Fatemeh,NO,,tromsø,,
311,Johannessen,Mona,NO,,tromsø,,
312,Nicolaissen,B,NO,,ulleval hospital,,
313,Psonka-Antonczyk,Katarzyna Maria,NO,,trondheim,,
314,Moatshe,Gilbert,NO,,oslo,,
315,Engebretsen,Lars,NO,,oslo,,
316,Monkerud,Lars,NO,,oslo,,
317,Åsvold,Bjørn Olav,NO,,trondheim,,
318,Lie,Kari Kveim,NO,,oslo,,
319,Malinen,Eirik,NO,eirik.malinen@fys.uio.no,oslo,,
320,Eike,M C,NO,morten.eike@rr-research.no,n- oslo,,
321,Norheim,Eivind S,NO,,1432 aas,,
322,Reistad,Trine,NO,trine.reistad@ffi.no,kjeller,,
323,Berecz,Orsolya,NO,,bodø,,
324,Egeland,Einar Skarstad,NO,,bodø,,
325,Kiron,Viswanath,NO,,bodø,,
326,Engebretsen,Ingunn Ms,NO,ingunn.engebretsen@cih.uib.no,bergen,,
327,Endresen,L,NO,,university of oslo,,
328,Borza,Tom,NO,,ottestad,,
329,Bruland,Øyvind S,NO,oyvind.bruland@klinmed.uio.no,the norwegian radium hospital,,
330,Strømmen,Magnus,NO,magnus-s@online.no,trondheim,,
331,Olsen,Stian,NO,,tromsø,,
332,Striberny,Bernd,NO,,9019 tromsø,,
333,Krause,Kirsten,NO,kirsten.krause@uit.no.,tromsø,,
334,Kompus,Kristiina,NO,kristiina.kompus@psybp.uib.no,bergen,,
335,Falkowski,M,NO,,tromsö,,
336,Bruserud,Øystein,NO,oystein.bruserud@haukeland.no,haukeland university hospital n- bergen,,
337,Salvanos,Panagiotis,NO,,oslo,,
338,Utheim,Tor P,NO,,oslo,,
339,Moe,Morten C,NO,,oslo,,
340,Eide,Nils,NO,,oslo,,
341,Bragadόttir,Ragnheiður,NO,,oslo,,
342,Bahr,R,NO,roald@nih.no,0406 oslo,,
343,Bergsjø,Per,NO,per.bergsjo@fhi.no,oslo,,
344,Bogen,B,NO,,oslo,,
345,Andelic,Nada,NO,,1450 nesoddtangen,,
346,Sigurdardottir,Solrun,NO,,0318 oslo,,
347,Ekelund,Ulf,NO,ulf.ekelund@nih.no.,oslo,,
348,Petrovic,Voin,NO,,trondheim,,
349,Olaisen,Camilla,NO,,trondheim,,
350,Sharma,Animesh,NO,,trondheim,,
351,Nepal,Anala,NO,,trondheim,,
352,Bugge,Steffen,NO,,trondheim,,
353,Sundby,Eirik,NO,,trondheim,,
354,Hoff,Bård Helge,NO,,trondheim,,
355,Slupphaug,Geir,NO,,trondheim,,
356,Ruano,Ana Lorena,NO,,bergen,,
357,Sildnes,Beate,NO,,trondheim,,
358,Lindqvist,Bo Henry,NO,bo.lindqvist@ntnu.no.,trondheim,,
359,Rauls,E,NO,,stavanger,,
360,Dale,P O,NO,,oslo,,
361,Aasebø,Willy,NO,willy.aaseboe@rikshospitalet.no,oslo,,
362,Meling,Siv,NO,siv.meling@nvh.no,sandnes,,
363,Arnesen,Trude,NO,,n-0608 oslo,,
364,Elgen,I,NO,irene.elgen@helse-bergen.no,university of bergen,,
365,Espevig,T,NO,,no- grimstad,,
366,Brurberg,M B,NO,,no- ås,,
367,Kvalbein,A,NO,,no- grimstad,,
368,Glover,J C,NO,,university of oslo,,
369,Kittelsen,Sverre A C,NO,,oslo,,
370,Hagen,Terje P,NO,,oslo,,
371,Olsen,S E,NO,,norwegian university of science and technology,,
372,Reinertsen,Ingerid,NO,ingerid.reinertsen@sintef.no.,trondheim,,
373,Sletnes,K E,NO,,oslo,,
374,Halding,Anne-Grethe,NO,,førde,,
375,Grov,Ellen Karine,NO,,førde,,
376,Hjerkind,Kirsti V,NO,,oslo,,
377,Qureshi,Samera A,NO,,oslo,,
378,Møller,Bjørn,NO,,oslo,,
379,Weiderpass,Elisabete,NO,,oslo,,
380,Kumar,Bernadette,NO,,oslo,,
381,Ursin,Giske,NO,,oslo,,
382,Tzoulis,Charalampos,NO,chtzoulis@yahoo.com,bergen,,
383,Risnes,Ivar,NO,ivar.risnes@rikshospitalet.no,oslo,,
384,Flottorp,Signe,NO,signe.flottorp@shdir.no,n-0031 oslo,,
385,Tandberg,A,NO,,bergen,,
386,Klungsøyr,K,NO,,bergen,,
387,Romundstad,L B,NO,,trondheim,,
388,Skjærven,R,NO,,bergen,,
389,Aas,I H Monrad,NO,mon-a@online.no,oslo,,
390,Høl,P J,NO,,n-,,
391,Skjelland,Mona,NO,mona.skjelland@rikshospitalet.no,oslo,,
392,Solbakken,Ole André,NO,,oslo,,
393,Aarones,Marit,NO,,oslo,,
394,Aakhus,Svend,NO,,oslo,,
395,Madsen,Steinar,NO,steinar.madsen@legemiddelverket.no,oslo,,
396,Witoelar,Aree,NO,,oslo,,
397,Andreassen,Ole A,NO,,oslo,,
398,Orstavik,D,NO,,haslum,,
399,Maeland,J G,NO,,university of bergen,,
400,Nordmo,Elisabet,NO,elisabet.nordahl.nordmo@unn.no,n- tromsø,,
401,Rossvoll,I,NO,,trondheim university hospital,,
402,Qureshi,Samera,NO,,oslo,,
403,Werge-Olsen,Inger Brit,NO,inger.b.werge-olsen@hist.no,trondheim,,
404,Sandberg,Marianne,NO,marianne.sandberg@veths.no,oslo,,
405,Halvorsen,O,NO,,n- tromsø,,
406,Schiel,Anja,NO,,oslo,,
407,Ringø,Einar,NO,,tromsø,,
408,Breines,Eva Marie,NO,,breivika,,
409,Hareide,Ellinor,NO,,breivika,,
410,Hietala,Ari M,NO,ari.hietala@skogoglandskap.no,no- as,,
411,Varaine,F,NO,,oslo,,
412,Berstad,K,NO,,university of bergen,,
413,Bakken,Inger Johanne,NO,inger.johanne.bakken@fhi.no.,oslo,,
414,Tveito,Kari,NO,kari.tveito@legeforeningen.no.,oslo,,
415,Gunnes,Nina,NO,nina.gunnes@fhi.no.,oslo,,
416,Ghaderi,Sara,NO,sara.ghaderi@fhi.no.,oslo,,
417,Stoltenberg,Camilla,NO,camilla.stoltenberg@fhi.no.,oslo,,
418,Trogstad,Lill,NO,lill.iren.trogstad@fhi.no.,oslo,,
419,Håberg,Siri Eldevik,NO,sirieldevik.haberg@fhi.no.,oslo,,
420,Magnus,Per,NO,per.magnus@fhi.no.,oslo,,
421,Finsen,V,NO,vilh.finsen@ntnu.no.,trondheim,,
422,Salem,Mohamed,NO,,bergen,,
423,Modalsli,E H,NO,,trondheim,,
424,Åsvold,B O,NO,,trondheim,,
425,Snekvik,I,NO,,trondheim,,
426,Romundstad,P R,NO,,trondheim,,
427,Saunes,M,NO,,trondheim,,
428,Tønnessen,Siri,NO,,kongsberg,,
429,Ursin,Gøril,NO,,bodø,,
430,Brinchmann,Berit Støre,NO,berit.s.brinchmann@nord.no.,bodø,,
431,Auensen,Andreas,NO,,oslo,,
432,Hussain,Amjad Iqbal,NO,,oslo,,
433,Falk,Ragnhild Sørum,NO,,oslo,,
434,Walle-Hansen,Marte Meyer,NO,,oslo,,
435,Bye,Jorun,NO,,oslo,,
436,Pettersen,Kjell Ingar,NO,,oslo,,
437,Aukrust,Pål,NO,,oslo,,
438,Ueland,Thor,NO,,oslo,,
439,Gullestad,Lars Lysgaard,NO,,oslo,,
440,Eguíluz-Gracia,Ibon,NO,,oslo,,
441,Dheyauldeen,Sinan Ahmed,NO,,oslo,,
442,Aaløkken,Ragnhild,NO,,oslo,,
443,Sundaram,Arvind Y M,NO,,oslo,,
444,Gilfillan,Gregor D,NO,,oslo,,
445,Baekkevold,Espen S,NO,,oslo,,
446,Jahnsen,Frode L,NO,,oslo,,
447,Herø,H,NO,,haslum,,
448,Nieder,Carsten,NO,carsten.nieder@nlsh.no.,bodø,,
449,Tollåli,Terje,NO,,bodø,,
450,Haukland,Ellinor,NO,,bodø,,
451,Reigstad,Anne,NO,,bodø,,
452,Flatøy,Liv Randi,NO,,bodø,,
453,Engljähringer,Kirsten,NO,,bodø,,
454,Höjdahl,Torunn,NO,,oslo,,
455,Steier,Johan A,NO,jste@haukland.no,university of bergen,,
456,Gray,John S,NO,j.s.gray@bio.uio.no,0316 oslo,,
457,Berstad,A,NO,,bergen,,
458,Agewall,Stefan,NO,,oslo,,
459,Nilsen,Anja,NO,,oslo,,
460,Fusser,Markus,NO,,oslo,,
461,Greggains,Gareth,NO,,oslo,,
462,Fedorcsak,Peter,NO,,oslo,,
463,Klungland,Arne,NO,,oslo,,
464,Rortveit,Guri,NO,,bergen,,
465,Bjorvatn,Bjørn,NO,,bergen,,
466,Thoen,Even,NO,,n- oslo,,
467,Melbye,H,NO,,university of tromsø,,
468,Karlsson,B R,NO,,oslo,,
469,Lervik,Siri,NO,,oslo,,
470,Bjørholt,P G,NO,,beitostølen rehabilitation hospital,,
471,Siller,Richard,NO,,0317 oslo,,
472,Greenhough,Sebastian,NO,,0317 oslo,,
473,Naumovska,Elena,NO,,0317 oslo,,
474,Gjeilo,Kari Hanne,NO,kari.hanne.gjeilo@stolav.no,trondheim,,
475,Svihus,B,NO,birger.svihus@umb.no,aas,,
476,Moser,E I,NO,,trondheim,,
477,Røe,C,NO,,oslo,,
478,Ottersen,Trygve,NO,,oslo,,
479,Robstad Andersen,Gunn,NO,,trondheim,,
480,Westgaard,Rolf H,NO,,trondheim,,
481,Nygaard,Harald A,NO,harald.nygaard@isf.uib.no,university of bergen,,
482,Alraek,Terje,NO,,tromsø,,
483,Birch,Stephen,NO,,oslo,,
484,Hysing,Mari,NO,,bergen,,
485,Askeland,Kristin G,NO,,bergen,,
486,Sivertsen,Børge,NO,,bergen,,
487,Davidsen,Lene,NO,,n- trondheim,,
488,Kristiansen,Are,NO,,n- sandvika,,
489,Smidsrød,Olav,NO,,n- trondheim,,
490,Halvorsen,S,NO,,university of oslo,,
491,Iversen,K R,NO,,trondheim,,
492,Eagan,Tomas Ml,NO,tomas.eagan@med.uib.no,bergen,,
493,Jansen,M D,NO,mona.dverdal.jansen@nvh.no,oslo,,
494,Aghajani,Ebrahim,NO,,n- tromsø,,
495,Deraas,Trygve S,NO,trygve.deraas@uit.no,tromsø,,
496,Bjørås,Magnar,NO,,n-0424 oslo,,
497,Hauvik,Linn E,NO,,bodø,,
498,Varghese,Mercy,NO,,bodø,,
499,Nielsen,Erik W,NO,,bodø,,
500,Øvretveit,Karsten,NO,,trondheim,,
501,Tøien,Tiril,NO,,trondheim,,
502,Suppersberger Hamre,Stian,NO,,bergen,,
503,Ersland,Geir Atle,NO,,bergen,,
504,Piscitelli,Lea,NO,,ås,,
505,Rivier,Pierre-Adrien,NO,,ås,,
506,Joner,Erik J,NO,erik.joner@nibio.no.,ås,,
507,Thompson,Julian,NO,julian.thompson@doctors.net.uk.,stavanger,,
508,Rehn,Marius,NO,,drøbak,,
509,Sollid,Stephen J M,NO,,drøbak,,
510,Hjelland,I E,NO,ina.hjelland@med.uib.no,bergen,,
511,Mathiesen,I,NO,,university of oslo,,
512,Repnik,Urška,NO,,0371 oslo,,
513,Solberg,Monica Favnebøe,NO,monicafs@imr.no.,bergen,,
514,Dyrhovden,Lise,NO,lised@imr.no.,matredal,,
515,Matre,Ivar Helge,NO,ivar.helge.matre@imr.no.,matredal,,
516,Glover,Kevin Alan,NO,kevin.glover@imr.no.,bergen,,
517,Abildgaard,A,NO,,oslo,,
518,Sunnerkrantz,P A,NO,,haslum,,
519,Claudi,T,NO,tclaudi@online.no,bodø,,
520,Stokke,E S,NO,,ullevål hospital,,
521,Zaikova,O,NO,olga.zaikova@oslo-universitetssykehus.no,montebello,,
522,Ihlen,Espen Alexander Fürst,NO,espenale@svt.ntnu.no,trondheim,,
523,Finn,Roderick Nigel,NO,nigel.finn@bio.uib.no,n- bergen,,
524,Yu,X Q,NO,,university of oslo,,
525,Peng,Q,NO,,oslo,,
526,Reedtz,Charlotte,NO,,university of tromsø,,
527,Amundsen,Tore,NO,tore.amundsen@medisin.ntnu.no,trondheim,,
528,Samuelsen,Sven Ove,NO,osamuels@math.uio.no,oslo,,
529,Sandvig,Kirsten,NO,ksandvig@radium.uio.no,oslo,,
530,Johansen,Wenche,NO,wenche.johansen@hihm.no,2306 hamar,,
531,Gao,Tao,NO,tao.gao@ntnu.no,no- trondheim,,
532,Drevon,Christian A,NO,,oslo,,
533,Jenssen,Erik Krag,NO,erik.krag.jenssen@unn.no,oslo,,
534,Mesteig,Marianne,NO,marianne.mesteig@stolav.no,trondheim,,
535,Miles,Christopher O,NO,,n- oslo,,
536,Waaler,Thor,NO,,n- oslo,,
537,Rundberget,Thomas,NO,,n- oslo,,
538,Samdal,Ingunn A,NO,,n- oslo,,
539,Løvberg,Kjersti E,NO,,n- oslo,,
540,Bere,Elling,NO,elling.bere@uia.no,kristiansand,,
541,Mangel,Marc,NO,,bergen,,
542,Skaug,Hans J,NO,,bergen,,
543,Mortensen,Leiv M,NO,,1432 aas,,
544,Rusten,Bjørn,NO,,n-0504 oslo,,
545,Gislerød,Hans Ragnar,NO,,1432 aas,,
546,Veddeng,Anne,NO,,bergen,,
547,Smedsrød,Bård,NO,,tromsø,,
548,Fuglesteg,Britt,NO,,tromsø,,
549,Elvevold,Kjetil,NO,,tromsø,,
550,Thorsby,Erik,NO,erik.thorsby@medisin.uio.no,oslo,,
551,Bratås,O,NO,ola.bratas@hist.no,trondheim,,
552,Aakhus,Eivind,NO,,0130 oslo,,
553,Granlund,Ingeborg,NO,,0130 oslo,,
554,Oxman,Andrew D,NO,,0130 oslo,,
555,Flottorp,Signe A,NO,,0317 oslo,,
556,Kjeldsen,Sverre E,NO,,oslo,,
557,Bergem,A L Mina,NO,mina.bergem@psykiatri.uio.no,university of oslo,,
558,Kvam,C,NO,,oslo,,
559,Skjeldestad,F E,NO,,university hospital of trondheim,,
560,Nafstad,P,NO,per.nafstad@folkehelsa.no,oslo,,
561,Berg,B H,NO,,university of bergen,,
562,Löfmark,A,NO,,haugesund,,
563,Jóhannsdóttir,Inga M R,NO,i.m.johannsdottir@medisin.uio.no,oslo,,
564,Vonen,B,NO,,university hospital of tromsø,,
565,Müller,H,NO,,bekkestua,,
566,Lyng,Heidi,NO,heidi.lyng@rr-research.no,no- oslo,,
567,Hoffmann,Pavel,NO,,oslo,,
568,Fang,X,NO,,kjeller,,
569,Stohl,A,NO,,kjeller,,
570,Tiainen,Hanna,NO,,no-0317 oslo,,
571,Haugen,Håvard J,NO,,no-0317 oslo,,
572,Wasmuth,H H,NO,hans.wasmuth@stolav.no,trondheim,,
573,Stefanoff,Pawel,NO,,oslo,,
574,Bodin,Johanna,NO,johanna.bodin@fhi.no,oslo,,
575,Haavet,O R,NO,o.r.haavet@medisin.uio.no,oslo,,
576,Bjerklund Johansen,Truls E,NO,trulsebj@frisurf.no,porsgrunn,,
577,Davik,Jahn,NO,,ås,,
578,Brurberg,May Bente,NO,,ås,,
579,Lien,Sigbjørn,NO,,ås,,
580,Kent,Matthew,NO,,ås,,
581,Alsheikh,Muath,NO,,ås,,
582,Thimm,Jens C,NO,jens.thimm@uit.no.,tromsø,,
583,Jordan,Stian,NO,,karasjok,,
584,Olerud,Hilde M,NO,hilde@olerud.net.,østerås,,
585,Toft,Benthe,NO,,gjøvik,,
586,Flatabø,Silje,NO,,østerås,,
587,Brandal,Petter,NO,petter.brandal@klinmed.uio.no,oslo,,
588,Berge,Knut Erik,NO,knut.erik.berge@rikshospitalet.no,rikshospitalet,,
589,Houge,Gunnar,NO,gunnar.houge@helse-bergen.no,bergen,,
590,Dahl,L B,NO,,university hospital of tromsø,,
591,Rasmussen,L T,NO,,university of tromsø,,
592,Soreide,Kjetil,NO,,bergen,,
593,Hisada,Yohei,NO,,tromsø,,
594,Moran,Daniel,NO,,trondheim no-,,
595,Delaleu,Nicolas,NO,nicolas.delaleu@gades.uib.no,bergen,,
596,Pedersen,Jon,NO,,oslo,,
597,Asberg,Ann Elisabeth,NO,ann.asberg@ntnu.no,trondheim,,
598,Emblem,Kyrre E,NO,,oslo,,
599,Aas,V,NO,vigdis.aas@basalmed.uio.no,university of oslo,,
600,Rognes,Torbjørn,NO,torognes@ifi.uio.no,no-0316 oslo,,
601,Saugstad,Ola Didrik,NO,,oslo,,
602,Nadratowska-Wesolowska,B,NO,,oslo,,
603,Haugsten,E M,NO,,oslo,,
604,Zhen,Y,NO,,oslo,,
605,Wesche,J,NO,,oslo,,
606,Wiedlocha,A,NO,,oslo,,
607,Liow,Lee Hsiang,NO,l.h.liow@bio.uio.no,oslo n-0316,,
608,Coutris,Claire,NO,,ås,,
609,Gallego-Urrea,Juliàn Alberto,NO,,ås,,
610,Joner,Erik J,NO,,ås,,
611,Okland,Bjørn,NO,bjorn.okland@skogoglandskap.no,as,,
612,Sanner,Helga,NO,helga.sanner@medisin.uio.no.,university of oslo,,
613,Sjaastad,Ivar,NO,,university of oslo,,
614,Flatø,Berit,NO,,university of oslo,,
615,Reisaeter,Anna Varberg,NO,,oslo,,
616,Kristoffersen,Espen Saxhaug,NO,,lørenskog,,
617,Lundqvist,Christofer,NO,,nordbyhagen,,
618,Brokstad,Karl A,NO,,bergen,,
619,Pike,Nicholas A,NO,,no- oslo,,
620,Nygaard,H A,NO,,bergen,,
621,Buiter,Susanne,NO,,university of oslo,,
622,Nesbø,Camilla L,NO,nesbo@ualberta.ca.,oslo,,
623,Tessema,Tsigeweini Asgedom,NO,tsigeweini.asgedom@cih.uib.no,university of bergen,,
624,Parkar,Anagha P,NO,,bergen,,
625,Salvesen,K A,NO,,trondheim,,
626,Li,Li-Xin,NO,,n- trondheim,,
627,Rivrud,Inger Maren,NO,,0316,,
628,Mysterud,Atle,NO,,0316,,
629,Medin,T,NO,,n-0317 oslo,,
630,Jenssen,Tor-Kristian,NO,tkj@pubgene.com,no-,,
631,Jensen,Torstein,NO,tors-jen@online.no,oslo,,
632,Johansen,Karianne S,NO,,oslo,,
633,Friese,Daniel H,NO,,n- tromsø,,
634,Tungen,Jørn Eivind,NO,,oslo,,
635,Gerstmann,Lisa,NO,,oslo,,
636,Vik,Anders,NO,,oslo,,
637,Hansen,Trond Vidar,NO,,oslo,,
638,Brandvik,Per Johan,NO,,no- trondheim,,
639,Daling,Per S,NO,,no- trondheim,,
640,Singsaas,Ivar,NO,,no- trondheim,,
641,Sørstrøm,Stein Erik,NO,,no- trondheim,,
642,Robinson,Nicholas A,NO,,ås,,
643,Madebo,Tesfaye,NO,,stavanger,,
644,Andersen,Hilde Elise,NO,,stavanger,,
645,Arnesen,Trude Margrete,NO,,oslo,,
646,Dyrhol-Riise,Anne Ma,NO,,oslo,,
647,Tveiten,Hallgeir,NO,,oslo,,
648,White,Richard A,NO,,oslo,,
649,Winje,Brita Askeland,NO,brita.winje@fhi.no.,oslo,,
650,Baussant,Thierry,NO,thierry.baussant@iris.no,randaberg,,
651,Wyller,Vegard Bruun,NO,brwylle@online.no,oslo university hospital,,
652,Fløisand,Yngvar,NO,yngvar.floisand@rikshospitalet.no,rikshospitalet,,
653,Hansson,Per,NO,,oslo,,
654,Kaasa,Stein,NO,,oslo,,
655,Gløersen,Øyvind,NO,,oslo,,
656,Myklebust,Håvard,NO,,oslo,,
657,Hallén,Jostein,NO,,oslo,,
658,Federolf,Peter,NO,,oslo,,
659,Naess,H,NO,,bergen,,
660,Rosenqvist,E,NO,,oslo,,
661,Jerpseth,Heidi,NO,,oslo,,
662,Dahl,Vegard,NO,,lørenskog,,
663,Nortvedt,Per,NO,,university of oslo,,
664,Halvorsen,Kristin,NO,,oslo,,
665,Lund,Marianne,NO,ml@sirus.no,oslo,,
666,Aasen,S E,NO,,university of trondheim,,
667,Cwikiel,Joanna,NO,,0424 oslo,,
668,Seljeflot,Ingebjorg,NO,,0424 oslo,,
669,Berge,Eivind,NO,,oslo,,
670,Arnesen,Harald,NO,,0424 oslo,,
671,Wachtell,Kristian,NO,,oslo,,
672,Ulsaker,Hilde,NO,,vikersund,,
673,Flaa,Arnljot,NO,,oslo,,
674,Fernø,Johan,NO,,university of bergen,,
675,Edvardsen,H M E,NO,,n-0403 oslo,,
676,Vindenes,V,NO,,n-0403 oslo,,
677,Delaveris,G J M,NO,,n-0027 oslo,,
678,Frost,J,NO,,n- trondheim,,
679,Hylland,K,NO,,oslo,,
680,Boye,Kjetil,NO,kjetil.boye@rr-research.no,n- oslo,,
681,Skeie,S B,NO,,n-1432 aas,,
682,Furnes,C,NO,clemens.furnes@nfh.uit.no,bergen,,
683,Hagemann,Cecilie T,NO,cecilie.hagemann@ntnu.no,n-7491 trondheim,,
684,Elvevåg,Brita,NO,,tromsø,,
685,Nerhus,Mari,NO,,oslo,,
686,Skogheim,Thea Steen,NO,theaskogheim@gmail.com.,oslo,,
687,Vollrath,Margarete Erika,NO,margareteerika.vollrath@fhi.no.,oslo,,
688,Øverland,S,NO,simon.overland@psyhp.uib.no,bergen,,
689,Mjör,I A,NO,,haslum,,
690,Brantsaeter,Arne Broch,NO,,oslo,,
691,Berg-Hansen,P,NO,,oslo,,
692,Dahl,K E,NO,k.e.dahl@odont.uio.no,oslo,,
693,Lundin,K E,NO,,oslo,,
694,Bousquet,Paula A,NO,,0315 oslo,,
695,Sandvik,Joe Alexander,NO,,0315 oslo,,
696,Arntzen,Magnus Ø,NO,,0317 oslo,,
697,Jeppesen Edin,Nina F,NO,,0315 oslo,,
698,Christoffersen,Stine,NO,,0315 oslo,,
699,Krengel,Ute,NO,,0315 oslo,,
700,Pettersen,Erik O,NO,,0315 oslo,,
701,Thiede,Bernd,NO,,0316 oslo,,
702,Miles,Christopher O,NO,,n- oslo,,
703,Sund,Ståle,NO,stale.sund@helse-forde.no,oslo,,
704,Sandberg,M,NO,marianne.sandberg@veths.no,n-0033 oslo,,
705,Barsnes,Harald,NO,,bergen,,
706,Vaudel,Marc,NO,,university of bergen,,
707,Vermaat,Jan E,NO,jan.vermaat@nmbu.no.,ås,,
708,Berstad,Audun Elnaes,NO,,rikshospitalet  oslo,,
709,Berg-Hansen,P,NO,pberghansen@gmail.com.,university of oslo,,
710,Moen,S M,NO,,university of oslo,,
711,Harbo,H F,NO,,university of oslo,,
712,Celius,E G,NO,,university of oslo,,
713,Sigstad,E,NO,eva.sigstad@radiumhospitalet.no,oslo,,
714,Broen,Anne Nordal,NO,a.n.broen@medisin.uio.no,blindern,,
715,Eriksen,Erik F,NO,,aker,,
716,Darvekar,Sagar Ramesh,NO,,tromsø,,
717,Elvenes,Julianne,NO,,tromsø,,
718,Brenne,Hanne Britt,NO,,tromsø,,
719,Johansen,Terje,NO,,tromsø,,
720,Sjøttem,Eva,NO,,tromsø,,
721,Li,Keshuai,NO,keshuai.li@ntnu.no.,trondheim,,
722,Olsen,Rolf Erik,NO,,trondheim,,
723,Werkhausen,Amelie,NO,,norwegian school of sport sciences oslo,,
724,Heskestad,Ben,NO,,stavanger,,
725,Rye,Henrik,NO,,trondheim,,
726,Reed,Mark,NO,,trondheim,,
727,Smit,Mathijs G D,NO,,trondheim,,
728,Ditlevsen,May Kristin,NO,,trondheim,,
729,Kauserud,Håvard,NO,,n-0316 oslo,,
730,Borgstrøm,R,NO,,n-1432 ås,,
731,Trømborg,J,NO,,n-1432 ås,,
732,Haugen,T O,NO,,n-1432 ås,,
733,Rosseland,B O,NO,,n-1432 ås,,
734,Lundervold,Astri J,NO,,bergen,,
735,Kotopoulis,Spiros,NO,spiros.kotopoulis@uib.no,bergen,,
736,Langø,T,NO,,trondheim,,
737,Magnussen,J,NO,,trondheim,,
738,Thompson,Rona L,NO,,kjeller,,
739,Jutfelt,Fredrik,NO,,trondheim,,
740,Johnsgaard,Mette Sophie,NO,,oslo,,
741,Asadi-Azarbaijani,Babak,NO,,oslo,,
742,Bolle Strand,Elin,NO,,oslo,,
743,Bryceson,Yenan T,NO,,bergen,,
744,Vikum,Eirik,NO,,trondheim,,
745,Madsen,Lise,NO,,bergen,,
746,Berstad,A E,NO,,rikshospitalet,,
747,Stokland,Tore,NO,,university hospital of north norway,,
748,Brautaset,Nils Jakob,NO,njbrauta@online.no,tønsberg,,
749,Espevik,Terje,NO,,trondheim,,
750,Latz,Eicke,NO,,trondheim,,
751,Holvik,Kristin,NO,kristin.holvik@fhi.no,bergen,,
752,Pedersen-Bjergaard,Stig,NO,stig.pedersen-bjergaard@farmasi.uio.no,0316 oslo,,
753,Johnson,Egil,NO,egil.johnson@ulleval.no,oslo,,
754,Olsen,Jan-Aage,NO,,oslo,,
755,Brunborg,Cathrine,NO,,oslo,,
756,Wik,Lars,NO,,oslo,,
757,Hellebust,Taran Paulsen,NO,,oslo,,
758,Nieder,C,NO,cnied@hotmail.com,bodø,,
759,Iversen,O H,NO,,university of oslo,,
760,Halvorsen,Sigrun,NO,,oslo,,
761,Wolff,Anette S B,NO,,bergen,,
762,Skinningsrud,Beate,NO,,oslo,,
763,Undlien,Dag,NO,,oslo,,
764,Husebye,Eystein,NO,,bergen,,
765,Normann,E K,NO,,oslo,,
766,Andreassen,O A,NO,andreass@helix.mgh.harvard.edu,bergen,,
767,Gjerdrum,Christine,NO,,n- bergen,,
768,Dihle,Alfhild,NO,alfhild.dihle@su.hio.no,oslo,,
769,Schroder,Cecilie P,NO,cecilie.schroder@lds.no,oslo,,
770,Stray-Pedersen,B,NO,,oslo university,,
771,Holt,Tonje,NO,,oslo,,
772,Jensen,Tine,NO,,oslo,,
773,Spehar,Ivan,NO,ivan@medisin.uio.no,oslo no-0318,,
774,Espeland,L V,NO,,university of oslo,,
775,Lima,Kari,NO,kari.lima@medisin.uio.no,n- lørenskog,,
776,Sorsdahl,Anne Brit,NO,abs@hib.no,n-5020 bergen,,
777,Skre,I,NO,ingunns@psyk.uit.no,university of tromsø,,
778,Parker,Krystina,NO,,oslo,,
779,Aasebø,Willy,NO,,lørenskog,,
780,Haslemo,Tore,NO,,oslo,,
781,Stavem,Knut,NO,,lørenskog,,
782,Pettersen,Tove,NO,tove.pettersen@ifikk.uio.no,0315 oslo,,
783,Ahlén,C,NO,,trondheim,,
784,Simovski,Boris,NO,,oslo,,
785,Vodák,Daniel,NO,,oslo,,
786,Gundersen,Sveinung,NO,,oslo,,
787,Domanska,Diana,NO,,oslo,,
788,Azab,Abdulrahman,NO,,oslo,,
789,Holden,Lars,NO,,oslo,,
790,Holden,Marit,NO,,oslo,,
791,Grytten,Ivar,NO,,oslo,,
792,Rand,Knut,NO,,oslo,,
793,Drabløs,Finn,NO,,trondheim,,
794,Johansen,Morten,NO,,oslo,,
795,Mora,Antonio,NO,,oslo,,
796,Lund-Andersen,Christin,NO,,oslo,,
797,Fromm,Bastian,NO,,oslo,,
798,Eskeland,Ragnhild,NO,,oslo,,
799,Gabrielsen,Odd Stokke,NO,,oslo,,
800,Nakken,Sigve,NO,,oslo,,
801,Bengtsen,Mads,NO,,oslo,,
802,Nederbragt,Alexander Johan,NO,,oslo,,
803,Thorarensen,Hildur Sif,NO,,oslo,,
804,Akse,Johannes Andreas,NO,,oslo,,
805,Glad,Ingrid,NO,,oslo,,
806,Hovig,Eivind,NO,,oslo,,
807,Sandve,Geir Kjetil,NO,,oslo,,
808,Nesset,Merete Berg,NO,merete.berg.nesset@stolav.no,trondheim,,
809,Chauton,Matilde Skogen,NO,matilde.chauton@sintef.no.,trondheim n-,,
810,Galloway,Trina Falck,NO,,trondheim n-,,
811,Kjørsvik,Elin,NO,,trondheim n-,,
812,Størseth,Trond Røvik,NO,,trondheim n-,,
813,Puvanendran,Velmurugu,NO,,tromsø n-9291,,
814,van der Meeren,Terje,NO,,storebø no-,,
815,Karlsen,Ørjan,NO,,storebø no-,,
816,Rønnestad,Ivar,NO,,bergen n-,,
817,Hamre,Kristin,NO,,bergen n-5817,,
818,Soligard,T,NO,torbjorn.soligard@nih.no,oslo,,
819,Berg,J E,NO,,university of oslo,,
820,Aasheim,Vigdis,NO,,bergen,,
821,Hov,Reidun,NO,reidun.hov@hihm.no,elverum,,
822,Mjör,I A,NO,,oslo,,
823,Mateos-Aparicio,Pedro,NO,,oslo,,
824,Hönigsperger,Christoph,NO,,oslo,,
825,Storm,Johan F,NO,,oslo,,
826,Olaisen,B,NO,bjornar.olaisen@rh.uio.no,rikshospitalet,,
827,Dongre,Harsh,NO,,bergen,,
828,Torgersen,K M,NO,k.m.torgersen@basalmed.uio.no,n- oslo,,
829,Kalantzopoulos,Georgios N,NO,bjorn.hauback@ife.no.,n- kjeller,,
830,Holm,B,NO,bjarne.holm@iha.nlh.no,hamar,,
831,Munch,I C,NO,,university of oslo,,
832,Parkar,Anagha P,NO,,bergen,,
833,Vindfeld,Søren,NO,,bergen,,
834,Solheim,Eirik,NO,,bergen,,
835,Andersen-Ranberg,I M,NO,ina.ranberg@iha.nlh.no,n- as,,
836,Bohne,Victoria J Berdikova,NO,victoria.bohne@nifes.no,bergen,,
837,Görbitz,Carl Henrik,NO,c.h.gorbitz@kjemi.uio.no,oslo n-0315,,
838,Lönnberg,Stefan,NO,,oslo,,
839,Hansen,Bo Terning,NO,,oslo,,
840,Haldorsen,Tor,NO,,oslo,,
841,Campbell,Suzanne,NO,,oslo,,
842,Schee,Kristina,NO,,oslo,,
843,Nygård,Mari,NO,,oslo,,
844,Engvig,Andreas,NO,,oslo,,
845,Zaske,Krystal,NO,,university of oslo,,
846,Persson,Karin,NO,,oslo,,
847,Lund,Martina Jonette,NO,,university of oslo,,
848,Kaufmann,Tobias,NO,,university of oslo,,
849,Cordova-Palomera,Aldo,NO,,university of oslo,,
850,Alnæs,Dag,NO,,university of oslo,,
851,Moberget,Torgeir,NO,,university of oslo,,
852,Brækhus,Anne,NO,,oslo,,
853,Barca,Maria Lage,NO,,oslo,,
854,Nordvik,Jan Egil,NO,,nesodden,,
855,Engedal,Knut,NO,,oslo,,
856,Agartz,Ingrid,NO,,oslo,,
857,Selbæk,Geir,NO,,ottestad,,
858,Andreassen,Ole A,NO,,university of oslo,,
859,Westlye,Lars T,NO,,oslo,,
860,Küntziger,Thomas,NO,,0317 oslo,,
861,Vedeler,C A,NO,,university of bergen,,
862,Mešić,Haris,NO,,oslo,,
863,Brustugun,J,NO,jorgeb@farmasi.uio.no,oslo,,
864,Slot,Karsten Bruins,NO,karsten.bruins.slot@medisin.uio.no,no- oslo,,
865,Abyholm,F E,NO,,oslo,,
866,Ingebrigtsen,Tor,NO,tor.ingebrightsen@unn.no,n- tromsø,,
867,Hansen,Anette,NO,anette.hansen@hit.no.,kongsberg,,
868,Hauge,Solveig,NO,,kongsberg,,
869,Bergland,Ådel,NO,,oslo,,
870,Brodin,E,NO,ellen.brodin@uit.no,n- tromsø,,
871,Rodevan,O,NO,,university of oslo,,
872,Seppey,Christophe V W,NO,,tromsø,,
873,Semb,Gunvor,NO,,oslo,,
874,Moran,Daniel,NO,,trondheim,,
875,Boye,Erik,NO,,oslo,,
876,Nyborg,Ingrid,NO,ingrid.nyborg@sykehuset-innlandet.no.,oslo,,
877,Danbolt,Lars Johan,NO,,oslo,,
878,Kirkevold,Marit,NO,,oslo,,
879,Langhammer,Arnulf,NO,arnulf.langhammer@ntnu.no.,levanger,,
880,Johannessen,Ane,NO,,bergen,,
881,Holmen,Turid L,NO,,levanger,,
882,Melbye,Hasse,NO,,tromsø,,
883,Lund,May B,NO,,oslo,,
884,Melsom,Morten N,NO,,hakadal,,
885,Bakke,Per,NO,,bergen,,
886,Elvik,R,NO,toi@toi.no,oslo,,
887,Uteng,Marianne,NO,,oslo,,
888,Johnsen,Gorm Krogh,NO,gormj@fys.uio.no,oslo,,
889,Hansen,Haakon,NO,,no-0318 oslo,,
890,Magnussen,Elisabeth B,NO,,trondheim,,
891,Sandsund,M,NO,,trondheim,,
892,Soberg,Helene L,NO,h.l.soberg@medisin.uio.no,oslo,,
893,Frengen,J,NO,,university of trondheim,,
894,Klaastad,O,NO,,oslo,,
895,Ulvestad,Bente,NO,bente.ulvestad@mesta.no,moss,,
896,Strand,Linda,NO,linda.strand@sthf.no.,skien,,
897,Hagen,K,NO,knut.hagen@medisin.ntnu.no,trondheim,,
898,Sølvik,Una Ø,NO,una.solvik@igs.uib.no.,department of global health and primary care faculty of medicine and dentistry university of bergen bergen,,
899,Risa,Marianne,NO,,norwegian quality improvement of primary care laboratories (noklus) haraldsplass deaconess hospital bergen,,
900,Jacobsen,Camilla E,NO,,norwegian quality improvement of primary care laboratories (noklus) haraldsplass deaconess hospital bergen,,
901,Monsen,Grete,NO,,norwegian quality improvement of primary care laboratories (noklus) haraldsplass deaconess hospital bergen,,
902,Sandberg,Sverre,NO,,norway laboratory of clinical biochemistry haukeland university hospital bergen,,
903,Utne,Inger,NO,,oslo,,
904,Grov,Ellen Karine,NO,,oslo,,
905,Småstuen,Milada Cvancarova,NO,,oslo,,
906,Halvorsrud,Liv,NO,,oslo,,
907,Gilja,Odd Helge,NO,,university of bergen,,
908,Kvaal,Sigrid I,NO,skvaal@odont.uio.no,oslo,,
909,Weber,Clemens,NO,clemens.weber@gmail.com.,stavanger,,
910,Lønne,Greger,NO,,trondheim,,
911,Rao,Vidar,NO,,trondheim,,
912,Solheim,Ole,NO,,trondheim,,
913,Nerland,Ulf,NO,,trondheim,,
914,Rossvoll,Ivar,NO,,trondheim,,
915,Nygaard,Øystein P,NO,,trondheim,,
916,Gulati,Sasha,NO,,trondheim,,
917,Pihlstrøm,Lasse,NO,,oslo,,
918,Toft,Mathias,NO,,oslo,,
919,Bol,Marco G W,NO,,stavanger,,
920,Knudsen,Stine,NO,,ullevål,,
921,Stensola,Hanne,NO,hanne.stensola@ntnu.no,trondheim,,
922,Måløy,Knut Jørgen,NO,,oslo no-0316,,
923,Santucci,Stéphane,NO,,oslo no-0316,,
924,Bøe Lunde,Hanne Marie,NO,,bergen,,
925,Telstad,Wenche,NO,,førde,,
926,Grytten,Nina,NO,,bergen,,
927,Kyte,Lars,NO,,førde,,
928,Aarseth,Jan,NO,,bergen,,
929,Myhr,Kjell-Morten,NO,,bergen,,
930,Bø,Lars,NO,,bergen,,
931,Skorpa,Ragnhild,NO,,trondheim,,
932,Bedeaux,Dick,NO,,trondheim,,
933,Kjelstrup,Signe,NO,,trondheim,,
934,Oeverland,Britt,NO,britt.overland@omniahelse.no,oslo,,
935,Haaland,Gry S,NO,,bergen,,
936,Falk,Ragnhild S,NO,,oslo,,
937,Straume,Oddbjørn,NO,,bergen,,
938,Lorens,James B,NO,,bergen,,
939,Sun,J,NO,,tromsø,,
940,Ibrahim,Salah Osman,NO,sosman@ibmb.uib.no,bergen,,
941,Gjessing,H,NO,,trondheim university hospital,,
942,Unsgård,Geirmund,NO,,no-,,
943,Reinertsen,Ingerid,NO,,no-,,
944,Borge,B A,NO,bengt.borge@biomed.uib.no,bergen,,
945,Vangberg,Torgil R,NO,,tromsø,,
946,Tande,Pål M,NO,,tromsø,,
947,Anke,Audny,NO,,tromsø,,
948,Aslaksen,Per M,NO,,uit the arctic university of norway,,
949,Selnes,Per,NO,per.selnes@medisin.uio.no.,akershus university hospital,,
950,Ilyas,Aamir,NO,,trondheim,,
951,Muthanna,Tone M,NO,,trondheim,,
952,von Hanno,T,NO,,tromsø,,
953,Bertelsen,G,NO,,tromsø,,
954,Schirmer,H,NO,,tromsø,,
955,Bramham,Clive R,NO,clive.bramham@biomed.uib.no,bergen,,
956,Baranski,M,NO,matt.baranski@akvaforsk.no,as n-,,
957,Ågmo,Anders,NO,,university of tromsø,,
958,Gunderson,Ragnhild B,NO,,oslo,,
959,Nagy,Nina Elisabeth,NO,,n- as,,
960,Ørn,Stein,NO,drsteinorn@hotmail.com,4068 stavanger,,
961,Helvik,Anne-Sofie,NO,anne-sofie.helvik@ntnu.no,trondheim,,
962,Olufsen,Magne,NO,,n- tromsø,,
963,Gansmo,Liv B,NO,,bergen,,
964,Romundstad,Paal,NO,,trondheim,,
965,Hveem,Kristian,NO,,trondheim,,
966,Vatten,Lars,NO,,trondheim,,
967,Lønning,Per Eystein,NO,,bergen,,
968,Knappskog,Stian,NO,,bergen,,
969,Eigen,G,NO,,n- bergen,,
970,Kordasti,S,NO,,tromso,,
971,Berg,Anette,NO,anette.berg@uus.no,oslo,,
972,Walderhaug,Ståle,NO,stale.walderhaug@sintef.no,n- trondheim,,
973,Raabe,N K,NO,,n- oslo,,
974,Furnham,Adrian,NO,,oslo,,
975,Frost,P,NO,,bergen,,
976,Davidson,Ben,NO,ben.davidson@radiumhospitalet.no,montebello oslo,,
977,Mtaya,Matilda,NO,matilda.mtaya@odfa.uib.no,university of bergen,,
978,Karwinski,W,NO,,university of bergen,,
979,Høydalsvik,Kristin,NO,,no- trondheim,,
980,Mikkelsen,Helene,NO,,9294 tromsø,,
981,Johansen,Audny,NO,,9291 tromsø,,
982,Steiro,Kari,NO,,9291 tromsø,,
983,Myrnes,Bjørnar,NO,,9291 tromsø,,
984,Nilsen,Inge W,NO,,tromsø,,
985,Balieva,F,NO,,stavanger,,
986,Hjerde,Erik,NO,,tromsø,,
987,Bahr,Roald,NO,,oslo,,
988,Bjaalie,Jan G,NO,,n-0317 oslo,,
989,Kirkevold,Oyvind,NO,oyvind.kirkevold@nordemens.no,sem,,
990,Mathisen,Maria,NO,,n- bergen,,
991,Rustøen,Tone,NO,tone.rustoen@su.hio.no,oslo,,
992,Akslen,L A,NO,,university of bergen,,
993,Jonassen,I,NO,inge@ii.uib.no,university of bergen,,
994,Kristensen,G B,NO,,oslo,,
995,Adamsen,Birgitte Lid,NO,,oslo,,
996,Salvesen,R,NO,,bode,,
997,Dahl,B L,NO,,university of oslo,,
998,Schneider,Olha,NO,,trondheim,,
999,Bjørnsen,Thomas,NO,,university of agderkristiansand,,
1000,Raastad,Truls,NO,,norwegian school of sport sciencesoslo,,
1001,Haslemo,Tore,NO,,oslo,,
1002,Molden,Espen,NO,,oslo,,
1003,Sørensen Høifødt,Tordis,NO,thoifodt@tupdean2.med.dal.ca,n- tromsø,,
1004,Vilhelmsen,Kenneth,NO,,norwegian university of science and technology trondheim,,
1005,van der Weel,F R Ruud,NO,,norwegian university of science and technology trondheim,,
1006,van der Meer,Audrey L H,NO,,norwegian university of science and technology trondheim,,
1007,Holm,Sverre,NO,sverre@ifi.uio.no,no-0316 oslo,,
1008,Brustugun,Odd Terje,NO,,oslo,,
1009,Eide,K R,NO,,sør-trøndelag university college,,
1010,Marti,Hans-Peter,NO,,bergen,,
1011,Corander,Jukka,NO,,oslo,,
1012,Grundtvig,Morten,NO,mgrundtv@online.no,lillehammer,,
1013,Gråwe,R W,NO,,university of trondheim,,
1014,Strand,K M,NO,krist@stud.ntnu.no,trondheim,,
1015,Steinshamn,Håvard,NO,,n- tingvoll,,
1016,Mørk,G,NO,,n- oslo,,
1017,Bergvik,Svein,NO,,tromsø,,
1018,Flaatten,H,NO,,bergen,,
1019,Sønbø Kristiansen,Ivar,NO,i.s.kristiansen@medisin.uio.no,universitetet i oslo,,
1020,Dillerud,E,NO,,lysaker,,
1021,Friese,Nadine,NO,,4020 stavanger,,
1022,Figved,N,NO,,stavanger,,
1023,Storrustløkken,Linda,NO,,aas,,
1024,Almåsbak,Hilde,NO,,oslo,,
1025,Aarvak,Tanja,NO,,oslo,,
1026,Lindtjørn,Bernt,NO,,bergen,,
1027,Nilsen,Kristian Bernhard,NO,kristian.b.nilsen@ntnu.no,ullevål,,
1028,Muren,Ludvig Paul,NO,,n- bergen,,
1029,Lippestad,Marit,NO,,oslo,,
1030,Utheim,Tor P,NO,,oslo,,
1031,Dartt,Darlene A,NO,,oslo,,
1032,Oterhals,Age,NO,aage.oterhals@fiskeriforskning.no,fyllingsdalen,,
1033,Janssen,Emiel A M,NO,,stavanger,,
1034,Gullestad,L,NO,lagulles@online.no,oslo,,
1035,Fayers,Peter M,NO,,trondheim,,
1036,Blakstad,Oskar,NO,,kristiansand,,
1037,Brendryen,Håvar,NO,,oslo,,
1038,Helland,Pål F,NO,,oslo,,
1039,Johansen,Ayna B,NO,,oslo,,
1040,Aukrust,P,NO,pal.aukrust@klinmed.uio.no,rikshospitalet,,
1041,Hemond,S G,NO,,university of oslo,,
1042,Sylte,Ingebrigt,NO,,tromsø,,
1043,Blix,Hege Salvesen,NO,hege.salvesen.blix@fhi.no,oslo,,
1044,Dahal-Koirala,Shiva,NO,,oslo,,
1045,Risnes,Louise Fremgaard,NO,,oslo,,
1046,Neumann,Ralf Stefan,NO,,oslo,,
1047,Christophersen,Asbjørn,NO,,oslo,,
1048,Lundin,Knut E A,NO,,oslo,,
1049,Qiao,Shuo-Wang,NO,,oslo,,
1050,Sollid,Ludvig M,NO,l.m.sollid@medisin.uio.no.,oslo,,
1051,Ellingsen,Dag G,NO,dag.ellingsen@stami.no.,n-0033 oslo,,
1052,Kazazic,Maja,NO,,0316 oslo,,
1053,Helseth,E,NO,,trondheim regional hospital,,
1054,Garnweidner-Holme,Lisa,NO,,oslo,,
1055,Hoel Andersen,Therese,NO,,oslo,,
1056,Sando,Mari Wastvedt,NO,,oslo,,
1057,Noll,Josef,NO,,oslo,,
1058,Lukasse,Mirjam,NO,,oslo,,
1059,Christoffersen,T,NO,,tromsł,,
1060,Sioud,M,NO,,university of oslo,,
1061,Andersson,T,NO,,oslo,,
1062,Kvaal,S I,NO,,university of oslo,,
1063,Haugen,M,NO,,oslo,,
1064,Kanse,Sandip M,NO,,oslo,,
1065,Hugdahl,Kenneth,NO,hugdahl@psych.uib.no,n- bergen,,
1066,Persson,Karin,NO,,tønsberg,,
1067,Taskén,Kjetil,NO,,university of oslo,,
1068,Aas,Jørn A,NO,jornaaas@odont.uio.no,0316 oslo,,
1069,Skjeldestad,F E,NO,,university of trondheim,,
1070,Langård,S,NO,,skien,,
1071,Lier,Haldis Økland,NO,,haugesund,,
1072,Rørtveit,Kristine,NO,,stavanger,,
1073,Røsok,O,NO,,oslo,,
1074,Florholmen,J,NO,,university hospital of tromsø,,
1075,Froholm,L O,NO,,n-0316 oslo,,
1076,Mordal,Geir Christian Enli,NO,geir.christian.e.mordal@ahus.no,ullevål,,
1077,Sand,Sverre L,NO,olav.sand@imbv.uio.no,no- oslo,,
1078,Calogiuri,Giovanna,NO,,norwegian university of life sciences,,
1079,Håberg,Asta K,NO,asta.haberg@ntnu.no,trondheim,,
1080,Videm,V,NO,,national hospital,,
1081,Willumsen,N,NO,,haukeland hospital,,
1082,Helgason,Lisa B,NO,lisa.helgason@npolar.no,tromsø,,
1083,Macintyre,Anna K-J,NO,annakjmacintyre@gmail.com.,0317,,
1084,Sagbakken,Mette,NO,mette.sagbakken@hioa.no.,oslo,,
1085,Engebretsen,Lars,NO,,oslo,,
1086,Lidal,Ingeborg Beate,NO,ibl@kunnskapssenteret.no,0130,,
1087,Klempe,Sven Hroar,NO,hroar.klempe@svt.ntnu.no.,trondheim,,
1088,Semb,Anne Grete,NO,a-semb@diakonsyk.no.,oslo,,
1089,Rollefstad,Silvia,NO,,oslo,,
1090,Garåsen,Helge,NO,helge.garasen@ntnu.no,trondheim,,
1091,Halvorsen,Peder Andreas,NO,peder.halvorsen@kraftlaget.no,tromsø n-,,
1092,Brandtzaeg,P,NO,,national hospital,,
1093,Briley-Saebo,Karen,NO,karen.briley.sabo@amersham.com,po box 4220 oslo,,
1094,Anonsen,Jan Haug,NO,,oslo,,
1095,Vik,Åshild,NO,,oslo,,
1096,Børud,Bente,NO,,oslo,,
1097,Viburiene,Raimonda,NO,,oslo,,
1098,Aas,Finn Erik,NO,,oslo,,
1099,Kidd,Shani W A,NO,,oslo,,
1100,Aspholm,Marina,NO,,oslo,,
1101,Koomey,Michael,NO,johnk@ibv.uio.no.,oslo,,
1102,Ottestad,L,NO,,oslo,,
1103,Eikaas,Henrik,NO,,oslo,,
1104,Stecyk,Jonathan A W,NO,jstecyk@ualberta.ca,oslo,,
1105,Eide,P K,NO,per.kristian.eide@rikshospitalet.no,oslo,,
1106,Handeland,K,NO,,n- oslo,,
1107,Hu,Yi,NO,,n- trondheim,,
1108,Carlsson,Mats,NO,,university of oslo,,
1109,Mikalsen,Stine Gyland,NO,,oslo,,
1110,Mikalsen,Lars Tore Gyland,NO,,oslo,,
1111,Sandvik,Joe Alexander,NO,,oslo,,
1112,Aarnes,Eva-Katrine,NO,,oslo,,
1113,Fenne,Siri,NO,,oslo,,
1114,Flatmark,Kjersti,NO,,oslo,,
1115,Lyng,Heidi,NO,,oslo,,
1116,Edin,Nina Frederike Jeppesen,NO,,oslo,,
1117,Pettersen,Erik Olai,NO,,oslo,,
1118,Faraone,Stephen V,NO,,bergen,,
1119,Klauschen,Frederick,NO,fklauschen@mail.nih.gov,university of bergen,,
1120,Asche,Frank,NO,,stavanger,,
1121,Guttormsen,Atle,NO,,aas,,
1122,Tveteras,Sigbjorn,NO,,stavanger,,
1123,Hofmann,Bjørn,NO,,oslo,,
1124,Liodden,Ingrid,NO,i.e.liodden@odont.uio.no,oslo,,
1125,Diseth,T H,NO,,oslo: division of child and adolescent psychiatry,,
1126,Ekeland,A,NO,,university of oslo,,
1127,Balstad,T R,NO,,lipid clinic,,
1128,Sirnes,Per Anton,NO,,moss,,
1129,Abraityte,Aurelija,NO,,oslo,,
1130,Aukrust,Pål,NO,,oslo,,
1131,Gullestad,Lars,NO,,oslo,,
1132,Ueland,Thor,NO,thor.ueland@medisin.uio.no.,oslo,,
1133,Sommerfelt,K,NO,,university of bergen,,
1134,Mulat,Daniel Girma,NO,,1432 ås,,
1135,Kalyani,Dayanand,NO,,1432 ås,,
1136,Horn,Svein Jarle,NO,,1432 ås,,
1137,Sødring,Marianne,NO,,oslo,,
1138,Oostindjer,Marije,NO,,ås,,
1139,Egelandsdal,Bjørg,NO,,ås,,
1140,Paulsen,Jan Erik,NO,,oslo,,
1141,Andersson,M,NO,malin.andersson@ngu.no,trondheim,,
1142,Kvale,Dag,NO,dag.kvale@medisin.uio.no,oslo,,
1143,Foss,Christina,NO,i.c.foss@medisin.uio.no,oslo,,
1144,Dager,Turid Nygaard,NO,,oslo,,
1145,Kjeken,Ingvild,NO,,oslo,,
1146,Berdal,Gunnhild,NO,,oslo,,
1147,Sand-Svartrud,Anne-Lene,NO,,oslo,,
1148,Bø,Ingvild,NO,,lillehammer,,
1149,Dingsør,Anne,NO,,skien,,
1150,Eppeland,Siv Grødal,NO,,arendal,,
1151,Hagfors,Jon,NO,,oslo,,
1152,Hamnes,Bente,NO,,lillehammer,,
1153,Nielsen,Merete,NO,,oslo,,
1154,Slungaard,Bente,NO,,bærum,,
1155,Wigers,Sigrid Hørven,NO,,moss,,
1156,Hauge,Mona-Iren,NO,,oslo,,
1157,Fritsche,Lars G,NO,,7491 trondheim,,
1158,Rasmussen,Svein,NO,svein.rasmussen@mfr.uib.no,bergen,,
1159,Nazir,Mohammad,NO,,university of oslo,,
1160,Hjeltnes,N,NO,,nesoddtangen,,
1161,Krontveit,R,NO,,no-0033 oslo,,
1162,Bohlin,J,NO,,0403 oslo,,
1163,Valle,P S,NO,,6517 kristiansund,,
1164,Skjerve,E,NO,,no-0033 oslo,,
1165,Sølverød,L S,NO,,no- ås,,
1166,Strandheim,Arve,NO,arve.strandheim@ntnu.no,trondheim,,
1167,Rannestad,Toril,NO,,n- trondheim,,
1168,Thorkildsen,,NO,gunnar.thorkildsen@tn.his.no,stavanger,,
1169,Nyquist,Kaja B,NO,k.b.nyquist@medisin.uio.no,oslo,,
1170,Yu,Seong-Woon,NO,,oslo,,
1171,Moxnes,John F,NO,,kjeller,,
1172,Moen,Aina E Fossum,NO,,lørenskog,,
1173,Leegaard,Truls Michael,NO,,lørenskog,,
1174,Flindt-Hansen,H,NO,,oslo,,
1175,Kerty,E,NO,,oslo,,
1176,Kuklin,Vladimir,NO,vladimir.kuklin@unn.no,tromsø,,
1177,Bergrem,Henrik Andreas,NO,henrik.andreas.bergrem@rikshospitalet.no,oslo,,
1178,Magnus,O,NO,,oslo,,
1179,Prandina,Anthony,NO,,oslo,,
1180,Herfindal,Lars,NO,,bergen,,
1181,Rongved,Pål,NO,,oslo,,
1182,Døskeland,Stein O,NO,,bergen,,
1183,Baak,Jan P A,NO,,dr. med. jan baak astananger,,
1184,Orstavik,D,NO,,haslum,,
1185,van der Zwaag,C H,NO,cvdz@unimed.sintef.no,trondheim,,
1186,Skogseid,Inger Marie,NO,i.m.skogseid@klinmed.uio.no,oslo,,
1187,Herpin,Amaury,NO,,bergen,,
1188,Koposov,Roman,NO,,tromsø,,
1189,Baco,Eduard,NO,,aker,,
1190,Berg,Ole Kristian,NO,,molde,,
1191,Nyberg,Stian Kwak,NO,,trondheim,,
1192,Windedal,Tobias Midtvedt,NO,,trondheim,,
1193,Wang,Eivind,NO,,molde,,
1194,Berg,T,NO,torunn.berg@nilu.no,kjeller,,
1195,Rossmann,Simeon,NO,,ås,,
1196,Dees,Merete Wiken,NO,,ås,,
1197,Perminow,Juliana,NO,,ås,,
1198,Meadow,Richard,NO,,ås,,
1199,Brurberg,May Bente,NO,may.brurberg@nibio.no.,ås,,
1200,Bø,Kari,NO,kari.bo@nih.no,oslo,,
1201,Bækkelund,Harald,NO,,vikersund,,
1202,Ottesen Berg,Akiah,NO,,oslo,,
1203,Arnevik,Espen Ajo,NO,,oslo,,
1204,Westvik,Åsbjørn Schumacher,NO,,oslo,,
1205,Weedon-Fekjær,Harald,NO,harald.weedon-fekjar@medisin.uio.no.,oslo,,
1206,Mæhlen,Jan,NO,,oslo,,
1207,Liestøl,Knut,NO,,oslo,,
1208,Van Den Tillaar,Roland,NO,,levanger,,
1209,Oversand,Sissel Hegdahl,NO,sisseloversand@gmail.com.,oslo,,
1210,Staff,Anne C,NO,,oslo,,
1211,Borstad,Ellen,NO,,oslo,,
1212,Svenningsen,Rune,NO,,oslo,,
1213,Chen,D,NO,,trondheim,,
1214,Taylor,Richard G,NO,,dirdal,,
1215,Michelsen,S,NO,,tønsberg,,
1216,Hauge,Tobias,NO,,drammen,,
1217,Kleven,Ole Christian,NO,,lillehammer,,
1218,Johnson,Egil,NO,,oslo,,
1219,Hofstad,Bjørn,NO,,oslo,,
1220,Johannessen,Hans-Olaf,NO,,oslo,,
1221,Brunborg,Geir Scott,NO,,oslo,,
1222,Colquhoun,Duncan J,NO,duncan.colquhoun@vetinst.no.,oslo,,
1223,Stuen,S,NO,,sandnes,,
1224,Seglen,P O,NO,,oslo,,
1225,Bai,Baoyan,NO,,oslo,,
1226,Server,Andrés,NO,uxasea@ous-hf.no.,oslo,,
1227,Fløisand,Yngvar,NO,,oslo,,
1228,Sponheim,Jon,NO,,oslo,,
1229,Hald,John K,NO,,oslo,,
1230,Løvf,Marthe,NO,,oslo,,
1231,Steinsvåg,Kjersti,NO,kjersti.steinsvag@isf.uib.no,n- bergen,,
1232,Ng'anjo Phiri,Selia,NO,snganjop@yahoo.com.,bergen,,
1233,Hole,Magnus,NO,,bergen,,
1234,Underhaug,Jarl,NO,,bergen,,
1235,Ying,Ming,NO,,bergen,,
1236,Røhr,Åsmund Kjendseth,NO,,oslo,,
1237,Jorge-Finnigan,Ana,NO,,bergen,,
1238,Kristoffer Andersson,K,NO,,oslo,,
1239,Teigen,Knut,NO,,bergen,,
1240,Myren,J,NO,,oslo,,
1241,Mork,J,NO,jon.mork@kreftreg.no,oslo,,
1242,Krajci,P,NO,,rikshospitalet,,
1243,Jain,Ashish,NO,,tromsø,,
1244,Larsen,Kenneth Bowitz,NO,,tromsø,,
1245,Johansen,Terje,NO,,tromsø,,
1246,Åserød,Hanne,NO,,university of bergen,,
1247,Babic,Ankica,NO,,university of bergen,,
1248,Cvancarova,Milada,NO,milada.smastuen@kreftregisteret.no,oslo,,
1249,Edvardsen,Thor,NO,,oslo,,
1250,Haugaa,Kristina H,NO,,oslo,,
1251,Kvaløy,K,NO,,trondheim,,
1252,Bruserud,Øystein,NO,oystein.bruserud@haukeland.no,bergen,,
1253,Pedersen,W,NO,willy.pedersen@sosiologi.uio.no,oslo,,
1254,Yttri,Karl Espen,NO,,kjeller,,
1255,Duggal,Shivali,NO,,oslo,,
1256,Abrahamsen,J F,NO,,university of bergen,,
1257,Grymyr,Ole-Johannes H N,NO,,oslo,,
1258,Beitnes,Jan O,NO,,oslo,,
1259,Eidet,Jo,NO,,oslo,,
1260,Tølløfsrud,Stein,NO,,oslo,,
1261,Fiane,Arnt,NO,,oslo,,
1262,Skulstad,Helge,NO,,oslo,,
1263,Fosse,Erik,NO,,oslo,,
1264,Halvorsen,Per S,NO,,oslo,,
1265,Walberg,M,NO,,university of oslo,,
1266,Magnussen,Synnøve,NO,,tromsø,,
1267,Rikardsen,Oddveig G,NO,,tromsø,,
1268,Hadler-Olsen,Elin,NO,,tromsø,,
1269,Uhlin-Hansen,Lars,NO,,tromsø,,
1270,Steigen,Sonja E,NO,,tromsø,,
1271,Svineng,Gunbjørg,NO,,tromsø,,
1272,Mollnes,T E,NO,,oslo,,
1273,Elamin,A,NO,amal.elamin@gades.uib.no,university of bergen,,
1274,Borge,Kaja Sverdrup,NO,,oslo,,
1275,Lingaas,Frode,NO,,oslo,,
1276,Filippova,Liudmila,NO,liudmila.filippova@nmbu.no.,n-1432 ås,,
1277,Stenstrøm,Yngve,NO,yngve.stenstrom@nmbu.no.,n-1432 ås,,
1278,Hansen,Trond Vidar,NO,t.v.hansen@farmasi.uio.no.,n-1432 ås,,
1279,Magnussen,Gry Irene,NO,gry.magnussen@rr-research.no.,oslo,,
1280,Emilsen,Elisabeth,NO,elisabeth.emilsen@rr-research.no.,oslo,,
1281,Giller Fleten,Karianne,NO,karianne.giller.fleten@rr-research.no.,oslo,,
1282,Engesæter,Birgit,NO,birgit.engesater@rr-research.no.,oslo,,
1283,Nähse-Kumpf,Viola,NO,viola.naehse-kumpf@curie.fr.,oslo,,
1284,Fjær,Roar,NO,roar.fjar@medisin.uio.no.,oslo,,
1285,Slipicevic,Ana,NO,ana.slipicevic@rr-research.no.,oslo,,
1286,Flørenes,Vivi Ann,NO,vivi.ann.florenes@radiumhospitalet.no.,oslo,,
1287,Tjeldhorn,Lena,NO,lena.tjeldhorn@online.no.,oslo,,
1288,Amundsen,Silja Svanstrøm,NO,silja.s.amundsen@rr-research.no.,oslo,,
1289,Barøy,Tuva,NO,tuva.baroy@medisin.uio.no.,oslo,,
1290,Rand-Hendriksen,Svend,NO,svend.rand-hendriksen@medisin.uio.no.,nesoddtangen,,
1291,Geiran,Odd,NO,odd.geiran@medisin.uio.no.,0424 oslo,,
1292,Frengen,Eirik,NO,eirik.frengen@medisin.uio.no.,oslo,,
1293,Paus,Benedicte,NO,benedicte.paus@medisin.uio.no.,oslo,,
1294,Berg,Rolf Elling,NO,rolfell@start.no,university of oslo,,
1295,Dalen,G A,NO,,osloveien n-a˚s,,
1296,Larsen,M A,NO,,tromsø,,
1297,Goll,R,NO,,tromsø,,
1298,Lekahl,S,NO,,tønsberg,,
1299,Moen,O S,NO,,tromsø,,
1300,Florholmen,J,NO,,tromsø,,
1301,Nordberg,Lena Bugge,NO,,oslo,,
1302,Lillegraven,Siri,NO,,oslo,,
1303,Aga,Anna-Birgitte,NO,,oslo,,
1304,Sexton,Joseph,NO,,oslo,,
1305,Olsen,Inge Christoffer,NO,,oslo,,
1306,Lie,Elisabeth,NO,,oslo,,
1307,Berner Hammer,Hilde,NO,,oslo,,
1308,Uhlig,Till,NO,,oslo,,
1309,van der Heijde,Desirée,NO,,oslo,,
1310,Kvien,Tore K,NO,,oslo,,
1311,Haavardsholm,Espen A,NO,,oslo,,
1312,Hagen,Lars,NO,,n- trondheim,,
1313,Sharma,Animesh,NO,,n- trondheim,,
1314,Aas,Per Arne,NO,,n- trondheim,,
1315,Skaug,K,NO,,ullevaal hospital,,
1316,Hoff,Geir,NO,hofg@kreftregisteret.no,oslo,,
1317,Grimholt,Runa M,NO,,oslo,,
1318,Fjeld,Bente,NO,,oslo,,
1319,Klingenberg,Olav,NO,,oslo,,
1320,Evensen,Jan F,NO,,oslo university hospital,,
1321,Hanem,Liv Guro Engen,NO,,trondheim,,
1322,Stridsklev,Solhild,NO,,trondheim,,
1323,Júlíusson,Pétur B,NO,,bergen,,
1324,Salvesen,Øyvind,NO,,trondheim,,
1325,Carlsen,Sven M,NO,,trondheim,,
1326,Ødegård,Rønnaug,NO,,trondheim,,
1327,Vanky,Eszter,NO,,trondheim,,
1328,Brurok,H,NO,,university of trondheim,,
1329,Semb,Lars S,NO,,b ullevål hospital oslo 1,,
1330,Berg,Kristian,NO,,oslo,,
1331,Kinn,Anne Marie,NO,anne.kinn@psybp.uib.no,n- bergen,,
1332,Klanderud,Kari,NO,,bergen,,
1333,Vandvik,Vigdis,NO,,bergen,,
1334,Holck,Per,NO,per.holck@medisin.uio.no,oslo,,
1335,Slagsvold,C E,NO,,oslo,,
1336,Riise,Ø R,NO,oystein.riise@rikshospitalet.no,oslo,,
1337,Cramer,Victoria,NO,victoria.cramer@psykologi.uio.no,university of oslo,,
1338,Fjelldal,Per Gunnar,NO,,matredal,,
1339,van der Meeren,Terje,NO,,storebø,,
1340,Fraser,Thomas W K,NO,,matredal,,
1341,Sambraus,Florian,NO,,matredal,,
1342,Hansen,Tom Johnny,NO,,matredal,,
1343,Bachmann,Lutz,NO,bachmann@nhm.uio.no,oslo,,
1344,Taman,Hagar,NO,,tromsø,,
1345,Fenton,Christopher G,NO,,tromsø,,
1346,Hensel,Inga V,NO,,tromsø,,
1347,Anderssen,Endre,NO,,tromsø,,
1348,Florholmen,Jon,NO,,tromsø,,
1349,Paulssen,Ruth H,NO,,tromsø,,
1350,Linnestad,C,NO,,n-1432 aas,,
1351,Steen,V M,NO,,bergen,,
1352,Hugdahl,K,NO,hugdahl@psych.uib.no,university of bergen,,
1353,Sørbye,Liv W,NO,soerbye@diakonhjemmet.no,oslo,,
1354,Sanner,Helga,NO,,oslo,,
1355,Hartvig,Pål,NO,,oslo,,
1356,Bjørkly,Stål,NO,,6402 molde,,
1357,Bøen,Hege,NO,hege.boen@fhi.no,oslo,,
1358,Ueland,Torill,NO,torill.ueland@psykiatri.uio.no,oslo,,
