temp_id,lastname,firstname,countries_scope,email,town,role,url
1,Dahl,Johan,NO,,drammen,,
2,Andreassen,Ole A,NO,,oslo,,
3,Haldorsen,Benjamin,NO,benjamin.haldorsen@outlook.com.,bærum,,
4,Borge,A I,NO,,university of oslo,,
5,Bye,Asta,NO,,oslo,,
6,Bergland,Astrid,NO,,oslo,,
7,Omvik,P,NO,,university of bergen,,
8,Welcker,Jorg,NO,jorg.welcker@npolar.no,tromsø,,
9,B Gjerde,Priyanthi,NO,kgwe@helse-bergen.no.,bergen no-,,
10,Bøvelstad,Hege M,NO,hege.m.bovelstad@uit.no,oslo no-0316,,
11,Farkas,J,NO,julia.farkas@gmx.at,n- oslo,,
12,Pedersen,R,NO,reidar.pedersen@medisin.uio.no,no-0318 oslo,,
13,Ulvestad,E,NO,,bergen,,
14,Ringdal,N,NO,,molde internal medicine centre,,
15,Erichsen,A K,NO,anhs@uus.no,oslo,,
16,Bremnes,Yngve,NO,,tromsø,,
17,Mählck,Carl-Gustav,NO,,n- mo i rana,,
18,Næss,Kari-Anne B,NO,,university of oslo,,
19,Kråkvik,Bodil,NO,,trondheim,,
20,Revold,T,NO,tobias.revold@nvh.no,oslo,,
21,Strand,Mari,NO,mari.strand@psybp.uib.no,university of bergen,,
22,Oldervoll,Line M,NO,line.oldervoll@ntnu.no,trondheim,,
23,Wilson,Steven Ray,NO,stevenw@kjemi.uio.no,oslo,,
24,Wilsgaard,Tom,NO,,tromsø,,
25,Gjerde,I O,NO,,bergen,,
26,Skaane,P,NO,,oslo,,
27,Ytre-Arne,Brita,NO,,university of bergen,,
28,Høeg,Elen,NO,,0301 oslo,,
29,Nygaard,Egil,NO,,oslo,,
30,Moe,Vibeke,NO,,oslo,,
31,Slinning,Kari,NO,,oslo,,
32,Walhovd,Kristine B,NO,,oslo,,
33,Rognum,Torleiv Ole,NO,,oslo university hospital,,
34,Vege,Åshild,NO,,oslo university hospital,,
35,Stray-Pedersen,Arne,NO,,oslo university hospital,,
36,Bøylestad,Lillian,NO,,oslo university hospital,,
37,Oberg,Gunn Kristin,NO,gunn.kristin.oeberg@uit.no,tromsø,,
38,Vinknes,Kathrine J,NO,kathrine.vinknes@medisin.uio.no,0317 oslo,,
39,Kalpathy-Cramer,Jayashree,NO,,oslo,,
40,Gerstner,Elizabeth R,NO,,oslo,,
41,Emblem,Kyrre E,NO,,oslo,,
42,Andronesi,Ovidiu,NO,,oslo,,
43,Rosen,Bruce,NO,,oslo,,
44,Bielen,Holger,NO,,bergen,,
45,Demmink,Jan Hendrik,NO,jhd@hib.no,bergen,,
46,Brataas,Hildfrid V,NO,hildfrid.brataas@hint.no,steinkjer,,
47,Frich,Jan C,NO,jancf@medisin.uio.no,universitetet i oslo,,
48,Bollerslev,Jens,NO,jens.bollerslev@klinmed.uio.no,oslo,,
49,Bangstad,H J,NO,,oslo,,
50,Moatshe,Gilbert,NO,,oslo,,
51,Brudal,Espen,NO,,0316 oslo,,
52,Lampe,Elisabeth O,NO,,0316 oslo,,
53,Reubsaet,Léon,NO,,0316 oslo,,
54,Roos,Norbert,NO,,0316 oslo,,
55,Hegna,Ida K,NO,,0316 oslo,,
56,Thrane,Ida Marie,NO,,0316 oslo,,
57,Koppang,Erling O,NO,,0033 oslo,,
58,Lilleby,Vibke,NO,,oslo,,
59,Selvaag,Anne-Marit,NO,,oslo,,
60,Aadland,Eivind,NO,,sogndal,,
61,Ylvisåker,Einar,NO,,sogndal,,
62,Remigio,Roberto Di,NO,,n- tromsø,,
63,Frediani,Luca,NO,,n- tromsø,,
64,Thomassen,Lars,NO,ltho@haukeland.no,bergen,,
65,Johannessen,Svein I,NO,svein.johannessen@epilepsy.no,sandvika,,
66,Aabakken,L,NO,,oslo,,
67,Dahlslett,Thomas,NO,,arendal,,
68,Karlsen,Sigve,NO,,arendal,,
69,Grenne,Bjørnar,NO,,trondheim,,
70,Eek,Christian,NO,,oslo,,
71,Sjøli,Benthe,NO,,arendal,,
72,Skulstad,Helge,NO,,oslo,,
73,Smiseth,Otto A,NO,,oslo,,
74,Edvardsen,Thor,NO,,oslo,,
75,Omdal,Roald,NO,romdal@online.no,university of tromsø,,
76,Gamlund,Espen,NO,espen.gamlund@uib.no.,bergen,,
77,Shcherbin,Dmitry,NO,,n- tromsø,,
78,Aarset,H,NO,,trondheim,,
79,Gunnarsson,Gudjon Leifur,NO,,skien,,
80,Austgulen,R,NO,,university of trondheim,,
81,Myklebost,Ola,NO,,oslo,,
82,Meza-Zepeda,Leonardo,NO,,oslo,,
83,Wirgenes,Katrine Verena,NO,,oslo,,
84,Tesli,Martin,NO,,oslo,,
85,Inderhaug,Elin,NO,,oslo,,
86,Athanasiu,Lavinia,NO,,oslo,,
87,Agartz,Ingrid,NO,,oslo,,
88,Melle,Ingrid,NO,,oslo,,
89,Hughes,Timothy,NO,,oslo,,
90,Andreassen,Ole Andreas,NO,,oslo,,
91,Djurovic,Srdjan,NO,,oslo,,
92,Johansen,Øyvind,NO,,n- trondheim,,
93,Linder,Jacob,NO,,n- trondheim,,
94,Fredheim,Olav Magnus S,NO,olav.m.fredheim@ntnu.no,norges teknisk-naturvitenskapelige universitet,,
95,Rudi,K,NO,knut.rudi@hihm.no,hamar,,
96,Storli,Kristian,NO,,bergen,,
97,Andersen,B M,NO,,oslo,,
98,Meland,Eivind,NO,eivind.meland@isf.uib.no,universitetet i bergen,,
99,Ribu,Kirsten,NO,,oslo and akershus university college of applied sciences,,
100,Patel,Tulpesh,NO,,oslo and akershus university college of applied sciences,,
101,Kringlen,E,NO,einar.kringlen@psykiatri.uio.no,oslo,,
102,Gill,Elise H,NO,elise.gill@sshf.no.,kristiansand,,
103,Thorød,Anne Brita,NO,,kristiansand,,
104,Vik,Kari,NO,,kristiansand,,
105,Katsoyiannis,Athanasios,NO,,tromsø,,
106,Chudasama,Kishan K,NO,,university of bergen bergen,,
107,Molnes,Janne,NO,,university of bergen bergen,,
108,Hoang,Tuyen,NO,,haukeland university hospital bergen,,
109,Johansson,Stefan,NO,,haukeland university hospital bergen,,
110,Gamelon,Marlène,NO,,trondheim,,
111,Oyen,N,NO,,bergen,,
112,Gustafsson,Miriam K,NO,,trondheim,,
113,Romundstad,Pål R,NO,,trondheim,,
114,Stafne,Signe Nilssen,NO,,trondheim,,
115,Helvik,Anne-Sofie,NO,,trondheim,,
116,Stunes,Astrid Kamilla,NO,,trondheim,,
117,Mørkved,Siv,NO,,trondheim,,
118,Salvesen,Kjell Åsmund,NO,,trondheim,,
119,Thorsby,Per Medbøe,NO,,oslo,,
120,Syversen,Unni,NO,,trondheim,,
121,Farsjø,Caroline,NO,,oslo,,
122,Kluge,Anders,NO,,oslo,,
123,Moen,Anne,NO,,oslo,,
124,Ørn,Stein,NO,,stavanger,,
125,Woie,Leik,NO,,stavanger,,
126,Eftestøl,Trygve,NO,,stavanger,,
127,Heier,Ingvild,NO,,oslo,,
128,Chandyo,Ram Krishna,NO,,university of bergen,,
129,Farstad,W,NO,wenche.farstad@nvh.no,oslo,,
130,Sakariassen,K S,NO,kjell.sakariassen@eu.pnu.com,oslo,,
131,Abuelmagd,W,NO,,oslo,,
132,Håkonsen,H,NO,,oslo,,
133,Toverud,E,NO,,oslo,,
134,Saugstad,L F,NO,,oslo,,
135,Berger,Christian,NO,,0424 oslo,,
136,Lie,Elisabeth,NO,,oslo,,
137,Reime,Leif Jostein,NO,l.j.reime@medisin.uio.no,university of oslo,,
138,Hollender,A,NO,ase.hollender@klinmed.uio.no,oslo,,
139,Beiske,Klaus,NO,,oslo,,
140,Flobak,Åsmund,NO,,n- trondheim,,
141,Vazquez,Miguel,NO,,n- trondheim,,
142,Lægreid,Astrid,NO,,n- trondheim,,
143,Krane-Gartiser,Karoline,NO,,trondheim,,
144,Henriksen,Tone Elise Gjotterud,NO,,bergen,,
145,Morken,Gunnar,NO,,trondheim,,
146,Vaaler,Arne,NO,,trondheim,,
147,Fasmer,Ole Bernt,NO,,bergen,,
148,Evans,Alina L,NO,alinaevans@gmail.com,n- tromsø,,
149,Kirkebøen,K A,NO,,ullevål hospital,,
150,Henriksen,Eva,NO,eva.henriksen@telemed.no,tromsø,,
151,Thimm,Jens C,NO,,norway ; helgeland hospital trust mo i rana,,
152,Norum,J,NO,jnnor@online.no,university hospital of tromsø,,
153,Augedal,Aslak Wøien,NO,,bergen,,
154,Dyregrov,Kari,NO,kari@krisepsyk.no,bergen,,
155,Larsen,Asmund,NO,as.larsen@c2i.net,n-0315 oslo,,
156,Bramness,Jørgen G,NO,jorgen.bramness@labmed.uio.no,oslo,,
157,Sveaass,N,NO,norasv@ulrik.uio.no,n-0317 oslo,,
158,Dahl,Eilif,NO,eilifdahl@hotmail.com,university of bergen,,
159,Hasvold,Per E,NO,per.hasvold@telemed.no,9038 tromsø,,
160,Dullo,Firehun Tsige,NO,firehun.tsige.dullo@norut.no.,tromsø,,
161,Helleberg,Bernt Harald,NO,,trondheim,,
162,de Wit,Heleen A,NO,,no-,,
163,Smedsrød,B,NO,,university of tromsø,,
164,de Souza,Gustavo A,NO,gustavo.souza@gades.uib.no,bergen,,
165,Møller,P,NO,,university of bergen,,
166,Kvaal,Sigrid I,NO,,oslo,,
167,Warloe,Trond,NO,,oslo,,
168,Segtnan,Vegard H,NO,,n-1430 ås,,
169,Chen,W,NO,wenc@simula.no,oslo,,
170,Omvik,P,NO,,bergen,,
171,Aasen,Ansgar O,NO,,university of oslo,,
172,Sallmén,Markku,NO,markku.sallmen@ttl.fi,oslo,,
173,Jenkins,A,NO,,skien,,
174,Nygren,Marit Kveine,NO,marit.kveine.nygren@rr-research.no,oslo,,
175,Gutleb,Arno C,NO,gutleb@lippmann.lu,oslo,,
176,Svaland,M G,NO,,oslo,,
177,Sortland,O,NO,,oslo,,
178,Morth,J Preben,NO,,oslo,,
179,Dahlgren,S,NO,stinasofia.dahlgren@nmbu.no.,oslo,,
180,Ziener,M Lund,NO,,oslo,,
181,Lingaas,F,NO,,oslo,,
182,Kumar,Gopalakrishnan,NO,,4036 stavanger,,
183,Willumsen,Tiril,NO,tiril@odont.uio.no,oslo,,
184,Smistad,Gro,NO,gro.smistad@farmasi.uio.no,oslo,,
185,Bratlie,Marit S,NO,,n- trondheim,,
186,Hauge,Sigrun J,NO,sigrun.hauge@animalia.no,oslo,,
187,Egorina,Elena M,NO,elena.egorina@uit.no,university of tromsø,,
188,Ljosaa,T M,NO,tone.marte.ljosaa@hibu.no,drammen,,
189,Knudsen,Knud,NO,knud.knudsen@uis.no,stavanger n,,
190,Stenmark,H,NO,,oslo,,
191,Mair,I W,NO,,oslo,,
192,Utne,Inger,NO,,oslo,,
193,Løyland,Borghild,NO,,oslo,,
194,Grov,Ellen Karine,NO,,oslo,,
195,Rasmussen,Hege Lund,NO,,oslo,,
196,Torstveit,Ann Helen,NO,,oslo,,
197,Lindberg,Nina,NO,,oslo,,
198,Semmingsen,Ann-Margritt,NO,,oslo,,
199,Jacobsen,Gry,NO,,bergen,,
200,Semb,Gunvor,NO,,oslo,,
201,Boman,I A,NO,,n-0201 oslo,,
202,Stordahl,Per Bjørn,NO,per.bjorn.stordahl@siv.no,tønsberg,,
203,Røsjø,Egil,NO,egil.rorvik.rosjo@ahus.no.,lørenskog,,
204,Steffensen,Linn H,NO,,tromsø,,
205,Jørgensen,Lone,NO,,tromsø,,
206,Lindstrøm,Jonas C,NO,,lørenskog,,
207,Šaltytė Benth,Jūratė,NO,,oslo,,
208,Michelsen,Annika E,NO,,oslo,,
209,Aukrust,Pål,NO,,oslo,,
210,Ueland,Thor,NO,,oslo,,
211,Kampman,Margitta T,NO,,tromsø,,
212,Torkildsen,Øivind,NO,,bergen,,
213,Holmøy,Trygve,NO,,lørenskog,,
214,Halvorsen,Silje,NO,silje.halvorsen@medisin.uio.no,0806 oslo,,
215,Ekseth,Ole Kristian,NO,,trondheim,,
216,Suominen-Taipale,Anna Liisa,NO,liisa.suominen-taipale@ktl.fi,trondheim,,
217,Lømo,Bente,NO,,oslo,,
218,Haavind,Hanne,NO,,oslo,,
219,Tjersland,Odd Arne,NO,,oslo,,
220,Skaare,A B,NO,,university of oslo,,
221,Dalen,Terje,NO,,levanger,,
222,Lorås,Håvard,NO,,trondheim,,
223,Hjelde,Geir Håvard,NO,,trondheim,,
224,Kjøsnes,Terje Naess,NO,,trondheim,,
225,Wisløff,Ulrik,NO,,trondheim,,
226,Erga,K S,NO,,bergen,,
227,Krogstad,Unni,NO,unni.krogstad@nock.no,oslo,,
228,Raadal,M,NO,,university of bergen,,
229,Valan,Christine D,NO,christine.valan@icloud.com.,trondheim,,
230,Slagsvold,Jens E,NO,,trondheim,,
231,Halvorsen,Tarje Onsøien,NO,,trondheim,,
232,Herje,Martin,NO,,trondheim,,
233,Bremnes,Roy M,NO,,tromsø,,
234,Brunsvig,Paal F,NO,,oslo,,
235,Brustugun,Odd T,NO,,drammen,,
236,Fløtten,Øystein,NO,,tromsø,,
237,Levin,Nina,NO,,trondheim,,
238,Sundstrøm,Stein H,NO,,trondheim,,
239,Grønberg,Bjørn H,NO,,trondheim,,
240,Hansen,J,NO,,lillehammer,,
241,Slettaløkken Falch,G,NO,,lillehammer,,
242,Hammarström,D,NO,,lillehammer,,
243,Whist,J E,NO,,lillehammer,,
244,Rønnestad,B R,NO,,lillehammer,,
245,Robertson,Lucy,NO,,oslo,,
246,Moens,Ugo,NO,ugo.moens@uit.no,n- tromsø,,
247,Ringdal,Regine,NO,,norwegian university of science and technology,,
248,Bradley Eilertsen,Mary-Elizabeth,NO,,norwegian university of science and technology,,
249,Bjørnsen,Hanne Nissen,NO,,norwegian university of science and technology,,
250,Espnes,Geir Arild,NO,,norwegian university of science and technology,,
251,Moksnes,Unni Karin,NO,,norwegian university of science and technology,,
252,Booij,Birgitte Boonstra,NO,anders.lonneborg@diagenic.com,oslo,,
253,Krosshaug,Tron,NO,,oslo,,
254,Bahr,Roald,NO,,oslo,,
255,Sioud,Mouldy,NO,mosioud@ulrik.uio.no,n- oslo,,
256,Khuu,Cuong,NO,,oslo,,
257,Utheim,Tor Paaske,NO,,3614 kongsberg,,
258,Sehic,Amer,NO,,oslo,,
259,Bounaïm,A,NO,aichab@simula.no,lysaker,,
260,Hagen,Snorre B,NO,snorre.hagen@bioforsk.no.,svanvik,,
261,Kopatz,Alexander,NO,,svanvik,,
262,Eiken,Hans Geir,NO,,svanvik,,
263,Jorde,Rolf,NO,rolf.jorde@unn.no.,tromsø,,
264,Grimnes,Guri,NO,guri.grimnes@unn.no.,tromsø,,
265,Diseth,Trond H,NO,trond.diseth@rikshospitalet.no,oslo,,
266,Ellingsen,D G,NO,,porsgrunn,,
267,Nyberg-Hansen,R,NO,,university of oslo,,
268,Bretteville-Jensen,A L,NO,,oslo,,
269,Pedersen,Elena Didenko,NO,,loerenskog,,
270,Meland,N,NO,,oslo,,
271,Magnussen,G,NO,,oslo,,
272,Fitzgerald,Katherine A,NO,,7489 trondheim,,
273,Eikemo,Terje A,NO,,trondheim,,
274,Toch-Marquardt,Marlen,NO,,trondheim,,
275,Keppert,M,NO,,no- trondheim,,
276,Nilsen,Erlend B,NO,erlend.nilsen@sue.hihm.no,0316 oslo,,
277,Olsvik,Pål A,NO,pal.olsvik@nifes.no,n- bergen,,
278,Kvinnsland,I,NO,,university of bergen,,
279,Overgaard,Hans J,NO,,ås,,
280,Grundt,Kirsten,NO,,oslo,,
281,Falkenberg,Liv E,NO,liv.falkenberg@psybp.uib.no,bergen,,
282,Haugen,Ida K,NO,,oslo,,
283,Garborg,Kjetil,NO,,kristiansand,,
284,Lindenburger,Wolfgang,NO,,arendal,,
285,Wiig,Håvard,NO,,kristiansand,,
286,Hasund,Audun,NO,,kristiansand,,
287,Bie,Rolf Bruun,NO,,kristiansand,,
288,Kleist,Britta,NO,,kristiansand,,
289,Løvdal,Leif,NO,,kristiansand,,
290,Holme,Øyvind,NO,,kristiansand,,
291,Kalager,Mette,NO,,oslo,,
292,Hoff,Geir,NO,,oslo,,
293,Bretthauer,Michael,NO,,oslo,,
294,Hoff,Geir,NO,hofg@online.no,no- skien,,
295,Chylenski,Piotr,NO,,ås,,
296,Forsberg,Zarah,NO,,ås,,
297,Várnai,Anikó,NO,,ås,,
298,Lersch,Martin,NO,,sarpsborg,,
299,Bengtsson,Oskar,NO,,sarpsborg,,
300,Sæbø,Solve,NO,,ås,,
301,Horn,Svein Jarle,NO,,ås,,
302,Skarning,Cecilie Resen-Fellie,NO,,blindern,,
303,Refsum,Thorbjørn,NO,thorbjorn.refsum@vetinst.no,n- oslo,,
304,Rue,Håvard,NO,,trondheim,,
305,Braathen,G J,NO,g.j.braathen@medisin.uio.no,lørenskog,,
306,Skaane,P,NO,per.skaane@ulleval.no,oslo,,
307,Tollersrud,T,NO,tore.tollersrud@vetinst.no,oslo,,
308,Lyngstadaas,A,NO,anita.lyngstadaas@unimed.sintef.no,oslo,,
309,Alidoust,Mohammad,NO,phymalidoust@gmail.com,n- trondheim,,
310,Lepland,A,NO,,trondheim,,
311,Kvalem,Ingela Lundin,NO,,n-0317 oslo,,
312,Bergh,Irmelin,NO,,n-0317 oslo,,
313,von Soest,Tilmann,NO,,n-0317 oslo,,
314,Rosenvinge,Jan H,NO,,tromsø,,
315,Johnsen,Tina Avantis,NO,,0424 oslo,,
316,Martinsen,Egil W,NO,,oslo,,
317,Mala,Tom,NO,,0424 oslo,,
318,Kristinsson,Jon A,NO,,0424 oslo,,
319,Kvadsheim,P H,NO,,norwegian defence research establishment (ffi) horten,,
320,Koehler,Christian J,NO,,oslo,,
321,Gagnum,Vibeke,NO,vibeke.gagnum@ous-hf.no.,oslo,,
322,Stene,Lars C,NO,,oslo,,
323,Leivestad,Torbjørn,NO,,oslo,,
324,Joner,Geir,NO,,oslo,,
325,Skrivarhaug,Torild,NO,,oslo,,
326,Smith,I,NO,,university of bergen,,
327,Vistad,Ingvild,NO,ingvild.vistad@sshf.no,kristiansand,,
328,Halse,A,NO,agnar.halse@odont.uib.no,bergen,,
329,Ohrn,A,NO,aleks@idi.ntnu.no,trondheim,,
330,Moe,Vibeke,NO,vibeke.moe@psykologi.uio.no,oslo,,
331,Berggreen,Ellen,NO,ellen.berggreen@biomed.uib.no,bergen,,
332,Johnsen,O,NO,,blindern n-0316 oslo,,
333,Dahl,Berit Misund,NO,,bergen,,
334,Clancy,Anne,NO,,harstad,,
335,Ellefsen,Bodil,NO,bodil.ellefsen@sykepleievit.uio.no,blindern,,
336,Harris,Jennifer R,NO,jennifer.harris@fhi.no,n- oslo,,
337,Haldorsen,Hilde,NO,,1nordlandssykehuset lofoten,,
338,Robberstad,Bjarne,NO,bjarne.robberstad@cih.uib.no,n- bergen,,
339,Sager,Georg,NO,,tromsø,,
340,Eike,M C,NO,m.c.eike@medisin.uio.no,oslo,,
341,Stenseth,N C,NO,,n-0316 oslo,,
342,Døskeland,A P,NO,,bergen,,
343,Bergland,Astrid,NO,astrid.bergland@hf.hio.no,oslo,,
344,Flaten,Gøril Eide,NO,,tromsø,,
345,Gerdts,E,NO,,bergen,,
346,Kaljusto,Mari-Liis,NO,m.l.kaljusto@gmail.com.,oslo,,
347,Skaga,Nils Oddvar,NO,noskaga@online.no.,oslo,,
348,Pillgram-Larsen,Johan,NO,pillgram@hotmail.com.,oslo,,
349,Tønnessen,Theis,NO,theis.tonnessen@medisin.uio.no.,oslo,,
350,Storm,Marianne,NO,marianne.storm@uis.no,stavanger,,
351,Müller,Hanne,NO,hanne.muller@umb.no,n-1432 as,,
352,Pettersen,Veronika Kuchařová,NO,,bergen,,
353,Steinsland,Hans,NO,,bergen,,
354,Wiker,Harald G,NO,,bergen,,
355,Vågnes  B,Øyvind B,NO,oyvind.vagnes@mbi.uib.no,bergen,,
356,Tjelle,T E,NO,,oslo,,
357,Mathiesen,Geir,NO,,aas,,
358,Utheim,Tor Paaske,NO,,oslo university hospital,,
359,Aass Utheim,Øygunn,NO,,oslo university hospital,,
360,Salvanos,Panagiotis,NO,,vestre viken hospital trust,,
361,Jackson,Catherine J,NO,,oslo university hospital,,
362,Sehic,Amer,NO,,university of oslo,,
363,Skrøvseth,Stein Olav,NO,stein.olav.skrovseth@telemed.no,tromsø,,
364,Buanes,T,NO,,bergen,,
365,Bugge,M K,NO,,oslo,,
366,Cameron,D,NO,,oslo,,
367,Catmore,J R,NO,,oslo,,
368,Dale,O,NO,,bergen,,
369,Eigen,G,NO,,bergen,,
370,Feigl,S,NO,,oslo,,
371,Franconi,L,NO,,oslo,,
372,Garonne,V,NO,,oslo,,
373,Gjelsten,B K,NO,,oslo,,
374,Gramstad,E,NO,,oslo,,
375,Liebig,W,NO,,bergen,,
376,Lipniacka,A,NO,,bergen,,
377,Maeland,S,NO,,bergen,,
378,Martin Dit Latour,B,NO,,bergen,,
379,Morisbak,V,NO,,oslo,,
380,Nilsen,J K,NO,,oslo,,
381,Ould-Saada,F,NO,,oslo,,
382,Pajchel,K,NO,,oslo,,
383,Pedersen,M,NO,,oslo,,
384,Raddum,S,NO,,oslo,,
385,Read,A L,NO,,oslo,,
386,Røhne,O,NO,,oslo,,
387,Sandaker,H,NO,,oslo,,
388,Serfon,C,NO,,oslo,,
389,Smestad,L,NO,,bergen,,
390,Stapnes,S,NO,,oslo,,
391,Strandlie,A,NO,,oslo,,
392,Stugu,B,NO,,bergen,,
393,Yang,Z,NO,,bergen,,
394,Zalieckas,J,NO,,bergen,,
395,Ruus,Anders,NO,anders.ruus@niva.no,n-0316 oslo,,
396,Hellevang,Helge,NO,helghe@geo.uio.no,oslo,,
397,Christensen,T,NO,terje.christensen@nrpa.no,no- østerås,,
398,Norberg,E,NO,,ås,,
399,Talseth,T,NO,,oslo,,
400,Bjørge,Tone,NO,,oslo,,
401,Engeland,Anders,NO,,oslo,,
402,Selmer,Randi,NO,,oslo,,
403,Tretli,Steinar,NO,,oslo,,
404,Bødtker,Gunhild,NO,gunhild.bodtker@bio.uib.no,bergen,,
405,Samdal,I A,NO,,oslo,,
406,Nordhaug,Dag,NO,dagn@fagmed.uit.no,tromsø,,
407,Vaerøy,H,NO,,oslo sanitetsforenings rheumatism hospital,,
408,Ostrem,A,NO,,oslo,,
409,Tandberg,A,NO,anne.tandberg@isf.uib.no,bergen,,
410,Panasevich,Sviatlana,NO,,oslo,,
411,Håberg,Siri Eldevik,NO,,oslo,,
412,Aamodt,Geir,NO,,ås,,
413,Stigum,Hein,NO,,oslo,,
414,Nystad,Wenche,NO,,oslo,,
415,Nafstad,Per,NO,,oslo,,
416,Konstantinova,Svetlana V,NO,svetlana.konstantinova@fhi.no,0403 oslo,,
417,Pedersen,J I,NO,j.i.pedersen@basalmed.uio.no,n-0316 oslo,,
418,Rukke,Bjørn Arne,NO,,oslo,,
419,Sivasubramaniam,Ranjeni,NO,,ås,,
420,Birkemoe,Tone,NO,,ås,,
421,Aak,Anders,NO,,oslo,,
422,Steingrímsdóttir,Ólöf Anna,NO,,oslo,,
423,Pedersen,J I,NO,,university of oslo,,
424,Eriksen,M,NO,,university of oslo,,
425,Raastad,Truls,NO,,oslo,,
426,Hanssen-Bauer,Ketil,NO,ketil.hanssen-bauer@r-bup.no.,no-0405 oslo,,
427,Kulseth,Mari Ann,NO,,oslo,,
428,Tuveng,Tina R,NO,,no-1432 ås,,
429,Pope,Phillip B,NO,,no-1432 ås,,
430,Eijsink,Vincent G H,NO,,no-1432 ås,,
431,Gilja,Odd Helge,NO,odd.gilja@uib.no,bergen n-,,
432,Lindahl,A K,NO,,university of oslo,,
433,Johannsson,Erlingur,NO,,bergen,,
434,Ivanova,Lada,NO,,n- oslo,,
435,Svare,Anders,NO,anders.svare@hnt.no,trondheim,,
436,Engstad,C S,NO,cengstad@fagmed.uit.no,university of tromsø,,
437,Hegstad,Kristin,NO,kristin.hegstad@uit.no,tromsø,,
438,Haaland,V Ø,NO,vegard.oksendal.haaland@sshf.no,kristiansand,,
439,Schumacher,E M,NO,,oslo,,
440,Verburg,E,NO,,oslo,,
441,Leirvik,Atle,NO,,oslo,,
442,Bøyesen,Pernille,NO,pernilleboyesen@gmail.com.,oslo,,
443,Vatten,Lars J,NO,,trondheim,,
444,Hegland,O,NO,,stavanger,,
445,Song,Xiaobo,NO,,tromsø,,
446,Søvig,Karl Harald,NO,karl.sovig@jur.uib.no,n-5020 bergen,,
447,Sundfør,Hanne Beate,NO,hbs@toi.no.,oslo,,
448,Fyhri,Aslak,NO,,oslo,,
449,Bernhoft,A,NO,,oslo,,
450,Capelli,Carlo,NO,,oslo,,
451,Gaullier,J M,NO,,oslo,,
452,Tretli,Steinar,NO,,oslo,,
453,Aaraas,I J,NO,,university of tromsø,,
454,Amilien,Virginie,NO,,0405 oslo,,
455,Omland,Petter M,NO,petterom@stud.ntnu.no,trondheim n-,,
456,Juul-Hansen,Paul,NO,paul.juul-hansen@broadpark.no,lørenskog,,
457,Bell,H,NO,,oslo,,
458,Kallonen,Teemu,NO,,oslo,,
459,Zhen,Y,NO,,oslo,,
460,Johnsen,E,NO,erij@ihelse.net,no- bergen,,
461,Hervig,Tor,NO,,bergen,,
462,Pyrme,I F,NO,,university of bergen,,
463,Alfredsen,Knut,NO,,trondheim,,
464,Chomutare,Taridzo,NO,,tromsø,,
465,Johansen,Svein-Gunnar,NO,,tromsø,,
466,Hartvigsen,Gunnar,NO,,tromsø,,
467,Årsand,Eirik,NO,,tromsø,,
468,Valen,Ragnhild,NO,,n-  bergen,,
469,Drivenes,Øyvind,NO,,n-  bergen,,
470,Ebbesson,Lars O E,NO,,n-5008 bergen,,
471,Helvik,Jon Vidar,NO,,n-  bergen,,
472,Fangberget,A,NO,anne.fangberget@radiumhospitalet.no,oslo,,
473,Kloster,Maren O,NO,,university of oslo,,
474,Hagve,T A,NO,,rikshospitalet,,
475,Fjeldbo,Christina Saeten,NO,christina.saten@ntnu.no,trondheim,,
476,Uhlig,Till,NO,,oslo,,
477,Kinn,Liv Grethe,NO,liv.kinn@hib.no,bergen university college,,
478,Bjørneklett,Rune,NO,,bergen,,
479,Aasarød,Knut,NO,,trondheim,,
480,Dorph,E,NO,elizabeth@nakos.org,n- drøbak,,
481,Holmen,Jostein,NO,jostein.holmen@ntnu.no.,levanger,,
482,Holmen,Turid Lingaas,NO,,levanger,,
483,Tverdal,Aage,NO,,oslo,,
484,Holmen,Oddgeir Lingaas,NO,,levanger,,
485,Sund,Erik R,NO,,levanger,,
486,Midthjell,Kristian,NO,,levanger,,
487,Granslo,Jens-Tore,NO,jens-tore.granslo@helse-bergen.no,bergen,,
488,Nilsen,I W,NO,inge-w.nilsen@fiskeriforskning.no,tromsø,,
489,Handeland,K,NO,,oslo,,
490,Kvig,Erling Inge,NO,,bodø,,
491,Moe,Cathrine,NO,,bodø,,
492,Brinchmann,Beate,NO,,bodø,,
493,Larsen,Tor Ketil,NO,,stavanger,,
494,Sørgaard,Knut,NO,,bodø,,
495,Larsen,Alf Inge,NO,alfil@broadpark.no,n- stavanger,,
496,Tinguely,J-C,NO,,troms,,
497,Methlie,Paal,NO,,bergen,,
498,Munkvold,Linda H,NO,,bergen,,
499,Faugli,Anne,NO,anne.faugli@medisin.uio.no,university of oslo,,
500,Borge,A I,NO,,oslo,,
501,Schreiner,Berit,NO,,oslo 3,,
502,Ersdal,Hege Langli,NO,,stavanger,,
503,Jensen,Kristin,NO,kristin.jensen@medisin.uio.no,oslo,,
504,Nordstrand,Njord,NO,njord.nordstrand@siv.no,tønsberg,,
505,Thorsen,A,NO,,bergen,,
506,Reseland,Janne E,NO,jreselan@odont.uio.no,oslo,,
507,Strand,Mari,NO,mari.strand@psybp.uib.no,bergen,,
508,Ghiasvand,R,NO,,oslo,,
509,Monclair,Tom,NO,tom.monclair@rikshospitalet.no,oslo,,
510,Barrett,R T,NO,,n- tromsø,,
511,Ostensvik,Tove,NO,tove.ostensvik@skogoglandskap.no,as,,
512,Wiig,H,NO,helge.wiig@fys.uib.no,bergen n-,,
513,Torp,R,NO,,university of oslo,,
514,Espeland,A,NO,,university of bergen,,
515,Myhrvold,Trine,NO,trine.myhrvold@hioa.no.,oslo and akershus university college of applied sciences,,
516,Hartveit,F.,NO,,the university of bergen,,
517,Sørensen,E,NO,eli.soerensen@fys.uib.no,bergen,,
518,Vika,Margrethe,NO,margrethe.vika@psykp.uib.no,bergen,,
519,Njølstad,Pål Rasmus,NO,,bergen,,
520,Hoffart,A,NO,,vikersund,,
521,Espeland,Ansgar,NO,ansgar.espeland@helse-bergen.no,bergen,,
522,Berntsen,R F,NO,,university hospital of tromsø,,
523,Mandal,Siddhartha,NO,,oslo,,
524,White,Richard A,NO,,oslo,,
525,Eggesbø,Merete,NO,,oslo,,
526,Laugsand,Eivor A,NO,eivor.a.laugsand@ntnu.no,n- trondheim,,
527,Helgadottir,Linda Björk,NO,linda_bjork_helgadottir@hotmail.com,oslo,,
528,Dorlöchter,Ludger,NO,ludger.dorloechter@haukeland.no,bergen,,
529,Gjuvsland,Arne B,NO,,norwegian university of life sciences ås,,
530,Dahle,Salve,NO,salve.dahle@akvaplan.niva.no,tromsø,,
531,Bull,Torill,NO,torill.bull@iuh.uib.no,university of bergen,,
532,Løtveit,T,NO,,oslo,,
533,Kvien,Tore K,NO,,oslo,,
534,Bang,B E,NO,,university of tromsø,,
535,Söderhamn,Ulrika,NO,ulrika.soderhamn@uia.no,arendal,,
536,Gjønnaess,H,NO,,oslo university,,
537,Fossum,E,NO,,university of oslo,,
538,Cortese,Marianna,NO,marianna.cortese@uib.no.,bergen,,
539,Riise,Trond,NO,,bergen,,
540,Bjørnevik,Kjetil,NO,,bergen,,
541,Bhan,Alok,NO,,stavanger,,
542,Farbu,Elisabeth,NO,,stavanger,,
543,Grytten,Nina,NO,,bergen,,
544,Hogenesch,Ineke,NO,,haugesund,,
545,Midgard,Rune,NO,,molde,,
546,Smith Simonsen,Cecilia,NO,,drammen,,
547,Telstad,Wenche,NO,,førde,,
548,Myhr,Kjell-Morten,NO,,bergen,,
549,Silness,J,NO,,university of bergen,,
550,Welschof,Mona,NO,,oslo,,
551,Høgset,Anders,NO,,oslo,,
552,Nikolaisen,Julie,NO,,bergen,,
553,Nilsson,Linn I H,NO,,bergen,,
554,Pettersen,Ina K N,NO,,bergen,,
555,Lorens,James B,NO,,bergen,,
556,Tronstad,Karl J,NO,,bergen,,
557,Pfuhl,Gerit,NO,gerit.pfuhl@gmail.com,trondheim,,
558,Smebye,Marianne Lislerud,NO,,oslo,,
559,Agostini,Antonio,NO,,oslo,,
560,Johannessen,Bjarne,NO,,oslo,,
561,Thorsen,Jim,NO,,oslo,,
562,Davidson,Ben,NO,,oslo,,
563,Tropé,Claes Göran,NO,,oslo,,
564,Heim,Sverre,NO,,oslo,,
565,Skotheim,Rolf Inge,NO,,oslo,,
566,Micci,Francesca,NO,francesca.micci@medisin.uio.no.,oslo,,
567,Halding,Anne-Grethe,NO,anne.halding@hisf.no,førde,,
568,Dahl,Christen P,NO,,oslo,,
569,Risnes,Ivar,NO,,oslo,,
570,Bohov,Pavol,NO,,bergen,,
571,Berge,Rolf K,NO,,bergen,,
572,Nymo,Ståle,NO,,oslo,,
573,Geiran,Odd,NO,,oslo,,
574,Yndestad,Arne,NO,,oslo,,
575,Gullestad,Lars,NO,,oslo,,
576,Aukrust,Pål,NO,,oslo,,
577,Vinge,Leif E,NO,,oslo,,
578,Øie,Erik,NO,,oslo,,
579,Abadpour,Shadab,NO,shadab.abadpour@rr-research.no.,oslo,,
580,Halvorsen,Bente,NO,,oslo,,
581,Sahraoui,Afaf,NO,,oslo,,
582,Aukrust,Pål,NO,,oslo,,
583,Scholz,Hanne,NO,,oslo,,
584,Moatshe,Gilbert,NO,,oslo,,
585,Ehrt,Uwe,NO,uehr@sir.no,stavanger university hospital,,
586,Askevold,Erik Tandberg,NO,,oslo,,
587,Jácome,Cristina,NO,cristina.i.jacome@uit.no.,tromsø,,
588,Aviles-Solis,Juan Carlos,NO,,tromsø,,
589,Uhre,Åshild Myrnes,NO,,tromsø,,
590,Melbye,Hasse,NO,,tromsø,,
591,Nissen-Meyer,Jon,NO,,0316 oslo,,
592,Hofsli,E,NO,eva.hofsli@stolav.no,trondheim,,
593,Grøholt,B,NO,,university of oslo,,
594,Brorson,S H,NO,,oslo,,
595,Halgunset,J,NO,,university of trondheim,,
596,Skeie,Guri,NO,,tromsø,,
597,Weiderpass,Elisabete,NO,,tromsø,,
598,Gilhus,N E,NO,,bergen,,
599,Holen,Øyunn,NO,oeyhole@online.no,ullevål,,
600,Laine,Katariina,NO,,oslo,,
601,Rolseth,Veslemøy,NO,,oslo,,
602,Konopski,Z,NO,,university of tromsø,,
603,Shegarfi,H,NO,,oslo,,
604,Ringvold,A,NO,,university of trondheim,,
605,Bach,Wolfgang,NO,,bergen,,
606,Målen,Hiwa,NO,,bergen,,
607,Lieng,Marit,NO,m.lieng@online.no,oslo,,
608,Egeland,Grace M,NO,,bergen,,
609,Güzey,Cüneyt,NO,,trondheim,,
610,Rossow,Ingeborg,NO,ingeborg.rossow@fhi.no.,oslo,,
611,Sandli,Nina,NO,,n- tromsø,,
612,Svenning,Mette M,NO,,n- tromsø,,
613,Røsnes,Kirsti,NO,,n- tromsø,,
614,Junttila,Olavi,NO,,n- tromsø,,
615,Sandvig,Ioanna,NO,,norwegian university of science and technology (ntnu) trondheim,,
616,Sandvig,Axel,NO,,norwegian university of science and technology (ntnu) trondheim,,
617,Yndestad,Arne,NO,,n- oslo,,
618,Hamre,Kristin,NO,,bergen,,
619,Hamre,K,NO,,no- bergen,,
620,Ellingsen,S,NO,,no- bergen,,
621,Sorteberg,A,NO,,university of oslo,,
622,Lin,Chen-Chen,NO,,no-5020 bergen,,
623,Wasta,Ziar,NO,,no-5020 bergen,,
624,Djuv,Ane,NO,djuv@stud.ntnu.no,trondheim,,
625,Uchal,Miroslav,NO,,forde,,
626,Duff,S C,NO,simon.duff@psych.uib.no,university of bergen,,
627,Hess-Erga,Jeanette,NO,jeanette.hess-erga@helse-bergen.no,bergen,,
628,Nalwoga,Hawa,NO,,bergen,,
629,Wyller,Vegard Bruun,NO,brwylle@online.no,oslo,,
630,Haugvik,Sven-Petter,NO,,oslo,,
631,Moya-Falcón,Corina,NO,corina.moya-falcon@akvaforsk.nlh.no,no-1432 as,,
632,Brandal,Petter,NO,,oslo,,
633,Krohn,C D,NO,,oslo,,
634,Lundgren,S,NO,,regional and university hospital of trondheim,,
635,Kleiven,Merethe,NO,,ås,,
636,Rosseland,Bjørn Olav,NO,,ås,,
637,Teien,Hans-Christian,NO,,ås,,
638,Joner,Erik J,NO,,ås,,
639,Helen Oughton,Deborah,NO,,ås,,
640,Oughton,Deborah,NO,deborah.oughton@ipm.nlh.no,aas,,
641,Mygland,A,NO,aase.mygland@c2i.net,university of bergen,,
642,Eri,L M,NO,,oslo,,
643,Stake,G,NO,,oslo,,
644,Degerud,Eirik,NO,eirik.degerud@k1.uib.no.,university of bergen,,
645,Løland,Kjetil H,NO,,university of bergen,,
646,Nygård,Ottar,NO,,haukeland university hospital,,
647,Midttun,Øivind,NO,,bevital as,,
648,Ueland,Per M,NO,,haukeland university hospital,,
649,Seifert,Reinhard,NO,,haukeland university hospital,,
650,Strand,Elin,NO,,university of bergen,,
651,Bleie,Øivind,NO,,haukeland university hospital,,
652,Dierkes,Jutta,NO,,university of bergen,,
653,Teig,Nani,NO,,university of oslo oslo,,
654,Scherer,Ronny,NO,,university of oslo oslo,,
655,Lund,Hege,NO,,oslo,,
656,Kristiansen,Bjørn-Erik,NO,bjorn.erik.kristiansen@unilabs.com,3703 skien,,
657,Collins,Andrew R,NO,a.r.collins@basalmed.uio.no,university of oslo,,
658,Endresen,G K,NO,,oslo sanitetsforening rheumatism hospital,,
659,Gjeilo,K H,NO,,trondheim university hospital,,
660,Stenseth,R,NO,,trondheim,,
661,Wahba,A,NO,,trondheim university hospital,,
662,Lydersen,S,NO,,trondheim,,
663,Klepstad,P,NO,,trondheim,,
664,Svadberg,A,NO,anders.svadberg@uit.no,n- tromsø,,
665,Rudolfsen,G,NO,geir.rudolfsen@ib.uit.no,tromsø,,
666,Blomqvist,Trinelise,NO,,as,,
667,Aksnes,J,NO,,university of oslo,,
668,Aarsland,Dag,NO,daarsland@gmail.com,stavanger,,
669,Ellingsen,Espen,NO,,n- oslo,,
670,Leegaard,Marit,NO,marit.leegaard@su.hio.no,oslo,,
671,Olsvik,B,NO,,university of oslo,,
672,Emblem,Kyrre E,NO,kyrre.eeg.emblem@rikshospitalet.no,oslo,,
673,Aasebø,Elise,NO,,bergen,,
674,Bartaula-Brevik,Sushma,NO,,bergen,,
675,Hernandez-Valladares,Maria,NO,,bergen,,
676,Bruserud,Øystein,NO,,bergen,,
677,Karlsen,Tor Ivar,NO,tor-ivar.karlsen@uia.no,tønsberg,,
678,Jepsen,Randi,NO,randi.jepsen@hisf.no.,n- førde,,
679,Eichner,Christiane,NO,,bergen,,
680,Nilsen,Frank,NO,,bergen,,
681,Kang,Ronghua,NO,,ås 1432,,
682,Mayer,Ian,NO,,oslo,,
683,Kausrud,Kyrre Linné,NO,,0316 oslo,,
684,Aarsaether,N,NO,,university of bergen,,
685,Weiderpass,Elisabete,NO,,tromsø,,
686,Ehret,Inger-Anne,NO,,oslo,,
687,Semb,A G,NO,,university of tromsø,,
688,Wilson,Steven Ray,NO,,no-0315 oslo,,
689,Vehus,Tore,NO,,no-0315 oslo,,
690,Berg,Henriette Sjaanes,NO,,no-0315 oslo,,
691,Lundanes,Elsa,NO,,no-0315 oslo,,
692,Seland,John Georg,NO,,n-,,
693,Andersen,B M,NO,,oslo,,
694,Winje,Brita Askeland,NO,,oslo,,
695,White,Richard,NO,,oslo,,
696,Syre,Heidi,NO,,stavanger,,
697,Skutlaberg,Dag Harald,NO,,bergen,,
698,Oftung,Fredrik,NO,,oslo,,
699,Mengshoel,Anne Torunn,NO,,oslo,,
700,Blix,Hege Salvesen,NO,,oslo,,
701,Brantsæter,Arne Broch,NO,,oslo,,
702,Holter,Ellen Kristine,NO,,oslo,,
703,Handal,Nina,NO,,lørenskog,,
704,Simonsen,Gunnar Skov,NO,,tromsø,,
705,Afset,Jan Egil,NO,,trondheim,,
706,Bakken Kran,Anne Marte,NO,,oslo,,
707,Rø,Karin E Isaksson,NO,karin.roe@modum-bad.no,no- vikersund,,
708,Møllendal,Harald,NO,,no-0315 oslo,,
709,Samdal,Svein,NO,,no-0315 oslo,,
710,Løvaas,Karianne Fjeld,NO,karianne.loevaas@noklus.no.,bergen,,
711,Cooper,John G,NO,john.graham.cooper@sus.no.,bergen,,
712,Sandberg,Sverre,NO,sverre.sandberg@noklus.no.,bergen,,
713,Røraas,Thomas,NO,thomas.roraas@noklus.no.,bergen,,
714,Thue,Geir,NO,geir.thue@uib.no.,bergen,,
715,Bakke,A,NO,,bergen,,
716,Alme,J,NO,,bergen,,
717,Altinpinar,S,NO,,bergen,,
718,Batzing,P C,NO,,oslo,,
719,Djuvsland,Ø,NO,,bergen,,
720,Dordic,O,NO,,oslo,,
721,Erdal,H A,NO,,bergen,,
722,Eyyubova,G,NO,,oslo,,
723,Fehlker,D,NO,,bergen,,
724,Haaland,Ø,NO,,bergen,,
725,Helstrup,H,NO,,bergen,,
726,Hetland,K F,NO,,bergen,,
727,Huang,M,NO,,bergen,,
728,Kileng,B,NO,,bergen,,
729,Langoy,R,NO,,tonsberg,,
730,Lien,J,NO,,bergen,,
731,Lindal,S,NO,,oslo,,
732,Loenne,P I,NO,,bergen,,
733,Løvhøiden,G,NO,,oslo,,
734,Milosevic,J,NO,,oslo,,
735,Nilsson,M S,NO,,oslo,,
736,Nystrand,J,NO,,bergen,,
737,Qvigstad,H,NO,,oslo,,
738,Rehman,A,NO,,bergen,,
739,Richter,M,NO,,oslo,,
740,Røed,K,NO,,oslo,,
741,Röhrich,D,NO,,bergen,,
742,Skaali,T B,NO,,oslo,,
743,Skjerdal,K,NO,,bergen,,
744,Tveter,T S,NO,,oslo,,
745,Ullaland,K,NO,,bergen,,
746,Wagner,B,NO,,bergen,,
747,Wikne,J,NO,,oslo,,
748,Yang,S,NO,,bergen,,
749,Dewing,Jan,NO,,haugesund,,
750,Vatten,L J,NO,,trondheim,,
751,Ovrebø,K K,NO,,haukeland hospital,,
752,Dalen,Ingvild,NO,ingvild.dalen@medisin.uio.no,0317 oslo,,
753,Bentsen,Signe Berit,NO,signe.bentsen@hsh.no,haugesund,,
754,Lund,Ingunn O,NO,,oslo,,
755,Brendryen,Håvar,NO,,oslo,,
756,Ravndal,Edle,NO,,oslo,,
757,Gaardbo,Julie C,NO,,bergen,,
758,Jonsson,Gisli,NO,,oslo,,
759,Skovereng,Knut,NO,,trondheim,,
760,Sylta,Øystein,NO,,kristiansand,,
761,Tønnessen,Espen,NO,,oslo,,
762,Hammarström,Daniel,NO,,lillehammer,,
763,Danielsen,Jørgen,NO,,trondheim,,
764,Seiler,Stephen,NO,,kristiansand,,
765,Rønnestad,Bent R,NO,,lillehammer,,
766,Sandbakk,Øyvind,NO,,trondheim,,
767,Nilssen,O,NO,,university of tromsö,,
768,Paulssen,R H,NO,,university of tromsø,,
769,Uleberg,Oddvar,NO,oddvar.uleberg@stolav.no,st. olav’s hospital,,
770,Biørn,Erik,NO,erik.biorn@econ.uio.no,no-0317 oslo,,
771,Ahmed,L A,NO,,tromsø,,
772,Wilsgaard,T,NO,,tromsø,,
773,Smaaland,R,NO,,haukeland hospital,,
774,Overgaard,Hans J,NO,hans.overgaard@nmbu.no.,ås 1432,,
775,Malterud,Karl E,NO,k.e.malterud@farmasi.uio.no.,oslo 0316,,
776,Wangensteen,Helle,NO,helle.wangensteen@farmasi.uio.no.,oslo 0316,,
777,Zou,Yuan-Feng,NO,yuanfengzou860315@163.com.,oslo 0316,,
778,Paulsen,Berit S,NO,b.s.paulsen@farmasi.uio.no.,oslo 0316,,
779,Bøhn,Siv K,NO,s.k.bohn@medisin.uio.no.,university of oslo,,
780,Engebraaten,O,NO,,university of bergen,,
781,Orr,Russell J S,NO,,university of oslo,,
782,Obad,Nina,NO,,bergen,,
783,Espedal,Heidi,NO,,bergen,,
784,Miletic,Hrvoje,NO,,bergen,,
785,Bjerkvig,Rolf,NO,,bergen,,
786,Yimer,Solomon A,NO,yimsolo@yahoo.com,oslo,,
787,Jensen,H,NO,,beitostoelen health sports center,,
788,Belay,Tamrat A,NO,tamrat_ab@yahoo.com.,ås,,
789,Hammer,Hilde Berner,NO,,oslo,,
790,Haugen,Ida Kristin,NO,,oslo,,
791,Holst,Johan,NO,johan.holst@fhi.no,oslo,,
792,Lehtio,Lari,NO,stefan.krauss@rr-research.no.,oslo,,
793,Kordahl,Hilde Lund,NO,,oslo,,
794,Fougner,Marit,NO,,oslo,,
795,Jónasson,G,NO,,oslo,,
796,Skogøy,Bjørg Eva,NO,bjorg.eva.skogoy@nlsh.no.,bodø,,
797,Sørgaard,Knut,NO,,bodø,,
798,Ruud,Torleif,NO,,lørenskog,,
799,Stavnes,Kristin,NO,,bodø,,
800,Kufås,Elin,NO,,drammen,,
801,Peck,Gro Christensen,NO,,stavanger,,
802,Thorsen,Eivind,NO,,kristiansand,,
803,Lindstrøm,Jonas Christoffer,NO,,lørenskog,,
804,Ogden,Terje,NO,,oslo,,
805,Bjørdal,R,NO,,oslo,,
806,Larsen,Terje S,NO,,tromsø,,
807,Tande,Kurt S,NO,,tromsø,,
808,Capa,María,NO,,no- trondheim,,
809,Gude,Tore,NO,tore.gude@medisin.uio.no,universitetet i oslo,,
810,Engebretsen,Ingunn Marie Stadskleiv,NO,ingunn.engebretsen@cih.uib.no,university of bergen,,
811,Flaten,Gøril Eide,NO,,n- tromsø,,
812,Steindal,Simen A,NO,,oslo,,
813,Torheim,Henny,NO,,ålesund,,
814,Oksholm,Trine,NO,,oslo,,
815,Christensen,Vivi L,NO,,oslo,,
816,Lerdal,Anners,NO,,oslo,,
817,Markussen,Heidi Øksnes,NO,,bergen,,
818,Gran,Gerd,NO,,bergen,,
819,Leine,Marit,NO,,oslo,,
820,Borge,Christine Råheim,NO,,oslo,,
821,Jüse,Ulrike,NO,ulrike.juse@medisin.uio.no,oslo,,
822,Bansevicius,D,NO,,arendal,,
823,Tingulstad,Solveig,NO,solveig.tingulstad@medisin.ntnu.no,trondheim,,
824,Løhre,Erik Torbjørn,NO,,trondheim,,
825,Abildgaard,U,NO,,oslo,,
826,Miller,Charlotte S,NO,cmiller@marum.de.,oslo,,
827,Baranyi,Viktória,NO,,oslo,,
828,Kürschner,Wolfram M,NO,,oslo,,
829,Hernandez-Aguilar,R Adriana,NO,,oslo,,
830,Bryhni,Bente,NO,,university of tromsø,,
831,Brandtzaeg,Per,NO,per.brandtzaeg@medisin.uio.no,n- oslo,,
832,Wiesener,Solveig,NO,solveig.wiesener@uit.no,university of tromsø,,
833,Glimsdal,Eirik,NO,eirik.glimsdal@ntnu.no,trondheim,,
834,Abebe,Tatek,NO,tatek.abebe@svt.ntnu.no,trondheim,,
835,Martinsen,Tom C,NO,tom.chr.martinsen@medisin.ntnu.no,norwegian university of science and technology and university hospital of trondheim,,
836,Andreasen,Stine,NO,,tromsø,,
837,Myhrer,T,NO,trond.myhrer@ffi.no,n- kjeller,,
838,Ose,L,NO,,oslo,,
839,Grashei,Kim E,NO,kim.erik.grashei@aquagen.no.,trondheim,,
840,Ødegård,Jørgen,NO,,trondheim,,
841,Meuwissen,Theo H E,NO,,ås,,
842,Sæbø,H V,NO,,oslo 3,,
843,Barstad,Lisa Ha,NO,,tønsberg,,
844,Júlíusson,Pétur B,NO,,tønsberg,,
845,Johnson,Line Kristin,NO,,tønsberg,,
846,Hertel,Jens Kristoffer,NO,,tønsberg,,
847,Lekhal,Samira,NO,,tønsberg,,
848,Hjelmesæth,Jøran,NO,joran.hjelmeseth@siv.no.,tønsberg,,
849,Haugaa,Kristina H,NO,,oslo,,
850,Zivković,T,NO,,university of tromsø,,
851,Charnock,C,NO,colin.charnock@hf.hio.no,oslo,,
852,Jonsson,Roland,NO,,bergen,,
853,Hildahl,Jon,NO,,oslo,,
854,Loe,Leif Egil,NO,,0316 oslo,,
855,Kursula,Petri,NO,,bergen,,
856,Flaten,Gøril Eide,NO,,tromsø,,
857,Viktil,K K,NO,kirsten.viktil@diakonsyk.no,oslo,,
858,Auning,Eirik,NO,,lorenskog,,
859,Ramstad,Ståle,NO,stale.ramstad@phys.ntnu.no,n- trondheim,,
860,Blaas,H-G K,NO,,trondheim,,
861,Brogger,J,NO,jan.brogger@med.uib.no,bergen,,
862,Tufto,,NO,,,,
863,Iversen,Daniel Hoyer,NO,daniel.h.iversen@ntnu.no,trondheim,,
864,Sudmann-Day,Åshild A,NO,,faculty of medicine,,
865,Solberg,Monica F,NO,,bergen,,
866,Dyrhovden,Lise,NO,,bergen,,
867,Matre,Ivar-Helge,NO,,bergen,,
868,Glover,Kevin A,NO,,bergen,,
869,Mansoor,M A,NO,amansoor@online.no,stavanger,,
870,Katle,Elin-Johanne,NO,kaej@sus.no,stavanger,,
871,Rein,Kjell Arne,NO,,oslo,,
872,Clausen,Thomas,NO,thomas.clausen@medisin.uio.no,oslo,,
873,Jin,Yang,NO,,n- trondheim,,
874,Olsen,Rolf E,NO,,n- trondheim,,
875,Gillard,Gareth B,NO,,n- ås,,
876,Østensen,Mari-Ann,NO,,n- trondheim,,
877,Korsvoll,Sven A,NO,,n-7462 trondheim,,
878,Santi,Nina,NO,,n-7462 trondheim,,
879,Vik,Jon O,NO,,n- ås,,
880,Sandve,Simen R,NO,,n- ås,,
881,Olsen,Yngvar,NO,,n- trondheim,,
882,Unsgaard-Tøndel,Monica,NO,monica.unsgaard.tondel@ntnu.no,trondheim,,
883,Standal,Øyvind F,NO,oyvind.standal@nih.no,department of physical education at the norwegian school of sport sciences in oslo,,
884,Wootton,Richard,NO,r_wootton@pobox.com.,tromsø,,
885,Helbostad,Jorunn,NO,,trondheim,,
886,Hjermstad,Marianne J,NO,,oslo,,
887,Kaasa,Stein,NO,,oslo,,
888,Loge,Jon H,NO,,trondheim,,
889,Reikvam,H,NO,,bergen,,
890,Holmøy,Trygve,NO,,lørenskog,,
891,Røsjø,Egil,NO,,lørenskog,,
892,Lindstrøm,Jonas Christoffer,NO,,oslo,,
893,Steffensen,Linn Hofsøy,NO,,tromsø,,
894,Kampman,Margitta T,NO,,tromsø,,
895,Rygg,Lisbeth O,NO,,bodø,,
896,Brataas,Hildfrid V,NO,,bodø,,
897,Nordtug,Bente,NO,,bodø,,
898,Bjørnbeth,B A,NO,,oslo,,
899,Singh,Prashant,NO,,lillehammer,,
900,Birkeland,Arvid,NO,arvid.birkeland@hsh.no,haugesund,,
901,Skaare,Pål,NO,,oslo,,
902,Brinck,Eli,NO,,oslo,,
903,Sæle,Paul,NO,,bergen,,
904,Rønning,Elisabeth,NO,,oslo,,
905,Semb,Gunvor,NO,,oslo,,
906,Steigen,T K,NO,,university of tromsø,,
907,El-Salhy,Magdy,NO,,bergen,,
908,Hatlebakk,Jan Gunnar,NO,,bergen,,
909,Hausken,Trygve,NO,,bergen,,
910,Gaare,Johannes Jernqvist,NO,,bergen,,
911,Skeie,Geir Olve,NO,,bergen,,
912,Tzoulis,Charalampos,NO,,bergen,,
913,Larsen,Jan Petter,NO,,stavanger,,
914,Tysnes,Ole-Bjørn,NO,,bergen,,
915,Skrede,K K,NO,,kjeller,,
916,Klepp,Pasquale,NO,,oslo,,
917,Tollisen,Anita,NO,,oslo,,
918,Røseth,Arne,NO,,oslo,,
919,Cvancarova Småstuen,Milada,NO,,oslo,,
920,Andersen,Solveig N,NO,,lørenskog,,
921,Vatn,Morten,NO,,oslo,,
922,Moum,Bjørn A,NO,,oslo,,
923,Brackmann,Stephan,NO,,oslo,,
924,Rørtveit,Sverre,NO,sverre.rortveit@aknett.net,bekkjarvik,,
925,Caipang,Christopher Marlowe A,NO,cmacaipang@yahoo.com,bodø,,
926,Paur,Ingvild,NO,,oslo,,
927,Saugstad,O D,NO,o.d.saugstad@klinmed.uio.no,university of oslo,,
928,Nilsen,Einar,NO,einar.nilsen@unn.no,tromsø,,
929,Jørgensen,Christian,NO,christian.jorgensen@bio.uib.no,n-5020 bergen,,
930,Herum,Kate M,NO,,oslo,,
931,Landin,Maria A Dos Santos Silva,NO,,university of oslo oslo,,
932,Staff,Anne Cathrine,NO,uxnnaf@ous-hf.no.,oslo,,
933,Ottersen,Ole P,NO,,oslo,,
934,Nagelhus,Erlend A,NO,,oslo,,
935,Tangeraas,Trine,NO,trine.tangeraas@oslo-universitetssykehus.no,0424 oslo,,
936,Hladilkova,Eva,NO,,n-0315 oslo,,
937,Barøy,Tuva,NO,,n-0315 oslo,,
938,Fannemel,Madeleine,NO,,n-0315 oslo,,
939,Misceo,Doriana,NO,,n-0315 oslo,,
940,Bryn,Vesna,NO,,lillehammer,,
941,Frengen,Eirik,NO,,n-0315 oslo,,
942,Kongsgaard,E,NO,,oslo,,
943,Kvalvaag,Audun Sverre,NO,,oslo,,
944,Pust,Sascha,NO,,oslo,,
945,Sandvig,Kirsten,NO,,oslo,,
946,Samdal,Gro Beate,NO,,university of bergen,,
947,Meland,Eivind,NO,,university of bergen,,
948,Eide,Geir Egil,NO,,university of bergen,,
949,Berntsen,Sveinung,NO,,kristiansand,,
950,Abildsnes,Eirik,NO,,university of bergen,,
951,Stea,Tonje H,NO,,kristiansand,,
952,Mildestvedt,Thomas,NO,,university of bergen,,
953,Holm,Maia Blomhoff,NO,,oslo,,
954,Bastani,Nasser Ezzatkhah,NO,,oslo,,
955,Holme,Ane Moe,NO,,oslo,,
956,Zucknick,Manuela,NO,,oslo,,
957,Refsum,Helga,NO,,oslo,,
958,Mørkrid,Lars,NO,,oslo,,
959,Blomhoff,Rune,NO,,oslo,,
960,Henriksen,Tore,NO,,oslo,,
961,Michelsen,Trond Melbye,NO,,oslo,,
962,Thapa,Suraj Bahadur,NO,thapasuraj@hotmail.com,0317 oslo,,
963,Kristensen,Gunn B B,NO,gunn.kristensen@isf.uib.no,bergen,,
964,Andersen,R,NO,,oslo,,
965,Sjaastad,Ottar,NO,,trondheim,,
966,Johansen,Inger,NO,inger.johansen@medisin.uio.no,oslo,,
967,Voje,K L,NO,,blindern,,
968,Junttila,Juho,NO,,n-9037 tromsø,,
969,Dijkstra,Noortje,NO,,n-9037 tromsø,,
970,Bjørkli,Cato A,NO,cato.bjorkli@psykologi.uio.no,0317 oslo,,
971,Lønning,P E,NO,plon@haukeland.no,bergen,,
972,Laerum,F,NO,,university of oslo,,
973,Bergan,T,NO,,university of oslo,,
974,Clausen,Thomas,NO,thomas.clausen@medisin.uio.no,oslo,,
975,Fossmark,Reidar,NO,,7489 trondheim,,
976,Capelli,Carlo,NO,carlo.capelli@nih.no.,oslo,,
977,Nielsen,Morten Birkeland,NO,morten.nielsen@stami.no.,oslo,,
978,Gaustad,Svein Erik,NO,svein.e.gaustad@ntnu.no,n- trondheim,,
979,Botsis,Taxiarchis,NO,tbotsis@cs.uit.no,tromsø,,
980,Wilsgaard,Tom,NO,tom.wilsgaard@ism.uit.no,n- tromsø,,
981,Cordero,Héctor,NO,,bodø,,
982,Brinchmann,Monica F,NO,,bodø,,
983,Wahl,A K,NO,astrid.wahl@isf.uib.no,university of bergen,,
984,Dahle,Geir,NO,,bergen,,
985,Tegnander,E,NO,eva.tegnander@ntnu.no,trondheim,,
986,Bergvik,Svein,NO,svein.bergvik@unn.no,tromsø,,
987,Magelssen,Henriette,NO,,oslo,,
988,Smistad,Gro,NO,,0316 oslo,,
989,Njølstad,Inger,NO,,tromsø,,
990,Stafne,Signe N,NO,,trondheim,,
991,Larsen,Sandra,NO,,lørenskog,,
992,Dobbin,Joanna,NO,,oslo,,
993,McCallion,Oliver,NO,,oslo,,
994,Eskild,Anne,NO,,lørenskog,,
995,Jerpseth,Heidi,NO,,oslo and akershus university college of applied sciences,,
996,Dahl,Vegard,NO,,akershus university hospital,,
997,Nortvedt,Per,NO,,university of oslo,,
998,Halvorsen,Kristin,NO,,oslo and akershus university college of applied sciences,,
999,Johansen,T E,NO,,porsgrunn,,
1000,Yi,Gu,NO,yi.gu@umb.no,n-1432 aas,,
1001,Ghanavatian,S,NO,,oslo,,
1002,Snir,Omri,NO,,oslo,,
1003,Lindeman,Ida,NO,,oslo,,
1004,Mikocziova,Ivana,NO,,oslo,,
1005,Sarna,Vikas Kumar,NO,,oslo,,
1006,Lundin,Knut E A,NO,,oslo,,
1007,Sollid,Ludvig M,NO,,oslo,,
1008,Husum,Katrine,NO,,tromsø,,
1009,Forwick,Matthias,NO,,tromsø,,
1010,Hustvedt,Bo-Egil,NO,b.e.hustvedt@medisin.uio.no,n-0316 oslo,,
1011,Saugstad,Ola Didrik,NO,o.d.saugstad@medisin.uio.no,university of oslo,,
1012,Refsgaard,Karen,NO,karen.refsgaard@nilf.no,oslo,,
1013,Larheim,T A,NO,,university of oslo,,
1014,Pradhan,M,NO,,oslo,,
1015,Kirkevang,Lise-Lotte,NO,,oslo,,
1016,Bøhn,H P,NO,,oslo,,
1017,Husby,R,NO,,university of tromsø,,
1018,Eskild,A,NO,,oslo city hospital,,
1019,Stuge,Britt,NO,,oslo,,
1020,Wahid,Radziah,NO,,ås,,
1021,Hua,Jinsong,NO,,kjeller,,
1022,Schrøder-Aasen,Torstein,NO,torsth@alumni.ntnu.no,norwegian university of science and technology (ntnu),,
1023,Gammelsrud,K W,NO,k.w.gammelsrud@medisin.uio.no,oslo,,
1024,Anjum,Rani Lill,NO,,ås,,
1025,Copeland,Samantha,NO,,ås,,
1026,Rocca,Elena,NO,,ås,,
1027,Wyller,Vegard Bruun,NO,brwylle@online.no.,oslo,,
1028,Vitelli,Valieria,NO,,oslo,,
1029,Sulheim,Dag,NO,,oslo,,
1030,Fagermoen,Even,NO,,oslo,,
1031,Winger,Anette,NO,,oslo,,
1032,Godang,Kristin,NO,,oslo,,
1033,Bollerslev,Jens,NO,,oslo,,
1034,Engebretsen,Ingunn Marie S,NO,,bergen,,
1035,Fadnes,Lars Thore,NO,,bergen,,
1036,Sommerfelt,Halvor,NO,,kragujevac,,
1037,Tylleskär,Thorkild,NO,,bergen,,
1038,Salvesen,R,NO,,trondheim university hospital,,
1039,Eriksen,Ane,NO,,evenstad,,
1040,Wabakken,Petter,NO,,evenstad,,
1041,Maartmann,Erling,NO,,evenstad,,
1042,Zimmermann,Barbara,NO,,evenstad,,
1043,Aarseth,H P,NO,,oslo,,
1044,Lindqvist,Bo Henry,NO,bo@math.ntnu.no.,trondheim,,
1045,Larsen,Eivind L P,NO,eivind.larsen@iet.ntnu.no,n- trondheim,,
1046,Watten,Reidulf,NO,,lillehammer,,
1047,Söderström,Kerstin,NO,,lillehammer,,
1048,Skårderud,Finn,NO,,oslo,,
1049,Øie,Merete Glenne,NO,,lillehammer,,
1050,Fykerud,Tone A,NO,,oslo,,
1051,Knudsen,Lars M,NO,,oslo,,
1052,Totland,Max Z,NO,,oslo,,
1053,Sørensen,Vigdis,NO,,oslo,,
1054,Dahal-Koirala,Shiva,NO,,oslo,,
1055,Lothe,Ragnhild A,NO,,oslo,,
1056,Brech,Andreas,NO,,oslo,,
1057,Leithe,Edward,NO,,oslo,,
1058,Andersen,Linda,NO,linda.andersen@bio.uib.no,n-5020 bergen,,
1059,Distante,S,NO,sonia.distante@ioks.uio.no,oslo,,
1060,Dragly,Svenn-Arne,NO,,oslo,,
1061,Hobbi Mobarhan,Milad,NO,,oslo,,
1062,Lepperød,Mikkel E,NO,,oslo,,
1063,Tennøe,Simen,NO,,oslo,,
1064,Fyhn,Marianne,NO,,oslo,,
1065,Hafting,Torkel,NO,,oslo,,
1066,Malthe-Sørenssen,Anders,NO,,oslo,,
1067,Langeggen,H,NO,,oslo,,
1068,Martines,Jose,NO,,bergen,,
1069,Fiane,A E,NO,,national hospital,,
1070,Krogvold,Lars,NO,,oslo,,
1071,Dahl-Jørgensen,Knut,NO,,oslo,,
1072,Hellund,J C,NO,,aalesund,,
1073,Oxman,Andrew D,NO,oxman@online.no,oslo,,
1074,Ommundsen,N,NO,,oslo,,
1075,Wyller,T B,NO,,oslo,,
1076,Nesbakken,A,NO,,oslo,,
1077,Bakka,A O,NO,,oslo,,
1078,Jordhøy,M S,NO,,oslo,,
1079,Skovlund,E,NO,,ntnu,,
1080,Rostoft,S,NO,,oslo,,
1081,Harding,Stephen E,NO,steve.harding@nottingham.ac.uk.,oslo,,
1082,Strøm,Morten B,NO,,n- tromsø,,
1083,Reims,H M,NO,,oslo,,
1084,Katla,T,NO,,as,,
1085,Vasskog,Terje,NO,terjev@farmasi.uit.no,tromsø,,
1086,Skaret,Josefine,NO,,no- tromsø,,
1087,Bertelsen,R J,NO,randi.jacobsen.bertelsen@fhi.no,n- oslo,,
1088,Smebye,Kari Lislerud,NO,kari.lislerud.smebye@ldh.no.,oslo,,
1089,Kirkevold,Marit,NO,,oslo,,
1090,Engedal,Knut,NO,,tønsberg,,
1091,Purohit,Manju Raj,NO,manjuraj_purohit@rediffmail.com,bergen,,
1092,Copeland,Samantha Marie,NO,,ås,,
1093,Ueland,T,NO,thor.ueland@medisin.uio.no,oslo,,
1094,Gjengedal,Eva,NO,,bergen,,
1095,Moltu,Christian,NO,,førde,,
1096,Råheim,Målfrid,NO,,bergen,,
1097,Mittelholzer,C,NO,christian.mittelholzer@unibas.ch,n- storebø,,
1098,Oshaug,A,NO,,university of oslo,,
1099,Naalsund,A,NO,,oslo,,
1100,Haabeth,O A,NO,,oslo,,
1101,Tveita,A,NO,,oslo,,
1102,Fauskanger,M,NO,,oslo,,
1103,Hennig,K,NO,,oslo,,
1104,Hofgaard,P O,NO,,oslo,,
1105,Bogen,B,NO,,oslo,,
1106,Brorson,S H,NO,s.h.brorson@ioks.uio.no,oslo,,
1107,Storeng,Katerini T,NO,katerini.storeng@sum.uio.no,oslo,,
1108,Zeltz,Cédric,NO,,bergen,,
1109,Heldal,K K,NO,kari.heldal@stami.no,oslo,,
1110,Brandtzaeg,P,NO,per.brandtzaeg@labmed.uio.no,national hospital,,
1111,Saeter,G,NO,,oslo,,
1112,Kvåle,G,NO,,university of bergen,,
1113,Lønning,Per Eystein,NO,,university of bergen,,
1114,Strand,Liv Inger,NO,liv.strand@isf.uib.no,bergen,,
1115,Håberg,Siri E,NO,,norwegian institute of public health; oslo,,
1116,Nystad,Wenche,NO,,norwegian institute of public health; oslo,,
1117,Syversveen,Trygve,NO,trygve.syversveen@rikshospitalet.no,rikshospitalet,,
1118,Morejudo,S H,NO,,no- oslo,,
1119,Yuste-Tirados,I,NO,,no- oslo,,
1120,Malerød-Fjeld,H,NO,,no- oslo,,
1121,Vestre,P K,NO,,no- oslo,,
1122,Coors,W G,NO,,no- oslo,,
1123,Norby,T,NO,,no- oslo,,
1124,Steinnes,E,NO,eiliv.steinnes@chembio.ntnu.no,no- trondheim,,
1125,Orstavik,K H,NO,,oslo,,
1126,Levsen,Arne,NO,,n- bergen,,
1127,Rustøen,Tone,NO,tone.rustoen@rr-research.no,oslo,,
1128,Stuen,Hanne Kilen,NO,,brummundal,,
1129,Landheim,Anne,NO,,brummundal,,
1130,Rugkåsa,Jorun,NO,,lørenskog,,
1131,Wynn,Rolf,NO,rolf.wynn@gmail.com.,tromsø,,
1132,Sverdrup,Øystein,NO,,oslo,,
1133,Stamnaes,Jorunn,NO,stamnas@rr-research.no,oslo,,
1134,Baptista,A M,NO,,trondheim,,
1135,Solevåg,Anne L,NO,a.l.solevag@medisin.uio.no,0027 oslo,,
1136,Åsberg,Anders,NO,,oslo,,
1137,Antezana,Erick,NO,erick.antezana@bio.ntnu.no,n- trondheim,,
1138,Vehus,Tore,NO,,no-0315 oslo,,
1139,Seterdal,Kristina Erikstad,NO,,no-0315 oslo,,
1140,Krauss,Stefan,NO,,no- oslo,,
1141,Lundanes,Elsa,NO,,no-0315 oslo,,
1142,Wilson,Steven R,NO,,no-0315 oslo,,
1143,Grotle,Margreth,NO,margreth.grotle@medisin.uio.no,oslo,,
1144,Dahl,Tuva B,NO,tuvad@rr-research.no,n- oslo,,
1145,Kemi,Ole Johan,NO,,trondheim,,
1146,Langerød,Anita,NO,,n- oslo,,
1147,Grundtvig,Morten,NO,,lillehammer,,
1148,Hole,Torstein,NO,,ålesund,,
1149,Agewall,Stefan,NO,,oslo,,
1150,Atar,Dan,NO,,oslo,,
1151,Aasmundstad,T A,NO,,oslo,,
1152,Gao,Q,NO,,tromsø,,
1153,Aasland,R,NO,,university of bergen,,
1154,Bjørnslett,Merete,NO,,oslo,,
1155,Mørland,H,NO,,oslo,,
1156,Winsvold,Bendik S,NO,,oslo,,
1157,Page,Christian M,NO,,oslo,,
1158,Zwart,John-Anker,NO,,oslo,,
1159,Groven,Karen Synne,NO,,oslo,,
1160,Flatval,Mona,NO,monaflat@online.no,oslo,,
1161,Lund,V,NO,,university of bergen,,
1162,Faeste,Christiane K,NO,christiane.feste@vetinst.no,no-0033 oslo,,
1163,Frengen,Eirik,NO,,oslo,,
1164,Strømme,Petter,NO,,oslo,,
1165,Kongsgard,Havard,NO,,levanger,,
1166,Hveem,Kristian,NO,,levanger,,
1167,Sivertsen,Børge,NO,,bergen,,
1168,Gregersen,Ida,NO,,oslo,,
1169,Lerdal,Anners,NO,anners.lerdal@ldh.no,oslo,,
1170,Glavatskiy,K S,NO,kirill.glavatskiy@nt.ntnu.no,trondheim,,
1171,Bokhorst,Stef,NO,,tromsø,,
1172,Kirby-Lambert,Christopher,NO,,tromsø,,
1173,Bjerke,Jarle W,NO,,tromsø,,
1174,Hetlevik,Siri Opsahl,NO,siri.opsahl@gmail.com.,trondheim,,
1175,Flatø,Berit,NO,,trondheim,,
1176,Aaløkken,Trond Mogens,NO,,trondheim,,
1177,Lund,May Brit,NO,,trondheim,,
1178,Reiseter,Silje,NO,,trondheim,,
1179,Mynarek,Georg Karl,NO,,trondheim,,
1180,Nordal,Ellen,NO,,trondheim,,
1181,Rygg,Marite,NO,,trondheim,,
1182,Lilleby,Vibke,NO,,trondheim,,
1183,Boayue,Nya Mehnwolo,NO,,tromsø,,
1184,Mittner,Matthias,NO,,tromsø,,
1185,Rylander,Charlotta,NO,,tromsø,,
1186,Nøst,Therese Haugdahl,NO,,tromsø,,
1187,Breivik,Knut,NO,,oslo,,
1188,Lund,Eiliv,NO,,tromsø,,
1189,Gulliksen,Anja,NO,anja.gulliksen@norchip.com,klokkarstua,,
1190,Muren,Ludvig Paul,NO,,n- bergen,,
1191,Fors,Egil A,NO,,trondheim,,
1192,Vandvik,Per O,NO,,oppland,,
1193,Tayari,Nassim,NO,,trondheim,,
1194,Gram,Inger T,NO,inger.gram@ism.uit.no,breivika,,
1195,Hammersborg,Stig Morten,NO,,bergen,,
1196,Knutzen,Jon,NO,jon.knutzen@c2i.net,n- oslo,,
1197,Espelid,I,NO,,university of bergen,,
1198,Frostad,S,NO,,haukeland hospital,,
1199,Bjerknes,R,NO,,haukeland hospital,,
1200,Hervig,T,NO,,haukeland hospital,,
1201,Nesthus,I,NO,,haukeland hospital,,
1202,Bruserud,Ø,NO,,haukeland hospital,,
1203,Bjorvatn,Bjørn,NO,,bergen,,
1204,Rajakulendren,Narvini,NO,,bergen,,
1205,Lehmann,Sverre,NO,,bergen,,
1206,Pallesen,Ståle,NO,,bergen,,
1207,Ueland,T,NO,thor.ueland@medisin.uio.no,n- oslo,,
1208,Pripp,Are Hugo,NO,,oslo,,
1209,Stanišić,Milo,NO,,oslo,,
1210,Viset,Trond,NO,,trondheim,,
1211,Wibe,Arne,NO,,trondheim,,
1212,Kaasa,Stein,NO,,trondheim,,
1213,Lund,Jo-Åsmund,NO,,trondheim,,
1214,Haavik,Jan,NO,,university of bergen,,
1215,Vangen-Lønne,Anne M,NO,am.vanglon@gmail.no.,tromsø,,
1216,Wilsgaard,Tom,NO,,tromsø,,
1217,Mathiesen,Ellisiv B,NO,,tromsø,,
1218,Alme,J,NO,,bergen,,
1219,Altinpinar,S,NO,,bergen,,
1220,Arsene,I C,NO,,oslo,,
1221,Batzing,P C,NO,,oslo,,
1222,Djuvsland,Ø,NO,,bergen,,
1223,Dordic,O,NO,,oslo,,
1224,Helstrup,H,NO,,bergen,,
1225,Hetland,K F,NO,,bergen,,
1226,Kileng,B,NO,,bergen,,
1227,Langoy,R,NO,,tonsberg,,
1228,Lardeux,A,NO,,oslo,,
1229,Lien,J,NO,,tonsberg,,
1230,Lindal,S,NO,,oslo,,
1231,Loenne,P I,NO,,bergen,,
1232,Mahmood,S M,NO,,oslo,,
1233,Milosevic,J,NO,,oslo,,
1234,Nesbo,S V,NO,,bergen,,
1235,Nystrand,J,NO,,bergen,,
1236,Qvigstad,H,NO,,oslo,,
1237,Rehman,A,NO,,bergen,,
1238,Richter,M,NO,,oslo,,
1239,Røed,K,NO,,oslo,,
1240,Röhrich,D,NO,,bergen,,
1241,Skaali,T B,NO,,oslo,,
1242,Tambave,G J,NO,,bergen,,
1243,Tveter,T S,NO,,oslo,,
1244,Ullaland,K,NO,,bergen,,
1245,Velure,A,NO,,bergen,,
1246,Wagner,B,NO,,bergen,,
1247,Wikne,J,NO,,oslo,,
1248,Zhang,H,NO,,bergen,,
1249,Zhao,C,NO,,oslo,,
1250,Zhou,Z,NO,,bergen,,
1251,Zhu,H,NO,,bergen,,
1252,Aarås,A,NO,,oslo,,
1253,Rykke,M,NO,mrykke@odont.uio.no,university of oslo,,
1254,Erlandsen,Sten Even,NO,,no- trondheim,,
1255,Lofthus,Synnøve,NO,,trondheim,,
1256,Almås,Inger K,NO,,trondheim,,
1257,Terjesen,Terje,NO,terje.terjesen@rikshospitalet.no,rikshospitalet,,
1258,Kolberg,Jan,NO,jan.kolberg@fhi.no,no-0403 oslo,,
1259,Assum,T,NO,,oslo,,
1260,Pettersen,Pernille S,NO,,oslo,,
1261,Brox,Ida K,NO,,oslo,,
1262,Bruun,Johan N,NO,,tromsø,,
1263,Dyrhol-Riise,Anne M,NO,,oslo,,
1264,Trøseid,Marius,NO,,oslo,,
1265,Johannessen,Asgeir,NO,johannessen.asgeir@gmail.com.,drammen,,
1266,Ritland,J S,NO,,university of oslo,,
1267,Aune,Dagfinn,NO,,oslo,,
1268,Varsi,Kristin,NO,,bergen,,
1269,Ueland,Per M,NO,,bergen,,
1270,Torsvik,Ingrid K,NO,,bergen,,
1271,Bjørke-Monsen,Anne-Lise,NO,,bergen,,
1272,Carlsen,K H,NO,,oslo,,
1273,Ingebrigtsen,Richard Andre,NO,richard.a.ingebrigtsen@uit.no.,tromsø,,
1274,Hansen,Espen,NO,,tromsø,,
1275,Andersen,Jeanette Hammer,NO,,tromsø,,
1276,Eilertsen,Hans Christian,NO,,tromsø,,
1277,Arevalo,Hermenegild J,NO,,oslo,,
1278,Jorde,R,NO,medrj@rito.no,university hospital of tromsø,,
1279,Dorph,Elizabeth,NO,elizabeth@nakos.org,drøbak,,
1280,Wigerneas,I,NO,,n-0806 oslo,,
1281,Romundstad,P,NO,pal.romundstad@medisin.htnu.no,department of occupational medicine,,
1282,Christoffersen,Tore,NO,tore.christoffersen@uit.no.,tromsø,,
1283,Ahmed,Luai A,NO,,tromsø,,
1284,Daltveit,Anne Kjersti,NO,,bergen,,
1285,Evensen,Elin K,NO,,tromsø,,
1286,Furberg,Anne-Sofie,NO,,tromsø,,
1287,Grimnes,Guri,NO,,tromsø,,
1288,Nilsen,Ole-Andreas,NO,,tromsø,,
1289,Schei,Berit,NO,,trondheim,,
1290,Tell,Grethe S,NO,,bergen,,
1291,Winther,Anne,NO,,tromsø,,
1292,Emaus,Nina,NO,,tromsø,,
1293,Midelfart,A,NO,,university of trondheim,,
1294,Jonsson,R,NO,,university of bergen,,
1295,Aksnes,D W,NO,,university of bergen,,
1296,Oellingrath,Inger M,NO,,porsgrunn,,
1297,Salvesen,Kjell Å,NO,,trondheim,,
1298,Eggebø,Torbjørn M,NO,,trondheim,,
1299,Forsdahl,F,NO,,university of tromsø,,
1300,Tronstad,K J,NO,karl.tronstad@ikb.uib.no,n- bergen,,
1301,Nome Eikhom,Marianne,NO,,bergen,,
1302,Liguori,Lucia,NO,lucia.liguori@kj.uib.no,n-5817 bergen,,
1303,Hussain,A,NO,akhtar.hussain@klinmed.uio.no,university of oslo,,
1304,Kontny,Frederic,NO,,oslo,,
1305,Carter,Tim,NO,tim.carter@mcga.gov.uk,bergen,,
1306,Carton,Izaskun,NO,izaskun.carton@ehu.es,n- as,,
1307,Naderi,Soheil,NO,soheil.naderi@basalmed.uio.no,oslo n-,,
1308,Johannessen,A,NO,ane.johannessen@helse-bergen.no,bergen,,
1309,Meermann,Christian,NO,,bergen,,
1310,Mykletun,Arnstein,NO,,oslo,,
1311,Bjerkedal,Tor,NO,tor.bjerkedal@getmail.no,university of oslo,,
1312,Kulås,E,NO,elin.kulas@hydro.com,3907 porsgrunn,,
1313,Norby,Gudrun E,NO,gudrun.elisabeth.norby@rikshospitalet.no,oslo,,
1314,Hove,Lene Hystad,NO,lenehh@odont.uio.no,university of oslo,,
1315,Robertson,L J,NO,lucy.robertson@veths.no,0033 oslo,,
1316,Hansen,Finn Knut,NO,f.k.hansen@kjemi.uio.no,oslo,,
1317,Rentzsch,Fabian,NO,fabian.rentzsch@uib.no.,bergen,,
1318,Rachah,Amira,NO,,n-0033 oslo,,
1319,Nørstebø,Håvard,NO,,n-1430 ås,,
1320,Reksen,Olav,NO,,n-0033 oslo,,
1321,Birri,Dagim Jirata,NO,,ås,,
1322,Enoksen,Eystein,NO,eystein.enoksen@nih.no,oslo,,
1323,Randen,Irene,NO,irene.randen@ldh.no,oslo,,
1324,Figenschau,Y,NO,,n-,,
1325,Reikerås,O,NO,,oslo,,
1326,Andersen,Toril,NO,natasa.skalko-basnet@uit.no.,tromsø,,
1327,Brakstad,O G,NO,,trondheim,,
1328,Lundbom,J,NO,,university hospital of trondheim,,
1329,Skrbo,Nirma,NO,,oslo,,
1330,Hjortland,Geir-Olav,NO,,oslo,,
1331,Kristian,Alexandr,NO,,oslo,,
1332,Holm,Ruth,NO,,oslo,,
1333,Nord,Silje,NO,,oslo,,
1334,Prasmickaite,Lina,NO,,oslo,,
1335,Engebraaten,Olav,NO,,oslo,,
1336,Mælandsmo,Gunhild M,NO,,oslo,,
1337,Sørlie,Therese,NO,,oslo,,
1338,Andersen,Kristin,NO,,oslo,,
1339,Hartvigsen,Gunnar,NO,,tromsø,,
1340,Aune,Guro,NO,guro.aune@ntnu.no,norwegian university of science and technology,,
1341,Medin,W,NO,,university of oslo,,
1342,Jorde,Rolf,NO,rolf.jorde@unn.no,tromsø,,
1343,Norheim,Ole Frithjof,NO,ole.norheim@isf.uib.no,bergen,,
1344,Hultman,Maria T,NO,,oslo,,
1345,Petersen,Karina,NO,,oslo,,
1346,Tollefsen,Knut Erik,NO,,oslo,,
1347,Seljelid,R,NO,,university of tromsø,,
1348,Wutkowska,Magdalena,NO,,longyearbyen,,
1349,Vader,Anna,NO,,longyearbyen,,
1350,Mundra,Sunil,NO,,oslo,,
1351,Cooper,Elisabeth J,NO,,tromsø,,
1352,Eidesen,Pernille B,NO,,longyearbyen,,
1353,Westberg,Marianne,NO,,oslo,,
1354,Grøgaard,Bjarne,NO,,oslo,,
1355,Snorrason,Finnur,NO,,oslo,,
1356,Hanssen,Kristian F,NO,,oslo,,
1357,Idris,Shaza Bushra,NO,,bergen,,
1358,Endresen,L P,NO,endresen@phys.ntnu.no,trondheim,,
1359,Nahrgang,Jasmine,NO,,n- tromsø,,
1360,Haugen,Linda Hofstad,NO,,oslo,,
1361,Skjeldal,Frode Miltzow,NO,,oslo,,
1362,Bergeland,Trygve,NO,,oslo,,
1363,Bakke,Oddmund,NO,oddmund.bakke@ibv.uio.no.,oslo,,
1364,Hinderaker,S G,NO,,bergen,,
1365,Brackmann,Stephan,NO,stephan.brackmann@medisin.uio.no,oslo,,
1366,Lund,Vera,NO,vera.lund@fiskeriforskning.no,tromsø,,
1367,Bjørge,C,NO,,oslo,,
1368,Gerdts,Eva,NO,,university of bergen,,
1369,Vollan,Hans Kristian Moen,NO,,oslo,,
1370,Kåresen,Rolf,NO,,oslo,,
1371,Lingjærde,Ole Christian,NO,,oslo,,
1372,Røsand,Gun-Mette B,NO,gbro@fhi.no,n-0403 oslo,,
1373,Johansen,Christer D,NO,,hammerfest,,
1374,Norum,Jan,NO,,hammerfest,,
1375,Engebretsen,Bernt E,NO,,hammerfest,,
1376,Agledahl,Uwe,NO,,hammerfest,,
1377,Dybwad,T B,NO,,oslo,,
1378,Bjorvatn,B,NO,,university of bergen,,
1379,Jendresen,Charlotte,NO,,oslo,,
1380,Årskog,Vibeke,NO,,oslo,,
1381,Daws,Michael R,NO,,oslo,,
1382,Nilsson,Lars N G,NO,lars.nilsson@medisin.uio.no.,oslo,,
1383,Beller,Sieghard,NO,,bergen,,
1384,Vøllestad,Jon,NO,jon.vollestad@psykp.uib.no,bergen,,
1385,Whitelaw,A,NO,,oslo,,
1386,Calejo,Maria Teresa,NO,m.t.r.calejo@farmasi.uio.no,n-0316 oslo,,
1387,Maltau,J M,NO,,university of tromsø,,
