temp_id,lastname,firstname,countries_scope,email,town,role,url
1,Lorem,Geir Fagerjord,NO,geir.lorem@uit.no.,tromsø,,
2,Schirmer,Henrik,NO,,tromsø,,
3,Emaus,Nina,NO,,tromsø,,
4,Andriukaitiene,Laura,NO,laura.andriukaitiene@uit.no.,tromso,,
5,Song,Xiaobo,NO,,tromso,,
6,Yang,Nannan,NO,,tromso,,
7,Kerosuo,Eero,NO,,tromso,,
8,Finsen,V,NO,,trondheim university hospital,,
9,Castberg,Ingrid,NO,ingrid.castberg@legemidler.no,no- trondheim,,
10,Wahl,Astrid Klopstad,NO,,faculty of health at buskerud college,,
11,Hammer,Hilde Berner,NO,hbham@online.no.,oslo,,
12,Kvien,Tore K,NO,,oslo,,
13,Aspestrand,F,NO,,university of oslo,,
14,Thorvaldsen,Tom,NO,tomtho@simula.no,oslo,,
15,Połeć,A,NO,,oslo university hospital rikshospitalet,,
16,Fedorcsák,P,NO,,oslo university hospital rikshospitalet,,
17,Eskild,A,NO,,university of oslo,,
18,Holen,T,NO,torgeir.holen@basalmed.uio.no,0317 oslo,,
19,Buanes,T,NO,,bergen,,
20,Bugge,L,NO,,oslo,,
21,Bugge,M K,NO,,oslo,,
22,Cameron,D,NO,,oslo,,
23,Catmore,J R,NO,,oslo,,
24,Dale,O,NO,,bergen,,
25,Eigen,G,NO,,bergen,,
26,Franconi,L,NO,,oslo,,
27,Garonne,V,NO,,oslo,,
28,Gjelsten,B K,NO,,oslo,,
29,Gramstad,E,NO,,oslo,,
30,Kastanas,A,NO,,bergen,,
31,Liebig,W,NO,,bergen,,
32,Lipniacka,A,NO,,bergen,,
33,Maeland,S,NO,,bergen,,
34,Martin Dit Latour,B,NO,,bergen,,
35,Morisbak,V,NO,,oslo,,
36,Nilsen,J K,NO,,oslo,,
37,Ould-Saada,F,NO,,oslo,,
38,Pajchel,K,NO,,oslo,,
39,Pedersen,M,NO,,oslo,,
40,Raddum,S,NO,,oslo,,
41,Read,A L,NO,,oslo,,
42,Røhne,O,NO,,oslo,,
43,Sandaker,H,NO,,oslo,,
44,Sjursen,T B,NO,,bergen,,
45,Smestad,L,NO,,bergen,,
46,Stapnes,S,NO,,oslo,,
47,Strandlie,A,NO,,oslo,,
48,Stugu,B,NO,,bergen,,
49,Zalieckas,J,NO,,bergen,,
50,Wolkers,Hans,NO,hans.wolkers@npolar.no,tromsø,,
51,Kristiansen,Kurt,NO,,tromsø,,
52,Sylte,Ingebrigt,NO,,tromsø,,
53,Haugen,T B,NO,,university of oslo,,
54,Zhao,Chun-Mei,NO,chun-mei.zhao@ntnu.no,trondheim,,
55,Agdal,Maren Lillehaug,NO,maren.agdal@iko.uib.no,university of bergen,,
56,Kyrkjebø,Jane Mikkelsen,NO,kyrkjebo@online.no,department of health and social sciences,,
57,Fristad,I,NO,inge.fristad@odont.uib.no,university of bergen,,
58,Finstad,Helga,NO,helga.finstad@hibo.no,bodø regional university,,
59,Alves,Guido,NO,algu@sir.no,stavanger,,
60,Lilleby,Wolfgang,NO,,oslo,,
61,Sagvolden,T,NO,,university of oslo,,
62,Tesli,M,NO,,oslo,,
63,Ho,Giang Thanh Thi,NO,,0316 oslo,,
64,Tadesse,Margey,NO,,0316 oslo,,
65,Miles,Christopher O,NO,,0106 oslo,,
66,Moussavi,Nastaran,NO,,0316 oslo,,
67,Malterud,Karl Egil,NO,,0316 oslo,,
68,Birhane,Emiru,NO,,no-1432 ås,,
69,Johnson,Sverre U,NO,,norway; modum bad psychiatric centervikersund,,
70,Hoffart,Asle,NO,,norway; modum bad psychiatric centervikersund,,
71,Løvik,M,NO,,oslo,,
72,Holte,A,NO,,university of oslo,,
73,Tonstad,Serena,NO,stonstad@llu.edu,oslo,,
74,Costea,Daniela Elena,NO,,n- bergen,,
75,Bjørklund,Geir,NO,,mo i rana,,
76,Borstad,E,NO,,oslo,,
77,Sorensen,Linda,NO,,vestfold,,
78,Matre,Dagfinn,NO,,oslo,,
79,Jarnjak-Jankovic,Silvija,NO,silvija.jankovic@rr-research.no,oslo,,
80,Minniti,Giusi,NO,,ås,,
81,Hagen,Live Heldal,NO,,ås,,
82,Porcellato,Davide,NO,,ås,,
83,Jørgensen,Sven Martin,NO,,ås,,
84,Pope,Phillip B,NO,,ås,,
85,Vaaje-Kolstad,Gustav,NO,,ås,,
86,Haugan,Gørill,NO,,trondheim,,
87,Berg,K,NO,kare.berg@ioks.uio.no,oslo,,
88,Arum,Carl-Jørgen,NO,,trondheim,,
89,Fjell,A M,NO,,university of oslo,,
90,Viksveen,Petter,NO,petter.viksveen@uis.no.,stavanger,,
91,El-Salhy,M,NO,magdy.el-salhy@helse-fonna.no,54 09 stord,,
92,Saltytė Benth,J,NO,jurates@medisin.uio.no,lørenskog,,
93,Breivik,H,NO,harald.breivik@medisin.uio.no,oslo,,
94,Kvåle,G,NO,,bergen,,
95,Göthlin,J H,NO,,university of bergen,,
96,Mamuya,Simon H D,NO,mamuyasimon@yahoo.com,university of bergen,,
97,Fasting,S,NO,sigurd.fasting@medisin.ntnu.no,n- trondheim,,
98,Smaaland,R,NO,,university of bergen,,
99,Martínez,Santiago,NO,,grimstad,,
100,Lobert,Viola Hélène,NO,,oslo,,
101,Sangvik,Maria,NO,,n- tromsø,,
102,Dahl,S K,NO,sigrid.dahl@ntnu.no,trondheim,,
103,Yuan,Aping,NO,,tromsø,,
104,Hugdahl,Emilia,NO,,bergen,,
105,Bachmann,Ingeborg M,NO,,bergen,,
106,Schuster,Cornelia,NO,,bergen,,
107,Ladstein,Rita G,NO,,bergen,,
108,Akslen,Lars A,NO,,bergen,,
109,Lien,Nanna,NO,nanna.lien@medisin.uio.no,n-0316 oslo,,
110,Egeland,T,NO,thore.egeland@basalmed.uio.no,oslo,,
111,Sogstad,A M,NO,aase.sogstad@veths.no,oslo,,
112,Wiik,Ragnhild,NO,,stavanger,,
113,Krøvel,Anne Vatland,NO,,stavanger,,
114,Krohne,Kariann,NO,kariann.krohne@medisin.uio.no,university of oslo,,
115,Haissman,Judith M,NO,,oslo,,
116,Gravem,P,NO,,bergen,,
117,Lind,Andreas,NO,,oslo,,
118,He,Li,NO,,no-,,
119,Robinson,Nick A,NO,,ås,,
120,Odberg,Morten Duus,NO,morten.duus.odberg@helse-bergen.no,bergen,,
121,Vaagland,Hogne,NO,hogne.vaagland@cih.uib.no.,n- bergen,,
122,Hurlen,Mette,NO,mehu@uus.no,ullevål university hospital,,
123,Storlien,Tonje M,NO,,ås,,
124,Holt,Randi Utne,NO,randi.u.holt@ntnu.no,n- trondheim,,
125,Kaarvatn,M H,NO,,oslo,,
126,Reisaeter,A V,NO,,oslo,,
127,Svenningsen,Rune,NO,,university of oslo,,
128,Ertresvg,Janne Marit,NO,janne.ertresvag@helse-sunnmore.no,trondheim,,
129,Dybvik,T,NO,,oslo,,
130,Haugli,L,NO,,oslo,,
131,Weiderpass,Elisabete,NO,,tromsø,,
132,Lund,Eiliv,NO,,tromsø,,
133,Rise,Marit B,NO,marit.b.rise@ntnu.no.,trondheim,,
134,Solbjør,Marit,NO,,trondheim,,
135,Steinsbekk,Aslak,NO,,trondheim,,
136,Grøvle,L,NO,largro@so-hf.no.,fredrikstad,,
137,Rekvig,O P,NO,,university hospital of tromsø,,
138,Vårtun,Åse,NO,,tromsø,,
139,Flo,Kari,NO,,tromsø,,
140,Wilsgaard,Tom,NO,,tromsø,,
141,Sogstad,M K R,NO,,0403 oslo,,
142,Morgan,Michael J,NO,,oslo,,
143,Omsland,Maria,NO,,bergen,,
144,Gjertsen,Bjørn Tore,NO,,bergen,,
145,Andresen,Vibeke,NO,vibeke.andresen@uib.no.,bergen,,
146,Papadopoulou,Eleni,NO,,oslo,,
147,Padilla-Sánchez,Juan Antonio,NO,,oslo,,
148,Haug,Line Småstuen,NO,,oslo,,
149,Berg,Svein,NO,,trondheim,,
150,Lioliou,Maria,NO,,trondheim,,
151,Kotlar,Hans Kristian,NO,,trondheim,,
152,Nordtveit,Tone Irene,NO,,n-5020 bergen,,
153,Storeng,Ritsa,NO,ritsa.storeng@rikshospitalet.no,women and children's division,,
154,Langås-Larsen,Anette,NO,,tromsø,,
155,Salamonsen,Anita,NO,,tromsø,,
156,Kristoffersen,Agnete Egilsdatter,NO,,tromsø,,
157,Hamran,Torunn,NO,,tromsø,,
158,Evjen,Bjørg,NO,,tromsø,,
159,Stub,Trine,NO,,tromsø,,
160,Rye,P D,NO,,oslo,,
161,Simonsen,Gunnar Skov,NO,,tromsø,,
162,Nielsen,J,NO,,university hospital of tromsø,,
163,Størdal,Ketil,NO,ketil.stoerdal@c2i.net,fredrikstad,,
164,ten Tusscher,Kirsten H W J,NO,khwjtuss@hotmail.com,lysaker,,
165,Rostad,Hans,NO,hans.rostad@kreftregisteret.no,oslo,,
166,Fredheim,Olav Magnus S,NO,olavmagn@frisurf.no,trondheim,,
167,Pettersen,Kristine,NO,,7491 trondheim,,
168,Monsen,Vivi Talstad,NO,,trondheim,,
169,Hakvåg Pettersen,Caroline Hild,NO,,trondheim,,
170,Overland,Hilde Bremseth,NO,,7055 stjørdal,,
171,Pettersen,Grete,NO,,trondheim,,
172,Samdal,Helle,NO,,trondheim,,
173,Tesfahun,Almaz Nigatu,NO,,trondheim,,
174,Lundemo,Anne Gøril,NO,,trondheim,,
175,Bjørkøy,Geir,NO,,7491 trondheim,,
176,Ohm,E,NO,,bergen,,
177,Jakobsen,P J,NO,per.jakobsen@bio.uib.no,bergen,,
178,Ulvatne,Hilde,NO,hilde@toslab.no,tromsø,,
179,Launsø,L,NO,launsoe@post7.tele.dk,tromsø,,
180,Bratberg,Grete H,NO,grete.bratberg@ntnu.no,verdal,,
181,Bramness,Jørgen G,NO,jorgen.bramness@fhi.no,oslo,,
182,Weiderpass,Elisabete,NO,,tromsö,,
183,Skeie,Guri,NO,,tromsö,,
184,Braaten,Tonje,NO,,tromsö,,
185,Hjeltnes,Gunnbjørg,NO,gunn.hjeltnes@revmatismesykehuset.no,lillehammer,,
186,Tjønnfjord,Geir E,NO,geir.tjonnfjord@rikshospitalet.no,oslo,,
187,Ringvold,A,NO,,national hospital oslo,,
188,Ryding,Mauritz Johan,NO,,no 0315 oslo,,
189,Brenn,T,NO,tormod.brenn@ism.uit.no,university of tromsø,,
190,Haldorsen,Ingfrid S,NO,ingfrid.haldorsen@helse-bergen.no,bergen,,
191,Grøn,B,NO,,rikshospitalet,,
192,Sagerup,Kjetil,NO,kjetil.sagerup@uit.no,tromsø,,
193,Kolbenstvedt,A,NO,,oslo,,
194,Dahl,Torbjørn,NO,torbjorn.dahl@stolav.no,norges teknisk-naturvitenskapelige universitet,,
195,Henriksen,Eva,NO,eva.henriksen@telemed.no,tromsø,,
196,Seland,Gry,NO,gry.seland@idi.ntnu.no,no- trondheim,,
197,Holm,A M,NO,a.m.holm@klinmed.uio.no,oslo,,
198,Jellum,E,NO,,oslo,,
199,Engebretsen,Lars,NO,,oslo,,
200,Eggen,S,NO,,university of oslo,,
201,Hem,Erlend,NO,erlend.hem@medisin.uio.no,journal of norwegian medical association,,
202,Hetland,Audun,NO,,tromsø,,
203,Vittersø,Joar,NO,,tromsø,,
204,Oscar Bø Wie,Simen,NO,,tromsø,,
205,Kjelstrup,Eirik,NO,,tromsø,,
206,Mittner,Matthias,NO,,tromsø,,
207,Dahl,Tove Irene,NO,,tromsø,,
208,Renaud,Paul E,NO,,tromsø,,
209,Camus,Lionel,NO,,n-9037 tromsø,,
210,Beltesbrekke,Hanne Saettem,NO,,trondheim,,
211,Sørensen,Tom,NO,,nittedal,,
212,Semenchuk,Philipp,NO,,university of tromsø tromsø,,
213,Efjestad,Anne Sverdrup,NO,,gjettum,,
214,Gøransson,Lasse G,NO,gola@sir.no,4068 stavanger,,
215,Berge,Rolf K,NO,rolf.berge@ikb.uib.no,university of bergen,,
216,Ovaskainen,Otso,NO,,trondheim,,
217,Ekblad,Bie,NO,,0316 oslo,,
218,Kristiansen,Per Eugen,NO,,0316 oslo,,
219,Bjørge,Tone,NO,tone.bjorge@isf.uib.no,bergen,,
220,Weiss,Thomas W,NO,thomas.weiss@meduniwien.ac.at,oslo,,
221,Løken,S Y,NO,,oslo,,
222,Wang,N J,NO,,oslo,,
223,Wigen,T I,NO,,oslo,,
224,Jorde,Rolf,NO,rolf.jorde@unn.no,tromsø,,
225,Javo,Cecilie,NO,javo@arcticnet.no,tromsø,,
226,Alvheim,Anita Røyneberg,NO,,bergen,,
227,Arnoldussen,Yke Jildouw,NO,y.j.arnoldussen@imbv.uio.no,oslo,,
228,Moholdt,Trine,NO,,trondheim,,
229,Kissen,Ralph,NO,,no- trondheim,,
230,Wijmenga,Cisca,NO,,oslo,,
231,Ree,Anne Hansen,NO,a.h.ree@medisin.uio.no,lørenskog,,
232,Gundersen,T E,NO,,university of oslo,,
233,Hegdahl,Hanne K,NO,,bergen,,
234,Fylkesnes,Knut M,NO,,bergen,,
235,Sandøy,Ingvild F,NO,,bergen,,
236,Brøgger,Jan,NO,jan.brogger@med.uib.no,bergen,,
237,Steingrímsdóttir,Olöf Anna,NO,olofast@online.no,oslo,,
238,Mola-Yudego,Blas,NO,,n- ås,,
239,Engebretsen,Lars,NO,lars.engebretsen@medisin.uio.no,oslo 608,,
240,d'Errico,Francesco,NO,,bergen,,
241,Jenum,P A,NO,,oslo,,
242,Westergren,Tone,NO,,oslo,,
243,Debernard,Karen Astrid Boldingh,NO,,oslo,,
244,Solheim,Tora S,NO,,trondheim,,
245,Sundin,Josefin,NO,,trondheim,,
246,Jutfelt,Fredrik,NO,,trondheim,,
247,Brandtzaeg,P,NO,,n- oslo,,
248,Storflor,Janne Guldteig,NO,,st. olavs hospital,,
249,Lund,E,NO,eiliv.lund@ism.uit.no,university of tromsø,,
250,Baardsen,R,NO,,university of bergen,,
251,Bergrem,Henrik Andreas,NO,henrik.andreas.bergrem@rikshospitalet.no,oslo,,
252,Vandraas,Kathrine F,NO,kafv@fhi.no.,oslo,,
253,Vikanes,Åse V,NO,ase.vigdis.vikanes@fhi.no.,oslo,,
254,Vangen,Siri,NO,sirvan@ous-hf.no.,oslo,,
255,Magnus,Per,NO,per.magnus@fhi.no.,oslo,,
256,Grjibovski,Andrej M,NO,andrej.grjibovski@gmail.com.,oslo,,
257,Grotmol,Tom,NO,tom.grotmol@kreftregisteret.no.,oslo,,
258,Rø,Torstein B,NO,torstein.ro@ntnu.no,n-7491 trondheim,,
259,Selvig,Kristian,NO,,drammen,,
260,Bjerner,J,NO,johan.bjerner@klinmed.uio.no,oslo,,
261,Nermoen,Anders,NO,anderne@fys.uio.no,n-0316 oslo,,
262,Ekelund,Ulf,NO,,oslo,,
263,Johannessen,Liv Karen,NO,lkj@dips.no,bodø,,
264,Gundersen,Y,NO,,university of oslo,,
265,Nenseter,M S,NO,,university of oslo,,
266,Ericsson,Madelene,NO,,no- trondheim,,
267,Øines,Ø,NO,,oslo,,
268,Skjønsfjell,Eirik Torbjørn Bakken,NO,,trondheim,,
269,Breiby,Dag Werner,NO,,trondheim,,
270,Hartveit,Miriam,NO,miriam.hartveit@helse-fonna.no,valen,,
271,Mykletun,Arnstein,NO,,tromsø,,
272,Hurley,Rachel,NO,,oslo,,
273,Iversen,Karine,NO,,ås,,
274,Beyer,Jonny,NO,,oslo,,
275,Steindal,Calin C,NO,,university of oslo,,
276,Green,Norman W,NO,,oslo,,
277,Olsen,Marianne,NO,,oslo,,
278,Lusher,Amy,NO,,oslo,,
279,Inacio,Maria C S,NO,,oslo,,
280,Johnsen,N M,NO,,oslo,,
281,Søvik,O,NO,oddmund.sovik@biomed.uib.no,bergen,,
282,Bergland,Adel,NO,,university of oslo,,
283,Engebretsen,K V,NO,,oslo,,
284,Blom-Høgestøl,I K,NO,,oslo,,
285,Hewitt,S,NO,,oslo,,
286,Risstad,H,NO,,oslo,,
287,Moum,B,NO,,oslo,,
288,Kristinsson,J A,NO,,oslo,,
289,Mala,T,NO,,oslo,,
290,Carlsen,S M,NO,sven.carlsen@ntnu.no,trondheim,,
291,Haugen,M,NO,,university of oslo,,
292,Sjögren,Per,NO,,tromsø,,
293,Edwards,Mary E,NO,,tromsø,,
294,Merkel,Marie Kristine Føreid,NO,,tromsø,,
295,Alsos,Inger Greve,NO,,tromsø,,
296,Belova,Tatiana,NO,,aas,,
297,Maharajan,Amudha,NO,,aas,,
298,Olsen,Odd-Arne,NO,,aas,,
299,Bø,Lars Eirik,NO,lars.eirik.bo@sintef.no,trondheim,,
300,Sioud,M,NO,mosioud@embnet.uio.no,n- oslo,,
301,Hansen,T W,NO,t.w.r.hansen@klinmed.uio.no,university of oslo,,
302,Chen,Weiqin,NO,,oslo,,
303,Berg,K,NO,,university of oslo,,
304,Münter Sellevold,Olav F,NO,olav.sellevold@ntnu.no,trondheim,,
305,Solnes Miltenburg,A,NO,a.solnesmiltenburg@gmail.com.,oslo,,
306,Vaaler,Arne E,NO,,trondheim,,
307,Fasmer,Ole Bernt,NO,,bergen,,
308,Morken,Gunnar,NO,,trondheim,,
309,Krane-Gartiser,Karoline,NO,,trondheim,,
310,Leiros,Hanna Kirsti S,NO,hanna-kirsti.leiros@chem.uit.no,n- tromsø,,
311,Thomassen,R,NO,,n- oslo,,
312,Schaanning,Morten,NO,,oslo,,
313,Cornelissen,Gerard,NO,,oslo,,
314,van Son,Maren,NO,maren.van.son@norsvin.no.,hamar,,
315,Tremoen,Nina Hårdnes,NO,,hamar,,
316,Gaustad,Ann Helen,NO,,hamar,,
317,Myromslien,Frøydis Deinboll,NO,,hamar,,
318,Våge,Dag Inge,NO,,ås,,
319,Stenseth,Else-Berit,NO,,hamar,,
320,Zeremichael,Teklu Tewoldebrhan,NO,,hamar,,
321,Grindflek,Eli,NO,,hamar,,
322,Tombre,Ingunn M,NO,,tromsø,,
323,Xing,Zhe,NO,,bergen,,
324,Heimdal,J H,NO,john.heimdal@haukeland.no,university of bergen,,
325,Oellingrath,Inger M,NO,,porsgrunn,,
326,Svendsen,Martin V,NO,,skien,,
327,Hestetun,Ingebjørg,NO,,skien,,
328,Orpetveit,Irene,NO,irene.orpetveit@vetinst.no,oslo,,
329,Samdal,Oddrun,NO,,bergen,,
330,Pedersen,Monica Stolt,NO,monica.stolt.pedersen@sykehuset-innlandet.no.,brumunddal,,
331,Landheim,Anne,NO,,brumunddal,,
332,Møller,Merete,NO,,grålum,,
333,Lien,Lars,NO,,brumunddal,,
334,Bang,C J,NO,,bergen,,
335,Fredin,Ola,NO,ola.fredin@ngu.no.,trondheim,,
336,Sørlie,Ronald,NO,,lysaker,,
337,Brönner,Marco,NO,,trondheim,,
338,Lie,Jan-Erik,NO,,lysaker,,
339,Grandal,Else Margrethe,NO,,lysaker,,
340,Müller,Axel,NO,,oslo,,
341,Margreth,Annina,NO,,trondheim,,
342,Knies,Jochen,NO,,trondheim,,
343,Oldenburg,Jan,NO,,lørenskog,,
344,Wisløff,U,NO,ulrik.wisloff@medisin.ntnu.no,trondheim,,
345,Bentdal,O,NO,,oslo,,
346,Habiger,Torstein F,NO,,bergen,,
347,Achterberg,Wilco P,NO,,bergen,,
348,Flo,Elisabeth,NO,,bergen,,
349,Husebo,Bettina S,NO,,bergen,,
350,Egge,Elianne S,NO,,oslo,,
351,Solvoll,Betty-Ann,NO,betty-ann.solvoll@hioa.no.,university of nordland,,
352,Brinchmann,Berit Støre,NO,,norway; university of stavanger,,
353,Christensen,Monika H E,NO,monika.christensen@med.uib.no,bergen,,
354,Bratland,Eirik,NO,eirik.bratland@med.uib.no,n- bergen,,
355,Magerøy,Nils,NO,nils.mageroy@isf.uib.no,unifob health bergen/university of bergen,,
356,Bakland,Gunnstein,NO,gunnstein.bakland@unn.no,n- tromsø,,
357,Panagopoulos,Ioannis,NO,,oslo,,
358,Gorunova,Ludmila,NO,,oslo,,
359,Bjerkehagen,Bodil,NO,,oslo,,
360,Heim,Sverre,NO,,oslo,,
361,Hanssen Rinaldo,C,NO,christine.rinaldo@nfh.uit.no,tromsø,,
362,Al-Samarraie,Muhammad S,NO,muhammad.al-samarraie@fhi.no,nasjonalt folkehelseinstitutt,,
363,Borycki,Elizabeth M,NO,,university hospital of north norway,,
364,Solvoll,Terje,NO,,university hospital of north norway,,
365,Kubowicz,Stephan,NO,,oslo,,
366,Booth,Andy M,NO,,trondheim,,
367,Albrechtsen,D,NO,,oslo,,
368,Beitland,S,NO,,oslo,,
369,Nakstad,E R,NO,,oslo,,
370,Staer-Jensen,H,NO,,oslo,,
371,Draegni,T,NO,,oslo,,
372,Andersen,G Ø,NO,,oslo,,
373,Jacobsen,D,NO,,oslo,,
374,Brunborg,C,NO,,oslo,,
375,Waldum-Grevbo,B,NO,,oslo,,
376,Sunde,K,NO,,oslo,,
377,Pasanen,Kati,NO,,oslo,,
378,Lødøen,Christine Pernille,NO,,0316 oslo,,
379,Wiklund Gustin,Lena,NO,,campus narvik,,
380,Fylkesnes,Knut,NO,knut.fylkesnes@cih.uib.no,university of bergen,,
381,Bruusgaard,J C,NO,,oslo,,
382,Romi,F,NO,fredrik.romi@haukeland.no,bergen,,
383,Solberg,Rønnaug,NO,,tønsberg,,
384,Pankratov,Leonid,NO,,oslo,,
385,Saugstad,Ola Didrik,NO,,oslo,,
386,Granja,Conceição,NO,,tromsø,,
387,Ulriksen,Gro-Hilde,NO,,tromsø,,
388,Byd,Kari,NO,,tromsø,,
389,Bolle,Stein Roald,NO,,tromsø,,
390,Hartvigsen,Gunnar,NO,,tromsø,,
391,Berg,Rigmor C,NO,,oslo,,
392,Dahl,Bjørn E,NO,,oslo,,
393,Dahl,Jon E,NO,,oslo,,
394,Rønold,Hans J,NO,,oslo,,
395,Zahl,Per Henrik,NO,,oslo,,
396,Melle,Ingrid,NO,ingrid.melle@medisin.uio.no,oslo,,
397,Inderhaug,Eivind,NO,,bergen,,
398,Schelp,Carl-Henrik,NO,,bergen,,
399,Glambek,Inge,NO,,bergen,,
400,Kristiansen,Ivar S,NO,,oslo,,
401,Tamnes,Christian K,NO,,university of oslo,,
402,Kutzsche,Stefan,NO,stefan.kutzsche@medisin.uio.no,oslo,,
403,Bjorvatn,B.,NO,,n- bergen,,
404,Aass,H,NO,,oslo,,
405,Berg,Kristian,NO,kristian.berg@labmed.uio.no,oslo,,
406,White,Richard,NO,,oslo,,
407,Lindbo Hansen,Elisabeth,NO,,no-1432 ås,,
408,Kringlen,E,NO,,university of oslo,,
409,Kampman,M T,NO,margitta.kampman@unn.no,tromsø,,
410,Karlsen,T,NO,trine.karlsen@ntnu.no,trondheim,,
411,Eikenes,Live,NO,,trondheim,,
412,Reinertsen,Ingerid,NO,,trondheim,,
413,Haugstvedt,Anne,NO,,n-5020 bergen,,
414,Aarflot,Morten,NO,,tromsø,,
415,Igland,Jannicke,NO,,bergen,,
416,Landbakk,Tilla,NO,,gjøvik,,
417,Graue,Marit,NO,,n-5020 bergen,,
418,Wijffels,R H,NO,,n- bodø,,
419,Stenseth,Nils Chr,NO,n.c.stenseth@bio.uio.no,0316 oslo,,
420,Johnson,H K,NO,,university of tromsø,,
421,Lindtjørn,Bernt,NO,,bergen,,
422,Kamaleri,Yusman,NO,yusman.kamaleri@sintef.no,university of oslo,,
423,Wang,Yunpeng,NO,,oslo,,
424,Zuber,Verena,NO,,oslo,,
425,Mills,Ian G,NO,,oslo,,
426,Andreassen,Ole A,NO,,oslo,,
427,Skrede,I,NO,,0316 oslo,,
428,Carlsen,T,NO,,0316 oslo,,
429,Schumacher,T,NO,,0316 oslo,,
430,Harris,Jennifer R,NO,,oslo,,
431,Moens,Ugo,NO,ugo.moens@uit.no.,no- tromsø,,
432,Pandya,Abhilash D,NO,,oslo,,
433,Das,Mrinal K,NO,,oslo,,
434,Sarkar,Arnab,NO,,oslo,,
435,Duttaroy,Asim K,NO,,oslo,,
436,Bogen,Inger Lise,NO,,oslo,,
437,Andersen,Jannike Mørch,NO,,oslo,,
438,Øiestad,Åse Marit Leere,NO,,oslo,,
439,Berg,Thomas,NO,,oslo,,
440,Sławiński,Wojciech A,NO,,n-0315 oslo,,
441,Sjåstad,Anja Olafsen,NO,,n-0315 oslo,,
442,Fjellvåg,Helmer,NO,,n-0315 oslo,,
443,Collas,P,NO,philippe.collas@basalmed.uio.no,university of oslo,,
444,Burger,Bram,NO,,bergen,,
445,Hernández Sánchez,Luis Francisco,NO,,bergen,,
446,Lereim,Ragnhild Reehorst,NO,,bergen,,
447,Barsnes,Harald,NO,,bergen,,
448,Vaudel,Marc,NO,,bergen,,
449,Madsen,Nina Elisabeth,NO,,oslo,,
450,Ota,Shuhei,NO,ohtashuhei@gmail.com,no-0316 oslo,,
451,Halvorsen,T,NO,thomas.halvorsen@helse-bergen.no,university of bergen,,
452,Kocbach,Anette,NO,anette.kocbach@fhi.no,0403 oslo,,
453,Palm,Oyvind,NO,,oslo,,
454,Diamantopoulos,Andreas P,NO,,kristiansand,,
455,Berg,Torill,NO,,university of oslo oslo,,
456,Solbakk,A K,NO,a.k.solbakk@psykologi.uio.no,university of oslo,,
457,Saugstad,O D,NO,,oslo,,
458,Zimmermann,Fabian,NO,,bergen,,
459,Heino,Mikko,NO,,bergen,,
460,Skovereng,Knut,NO,knut.skovereng@ntnu.no.,trondheim,,
461,Ettema,Gertjan,NO,,trondheim,,
462,van Beekvelt,Mireille C P,NO,,trondheim,,
463,Berge,L N,NO,,university of tromsø,,
464,Fløvig,John C,NO,arne.e.vaaler@ntnu.no.,trondheim,,
465,Bradley,P,NO,,oslo,,
466,Haanaes,H R,NO,,universitet i oslo,,
467,Nord,E,NO,,oslo,,
468,Odland,Jon Ø,NO,,n- tromsø,,
469,Kanavin,Øivind J,NO,,oslo,,
470,Berntsen,Sveinung,NO,,kristiansand,,
471,Stølevik,Solvor B,NO,,kristiansand,,
472,Mowinckel,Petter,NO,,oslo,,
473,Nystad,Wenche,NO,,oslo,,
474,Stensrud,Trine,NO,,oslo,,
475,Lund,Johan,NO,johan.lund@samfunnsmed.uio.no,0317 oslo,,
476,Aamland,Aase,NO,,uni research health,,
477,Øyeflaten,Irene,NO,,2 national centre for occupational rehabilitation,,
478,Maeland,Silje,NO,,uni research,,
479,Bartnes,K,NO,bartne@online.no,school of medicine,,
480,Vrabel,KariAnne R,NO,,vikersund,,
481,Ulvenes,Pål G,NO,,vikersund,,
482,Wampold,Bruce,NO,,vikersund,,
483,Bere,Elling,NO,,university of agder,,
484,van der Meer,A L,NO,,trondheim,,
485,Ulvestad,Asbjørn,NO,asbjorn.ulvestad@ife.no.,kjeller,,
486,Andersen,Hanne F,NO,,kjeller,,
487,Jensen,Ingvild J T,NO,,oslo,,
488,Mongstad,Trygve T,NO,,kjeller,,
489,Mæhlen,Jan Petter,NO,,kjeller,,
490,Prytz,Øystein,NO,,oslo,,
491,Kirkengen,Martin,NO,,kjeller,,
492,Bostad,Monica,NO,,oslo,,
493,Sudbø,Jon,NO,jon.sudbo@rh.uio.no,oslo,,
494,Rustad,Lene A,NO,,rikshospitalet,,
495,Lund,Hans,NO,,bergen,,
496,Fossgård,Eirik,NO,,n- tromsø,,
497,Bhatnagar,S,NO,,university of bergen,,
498,Haltbakk,Johannes,NO,johannes.haltbakk@isf.uib.no,university of bergen,,
499,Iversen,Per Ole,NO,p.o.iversen@medisin.uio.no,oslo,,
500,Bere,Tone,NO,tone.bere@nih.no,oslo 0806,,
501,Baglo,Yan,NO,,7491 trondheim,,
502,Hagen,Lars,NO,,7491 trondheim,,
503,Høgset,Anders,NO,,lysaker,,
504,Drabløs,Finn,NO,,7491 trondheim,,
505,Otterlei,Marit,NO,,7084 trondheim,,
506,Gederaas,Odrun A,NO,,7491 trondheim,,
507,Riedel,Bettina M,NO,bettina.marie.riedel@helse-bergen.no,bergen,,
508,Navratilova,Pavla,NO,,bergen,,
509,Becker,Thomas S,NO,,bergen,,
510,Kosinska,Anna,NO,adk@hib.no,5020 bergen,,
511,Samdal,Svein,NO,,no-0315 oslo,,
512,Yardley,Marianne,NO,,oslo,,
513,Havik,Odd E,NO,,bergen,,
514,Grov,Ingelin,NO,,oslo,,
515,Relbo,Anne,NO,,oslo,,
516,Gullestad,Lars,NO,,oslo,,
517,Nytrøen,Kari,NO,,oslo,,
518,Engan,T,NO,,molde hospital,,
519,Brattebø,Guttorm,NO,guttorm.brattebo@helse-bergen.no,akuttmedisinsk seksjon ksk,,
520,Aksnes,L,NO,,university of bergen,,
521,Holmøy,Trygve,NO,trygve.holmoy@medisin.uio.no,akershus university hospital,,
522,Jordhøy,M S,NO,marit.jordhoy@medisin.ntnu.no,trondheim,,
523,Valvatne,Håvard,NO,,university of bergen,,
524,Asbakk,K,NO,,tromsø,,
525,Ahmed,Luai A,NO,luai.awad@ism.uit.no,tromsø,,
526,Skomedal,Tor,NO,,blindern oslo,,
527,Müller,Christoph R,NO,christoph.muller@klinmed.uio.no,oslo,,
528,Gjersing,Linn,NO,lgjersing@gmail.com,oslo,,
529,Utaaker,Kjersti Selstad,NO,kjersti.selstad.utaaker@nmbu.no.,oslo,,
530,Myhr,Nina,NO,,oslo,,
531,Robertson,Lucy J,NO,,oslo,,
532,Istre,O,NO,,hamar,,
533,Mikalsen,Se Kristine Rognmo,NO,,university of tromsø,,
534,Folstad,Ivar,NO,,university of tromsø,,
535,Yoccoz,Nigel Gilles,NO,,university of tromsø,,
536,Laeng,Bruno,NO,,university of tromsø,,
537,Engh,E,NO,,oslo,,
538,Ryberg,D,NO,,oslo,,
539,Brumpton,B,NO,,trondheim,,
540,Kvamme,E,NO,,university of oslo,,
541,Aspenes,Stian Thoresen,NO,,trondheim,,
542,Høye,Alena,NO,,oslo,,
543,Sikkeland,Jørgen,NO,,0310 oslo,,
544,Lindstad,Torstein,NO,,0316 oslo,,
545,Nenseth,Hatice Zeynep,NO,,0316 oslo,,
546,Qu,Su,NO,,0316 oslo,,
547,Muhumed,Ridhwan M,NO,,0316 oslo,,
548,Gram,Frederick,NO,frederick.gram@nilu.no,kjeller,,
549,Wangberg,Silje C,NO,siljecw@gmail.com,narvik,,
550,Hofsø,D,NO,dag.hofso@siv.no,tønsberg,,
551,Olasveengen,Theresa Mariero,NO,,n-0424 oslo,,
552,Pacyna,Jozef M,NO,jp@nilu.no,kjeller,,
553,Hagen,E M,NO,ellen.merete.hagen@helse-bergen.no,bergen,,
554,Brunetti,Marta,NO,,oslo,,
555,Panagopoulos,Ioannis,NO,,oslo,,
556,Gorunova,Ludmila,NO,,oslo,,
557,Davidson,Ben,NO,,oslo,,
558,Heim,Sverre,NO,,oslo,,
559,Micci,Francesca,NO,,oslo,,
560,Fetveit,Arne,NO,arne.fetveit@medisin.uio.no,0317 oslo,,
561,Zerabruk,M,NO,merha.zerabruk@umb.no,aas,,
562,Berlinger,Balazs,NO,,oslo,,
563,Gjessing,Petter Fosse,NO,petter.fosse.gjessing@unn.no,tromsø,,
564,Skarpaas,T,NO,tone.skarpaas@sshf.no,kristiansand,,
565,Skårn,Magne,NO,,oslo,,
566,Klepp,K I,NO,,blindern,,
567,Skulberg,K R,NO,rskulber@online.no,oslo,,
568,Lorentzen,Aslaug R,NO,aslaug.r.lorentzen@gmail.com,oslo,,
569,Boldingh,Anne Marthe,NO,,lørenskog,,
570,Nakstad,Britt,NO,,lørenskog,,
571,Sommer,Iris E C,NO,,bergen,,
572,Flønes,Irene,NO,,bergen,,
573,Sztromwasser,Paweł,NO,,bergen,,
574,Haugarvoll,Kristoffer,NO,,bergen,,
575,Dölle,Christian,NO,,bergen,,
576,Lykouri,Maria,NO,,bergen,,
577,Schwarzlmüller,Thomas,NO,,bergen,,
578,Jonassen,Inge,NO,,bergen,,
579,Miletic,Hrvoje,NO,,bergen,,
580,Johansson,Stefan,NO,,bergen,,
581,Knappskog,Per M,NO,,bergen,,
582,Bindoff,Laurence A,NO,,bergen,,
583,Tzoulis,Charalampos,NO,,bergen,,
584,Torske,Tonje,NO,,drammen,,
585,Nærland,Terje,NO,,oslo,,
586,Øie,Merete G,NO,,oslo,,
587,Stenberg,Nina,NO,,oslo,,
588,Andreassen,Ole A,NO,,oslo,,
589,Delaleu,Nicolas,NO,,bergen,,
590,Petersen,Karina,NO,,n- oslo,,
591,Tollefsen,Knut-Erik,NO,,n- oslo,,
592,Pavlik Marangos,Irina,NO,irinapavlik25@gmail.com,oslo,,
593,Myhrer,Trond,NO,trond.myhrer@ffi.no,kjeller,,
594,Nakken,K O,NO,,sandvika,,
595,Iversen,Tor,NO,,oslo,,
596,Baklien,B,NO,,university of oslo,,
597,Moens,U,NO,,university of tromsø,,
598,Storm,Marianne,NO,marianne.storm@uis.no,stavanger,,
599,Hessen,Erik,NO,erik.hessen@nevropsykologi.no,oslo,,
600,Blomhoff,S,NO,,oslo,,
601,Aune,Dagfinn,NO,d.aune@imperial.ac.uk.,trondheim,,
602,Vatten,Lars J,NO,,trondheim,,
603,Kleivdal,H,NO,,university of bergen,,
604,Patel,Hitendra R H,NO,,tromso,,
605,Stoltenberg,C,NO,,oslo,,
606,Westrøm,Sara,NO,,oslo,,
607,Generalov,Roman,NO,,oslo,,
608,Bønsdorff,Tina B,NO,,oslo,,
609,Budin-Ljøsne,Isabelle,NO,,oslo,,
610,Bentzen,Heidi Beate,NO,,oslo,,
611,Harris,Jennifer R,NO,,oslo,,
612,Stuhr,L E,NO,,university of bergen,,
613,Davidson,Ben,NO,,oslo university hospital oslo,,
614,Brodtkorb,E,NO,,trondheim university hospital,,
615,Sivertsen,Børge,NO,,bergen,,
616,Vedaa,Øystein,NO,,bergen,,
617,Pallesen,Ståle,NO,,bergen,,
618,Aarø,Leif E,NO,,bergen,,
619,Lønning,Kari J,NO,,drammen,,
620,Hysing,Mari,NO,,bergen,,
621,Thorsen,Olav,NO,olav.thorsen@uib.no.,n-5020,,
622,Hartveit,Miriam,NO,,n-5020,,
623,Johannessen,Jan Olav,NO,,n-4068,,
624,Fosse,Lars,NO,,n-4068,,
625,Eide,Geir Egil,NO,,n-5020,,
626,Schulz,Jörn,NO,,n-4068,,
627,Bærheim,Anders,NO,,n-5020,,
628,Christensen,G,NO,,institute for experimental medical research,,
629,Laugsand,L E,NO,lars.e.laugsand@ntnu.no.,trondheim,,
630,Janszky,I,NO,,trondheim,,
631,Vatten,L J,NO,,trondheim,,
632,Dalen,H,NO,,levanger,,
633,Midthjell,K,NO,,levanger,,
634,Grill,V,NO,,trondheim,,
635,Torbergsen,Torberg,NO,,tromsø,,
636,Horn,Morten A,NO,,oslo,,
637,van Ghelue,Marijke,NO,,tromsø,,
638,Løseth,Sissel,NO,,tromsø,,
639,Cai,Tommaso,NO,,oslo,,
640,Kuznetsov,Andrej,NO,andrej.kuznetsov@fys.uio.no.,oslo,,
641,Rootwelt,T,NO,,university of oslo,,
642,Stokke,E S,NO,,oslo,,
643,Engebretsen,Lars,NO,,oslo,,
644,Stokke,Caroline,NO,,oslo,,
645,Sandven,P,NO,,oslo,,
646,Kaljusto,Mari-Liis,NO,m.l.kaljusto@medisin.uio.no,oslo,,
647,Ertzeid,G,NO,,oslo,,
648,Mårild,Karl,NO,,oslo,,
649,Tapia,German,NO,,oslo,,
650,Haugen,Margaretha,NO,,oslo,,
651,Skrivarhaug,Torild,NO,,oslo,,
652,Njølstad,Pål R,NO,,bergen,,
653,Joner,Geir,NO,,oslo,,
654,Magnus,Per,NO,,oslo,,
655,Størdal,Ketil,NO,,oslo,,
656,Stene,Lars C,NO,,oslo,,
657,Olasveengen,Theresa M,NO,,oslo,,
658,Okoli,Arinze,NO,arinze.okoli@genok.no.,n- tromsø,,
659,Okeke,Malachy I,NO,malachy.okeke@uit.no.,n- tromsø,,
660,Tryland,Morten,NO,morten.tryland@uit.no.,n- tromsø,,
661,Moens,Ugo,NO,ugo.moens@uit.no.,n- tromsø,,
662,Norekvål,Tone M,NO,tone.norekval@helse-bergen.no,bergen,,
663,Heldal,Anne Taraldsen,NO,anne.taraldsen.heldal@helse-bergen.no,n- bergen,,
664,Wilson,Steven R,NO,,oslo,,
665,Lien,Vegard Torp,NO,,n-0371 oslo,,
666,Olberg,Dag Erlend,NO,,n-0371 oslo,,
667,Klaveness,Jo,NO,,n-0371 oslo,,
668,Görbitz,Carl Henrik,NO,,n-0315 oslo,,
669,Pedersen,Nina Marie,NO,,oslo,,
670,Thorvaldsen,Tor Espen,NO,,oslo,,
671,Schultz,Sebastian Wolfgang,NO,,oslo,,
672,Wenzel,Eva Maria,NO,,oslo,,
673,Stenmark,Harald,NO,,oslo,,
674,Bisschop,Jan,NO,jan.bisschop@fys.uio.no,n-0316 oslo,,
675,Clark,D,NO,,university of tromsø,,
676,Andersson,Helena,NO,,oslo,,
677,Nieder,Carsten,NO,carsten.nieder@nlsh.no.,bodø,,
678,Dalhaug,Astrid,NO,,bodø,,
679,Pawinski,Adam,NO,,bodø,,
680,Mannsåker,Bård,NO,,bodø,,
681,Haukland,Ellinor,NO,,bodø,,
682,Medbø,J I,NO,,oslo,,
683,Myhr,Kjell-Morten,NO,,bergen,,
684,Skudutyte-Rysstad,Rasa,NO,rasas@odont.uio.no.,oslo,,
685,Skivenes,Marit,NO,,university of bergen,,
686,Fintl,C,NO,,0033 oslo,,
687,Gaarder,Christine,NO,tinagaar@online.no,oslo,,
688,Marvik,O J,NO,,university of oslo,,
689,Flatmark,T,NO,,university of bergen,,
690,Sundby,J,NO,johanne.sundby@samfunsmed.uio.no,n-0317 oslo,,
691,Sneltvedt,Torild,NO,,bodø,,
692,Sörlie,Venke,NO,,oslo,,
693,Bless,Josef J,NO,,bergen,,
694,Hugdahl,Kenneth,NO,,bergen,,
695,Westerhausen,René,NO,,oslo,,
696,Levorsen,Andrée,NO,,c c sanofi,,
697,Abrahamsen,Roger K,NO,,n- ås,,
698,Rukke,Elling-Olav,NO,,n- ås,,
699,Johansen,Anne-Grethe,NO,,n-1432 ås,,
700,Schüller,Reidar B,NO,,n- ås,,
701,Skeie,Siv B,NO,,n- ås,,
702,Wendel,Cato Christian,NO,cato.wendel@umb.no,n-1432 aas,,
703,Trondsen,E,NO,,nordbyhagen,,
704,Akola,Jaakko,NO,,no- trondheim,,
705,Torgersen,Gerald R,NO,,oslo,,
706,Hol,Caroline,NO,,arendal,,
707,Møystad,Anne,NO,,oslo,,
708,Bruun,T,NO,,bergen,,
709,Gade,Anne Lill,NO,anne.lill.gade@jotun.no,n-0316 oslo,,
710,Gudbrandsen,Oddrun Anita,NO,nkjgu@uib.no,n- bergen,,
711,Einum,Sigurd,NO,,n- trondheim,,
712,Spakman,Wim,NO,,oslo,,
713,Mellbye,O J,NO,,oslo,,
714,Larsen,S G,NO,stein.larsen@radiumhospitalet.no,oslo,,
715,de Blasio,B F,NO,birgitte.deblasio@medisin.uio.no,oslo,,
716,Avershina,Ekaterina,NO,,ås,,
717,Lundgård,Krister,NO,,ås,,
718,Storrø,Ola,NO,,trondheim,,
719,Øien,Torbjørn,NO,,trondheim,,
720,Dotterud,Christian Kvikne,NO,,trondheim,,
721,Johnsen,Roar,NO,,trondheim,,
722,Oldenburg,Jan,NO,janolde@ulrik.uio.no,oslo,,
723,Sidhu,Maan Singh,NO,maan.singh.sidhu@animalia.com,oslo,,
724,Stoylen,A,NO,a-stoe@online.no,trondheim,,
725,Johannsdottir,Inga Maria,NO,,oslo,,
726,Loge,Jon H,NO,,oslo,,
727,Kiserud,Cecilie E,NO,,oslo,,
728,Karlstad,Øystein,NO,,oslo,,
729,Skurtveit,Svetlana,NO,,oslo,,
730,Skjærvø,Sandra H,NO,,no- trondheim,,
731,Wefring,Espen T,NO,,no- trondheim,,
732,Nesdal,Silje K,NO,,no- trondheim,,
733,Gaukås,Nikolai H,NO,,no- trondheim,,
734,Olsen,Gerhard H,NO,,no- trondheim,,
735,Glaum,Julia,NO,,no- trondheim,,
736,Tybell,Thomas,NO,,no- trondheim,,
737,Selbach,Sverre M,NO,,no- trondheim,,
738,Smith,P,NO,pasm@online.no,baerum hospital,,
739,Ostensen,M,NO,,oslo sanitetsforening rheumatism hospital,,
740,Krohn,C D,NO,,oslo,,
741,Panja,Debabrata,NO,,bergen,,
742,Bramham,Clive R,NO,,bergen,,
743,Wibrand,Karin,NO,,bergen,,
744,Mølstad,P,NO,,hamar hospital,,
745,Gondwe,Thandile,NO,thandile_nkosi@yahoo.com.,bergen,,
746,Robberstad,Bjarne,NO,,bergen,,
747,Lange,Siri,NO,,bergen,,
748,Blomberg,Bjørn,NO,,bergen,,
749,Halaas,Ø,NO,oyvind.halaas@medisin.ntnu.no,n- trondheim,,
750,Bjørnstad,G,NO,,0315 oslo,,
751,Møllersen,Snefrid,NO,snefrid.mollersen@helse-finnmark.no,n- kirkenes,,
752,Brown,J,NO,,no- østerås,,
753,Hosseini,A,NO,,no- østerås,,
754,Drolsum,Liv,NO,liv.drolsum@uus.no,oslo,,
755,Pereira,Joana B,NO,joana.pereira@ki.se.,stavanger,,
756,Svenningsson,Per,NO,,stavanger,,
757,Weintraub,Daniel,NO,,stavanger,,
758,Brønnick,Kolbjørn,NO,,stavanger,,
759,Lebedev,Alexander,NO,,stavanger,,
760,Westman,Eric,NO,,stavanger,,
761,Aarsland,Dag,NO,,stavanger,,
762,Wold,A H,NO,,institute of psychology,,
763,Abdelnoor,M,NO,,university of oslo,,
764,Mohr,Fiona,NO,,n- bergen,,
765,Xing,Z,NO,,bergen,,
766,Gjerset,B,NO,,oslo,,
767,Brekke,Svein,NO,svein.brekke@medisin.ntnu.no,trondheim,,
768,Kvaerner,Kari Jorunn,NO,k.j.kvarner@medisin.uio.no,oslo,,
769,Strohmaier,Susanne,NO,,oslo,,
770,Røysland,Kjetil,NO,,oslo,,
771,Hoff,Rune,NO,,oslo,,
772,Borgan,Ørnulf,NO,,oslo,,
773,Pedersen,Terje R,NO,,oslo,,
774,Aalen,Odd O,NO,,oslo,,
775,Groseth,Per Kristian,NO,,oslo,,
776,Sørlie,Morten,NO,,n-1432 ås,,
777,Verhaegen,Steven,NO,,oslo,,
778,Ropstad,Erik,NO,,oslo,,
779,Ebbesson,Lars O E,NO,,n- bergen,,
780,Berdal,Jan-Erik,NO,,nordbyhagen,,
781,Haagensen,Rolf,NO,,nordbyhagen,,
782,Ranheim,Trond,NO,,nordbyhagen,,
783,Bjørnholt,Jørgen V,NO,,oslo,,
784,Kellmann,Ralf,NO,,university of bergen,,
785,Løvlien,Mona,NO,mona.lovlien@himolde.no,trondheim,,
786,Görbitz,C H,NO,c.h.gorbitz@kjemi.uio.no,n-0315 oslo,,
787,Andersen,R A,NO,,oslo,,
788,Torp,S H,NO,,trondheim,,
789,Tollefsen,Stig,NO,,university of oslo,,
790,Loe,Leif Egil,NO,,n-0316 oslo,,
791,Finsen,Vilhjalmur,NO,,trondheim,,
792,Furnes,Marianne W,NO,,trondheim,,
793,Wang,Junbai,NO,junbai.wang@rr-research.no,montebello  oslo,,
794,Viksveen,Petter,NO,,stavanger,,
795,Korvald,C,NO,korvald@fagmed.uit.no,n- tromsø,,
796,Kjøllesdal,Marte Råberg,NO,m.k.raberg@medisin.uio.no,0316 oslo,,
797,Myklebust,Marion,NO,,tromsø,,
798,Gjengedal,Eva,NO,,bergen,,
799,Strømsvik,Nina,NO,nina@tbt.no.,tromsø,,
800,Kummervold,Per E,NO,,no- tromsø,,
801,Asberg,Anders,NO,anders.asberg@farmasi.uio.no,oslo,,
802,Berild,Dag,NO,dag.berild@ioks.uio.no,n- oslo,,
803,Kristensen,Gunnar B,NO,,oslo,,
804,Davidson,Ben,NO,,oslo,,
805,Lund,Marianne T,NO,,cicero - center for international climate and environmental research - oslo,,
806,Stephens,R W,NO,,oslo,,
807,Meknas,Khaled,NO,khaled.meknas@unn.no,tromsø,,
808,Vinknes,Kathrine J,NO,,oslo,,
809,Nurk,Eha,NO,,oslo,,
810,Tell,Grethe S,NO,,bergen,,
811,Sulo,Gerhard,NO,,bergen,,
812,Refsum,Helga,NO,,oslo,,
813,Braadland,Peder Rustøen,NO,,oslo,,
814,Ramberg,Håkon,NO,,oslo,,
815,Grytli,Helene Hartvedt,NO,,oslo,,
816,Taskén,Kristin Austlid,NO,,oslo,,
817,Gaudernack,Gustav,NO,,oslo,,
818,Sødring,K M,NO,,oslo,,
819,Storå,Bent,NO,,eastern and southern norway,,
820,Aarstad,H J,NO,,university of tromsøo,,
821,Haug,Bjørn,NO,bjornhaug@online.no,n- sandnessjøen,,
822,Stenmark,Harald,NO,h.a.stenmark@farmasi.uio.no,oslo,,
823,Sandberg,Sverre,NO,,bergen,,
824,Brod,Eva,NO,eva.brod@nibio.no.,ås,,
825,Oppen,Johan,NO,,molde,,
826,Kristoffersen,Annbjørg Øverli,NO,,ås,,
827,Haraldsen,Trond Knapp,NO,,ås,,
828,Krogstad,Tore,NO,,ås,,
829,Myhre,Simen,NO,,oslo,,
830,Moreau,Magnus,NO,,trondheim,,
831,Selbach,Sverre M,NO,,trondheim,,
832,Tybell,Thomas,NO,thomas.tybell@iet.ntnu.no.,trondheim,,
833,Selvig,K A,NO,,school of dentistry,,
834,Fosse,Elisabeth,NO,elisabeth.fosse@psyhp.uib.no,bergen,,
835,Røtvold,Ketil,NO,,tromsø,,
836,Wynn,Rolf,NO,,tromsø,,
837,Gjertsen,Bjørn-Tore,NO,,bergen,,
838,Hvidsten,N A,NO,,no-7485 trondheim,,
839,Lund,Jo A,NO,jo-asmund.lund@stolav.no,trondheim,,
840,Flåøyen,A,NO,,oslo,,
841,Haga,Egil,NO,,oslo,,
842,Aas,Eline,NO,,oslo,,
843,Grøholt,Berit,NO,,oslo,,
844,Tørmoen,Anita J,NO,,oslo,,
845,Mehlum,Lars,NO,,oslo,,
846,Yoccoz,Nigel G,NO,,n- tromsø,,
847,Ellingsen,Kari E,NO,,n- tromsø,,
848,Tveraa,Torkild,NO,,n- tromsø,,
849,Jelsness-Jørgensen,Lars-Petter,NO,lars.p.jelsness-jorgensen@hiof.no,fredrikstad,,
850,Zapilko,Clemens,NO,,bergen,,
851,Tvedt,Christine,NO,,oslo,,
852,Sjetne,Ingeborg Strømseng,NO,,oslo,,
853,Helgeland,Jon,NO,,oslo,,
854,Bukholm,Geir,NO,,aas,,
855,Gisvold,S E,NO,,trondheim,,
856,Berge,Karin G,NO,,bergen,,
857,Agdal,Maren L,NO,,bergen,,
858,Vika,Margrethe,NO,,bergen,,
859,Skeie,Marit S,NO,,bergen,,
860,Xavier,Joana R,NO,,bergen,,
861,Jakobsen,Kjetill S,NO,,oslo,,
862,Jentoft,Sissel,NO,,kristiansand,,
863,Off,Morten K,NO,mortenoff@hotmail.com,bergen,,
864,Rosseland,A R,NO,,nordbyhagen,,
865,Austvoll-Dahlgren,Astrid,NO,,oslo,,
866,Guttersrud,Øystein,NO,,oslo,,
867,Oxman,Andrew D,NO,,oslo,,
868,Thorlacius,S,NO,,gade institute,,
869,Waje-Andreassen,U,NO,uwan@helse-bergen.no,bergen,,
870,Wennberg,Aina Charlotte,NO,aina.charlotte.wennberg@niva.no,oslo,,
871,Ostensjø,Sigrid,NO,sigrid.ostensjo@hf.hio.no,oslo university college,,
872,Samuelsen,Ørjan,NO,,tromsø,,
873,Moser,Ingunn,NO,moser@diakonhjemmet.no,diakonhjemmet høgskole og universitetet i nordland,,
874,Breimo,Einar S,NO,,university of tromsø,,
875,Bjaalie,J G,NO,,university of oslo,,
876,Graupner,Anne,NO,,oslo,,
877,Instanes,Christine,NO,,oslo,,
878,Andersen,Jill Mari,NO,,oslo,,
879,Lindeman,Birgitte,NO,,oslo,,
880,Rongved,Tonje Danielsen,NO,,oslo,,
881,Brunborg,Gunnar,NO,,oslo,,
882,Aasland,R,NO,,university of bergen,,
883,Grøholt,B,NO,,university of oslo,,
884,Volden,G,NO,,trondheim,,
885,Kraggerud,Sigrid Marie,NO,,n- oslo,,
886,Øian,Pål,NO,,tromsø,,
887,Aldrin,Magne,NO,magne.aldrin@nr.no,oslo,,
888,Aleström,Peter,NO,peter.alestrom@nmbu.no.,oslo,,
889,Rund,B R,NO,,university of oslo,,
890,Decharat,Adit,NO,adit.decharat@uit.no.,tromsø n-,,
891,Wagle,Sanat,NO,sanat.wagle@uit.no.,tromsø n-,,
892,Jacobsen,Svein,NO,svein.jacobsen@uit.no.,tromsø n-,,
893,Melandsø,Frank,NO,frank.melandso@uit.no.,tromsø n-,,
894,Trucchi,Emiliano,NO,,oslo,,
895,Bergh,Ingunn H,NO,,no-0316 oslo,,
896,Hausken,Solveig E S,NO,,no-0316 oslo,,
897,Glavin,Kari,NO,,oslo,,
898,Lien,Nanna,NO,,no-0316 oslo,,
899,Bjelland,Mona,NO,,no-0316 oslo,,
900,Tenke,Peter,NO,,oslo,,
901,Meier,Sonnich,NO,sonnich.meier@imr.no,bergen,,
902,Jacobsen,E A,NO,,university hospital of tromsø,,
903,Raaen,Steinar,NO,steinar.raaen@ntnu.no.,no  trondheim,,
904,Lejon,Tore,NO,,n-9037 tromsø,,
905,Håberg,Siri E,NO,,oslo,,
906,Magnus,Per,NO,,oslo,,
907,Rethy,Anna,NO,,trondheim,,
908,Egeland,Erlend Johannessen,NO,,oslo,,
909,Reisaeter,Anna Varberg,NO,,oslo,,
910,Robertsen,Ida,NO,,oslo,,
911,Midtvedt,Karsten,NO,,oslo,,
912,Strøm,Erik Heyerdahl,NO,,oslo,,
913,Holdaas,Hallvard,NO,,oslo,,
914,Hartmann,Anders,NO,,oslo,,
915,Åsberg,Anders,NO,,oslo,,
916,Risum,O,NO,,oslo,,
917,Wigen,Tove I,NO,,oslo,,
918,Angelo,Kent,NO,carsten.nieder@nlsh.no.,bodø,,
919,Holme,Øyvind,NO,,oslo,,
920,Bretthauer,Michael,NO,,oslo,,
921,Meijer,Hanneke J M,NO,,bergen,,
922,Eggesbø,M,NO,,oslo,,
923,Abedini,Sadollah,NO,sadollah.abedini@gmail.com,oslo,,
924,Sylte,Ingebrigt,NO,,tromsø,,
925,Dawadi,Rangita,NO,,tromsø,,
926,Malla,Nabin,NO,,tromsø,,
927,von Hofsten,Susannah,NO,,tromsø,,
928,Nguyen,Tra-Mi,NO,,tromsø,,
929,Solli,Ann Iren,NO,,tromsø,,
930,Berg,Eli,NO,,tromsø,,
931,Adekoya,Olayiwola A,NO,,tromsø,,
932,Svineng,Gunbjørg,NO,,tromsø,,
933,Winberg,Jan-Olof,NO,,tromsø,,
934,Johansson,Ann-Katrin,NO,,bergen,,
935,Holen,Torgeir,NO,,n- oslo,,
936,Horsberg Eriksen,Beate,NO,,ålesund,,
937,Aukrust,Ingvild,NO,,bergen,,
938,Houge,Gunnar,NO,,bergen,,
939,Hunskaar,Steinar,NO,steinar.hunskar@isf.uib.no,bergen,,
940,Heggebø,Ragna,NO,,n-0033 oslo,,
941,Osterås,O,NO,olav.osteras@tine.no,tine norwegian dairies as,,
942,Johannessen,Svein I,NO,,sandvika,,
943,Saeterbakken,Atle H,NO,,levanger,,
944,Schaufel,Margrethe Aase,NO,,bergen,,
945,Ruths,Sabine,NO,,bergen,,
946,Skare,Oystein,NO,oystein.skare@lds.no,oslo,,
947,Brown,J E,NO,justin.brown@nrpa.no,østerås,,
948,Baekelandt,M,NO,mark.baekelandt@klinmed.uio.no,oslo,,
949,Marques da Silva,Rafael,NO,rafaels@odont.uio.no,oslo,,
950,Hexeberg,E,NO,,university of bergen,,
951,Røen,Bent Tore,NO,,no- kjeller,,
952,Pedersen,Ina B,NO,,kristiansand,,
953,Løberg,Magnus,NO,,oslo,,
954,Hoff,Geir,NO,,oslo,,
955,Kalager,Mette,NO,,oslo,,
956,Bretthauer,Michael,NO,,oslo,,
957,Holme,Øyvind,NO,,kristiansand,,
958,Lervik,Anders,NO,anders.lervik@chem.ntnu.no,trondheim,,
959,Vie,Ane Kjersti,NO,,trondheim,,
960,Najafi,Javad,NO,,trondheim,,
961,Winge,Per,NO,,trondheim,,
962,Brembu,Tore,NO,,trondheim,,
963,Bones,Atle M,NO,,trondheim,,
964,Sætre,C,NO,camilla@ift.uib.no,university of bergen,,
965,Nordrehaug,Jan Erik,NO,,university of bergen,,
966,Halvorsen,Sigrun,NO,,university of oslo,,
967,Hoffmann,Pavel,NO,,ullevål,,
968,Atar,Dan,NO,,university of oslo,,
969,Nunes,I P,NO,,university of bergen,,
970,Dibb,W L,NO,,fredrikstad,,
971,Hermansen,Erland,NO,erland.hermansen@helse-bergen.no.,ålesund,,
972,Romild,Ulla Kristina,NO,,levanger,,
973,Austevoll,Ivar Magne,NO,,bergen,,
974,Solberg,Tore,NO,,tromsø,,
975,Storheim,Kjersti,NO,,oslo,,
976,Brox,Jens Ivar,NO,,oslo,,
977,Hellum,Christian,NO,,oslo,,
978,Indrekvam,Kari,NO,,bergen,,
979,Nygaard,Harald A,NO,,no- bergen,,
980,Todorčević,Marijana,NO,,no- ås,,
981,Torgersen,Jacob,NO,,no- ås,,
982,Škugor,Stanko,NO,,no- ås,,
983,Ruyter,Bente,NO,,no- ås,,
984,Beisland,Christian,NO,,bergen,,
985,Aursnes,Ivar,NO,i.a.aursnes@medisin.uio.no,oslo,,
986,Bjerner,Johan,NO,jbjerner@furst.no,oslo n-,,
987,Aaseth,Jan,NO,,elverum,,
988,Melleby,Arne O,NO,,oslo,,
989,Strand,Mari E,NO,,oslo,,
990,Romaine,Andreas,NO,,oslo,,
991,Herum,Kate M,NO,,oslo,,
992,Skrbic,Biljana,NO,,oslo,,
993,Dahl,Christen P,NO,,oslo,,
994,Sjaastad,Ivar,NO,,oslo,,
995,Fiane,Arnt E,NO,,oslo,,
996,Christensen,Geir,NO,,oslo,,
997,Lunde,Ida G,NO,,oslo,,
998,Jakola,Asgeir S,NO,,7030 trondheim,,
999,Saether,Rannei,NO,rannei.sather@ntnu.no,trondheim,,
1000,Haug,Kristiane,NO,,oslo,,
1001,Ranheim,B,NO,birgit.ranheim@veths.no,no-0033 oslo,,
1002,Grung,B,NO,,stavanger,,
1003,Jørgensen,Vivien,NO,,nesodden,,
1004,Opheim,Arve,NO,,nesodden,,
1005,Stanghelle,Johan K,NO,,oslo,,
1006,Mordal,Jon,NO,,oslo,,
1007,Dahl,Gry T,NO,,oslo,,
1008,Krajci,Peter,NO,,oslo,,
1009,Gudbergsson,Saevar Berg,NO,bergg@ulrik.uio.no,montebello,,
1010,Søndenaa,K,NO,,stavanger,,
1011,Walaas,S I,NO,,university of oslo,,
1012,Grønli,Janne,NO,,bergen,,
1013,Valeur,Jørgen,NO,,oslo,,
1014,Undseth,Ragnhild,NO,,oslo,,
1015,Berstad,Arnold,NO,,oslo,,
1016,Rostrup,M,NO,,oslo,,
1017,Jovanovic,Jovana,NO,,university of oslo,,
1018,Vindas,Marco A,NO,,5020 bergen,,
1019,Johansen,Ida B,NO,,oslo,,
1020,Folkedal,Ole,NO,,matredal,,
1021,Kristiansen,Tore S,NO,,matredal,,
1022,Øverli,Øyvind,NO,,1432 ås,,
1023,Jonsson,R,NO,,bergen,,
1024,Steine,Kjetil,NO,kjetil.steine@ioks.uio.no,university of oslo,,
1025,Stenvold,Helge,NO,helge.stenvold@uit.no.,tromso,,
1026,Orderud,Fredrik,NO,fredrik.orderud@idi.ntnu.no,norwegian university of science and technology,,
1027,Rodriguez-Aranda,Claudia,NO,claudia@psyk.uit.no,n- tromsø,,
1028,Carteny,Camilla Catarci,NO,,trondheim,,
1029,Eggen,Trine,NO,,ås,,
1030,Hasvold,Pål,NO,,0316 oslo,,
1031,Overgård,Aina-Cathrine,NO,aina-cathrine.oevergaard@imr.no,n- bergen,,
1032,Helvik,Anne-Sofie,NO,anne-sofie.helvi@ntnu.no,trondheim,,
1033,Poless,Pauline Georgees,NO,,bergen,,
1034,Lugo,Ricardo Gregorio,NO,,lillehammer,,
1035,Andreassen,Marita,NO,,lillehammer,,
1036,Sütterlin,Stefan,NO,,oslo,,
1037,Bakken,Arnhild,NO,,oslo,,
1038,Bere,Tone,NO,,oslo,,
1039,Bahr,Roald,NO,,oslo,,
1040,Engedal,Knut,NO,,oslo,,
1041,Skjelbred,Birger,NO,,no-,,
1042,Edvardsen,Bente,NO,,no-0316,,
1043,Andersen,Tom,NO,,no-0316,,
1044,Hetland,Ø,NO,heoy@sir.no,stavanger,,
1045,Elsås,T,NO,,university of trondheim,,
1046,Nyhus,Maria Øyasaeter,NO,,trondheim,,
1047,Salvesen,Kjell Å,NO,,trondheim,,
1048,Volløyhaug,Ingrid,NO,,trondheim,,
1049,Sundheim,Leif,NO,leif.sundheim@bioforsk.no.,ås,,
1050,Brodal,Guro,NO,guro.brodal@bioforsk.no.,ås,,
1051,Hofgaard,Inger S,NO,ingerd.hofgaard@bioforsk.no.,ås,,
1052,Rafoss,Trond,NO,trond.rafoss@bioforsk.no.,ås,,
1053,Holm,Anne Lise,NO,anne.holm@hsh.no,haugesund,,
1054,Samarakoon,Pubudu Saneth,NO,saneth.samarakoon@gmail.com.,oslo,,
1055,Sorte,Hanne Sørmo,NO,h.s.sorte@medisin.uio.no.,oslo,,
1056,Stray-Pedersen,Asbjørg,NO,astrayped@gmail.com.,oslo,,
1057,Rødningen,Olaug Kristin,NO,olaugrod@gmail.com.,oslo,,
1058,Rognes,Torbjørn,NO,torognes@ifi.uio.no.,oslo,,
1059,Lyle,Robert,NO,robert.lyle@medisin.uio.no.,oslo,,
1060,Magnusson,K,NO,,oslo,,
1061,Mathiessen,A,NO,,oslo,,
1062,Hammer,H B,NO,,oslo,,
1063,Kvien,T K,NO,,oslo,,
1064,Slatkowsky-Christensen,B,NO,,oslo,,
1065,Natvig,B,NO,,oslo,,
1066,Hagen,K B,NO,,oslo,,
1067,Østerås,N,NO,,oslo,,
1068,Haugen,I K,NO,,oslo,,
1069,Krasnov,Aleksei,NO,aleksei.krasnov@nofima.no,ås n-1430 bergin,,
1070,Mayerhofer,Cristiane C K,NO,,oslo,,
1071,Ueland,Thor,NO,,tromsø,,
1072,Broch,Kaspar,NO,,oslo,,
1073,Dahl,Christen P,NO,,oslo,,
1074,Aukrust,Pål,NO,,oslo,,
1075,Gullestad,Lars,NO,,oslo,,
1076,Hov,Johannes R,NO,,oslo,,
1077,Bjordal,Jan Magnus,NO,,bergen,,
1078,Widström,Eeva,NO,eeva.widstrom@uit.no,tromsø,,
1079,Augestad,Knut M,NO,knut.magne.augestad@telemed.no,norwegian centre for telemedicine,,
1080,Demissie,Taye B,NO,,tromsø,,
1081,Ruud,Kenneth,NO,,tromsø,,
1082,Ramsdal,Gro,NO,,n- harstad,,
1083,Bergvik,Svein,NO,,tromsø,,
1084,Wynn,Rolf,NO,,tromsø,,
1085,Farstad,I N,NO,,national hospital,,
1086,Bliksøen,Marte,NO,,oslo,,
1087,Mariero,Lars Henrik,NO,,oslo,,
1088,Torp,May Kristin,NO,,oslo,,
1089,Baysa,Anton,NO,,oslo,,
1090,Ytrehus,Kirsti,NO,,tromsø,,
1091,Haugen,Fred,NO,,oslo,,
1092,Seljeflot,Ingebjørg,NO,,oslo,,
1093,Vaage,Jarle,NO,,oslo,,
1094,Valen,Guro,NO,,oslo,,
1095,Stensløkken,Kåre-Olav,NO,k.o.stenslokken@medisin.uio.no.,oslo,,
1096,Munthe-Kaas,Monica Cheng,NO,m.c.munthe-kaas@ioks.uio.no,university of oslo,,
1097,Johansen,Odd Erik,NO,,asker,,
1098,Bianchini,F,NO,federico.bianchini@smn.uio.no.,n-0315 oslo,,
1099,Kjelsberg,Ellen,NO,ellen.kjelsberg@kompetanse-senteret.no,oslo,,
1100,Kongsgaard,U E,NO,,oslo,,
1101,Pedersen,Willy,NO,willy.pedersen@sosiologi.uio.no,0317 oslo og statens institutt for rusmiddelforskning (sirus),,
1102,Alseth,Espen Homleid,NO,espen.alseth@student.uib.no,university of bergen,,
1103,Bahr,Roald,NO,roald.bahr@nih.no,oslo,,
1104,Hucíková,Anežka,NO,,university of bergen,,
1105,Babic,Ankica,NO,,university of bergen,,
1106,Bernitz,Stine,NO,stiber@so-hf.no.,grålum,,
1107,Dalbye,Rebecka,NO,,grålum,,
1108,Øian,Pål,NO,,tromsø,,
1109,Eggebø,Torbjørn Moe,NO,,trondheim,,
1110,Blix,Ellen,NO,,oslo,,
1111,Eriksen,Hege R,NO,hege.eriksen@psybp.uib.no,n- bergen,,
1112,Oppedal,Brit,NO,brit.oppedal@fhi.no,oslo,,
1113,Haugstvedt,Anne,NO,ahau@hib.no,bergen,,
1114,Torgersen,S,NO,,university of oslo,,
