temp_id,lastname,firstname,countries_scope,email,town,role,url
1,Lin,Chenchen,NO,,førde,,
2,Rajalahti,Tarja,NO,,førde,,
3,Mjøs,Svein Are,NO,,bergen,,
4,Kvalheim,Olav Martin,NO,,førde,,
5,Oppegaard,Oddvar,NO,oddvar.oppegaard@helse-bergen.no.,bergen,,
6,Skrede,Steinar,NO,,bergen,,
7,Mylvaganam,Haima,NO,,bergen,,
8,Kittang,Bård Reiakvam,NO,,bergen,,
9,Sundsfjord,Arnfinn,NO,,university of tromsø,,
10,Berger,T,NO,,kjeller,,
11,Collins,Andrew,NO,,oslo,,
12,Dusinska,Maria,NO,,kjeller,,
13,Johannesen,T B,NO,tomj@trollnet.no,oslo,,
14,Sundnes,Joakim,NO,,fornebu,,
15,Maleckar,Molly M,NO,,fornebu,,
16,Mowe,Morten,NO,morten.mowe@akersykehus.no,oslo,,
17,Nankabirwa,Victoria,NO,nankabirwav@gmail.com.,bergen,,
18,Tylleskär,Thorkild,NO,,bergen,,
19,Tumuhamye,Josephine,NO,,bergen,,
20,Martines,José C,NO,,bergen,,
21,Sommerfelt,Halvor,NO,,bergen,,
22,Eide,A H,NO,,university of bergen,,
23,Cybulski,Hubert,NO,,n- tromsø,,
24,Moksnes,Unni K,NO,,trondheim,,
25,Eilertsen,Mary-Elizabeth B,NO,,trondheim,,
26,Ringdal,Regine,NO,,trondheim,,
27,Bjørnsen,Hanne N,NO,,trondheim,,
28,Rannestad,Toril,NO,,trondheim,,
29,Theodosiou,Paraskevi,NO,,skien,,
30,Strand,P,NO,,osterås,,
31,Grinde,Bjørn,NO,bjgr@fhi.no,oslo,,
32,Børretzen,I,NO,ingelin.borretzen@nrpa.no,n- osterås,,
33,Larsson,Maria,NO,,oslo,,
34,Bassett,David C,NO,,trondheim,,
35,Yde,Jacob C,NO,,sogndal,,
36,Andreassen,O A,NO,,oslo,,
37,Djurovic,S,NO,,oslo,,
38,Morken,G,NO,,trondheim,,
39,Mihailova,Albena,NO,albenam@kjemi.uio.no,oslo,,
40,Camargo-Ricalde,Sara Lucía,NO,slcr@xanum.uam.mx,1432 as,,
41,Elagib,K E,NO,,university of oslo,,
42,Foss,O A,NO,olav.foss@ntnu.no,trondheim,,
43,Aaseth,Jan,NO,,brumunddal,,
44,Cantas,L,NO,,norwegian school of veterinary science oslo,,
45,Friberg,Nikolai,NO,,oslo,,
46,Heinrich,Daniel,NO,,lørenskog,,
47,Bruland,Øyvind,NO,,oslo,,
48,Grepstad,Jon Olav,NO,jonolav.grepstad@sintef.no,no- trondheim,,
49,Delsett,Lene Liebe,NO,,oslo,,
50,Roberts,Aubrey J,NO,,oslo,,
51,Hurum,Jørn H,NO,,oslo,,
52,Einvik,Gunnar,NO,geinvik@online.no,universitetet i oslo,,
53,Karlsdottir,Ragnheidur,NO,ragnheidur.karlsdottir@svt.ntnu.no,n- trondheim,,
54,Vollset,Knut W,NO,knut.vollset@uni.no.,bergen,,
55,Qviller,Lars,NO,,oslo,,
56,Skår,Bjørnar,NO,,bergen,,
57,Barlaup,Bjørn T,NO,,bergen,,
58,Herrman,Helle,NO,,oslo,,
59,Egge,Arild,NO,,oslo,,
60,Konglund,Ane E,NO,,oslo,,
61,Ramm-Pettersen,Jon,NO,,oslo,,
62,Dietrichs,Espen,NO,,oslo,,
63,Taubøll,Erik,NO,,oslo,,
64,Lundebye,Anne-Katrine,NO,,5817 bergen,,
65,Ellingsen,Ståle,NO,,5817 bergen,,
66,Solhaug,Knut Asbjørn,NO,,ås,,
67,Stensvand,Arne,NO,,1431 ås,,
68,Gislerød,Hans Ragnar,NO,,ås,,
69,Fattah,S,NO,,drøbak,,
70,Cascella,Michele,NO,michele.cascella@kjemi.uio.no.,department of chemistry and centre for theoretical and computational chemistry (ctcc) university of oslo po box  blindern 0315 oslo,,
71,Lekva,Tove,NO,tove.lekva@medisin.uio.no,oslo,,
72,Ahlstrom,O,NO,,as,,
73,Risholm,Petter,NO,pettri@ifi.uio.no,oslo,,
74,Eriksen,Willy,NO,w.b.eriksen@samfunnsmed.uio.no,0318 oslo,,
75,Mazzawi,Tarek,NO,,bergen,,
76,El-Salhy,Magdy,NO,,stord,,
77,Wijmenga,Cisca,NO,,oslo,,
78,Linnell,John D C,NO,,trondheim,,
79,Odden,John,NO,,trondheim,,
80,Skovdal,Morten,NO,,bergen,,
81,Torjussen,J,NO,ostrc@nih.no,oslo,,
82,Brudeli,Bjarne,NO,,n-0316 oslo,,
83,Terjesen,T,NO,,trondheim university hospital,,
84,Trøseid,M,NO,troseid@hotmail.com,oslo,,
85,de Vogel,Stefan,NO,stefan.vogel@isf.uib.no,bergen,,
86,Hinderaker,S G,NO,,bergen,,
87,Xhanari,Klodian,NO,,trondheim,,
88,Eide,Ivar Anders,NO,,oslo,,
89,Halden,Thea Anine Strøm,NO,,oslo,,
90,Hartmann,Anders,NO,,oslo,,
91,Åsberg,Anders,NO,,oslo,,
92,Dahle,Dag Olav,NO,,oslo,,
93,Reisaeter,Anna Varberg,NO,,oslo,,
94,Jenssen,Trond,NO,,oslo,,
95,Dørum,Guro,NO,,ås,,
96,Vigeland,Magnus Dehli,NO,,oslo,,
97,Page,Christian M,NO,,oslo,,
98,Vos,Linda,NO,,oslo,,
99,Rounge,Trine B,NO,,oslo,,
100,Harbo,Hanne F,NO,,oslo,,
101,Andreassen,Bettina K,NO,,oslo,,
102,Pallesen,Ståle,NO,,university of bergen,,
103,Mentzoni,Rune,NO,,university of bergen,,
104,Ness,Ottar,NO,ottar.ness@hibu.no.,drammen,,
105,Arlov,Øystein,NO,,trondheim,,
106,Aachmann,Finn L,NO,,trondheim,,
107,Feyzi,Emadoldin,NO,,trondheim,,
108,Sundan,Anders,NO,,trondheim,,
109,Skjåk-Bræk,Gudmund,NO,,trondheim,,
110,Svensson,Elisabeth,NO,elisabeth.svensson@ahus.no,akershus university hospital,,
111,Stoknes,Magne,NO,magne.stoknes@gmail.com,trondheim,,
112,Gustavsen,M W,NO,,oslo,,
113,Haugstvedt,J R,NO,,oslo,,
114,Svanes,C,NO,,haukeland university hospital,,
115,Løseth,Sissel,NO,sissel.loseth@unn.no,tromsø,,
116,Tollefsen,Dag,NO,dag.tollefsen@ffi.no,horten,,
117,Specht,Karsten,NO,karsten.specht@psybp.uib.no,bergen,,
118,Nieder,C,NO,cnied@hotmail.com,bodø,,
119,Albrektsen,Grethe,NO,msega@uib.no,bergen,,
120,Traavik,T,NO,,university of tromsø,,
121,Baghestan,Elham,NO,,bergen,,
122,Natvig,Gerd Karin,NO,,university of bergen,,
123,Eide,Geir Egil,NO,,university of bergen,,
124,Nilsen,Anne Britt Vika,NO,,western norway university of applied sciences,,
125,Skomedal,H,NO,,oslo,,
126,Knudsen,Endre,NO,,university of oslo,,
127,Mathiesen,Ragnvald H,NO,,trondheim,,
128,Ray,Jessica L,NO,,n tromso,,
129,Revdal,Anders,NO,,trondheim,,
130,Hollekim-Strand,Siri M,NO,,trondheim,,
131,Ingul,Charlotte B,NO,,trondheim,,
132,Aurlien,D,NO,,stavanger,,
133,Atar,Dan,NO,,oslo,,
134,Johannessen Landmark,Cecilie,NO,cecilie.landmark@hf.hio.no,oslo,,
135,Fagerland,Morten W,NO,morten.fagerland@medisin.uio.no,n- oslo,,
136,Brandtzaeg,Per,NO,per.brandtzaeg@labmed.uio.no,n- oslo,,
137,Cappelen,Alexander W,NO,alexander.cappelen@nhh.no,bergen,,
138,Aas,Vigdis,NO,vigdis.aas@hf.hio.no,oslo,,
139,Moen,A,NO,anne.moen@sykepleievit.uio.no,oslo,,
140,Nordbø,H,NO,,university of oslo,,
141,Strøm,Thale M Asp,NO,,oslo,,
142,Skeie,Anette Torød,NO,,oslo,,
143,Lobmaier,Ingvild Koren,NO,,oslo,,
144,Zaikova,Olga,NO,,oslo,,
145,Holsen,D S,NO,,bergen national prison,,
146,Tranebjaerg,L,NO,,tromsø,,
147,Mørch,R H,NO,,oslo,,
148,Dieset,I,NO,,oslo,,
149,Faerden,A,NO,,oslo,,
150,Hope,S,NO,,oslo,,
151,Aas,M,NO,,oslo,,
152,Nerhus,M,NO,,oslo,,
153,Gardsjord,E S,NO,,oslo,,
154,Haram,M,NO,,oslo,,
155,Falk,R S,NO,,oslo,,
156,Joa,I,NO,,stavanger,,
157,Morken,G,NO,,trondheim,,
158,Agartz,I,NO,,oslo,,
159,Aukrust,P,NO,,oslo,,
160,Djurovic,S,NO,,oslo,,
161,Melle,I,NO,,oslo,,
162,Ueland,T,NO,,oslo,,
163,Andreassen,O A,NO,,oslo,,
164,Oektedalen,Olav,NO,,oslo,,
165,Stray-Pedersen,Babill,NO,,oslo,,
166,Valderhaug,Tone G,NO,,nordbyhagen,,
167,Sandbu,Rune,NO,,tønsberg,,
168,Jakobsen,Gunn S,NO,,oslo,,
169,Småstuen,Milada C,NO,,tønsberg,,
170,Hertel,Jens K,NO,,tønsberg,,
171,Hjelmesæth,Jøran,NO,,oslo,,
172,Valentova,Vanda,NO,,mosjøen,,
173,Austnes,Kari,NO,kari.austnes@umb.no,aas,,
174,Bøen,E,NO,,norway; normood (norwegian research network on mood disorders),,
175,Malt,E A,NO,,lørenskog,,
176,Malt,U F,NO,,norway; normood (norwegian research network on mood disorders),,
177,Berge,J A,NO,,university of oslo,,
178,Borchgrevink,P C,NO,,university of trondheim,,
179,Rusten,Marte,NO,,bergen,,
180,Alraek,Terje,NO,,tromsø,,
181,Birch,Stephen,NO,,oslo,,
182,Erikssen,G,NO,k-eriks@online.no,nordbyhagen,,
183,Hall,K,NO,,n-0310 oslo,,
184,Dahl,Sandra Rinne,NO,,oslo,,
185,Nermoen,Ingrid,NO,,lørenskog,,
186,Brøndstad,Ingeborg,NO,,bergen,,
187,Husebye,Eystein Sverre,NO,,bergen,,
188,Løvås,Kristian,NO,,bergen,,
189,Thorsby,Per Medbøe,NO,,oslo,,
190,Misceo,D,NO,,oslo,,
191,Sjögren,G,NO,goran.sjogren@odont.umu.se,haslum,,
192,Grant,D,NO,derek.grant@ge.com,oslo,,
193,Sandaa,Ruth-Anne,NO,ruth.sandaa@bio.uib.no,n-5020 bergen,,
194,Ulstein,Ingun D,NO,ingun.ulstein@aldringoghelse.no,oslo,,
195,Sletvold,O,NO,,haukeland hospital,,
196,Mills,Ian G,NO,,oslo,,
197,Ying,Ming,NO,,university of bergen,,
198,Hegstad,A C,NO,,university of tromsø,,
199,Gilfillan,Gregor D,NO,,oslo,,
200,Samset,B H,NO,,center for international climate and environmental research - oslo (cicero) oslo,,
201,Forchhammer,M C,NO,,university of oslo,,
202,Hartz,Ingeborg,NO,ingeborg@farmasi.uit.no,university of tromsø,,
203,Thoresen,O F,NO,,oslo,,
204,Kjaeve,J,NO,,university of tromsø,,
205,Strand,Trine Aakvik,NO,,trondheim,,
206,Lale,Rahmi,NO,,trondheim,,
207,Degnes,Kristin Fløgstad,NO,,trondheim,,
208,Lando,Malin,NO,,trondheim,,
209,Valla,Svein,NO,,trondheim,,
210,Rokstad,K,NO,,university of bergen,,
211,Jonsson,B A,NO,,bergen,,
212,Kadar,T,NO,,bergen,,
213,Havelin,L I,NO,,bergen,,
214,Haugan,K,NO,,trondheim,,
215,Espehaug,B,NO,,bergen,,
216,Indrekvam,K,NO,,bergen,,
217,Furnes,O,NO,,bergen,,
218,Hallan,G,NO,,bergen,,
219,Saxegaard,E,NO,,university of oslo,,
220,Eikenes,Åsmund H,NO,,oslo,,
221,Malerød,Lene,NO,,oslo,,
222,Christensen,Anette Lie,NO,,oslo,,
223,Steen,Chloé B,NO,,oslo,,
224,Liestøl,Knut,NO,,oslo,,
225,Stenmark,Harald,NO,,oslo,,
226,Haglund,Kaisa,NO,,oslo,,
227,Skrede,Inger,NO,inger.skrede@nhm.uio.no,no- oslo,,
228,Schimmer,Barbara,NO,barschimmer@gmail.com,oslo,,
229,Westgaard,R H,NO,,n- trondheim,,
230,Bollerslev,J,NO,,oslo,,
231,Gladhaug,I P,NO,,university of oslo,,
232,Stormo,Anders,NO,,tromsø,,
233,Rugkåsa,J,NO,jorun.rugkasa@ahus.no.,lørenskog,,
234,Kvam,Lisbeth,NO,lisbeth.kvam@hist.no,trondheim,,
235,Løberg,R M,NO,,university of oslo,,
236,Kristoffersen,Simen M,NO,,oslo,,
237,Heier,M S,NO,,oslo,,
238,Berge,Rolf K,NO,rolf.berge@uib.no.,bergen,,
239,Ramsvik,Marie S,NO,marie.ramsvik@olympic.no.,bergen,,
240,Bohov,Pavol,NO,pavol.bohov@uib.no.,bergen,,
241,Svardal,Asbjørn,NO,asbjorn.svardal@uib.no.,bergen,,
242,Nordrehaug,Jan E,NO,jan.nordrehaug@uib.no.,bergen,,
243,Rostrup,Espen,NO,espen.rostrup@helse-bergen.no.,bergen,,
244,Bruheim,Inge,NO,inge.bruheim@olympic.no.,fosnavaag,,
245,Bjørndal,Bodil,NO,bodil.bjorndal@uib.no.,bergen,,
246,Hall,C,NO,,university of oslo,,
247,Sjolie,Astrid N,NO,asjolie@hotmail.com,university of bergen,,
248,Kvalheim,G,NO,,oslo,,
249,Kaasbøll,Ole Jørgen,NO,,no- oslo,,
250,Gadicherla,Ashish K,NO,,no- oslo,,
251,Monsen,Vivi Talstad,NO,,no- oslo,,
252,Hagelin,Else Marie Valbjørn,NO,,no- oslo,,
253,Attramadal,Håvard,NO,havard.attramadal@medisin.uio.no.,no- oslo,,
254,Peltzer,Raphael,NO,,oslo,,
255,Strand,Tor A,NO,,bergen,,
256,Zambrana,Imac Maria,NO,imac.maria.zambrana@fhi.no,oslo,,
257,Torgersen,Jacob,NO,jacob.torgersen@veths.no,n-0033 oslo,,
258,Løvvik,Anja,NO,,lørenskog,,
259,Müller,Stig,NO,,lørenskog,,
260,Patel,Hitendra R H,NO,urology@hrpatel.org.,tromsø,,
261,Strømskag,K E,NO,,oslo,,
262,Grytli,Helene Hartvedt,NO,,oslo,,
263,Fagerland,Morten Wang,NO,,oslo,,
264,Fosså,Sophie D,NO,,oslo,,
265,Mortensen,Stein,NO,stein.mortensen@imr.no,5817 bergen,,
266,Jacob,A L,NO,anne.jacob@pki.uib.no,bergen n-,,
267,Otterstad,J E,NO,,toensberg,,
268,Tellgren,Asa,NO,,bergen,,
269,Fardal,Øystein,NO,,egersund,,
270,Grytten,Jostein,NO,,university of oslo,,
271,Ellingsen,Stig,NO,,university of oslo,,
272,Fardal,Patrick,NO,,egersund,,
273,Hansen,Frode Orbeck,NO,frode.hansen@hia.no,grimstad,,
274,Wolkers,Hans,NO,hans.wolkers@npolar.no,n- tromsø,,
275,Overgaard,Hans J,NO,,akershus,,
276,Nielsen,Line Bøe,NO,,tromso,,
277,Michelsen,Vibeke B,NO,vibeke.michelsen@odont.uib.no,bergen,,
278,Guzman-Herrador,B,NO,bernardorafael.guzman.herrador@fhi.no,oslo,,
279,Kropotov,Iurii D,NO,,trondheim,,
280,Aarnes,Gudrun Trøite,NO,,oslo,,
281,Ruud,Ellen,NO,ellen.ruud@rikshospitalet.no,oslo,,
282,Andersen,L B,NO,,sogndal,,
283,Ekelund,U,NO,,oslo,,
284,Stray-Pedersen,Babill,NO,,oslo,,
285,Nilsen,F,NO,frank.nilsen@imr.no,bergen high technology centre,,
286,Bentdal,Yngvild E,NO,y.e.bentdal@medisin.uio.no,lørenskog,,
287,Naevdal,Folkvard,NO,fne@hib.no,n- bergen,,
288,Labori,K J,NO,,oslo,,
289,Hallan,Stein I,NO,stein.hallan@ntnu.no,n- trondheim,,
290,Hemmen,H,NO,henrik.hemmen@ntnu.no,n- trondheim,,
291,Lusher,Amy L,NO,,oslo,,
292,Bråte,Inger Lise N,NO,,oslo,,
293,Lund,E,NO,,universitetet i tromsø,,
294,Kirkebøen,K A,NO,,ullevål hospital,,
295,Rabben,T,NO,rabben@odont.uio.no,oslo university school of dentistry,,
296,Sodeland,Marte,NO,marte.sodeland@imr.no.,kristiansand,,
297,Jorde,Per Erik,NO,,university of oslo,,
298,Lien,Sigbjørn,NO,,norwegian university of life sciences,,
299,Jentoft,Sissel,NO,,university of oslo,,
300,Berg,Paul R,NO,,university of oslo,,
301,Grove,Harald,NO,,norwegian university of life sciences,,
302,Kent,Matthew P,NO,,norwegian university of life sciences,,
303,Arnyasi,Mariann,NO,,norwegian university of life sciences,,
304,Olsen,Esben Moland,NO,,kristiansand,,
305,Knutsen,Halvor,NO,,university of oslo,,
306,Ormaasen,Vidar,NO,vidar.ormaasen@ioks.uio.no,oslo,,
307,Furu,Kari,NO,,oslo,,
308,Karlstad,Øystein,NO,,oslo,,
309,Biringer,Eva,NO,eva.biringer@helse-fonna.no.,haugesund,,
310,Sundfør,Bengt,NO,,bergen,,
311,Ruud,Torleif,NO,,lørenskog,,
312,Borg,Marit,NO,,drammen,,
313,Stray-Pedersen,Babill,NO,,oslo,,
314,Hartveit,F,NO,,university of bergen,,
315,Friberg,Nikolai,NO,,n-,,
316,Rebbestad,K,NO,karen.rebbestad@med.uib.no,bergen,,
317,Hollund,Ingrid Marie Husby,NO,,trondheim,,
318,Olsen,Alexander,NO,,trondheim,,
319,Skranes,Jon,NO,,trondheim,,
320,Brubakk,Ann-Mari,NO,,trondheim,,
321,Håberg,Asta K,NO,,trondheim,,
322,Eikenes,Live,NO,,trondheim,,
323,Evensen,Kari Anne I,NO,,trondheim,,
324,Lund Håheim,Lise,NO,,oslo,,
325,Rønningen,Kjersti S,NO,,oslo,,
326,Enersen,Morten,NO,,oslo,,
327,Olsen,Ingar,NO,,oslo,,
328,Larsson,Max,NO,,oslo,,
329,Sandanger,Inger,NO,inger.sandanger@medisin.uio.no,university of oslo,,
330,Ahlstrøm,Øystein,NO,oystein.ahlstrom@iha.nlh.no,n- as,,
331,Godt,Johannes Clemens,NO,,oslo,,
332,Eken,Torsten,NO,,oslo,,
333,Schulz,Anselm,NO,,oslo,,
334,Johansen,Cathrine K,NO,,oslo,,
335,Aarsnes,Anette,NO,,oslo,,
336,Dormagen,Johann Baptist,NO,,oslo,,
337,Braathen,Ranveig,NO,ranveig.braathen@labmed.uio.no,n- oslo,,
338,Norby,P,NO,poul.norby@kjemi.uio.no,university of oslo,,
339,Seljeflot,I,NO,,oslo,,
340,Laborie,Lene B,NO,lene.bjerke.laborie@helse-bergen.no,university of bergen,,
341,Vevelstad,Merete,NO,mervev@ous-hf.no.,oslo,,
342,Øiestad,Elisabeth Leere,NO,,oslo,,
343,Nerem,Elisabeth,NO,,oslo,,
344,Arnestad,Marianne,NO,,oslo,,
345,Bogen,Inger Lise,NO,,oslo,,
346,Mikalsen,Ingvild Bruun,NO,,stavanger,,
347,Nassehi,Damoun,NO,,egersund,,
348,Øymar,Knut,NO,,stavanger,,
349,Thorsen,Anders L,NO,,bergen,,
350,Lundervold,Astri J,NO,,bergen,,
351,Sivertsen,Børge,NO,,oslo,,
352,Nguyen,Chinh Bkrong,NO,,lørenskog,,
353,Alsøe,Lene,NO,,lørenskog,,
354,Sulheim,Dag,NO,,lillehammer,,
355,Fagermoen,Even,NO,,oslo,,
356,Winger,Anette,NO,,oslo,,
357,Kaarbø,Mari,NO,,oslo,,
358,Nilsen,Hilde,NO,,lørenskog,,
359,Wyller,Vegard Bruun,NO,brwylle@online.no.,lørenskog,,
360,Cherubini,Francesco,NO,,no- trondheim,,
361,Michelsen,Ottar,NO,,no- trondheim,,
362,Prot,Victorien,NO,,trondheim,,
363,Skallerud,Bjorn,NO,,trondheim,,
364,Rostrup,M,NO,,university of oslo,,
365,Maeland,Johan A,NO,,trondheim,,
366,Vilhjálmsson,Vilhjálmur H,NO,vvi061@odont.uib.no,bergen,,
367,Labori,Knut Jørgen,NO,,oslo,,
368,Haugvik,Sven-Petter,NO,,oslo,,
369,Line,Pål-Dag,NO,,oslo,,
370,Gulliksrud,Kristine,NO,,oslo university hospital,,
371,Tanbo,T,NO,,university of oslo,,
372,Doran,Rouven,NO,,bergen,,
373,Böhm,Gisela,NO,,bergen,,
374,Hansen,Britt S,NO,habs@sus.no,university of stavanger,,
375,Knudsen,Rune,NO,runek@nfh.uit.no,tromsø,,
376,Samuelsen,Sven Ove,NO,osamuels@math.uio.no,oslo,,
377,Marques da Silva,Rafael,NO,rafaels@odont.uio.no,n-0316 oslo,,
378,Engelsen,Bernt A,NO,bernt.engelsen@helse-bergen.no,bergen,,
379,Rødningen,O K,NO,,oslo,,
380,Petersen,H,NO,,oslo,,
381,Mathiesen,G,NO,geir.mathiesen@umb.no,as,,
382,Bjornestad,Jone,NO,,university of stavangerstavanger,,
383,Joa,Inge,NO,,university of stavangerstavanger,,
384,Larsen,Tor K,NO,,university of bergenbergen,,
385,Langeveld,Johannes,NO,,stavanger university hospital stavanger,,
386,Ten Velden Hegelstad,Wenche,NO,,stavanger university hospital stavanger,,
387,Anda,Liss G,NO,,stavanger university hospital stavanger,,
388,Veseth,Marius,NO,,bergen university college bergen,,
389,Melle,Ingrid,NO,,university of oslo oslo,,
390,Johannessen,Jan O,NO,,university of bergenbergen,,
391,Bronnick,Kolbjorn,NO,,university of bergenbergen,,
392,Skinningsrud,Beate,NO,beate.skinningsrud@medisin.uio.no,oslo,,
393,Fløtten,Ø,NO,oystein.flotten@helse-bergen.no.,bergen,,
394,Pedersen,T R,NO,,university of oslo,,
395,Østhus,Ståle,NO,,oslo,,
396,Amundsen,Ellen J,NO,,oslo,,
397,Brannsether,Bente,NO,,bergen,,
398,Eide,Geir Egil,NO,,bergen,,
399,Bjerknes,Robert,NO,,bergen,,
400,Júlíusson,Pétur Benedikt,NO,,bergen,,
401,Guttormsen,A B,NO,,university of bergen,,
402,Huppertz-Hauss,Gert,NO,,skien,,
403,Aas,Eline,NO,,lørenskog,,
404,Lie Høivik,Marte,NO,,oslo,,
405,Småstuen,Milada,NO,,oslo,,
406,Hoff,Geir,NO,,skien,,
407,Moum,Bjørn,NO,,oslo,,
408,Bernklev,Tomm,NO,,skien,,
409,Mårvik,R,NO,,trondheim university hospital,,
410,Røttingen,J A,NO,,university of oslo,,
411,Parmene,Jerome,NO,,n-0315 oslo,,
412,Thorstensen,K,NO,,trondheim,,
413,Svarstad,E,NO,,university of bergen,,
414,Azak,Schale,NO,schale.azak@lds.no,no-0317 oslo,,
415,Harboe,M,NO,,oslo,,
416,Charnock,C,NO,,university of oslo,,
417,Asberg,A,NO,,n- oslo,,
418,Stoltenberg,L,NO,,oslo,,
419,Paulsen,G,NO,goran.paulsen@nih.no,oslo,,
420,Larssen,Trond Bjerke,NO,,bergen,,
421,Viste,Asgaut,NO,,bergen,,
422,Horn,Arild,NO,,bergen,,
423,Haldorsen,Ingfrid Salvesen,NO,,bergen,,
424,Espeland,Ansgar,NO,ansgar.espeland@gmail.com.,bergen,,
425,Sandøy,Ingvild F,NO,,bergen,,
426,Bell,H,NO,,oslo,,
427,Axelsson,Stefan,NO,stefan.axelson@tako.no,university of oslo,,
428,Fjell,Anders M,NO,andersmf@psykologi.uio.no,university of oslo,,
429,Hugdahl,K,NO,hugdahl@psych.uib.no,university of bergen,,
430,Rognum,T O,NO,,university of oslo,,
431,Otterstad,Jan Erik,NO,jan.erik.otterstad@siv.no,toensberg,,
432,Sorbye,Halfdan,NO,,bergen,,
433,Steinsbekk,Silje,NO,silje.steinsbekk@svt.ntnu.no.,trondheim,,
434,Sveen,Trude Hamre,NO,,trondheim,,
435,Wichstrøm,Lars,NO,,trondheim,,
436,Holte,Hilde H,NO,,oslo,,
437,Pihlstrøm,H K,NO,,oslo,,
438,Mjøen,G,NO,,oslo,,
439,Haraldsen,G,NO,,oslo,,
440,Holdaas,H,NO,,oslo,,
441,Melum,E,NO,,oslo,,
442,Strandberg,T,NO,,oslo,,
443,Carlsen,K H,NO,,oslo,,
444,Lodrup Carlsen,K,NO,,oslo,,
445,Matignon,P,NO,,moss,,
446,Michel,J P,NO,,oslo,,
447,Skrindo,I,NO,,oslo,,
448,Harboe,M,NO,,institute of immunology and rheumatology,,
449,Engeset,A,NO,,oslo,,
450,Söderström,S,NO,,trondheim,,
451,Vik,K,NO,,trondheim,,
452,Nurk,Eha,NO,eha.nurk@isf.uib.no,n- bergen,,
453,Valborg Reinertsen,Kristin,NO,,n- oslo,,
454,Trinh,Don,NO,,n- oslo,,
455,Reed,Wenche,NO,,n- oslo,,
456,Bøhler,Per Johannes,NO,,n- oslo,,
457,Nylund,A,NO,,bergen,,
458,Hamnes,Bente,NO,,lillehammer,,
459,Zangi,Heidi A,NO,,oslo,,
460,Salvesen,K Å,NO,,trondheim,,
461,Lyngstad,M,NO,,university of trondheim,,
462,Brinch,L,NO,,oslo,,
463,Otterstad,Jan Erik,NO,j-otte@online.no,n- toensberg,,
464,Magnus,Maria C,NO,,oslo,,
465,Magnus,Per,NO,maria.christine.magnus@bristol.ac.uk.,oslo,,
466,Nystad,Wenche,NO,,oslo,,
467,Page,Christian M,NO,,oslo,,
468,Stene,Lars C,NO,,oslo,,
469,Tapia,German,NO,,oslo,,
470,Bergvik,Svein,NO,,tromsø,,
471,Sørlie,Tore,NO,,tromsø,,
472,Nordøy,Tone,NO,,tromsø,,
473,Coello,Christopher,NO,christopher.coello@medisin.uio.no,university of oslo,,
474,Fosse,E,NO,,oslo,,
475,Oerbeck,Beate,NO,,oslo university hospital,,
476,Friis,Svein,NO,,university of oslo,,
477,Pripp,Are Hugo,NO,,oslo university hospital,,
478,Biele,Guido,NO,,oslo,,
479,Aase,Heidi,NO,,oslo,,
480,Zeiner,Pål,NO,,oslo university hospital,,
481,Ødegård,Einar,NO,eo@sirus.no,oslo,,
482,Brennen,T,NO,timb@psyk.uit.no,university of tromsø,,
483,Skyrud,T,NO,,university of oslo,,
484,Pettersen,Ingvild,NO,,tromsø,,
485,Rosenvinge,J H,NO,,university of tromsø,,
486,Granhag,Pär Anders,NO,,oslo,,
487,Bjørnstad,K,NO,,university hospital of trondheim,,
488,Mehlum,Ingrid Sivesind,NO,ism@stami.no,n-0033 oslo,,
489,Brodwall,Kristoffer,NO,kristoffer.brodwall@gmail.com,haukeland universitetssykehus,,
490,Hundal,O,NO,,oslo,,
491,Chen,Qingjun,NO,edd.a.blekkan@ntnu.no.,trondheim,,
492,Sanne,Bjarte,NO,bjarte.sanne@rbup.uib.no,bergen,,
493,Elstad,Jon Ivar,NO,jon.i.elstad@nova.no,0208 oslo,,
494,Skaalvik,E M,NO,,university of trondheim,,
495,Brodin,P,NO,,university of oslo,,
496,Reikvam,H,NO,,bergen,,
497,Ytrehus,K,NO,,university of tromsø,,
498,Bjaerum,Steinar,NO,steinar.bjaerum@med.ge.com,horten,,
499,Norheim,Ole F,NO,,5020 bergen,,
500,Nord,Erik,NO,,oslo,,
501,Johansson,Kjell A,NO,,5020 bergen,,
502,Helleve,Arnfinn,NO,arnfinn.helleve@medisin.uio.no,university of oslo,,
503,Romøren,Kristine,NO,kristine.romoren@farmasi.uio.no,oslo 0316,,
504,Brandtzaeg,Per,NO,per.brandtzaeg@labmed.uio.no,rikshospitalet,,
505,Rekvig,O,NO,,university hospital of tromsø,,
506,Meyer,Romain,NO,,bergen,,
507,Jacobsen Bertelsen,R,NO,,bergen,,
508,Gedde-Dahl,M,NO,,n- oslo,,
509,Tomter,Ane B,NO,,oslo,,
510,Schøyen,H,NO,,university of oslo,,
511,Gran,J M,NO,j.m.gran@medisin.uio.no,oslo,,
512,Hansen,Thor Willy Ruud,NO,t.w.r.hansen@medisin.uio.no,oslo,,
513,Bjørge,Tone,NO,,oslo,,
514,Johansen,Monika Alise,NO,monika.johansen@telemed.no,tromsø,,
515,Kunkel,Susanne,NO,,ås,,
516,Lund,P K,NO,perlund@online.no,oslo,,
517,Selbæk,Geir,NO,,ottestad,,
518,Borch-Iohnsen,B,NO,,university of oslo,,
519,Rossvoll,I,NO,,trondheim university hospital,,
520,Nordfjaern,Trond,NO,,oslo,,
521,Dalby,Marius,NO,,universitetet i oslo,,
522,Gaustad,A H,NO,,hamar,,
523,Toussaint,Renaud,NO,,n-0316 oslo,,
524,Angel,Bjørn Øystein,NO,,kristiansand,,
525,Ekeberg,O,NO,,oslo,,
526,Gaupset,Robin,NO,,lørenskog,,
527,Nesgaard,Jens Marius,NO,,tønsberg,,
528,Kazaryan,Airazat M,NO,,lørenskog,,
529,Edwin,Bjørn,NO,,oslo,,
530,Ignjatovic,Dejan,NO,,lørenskog,,
531,Johansen,E,NO,,faculty of health sciences buskerud and vestfold university college drammen,,
532,Støren,Øyvind,NO,oyvind.storen@hit.no,trondheim,,
533,Sponheim,S,NO,sjur.sponheim@rikshospitalet.no,oslo,,
534,Iversen,Marjolein M,NO,,bergen,,
535,Tell,Grethe S,NO,,bergen,,
536,Espehaug,Birgitte,NO,,bergen,,
537,Midthjell,Kristian,NO,,levanger,,
538,Graue,Marit,NO,,bergen,,
539,Reas,Deborah L,NO,,oslo,,
540,Almdahl,S M,NO,,tromsø,,
541,Knappskog,Per M,NO,,university of bergen,,
542,Bøhn,M,NO,,university of oslo,,
543,Wörlund,Sara Maria,NO,sara.woerlund@sus.no,stavanger universitetssjukehus,,
544,Riise,Trond,NO,,bergen,,
545,Bjornevik,Kjetil,NO,,bergen,,
546,Østbye,T K,NO,,aas,,
547,Rimstad,E,NO,espen.rimstad@veths.no,n- oslo,,
548,Thorkildsen,,NO,gunnar.thorkildsen@tn.his.no,stavanger,,
549,Furnes,Harald,NO,,bergen,,
550,Kjeldsen,Sverre E,NO,,oslo,,
551,Abbas,Nasir,NO,nasir.abbas@rr-research.no.,oslo,,
552,Borg,Marit,NO,marit.borg@hibu.no,kongsberg,,
553,Sandanger,I,NO,,university of oslo,,
554,Hansen,J,NO,johnbh@fagmed.uit.no,tromso,,
555,Gaustad,Peter,NO,,oslo,,
556,Helgesen,G,NO,,no- kjeller,,
557,Fjeldstad,Katja,NO,,oslo,,
558,Normann,P T,NO,,oslo,,
559,Skog,O J,NO,,oslo,,
560,Gilgien,Matthias,NO,,oslo,,
561,Blystad,A K,NO,a.k.blystad@klinmed.uio.no,oslo,,
562,Damås,J K,NO,j.k.damas@klinmed.uio.no,the national hospital,,
563,Meric,Ilker,NO,,bergen,,
564,Pettersen,Helge E S,NO,,bergen,,
565,Hagen,Knut,NO,knut.hagen@ntnu.no,trondheim,,
566,Mathisen,Ulla Dorte,NO,ulla.dorte.mathisen@unn.no,n- tromsø,,
567,Zuo,Hui,NO,hui.zuo@uib.no.,university of bergen,,
568,Svingen,Gard F T,NO,,bergen,,
569,Tell,Grethe S,NO,,university of bergen,,
570,Ueland,Per M,NO,,university of bergen,,
571,Vollset,Stein E,NO,,university of bergen,,
572,Pedersen,Eva R,NO,,bergen,,
573,Ulvik,Arve,NO,,bergen,,
574,Meyer,Klaus,NO,,bergen,,
575,Nordrehaug,Jan E,NO,,university of bergen,,
576,Nilsen,Dennis W T,NO,,university of bergen,,
577,Bønaa,Kaare H,NO,,trondheim,,
578,Nygård,Ottar,NO,,university of bergen,,
579,Olsen,Øystein,NO,oystein.olsen@ntnu.no,trondheim,,
580,Sletten,Gaynour B G,NO,gaynour-b.sletten@vetinst.no,oslo,,
581,Kjelland,Vivian,NO,vivian.kjelland@uia.no,kristiansand,,
582,Berg,Torill,NO,torill.berg@medisin.uio.no,oslo,,
583,Lindberg,Maren Falch,NO,,0318 oslo,,
584,Gay,Caryl,NO,,0440 oslo,,
585,Rosseland,Leiv Arne,NO,,0316 oslo,,
586,Lerdal,Anners,NO,,0440 oslo,,
587,Nygård,Ståle,NO,staaln@ifi.uio.no.,oslo,,
588,MacDonald,Emily,NO,,oslo,,
589,Tzellos,T,NO,,tromsø,,
590,Ruud,Torleif,NO,,oslo,,
591,Ravndal,Edle,NO,,oslo,,
592,Landheim,Anne,NO,,brumunddal,,
593,Bergersen,Linda H,NO,,n-,,
594,Bollerslev,Jens,NO,,oslo,,
595,Gifstad,Tone,NO,tone.gifstad@ntnu.no.,trondheim,,
596,Ruland,Cornelia M,NO,cornelia.ruland@rr-research.no,oslo,,
597,Thoresen,Siri,NO,,n- oslo,,
598,Asbjørnsen,H,NO,helge.asbjornsen@helse-bergen.no,bergen,,
599,Suh,Clotilde S,NO,,university of bergen,,
600,Suo,Zhenhe,NO,,oslo,,
601,Holtsmark,I,NO,ingrid.holtsmark@bioforsk.no,as,,
602,Didriksen,Allan,NO,,tromsø,,
603,Sodeland,Marte,NO,marte.sodeland@umb.no,n- aas,,
604,Schiøtz Thorud,H-M,NO,,oslo,,
605,Amdam,Gro V,NO,,aas  ås,,
606,Sioud,Mouldy,NO,,university of oslo,,
607,Stensrud,T,NO,trine.stensrud@nih.no,oslo,,
608,Fossum,S,NO,,university of oslo,,
609,Slåtsve,Arne Martin,NO,,universitetet i tromsø,,
610,Fernø,Johan,NO,,bergen,,
611,Aandstad,Anders,NO,,n-0806 oslo,,
612,Furset,K,NO,,university of bergen,,
613,Holm,Kristine L,NO,,oslo,,
614,Indrevaer,Randi L,NO,,oslo,,
615,Myklebust,June Helen,NO,,oslo,,
616,Kolstad,Arne,NO,,oslo,,
617,Moskaug,Jan Øivind,NO,,oslo,,
618,Naderi,Elin H,NO,,oslo,,
619,Blomhoff,Heidi K,NO,,oslo,,
620,Aadland,Reidun C,NO,reidun.aadland@ntnu.no.,n- trondheim,,
621,Heggset,Ellinor B,NO,ellinor.heggset@rise-pfi.no.,n- trondheim,,
622,Syverud,Kristin,NO,kristin.syverud@rise-pfi.no.,n- trondheim,,
623,Torsæter,Ole,NO,ole.torsater@ntnu.no.,n- trondheim,,
624,Holt,Torleif,NO,torleif.holt@sintef.no.,n- trondheim,,
625,Skjennald,Arnulf,NO,,department of radiology oslo,,
626,Øverby,Anders,NO,,the norwegian university of science and technology trondheim,,
627,Stokland,Ragni A,NO,,the norwegian university of science and technology trondheim,,
628,Åsberg,Signe E,NO,,the norwegian university of science and technology trondheim,,
629,Sporsheim,Bjørnar,NO,,the norwegian university of science and technology trondheim,,
630,Bones,Atle M,NO,,the norwegian university of science and technology trondheim,,
631,Aasly,J O,NO,,trondheim,,
632,Tinoco,E M,NO,tinoco@trendnet.com.br,university of oslo,,
633,Eggesbø,H B,NO,,university of oslo,,
634,Bakken,A M,NO,,bergen,,
635,Bollerslev,J,NO,,oslo,,
636,Drolsum,Liv,NO,,oslo,,
637,Myrmel,T,NO,,university hospital of tromsø,,
638,Frampton,Ian,NO,,oslo,,
639,Brokstad,K A,NO,,university of bergen,,
640,Blakstad,Oskar,NO,,kristiansand,,
641,Brendryen,Håvar,NO,,oslo,,
642,Helland,Pål F,NO,,oslo,,
643,Johansen,Ayna B,NO,,oslo,,
644,Jensen,Jørgen,NO,jorgen.jensen@nih.no.,oslo,,
645,Fenton,C,NO,,university of tromsø,,
646,Grotle,Margaret,NO,margreth.grotle@helsefag.uio.no,oslo,,
647,Dolvik,N I,NO,,oslo,,
648,Søfteland,E,NO,,university of bergen,,
649,Korsvold,Live,NO,,university of oslo,,
650,Finset,Arnstein,NO,,university of oslo,,
651,Juul-Kristensen,B,NO,,5020 bergen,,
652,Joshi,R,NO,rajesh.joshi@nmbu.no.,ås,,
653,Woolliams,J A,NO,,ås,,
654,Meuwissen,The,NO,,ås,,
655,Gjøen,H M,NO,,ås,,
656,Hagen,Eirik M,NO,,oslo,,
657,Amundsen,Rune,NO,rune.amundsen@farmasi.uio.no,oslo,,
658,Simonsen,T,NO,,university of tromsø,,
659,Matinlinna,Jukka P,NO,jumatin@utu.fi,no- haslum,,
660,Wærsted,Morten,NO,,oslo,,
661,Mengshoel,Anne Marit,NO,,oslo,,
662,Bjertness,Espen,NO,,oslo,,
663,Veiersted,Kaj Bo,NO,,oslo,,
664,Østerhus,Ingvild N,NO,ingvild_o@yahoo.no,oslo,,
665,Fleiner,Hanne Fiskvik,NO,,trondheim,,
666,Iversen,A,NO,anita.iversen@uit.no,n- tromsø,,
667,Husby,G,NO,,the national hospital university of oslo,,
668,Onarheim,H,NO,,university of bergen,,
669,Andersen,Janice,NO,janice.andersen@helse-bergen.no,bergen,,
670,Holm,Kristine Lillebø,NO,,oslo,,
671,Syljuåsen,Randi Gussgard,NO,,oslo,,
672,Hasvold,Grete,NO,,oslo,,
673,Alsøe,Lene,NO,,lørenskog,,
674,Nilsen,Hilde,NO,,lørenskog,,
675,Ivanauskiene,Kristina,NO,,oslo,,
676,Collas,Philippe,NO,,oslo,,
677,Shaposhnikov,Sergey,NO,,oslo,,
678,Collins,Andrew,NO,,oslo,,
679,Indrevær,Randi Larsen,NO,,oslo,,
680,Aukrust,Pål,NO,,oslo,,
681,Fevang,Børre,NO,,oslo,,
682,Blomhoff,Heidi Kiil,NO,,oslo,,
683,Yoganathan,T,NO,,university of oslo,,
684,Rygh,E M,NO,ellen.rygh@telemed.no,tromsoe,,
685,Slørdahl,Stig A,NO,stig.slordahl@medisin.ntnu.no,trondheim,,
686,Reumann,Sigrun,NO,,university of stavanger stavanger,,
687,Becher,Georg,NO,,oslo,,
688,Ropstad,Erik,NO,,oslo,,
689,Dahl,Lisbeth,NO,lisbeth.dahl@nutr.fiskeridir.no,no- bergen,,
690,Bjorge,Line,NO,,bergen,,
691,Salvesen,Helga B,NO,,bergen,,
692,Kopperud,Reidun K,NO,,bergen,,
693,Bischof,Katharina,NO,,bergen,,
694,Frøen,Rebecca C,NO,,oslo,,
695,Brage,S,NO,,university of oslo,,
696,Lövdahl,H,NO,,arendal,,
697,Ellingsen,D G,NO,dag.ellingsen@stami.no,oslo,,
698,Besada,Emilio,NO,emilio.besada@unn.no,tromsø,,
699,Røsok,B I,NO,bard.rosok@gades.uib.no,university of bergen,,
700,Bekkhus-Wetterberg,Peter,NO,,oslo,,
701,Bjørkløf,Guro Hanevold,NO,,tønsberg,,
702,Dickstein,Kenneth,NO,,stavanger,,
703,Andoh,K,NO,,university of oslo,,
704,Saugstad,L F,NO,,oslo,,
705,Kvam,K,NO,,haslum,,
706,Lillehammer,M,NO,marie.lillehammer@nofima.no,1432 ås,,
707,Warncke,T,NO,,oslo,,
708,Rusten,Espen,NO,espen.rusten@fys.uio.no.,oslo,,
709,Rekstad,Bernt Louni,NO,,oslo,,
710,Undseth,Christine,NO,,oslo,,
711,Al-Haidari,Ghazwan,NO,,oslo,,
712,Hanekamp,Bettina,NO,,oslo,,
713,Hernes,Eivor,NO,,oslo,,
714,Hellebust,Taran Paulsen,NO,,oslo,,
715,Malinen,Eirik,NO,,oslo,,
716,Guren,Marianne Grønlie,NO,,oslo,,
717,Paulsen,T,NO,torbjorn_paulsen@hotmail.com,no-,,
718,Carlsen,K H,NO,kaic@usit-dv.uio.no,oslo,,
719,Fossum,S,NO,,oslo university,,
720,Raeder,J C,NO,,university of trondheim,,
721,Ytrehus,Bjørnar,NO,,oslo,,
722,Agewall,Stefan,NO,,medicine,,
723,Thrane,P S,NO,,olso,,
724,Thorsrud,Andreas,NO,,oslo,,
725,Sandvik,Gunhild Falleth,NO,,oslo,,
726,Råen,Marianne,NO,,oslo,,
727,Drolsum,Liv,NO,,oslo,,
728,Spurkland,A,NO,,oslo,,
729,Larsen,Marie H,NO,m.h.larsen@medisin.uio.no.,oslo,,
730,Bjune,Katrine,NO,,oslo,,
731,Sundvold,Hilde,NO,,oslo,,
732,Leren,Trond P,NO,,oslo,,
733,Lillemo,Morten,NO,,ås,,
734,Moens,Ugo,NO,,no- tromsø,,
735,Meland,Sondre,NO,sonmel@vegvesen.no,n-1432 as,,
736,Bugge,E,NO,,university of tromsø,,
737,Torkildsen,Janne von Koss,NO,,oslo,,
738,Kleppe,R,NO,rune.kleppe@biomed.uib.no,bergen,,
739,Lund,E,NO,,university of tromsø,,
740,Grimsdottir,M R,NO,,haslum,,
741,Valen,G,NO,,university of tromsø,,
742,Mosevold,K A,NO,oystein.bruserud@haukeland.no,bergen,,
743,Pedersen,Terje,NO,,oslo,,
744,Rossebø,Anne,NO,,oslo,,
745,Wachtell,Kristian,NO,,oslo,,
746,Nilssen,D E,NO,,rikshospitalet,,
747,Åsberg,Arne,NO,,trondheim,,
748,Tjelle,Torunn Elisabeth,NO,,0317oslo,,
749,Holtung,Linda,NO,,0317oslo,,
750,Bøhn,Siv Kjølsrud,NO,,0317oslo,,
751,Aaby,Kjersti,NO,,no-ås,,
752,Thoresen,Magne,NO,,oslo,,
753,Wiik,Siv Åshild,NO,,0317oslo,,
754,Paur,Ingvild,NO,,0317oslo,,
755,Karlsen,Anette Solli,NO,,0317oslo,,
756,Retterstøl,Kjetil,NO,,0317oslo,,
757,Iversen,Per Ole,NO,,0317oslo,,
758,Blomhoff,Rune,NO,,0317oslo,,
759,Beisland,Christian,NO,,university of bergen,,
760,Davidson,Ben,NO,bend@medisin.uio.no.,oslo,,
761,Kavli,Bodil,NO,,n- trondheim,,
762,Dhar,Indu,NO,,university of bergen,,
763,Buer,Lydia C T,NO,,oslo,,
764,Moum,Bjørn A,NO,,oslo,,
765,Cvancarova,Milada,NO,,oslo,,
766,Warren,David J,NO,,oslo,,
767,Bolstad,Nils,NO,,oslo,,
768,Medhus,Asle W,NO,,oslo,,
769,Høivik,Marte L,NO,,oslo,,
770,Wu,Qinghua,NO,,oslo,,
771,Moi,H,NO,,oslo,,
772,Hartvigsen,Gunnar,NO,gunnar.hartvigsen@telemed.no,tromsø,,
773,Fossum,A E,NO,,lørenskog,,
774,Myhrer,T,NO,,kjeller,,
775,Krohn,J,NO,,university of bergen,,
776,Vik,A,NO,,trondheim,,
777,Olsen,Ingar,NO,,oslo,,
778,Johansson,Lars Age,NO,lars.age@bredband.net.,no-0130 oslo,,
779,Aass,Nina,NO,ninaaass@radium.uio.no,oslo,,
780,Leroy,Claire,NO,,oslo,,
781,Tobin,Kari Anne Risan,NO,,oslo,,
782,Cathrine Staff,Anne,NO,,university of oslo,,
783,Torvik,Karin,NO,karin.torvik@hist.no,oslo,,
784,Løvig,T,NO,tone.loving@labmed.uio.no,oslo,,
785,Mannhardt,Felix,NO,,trondheim,,
786,Toussaint,Pieter J,NO,,trondheim,,
787,Ahmed,Luai A,NO,luai.awad@ism.uit.no,tromsø,,
788,Nguyen,Sanko,NO,s.h.nguyen@farmasi.uio.no,oslo,,
789,Davidson,Ben,NO,ben.davidson@medisin.uio.no,oslo,,
790,Volokhan,Olga,NO,,n- trondheim,,
791,Rypdal,M,NO,,university of tromsø,,
792,Overgaard,Hans J,NO,hans.overgaard@umb.no,ås,,
793,Lindbaek,Morten,NO,,university of oslo,,
794,Andersen,Eivind,NO,eivind@odont.uio.no,university of oslo,,
795,Hoxmark,R C,NO,,oslo 3,,
796,Tamnes,Christian K,NO,,oslo,,
797,von Unge,Magnus,NO,,oslo,,
798,Sekse,I,NO,,haukeland sykehus,,
799,Solbakk,Jan Helge,NO,,university of oslo,,
800,Sørum,M,NO,marit.sorum@vetinst.no,tromsø,,
801,Stray-Pedersen,A,NO,asbjorg.stray-pedersen@rikshospitalet.no,university of oslo,,
802,Johnsen,Synnøve Lian,NO,synnove.johnsen@helse-bergen.no,bergen,,
803,Nielsen,Rune,NO,,bergen,,
804,Johannessen,Ane,NO,,bergen,,
805,Stordalen,Gunhild A,NO,,oslo,,
806,Jensen,S A,NO,,n- trondheim,,
807,Holthe,Asle,NO,asle.holthe@hib.no,bergen,,
808,Bannister,Raymond J,NO,,5817 bergen,,
809,Husa,Vivian,NO,,5817 bergen,,
810,Kutti,Tina,NO,,5817 bergen,,
811,Landmark,Bjørg,NO,bjorg.t.landmark@hibu.no,drammen,,
812,Lund,E,NO,,university of tromsø,,
813,Karah,Nabil,NO,nabil.karah@uit.no,tromsø,,
814,Uhrenfeldt,Lisbeth,NO,,bodø,,
815,Zuzana,Magdolenova,NO,,n- kjeller,,
816,Lundin,K E,NO,,oslo,,
817,Boysen,M,NO,,university of oslo,,
818,Mikolajewska,Patrycja,NO,patrycja.mikolajewska@rr-research.no,oslo,,
819,Rønning,Sissel Beate,NO,,ås,,
820,Pedersen,Mona Elisabeth,NO,,ås,,
821,Berg,Ragnhild Stenberg,NO,,ås,,
822,Kirkhus,Bente,NO,,ås,,
823,Rødbotten,Rune,NO,,ås,,
824,Schei,Berit,NO,,trondheim,,
825,Johannessen,Ane,NO,ane.johannessen@helse-bergen.no,bergen,,
826,Vogt,Stine,NO,s.e.vogt@psykologi.uio.no,0317 oslo,,
827,Savikj,Mladen,NO,,oslo,,
828,Kostovski,Emil,NO,,nesoddtangen,,
829,Iversen,Per O,NO,,oslo,,
830,Buanes,T,NO,,bergen,,
831,Bugge,L,NO,,oslo,,
832,Bugge,M K,NO,,oslo,,
833,Cameron,D,NO,,oslo,,
834,Catmore,J R,NO,,oslo,,
835,Dale,O,NO,,bergen,,
836,Eigen,G,NO,,bergen,,
837,Franconi,L,NO,,oslo,,
838,Gjelsten,B K,NO,,oslo,,
839,Gramstad,E,NO,,oslo,,
840,Kastanas,A,NO,,bergen,,
841,Liebig,W,NO,,bergen,,
842,Lipniacka,A,NO,,bergen,,
843,Martin Dit Latour,B,NO,,bergen,,
844,Morisbak,V,NO,,oslo,,
845,Ould-Saada,F,NO,,oslo,,
846,Pajchel,K,NO,,oslo,,
847,Pedersen,M,NO,,oslo,,
848,Read,A L,NO,,oslo,,
849,Røhne,O,NO,,oslo,,
850,Rosendahl,P L,NO,,bergen,,
851,Sandaker,H,NO,,bergen,,
852,Sjursen,T B,NO,,bergen,,
853,Smestad,L,NO,,bergen,,
854,Stapnes,S,NO,,oslo,,
855,Strandlie,A,NO,,oslo,,
856,Stugu,B,NO,,bergen,,
857,Ugland,M,NO,,bergen,,
858,Pettersen,,NO,,n-,,
859,Holm,Inger,NO,inger.holm@rikshospitalet.no,oslo,,
860,Elvik,R,NO,,oslo,,
861,Brandlistuen,Ragnhild Eek,NO,,oslo,,
862,Lang,Astri M,NO,,oslo,,
863,Vollrath,Margarete E,NO,,oslo,,
864,Vik-Mo,Harald,NO,harald.vik-mo@medisin.ntnu.no,trondheim,,
865,Brandtzaeg,P,NO,,rikshospitalet,,
866,Krohn,J,NO,,university of bergen,,
867,Rivedal,Edgar,NO,edgarr@rr-research.no,n- oslo,,
868,Starholm,Inger Marie,NO,,oslo,,
869,Mirtaheri,Peyman,NO,,oslo,,
870,Kapetanovic,Nihad,NO,,oslo,,
871,Versto,Tarjei,NO,,oslo,,
872,Skyttemyr,Gjermund,NO,,oslo,,
873,Westby,Fredrik Tobias,NO,,oslo,,
874,Gjovaag,Terje,NO,terje.gjovaag@hioa.no.,oslo,,
875,Selvaag,E,NO,,university of oslo,,
876,Tsinkalovsky,Oleg,NO,,bergen,,
877,Micai,Martina,NO,,trondheim,,
878,Vulchanova,Mila,NO,,trondheim,,
879,Dalaker,Turi O,NO,datu@sus.no,stavanger,,
880,Holm,T E,NO,hthe@sthf.no,skien,,
881,Eiken,H G,NO,,university of bergen,,
882,Grynne,B H,NO,,university of oslo,,
883,Nygaard,Egil,NO,egil.nygaard@baerum.kommune.no,baerum kommune,,
884,Horsch,Alexander,NO,,tromsø,,
885,Røe,Åsmund Treu,NO,,oslo,,
886,Frisk,Michael,NO,,oslo,,
887,Louch,William E,NO,,oslo,,
888,Lauritzen,Camilla,NO,,tromsø,,
889,Reedtz,Charlotte,NO,,tromsø,,
890,Stermer,E M,NO,,university of oslo,,
891,Hvatum,M,NO,,n- oslo,,
892,Guren,Marianne G,NO,,oslo,,
893,Kørner,Hartwig,NO,,stavanger,,
894,Pfeffer,Frank,NO,,bergen,,
895,Myklebust,Tor Å,NO,,oslo,,
896,Eriksen,Morten T,NO,,lørenskog,,
897,Edna,Tom-Harald,NO,,levanger,,
898,Larsen,Stein G,NO,,oslo,,
899,Knudsen,Kristin O,NO,,oslo,,
900,Nesbakken,Arild,NO,,oslo,,
901,Wasmuth,Hans H,NO,,trondheim,,
902,Vonen,Barthold,NO,,bodø,,
903,Hofsli,Eva,NO,,trondheim,,
904,Færden,Arne E,NO,,lørenskog,,
905,Brændengen,Morten,NO,,oslo,,
906,Dahl,Olav,NO,,bergen,,
907,Steigen,Sonja E,NO,,tromsø,,
908,Johansen,Magnar J,NO,,tromsø,,
909,Lindsetmo,Rolv-Ole,NO,,tromsø,,
910,Drolsum,Anders,NO,,oslo,,
911,Tollåli,Geir,NO,,bodø,,
912,Dørum,Liv M,NO,,oslo,,
913,Møller,Bjørn,NO,,oslo,,
914,Wibe,Arne,NO,,trondheim,,
915,Sioud,M,NO,mosioud@ulrik.uio.no,oslo,,
916,Delmar,Charlotte,NO,,oslo,,
917,Messaoudi,Elhoucine,NO,,n- bergen,,
918,Guldvog,B,NO,,sandvika,,
919,Tropé,C,NO,,oslo,,
920,Høiseth,Gudrun,NO,,oslo,,
921,Berg-Hansen,Grim Otto,NO,,oslo,,
922,Øiestad,Åse Marit L,NO,,oslo,,
923,Bachs,Liliana,NO,,oslo,,
924,Mørland,Jørg,NO,,oslo,,
925,Svartdal,Frode,NO,,tromsø,,
926,Granmo,Sjur,NO,,fredrikstad,,
927,Færevaag,Fredrik S,NO,,oslo,,
928,Yuan,Aping,NO,,ås,,
929,Goll,Rasmus,NO,,tromsø,,
930,Abdollahi,Pegah,NO,pegah.abdollahi@ntnu.no.,trondheim,,
931,Vandsemb,Esten N,NO,,trondheim,,
932,Hjort,Magnus A,NO,,trondheim,,
933,Misund,Kristine,NO,,trondheim,,
934,Holien,Toril,NO,,trondheim,,
935,Sponaas,Anne-Marit,NO,,trondheim,,
936,Rø,Torstein B,NO,,trondheim,,
937,Slørdahl,Tobias S,NO,,trondheim,,
938,Børset,Magne,NO,,trondheim,,
939,Gram,Inger T,NO,inger.gram@ism.uit.no,breivika n- tromsø,,
940,Tornøe,Kirsten,NO,kirsten.tornoe@ldh.no.,oslo,,
941,Danbolt,Lars Johan,NO,lars.danbolt@sykehuset-innlandet.no.,oslo,,
942,Kvigne,Kari,NO,kari.kvigne@hihm.no.,elverum,,
943,Sørlie,Venke,NO,venke.sorlie@ldh.no.,oslo,,
944,Johansen,Silje,NO,silje.johansen@helse-bergen.no.,n- bergen,,
945,Brenner,Annette K,NO,annette.brenner@k2.uib.no.,n- bergen,,
946,Bartaula-Brevik,Sushma,NO,sushma.bartaula@iko.uib.no.,bergen,,
947,Reikvam,Håkon,NO,hakon.reikvam@k2.uib.no.,n- bergen,,
948,Bruserud,Øystein,NO,oystein.bruserud@helse-bergen.no.,n- bergen,,
949,Giske,Anneli,NO,,tromsø,,
950,Nymo,Linn Såve,NO,,tromsø,,
951,Fuskevåg,Ole-Martin,NO,,tromsø,,
952,Amundsen,Siri,NO,,tromsø,,
953,Simonsen,Gunnar Skov,NO,,tromsø,,
954,Lassen,Kristoffer,NO,,tromsø,,
955,Fosså,Sophie D,NO,sdf@radiumhospitalet.no,oslo,,
956,Lehmann,Stine,NO,,bergen,,
957,Bøe,Tormod,NO,,bergen,,
958,Breivik,Kyrre,NO,,bergen,,
959,Romundstad,Liv Bente,NO,,trondheim,,
960,Marcussen,Thomas,NO,,1432 ås,,
961,Løberg,E-M,NO,else.marie.loeberg@psych.uib.no,bergen,,
962,Basic,D,NO,dean.basic@nvh.no,oslo,,
963,Iversen,O H,NO,,university of oslo,,
964,Berg,T,NO,,university of tromsø,,
965,Sturød,K,NO,,oslo,,
966,Salvadori,G,NO,,oslo,,
967,Åmdal,H A,NO,,oslo,,
968,Robertsen,Grethe,NO,,trondheim,,
969,Herfindal,Ivar,NO,,trondheim,,
970,Einum,Sigurd,NO,,trondheim,,
971,Immervoll,Heike,NO,,bergen n-,,
972,Lonnee-Hoffmann,Risa A M,NO,,trondheim,,
973,Norum,J,NO,,university hospital of tromsø,,
974,Haugaa,Kristina Hermann,NO,,n- oslo,,
975,Thorn,Hrønn,NO,,bodø,,
976,Saether,K,NO,,university of oslo,,
977,Pedersen-Bjergaard,S,NO,stig.pedersen-bjergaard@farmasi.uio.no,university of oslo,,
978,Kvam,E,NO,,university of oslo,,
979,Lagerberg,Trine Vik,NO,,university of oslo,,
980,Aminoff,Sofie R,NO,,akershus university hospital,,
981,Hellvin,Tone,NO,,university of oslo,,
982,Kvitland,Levi R,NO,,university of oslo,,
983,Simonsen,Carmen,NO,,university of oslo,,
984,Haatveit,Beathe,NO,,university of oslo,,
985,Andreassen,Ole A,NO,,university of oslo,,
986,Melle,Ingrid,NO,,university of oslo,,
987,Ueland,Torill,NO,,university of oslo,,
988,Rossberg,Jan Ivar,NO,j.i.rossberg@medisin.uio.no,oslo,,
989,Turowski,Gitta,NO,,oslo,,
990,Søvik,Aste,NO,aste.sovik@fys.uio.no,oslo,,
991,Terland,O,NO,,university of bergen,,
992,Goncearenco,Alexander,NO,,n- bergen,,
993,Steinsbekk,Aslak,NO,aslak.steinsbekk@ntnu.no,ntnu,,
994,Wang,Ying,NO,,lørenskog,,
995,Stavem,Knut,NO,,lørenskog,,
996,Dahl,Fredrik A,NO,,lørenskog,,
997,Humerfelt,Sjur,NO,,aker,,
998,Haugen,Torbjørn,NO,,oslo,,
999,Guldbakke,K K,NO,,tronheim university hospital,,
1000,Holm,Are Martin,NO,a.m.holm@klinmed.uio.no,oslo,,
1001,Saetrom,Pål,NO,paal.saetrom@interagon.com,no- trondheim,,
1002,Aymerich,T,NO,,as,,
1003,Kvernmo,T,NO,,university of oslo,,
1004,Auerbach,Judith G,NO,judy@bgu.ac.il,oslo,,
1005,Skorve,J,NO,,haukeland sykehus,,
1006,Kristensen,Pål,NO,pal.kristensen@sthf.no,telemark hospital,,
1007,Larsen,Elisabeth,NO,,oslo,,
1008,Viola,G,NO,,trondheim,,
1009,Scheiber,T,NO,,trondheim,,
1010,Fredin,O,NO,,trondheim,,
1011,Margreth,A,NO,,trondheim,,
1012,Knies,J,NO,,trondheim,,
1013,Hvoslef-Eide,Martha,NO,,oslo,,
1014,Kiserud,T,NO,,bergen,,
1015,Skomedal,H,NO,,oslo,,
1016,Kyomuhendo,Peter,NO,,tromsø,,
1017,Alfnes,E,NO,eli@nve.no,oslo,,
1018,Chioqueta,Andrea P,NO,andrea.chioqueta@svt.ntnu.no,trondheim,,
1019,Nähse,Viola,NO,,oslo,,
1020,Tourasse,Nicolas J,NO,nicolas.tourasse@ibpc.fr.,oslo,,
1021,Waage,J E R,NO,,bergen,,
1022,Leh,S,NO,,bergen,,
1023,Røsler,C,NO,,bergen,,
1024,Pfeffer,F,NO,,bergen,,
1025,Havre,R F,NO,,bergen,,
1026,Haldorsen,I S,NO,,bergen,,
1027,Ødegaard,S,NO,,bergen,,
1028,Baatrup,G,NO,,bergen,,
1029,Madsen,Lise,NO,,bergen,,
1030,Horn,J,NO,joachim.horn@rikshospitalet.no,oslo,,
1031,Tønjum,T,NO,tone.tonjum@rh.uio.no,national hospital,,
1032,Lund-Johansen,P,NO,,school of medicine,,
1033,Weiderpass,Elisabete,NO,,tromsø,,
1034,Kvale,D,NO,dag.kvale@klinmed.uio.no,university of oslo,,
1035,Sveen,K,NO,,university of bergen,,
1036,Christensen,Ekaterina,NO,ekaterina.christensen@norconsult.com,1303 sandvika,,
1037,Trewin,Cassia B,NO,,oslo,,
1038,Strand,Bjørn Heine,NO,,oslo,,
1039,Weedon-Fekjær,Harald,NO,,oslo,,
1040,Ursin,Giske,NO,,oslo,,
1041,Holm,Anders,NO,anders.holm@medisin.uio.no,oslo,,
1042,Gjesdal,Ola,NO,,oslo,,
1043,Edvardsen,Thor,NO,,oslo,,
1044,Arff,Johanne,NO,,sintef,,
1045,Broch,Ole Jacob,NO,,sintef,,
1046,Edvardsen,Torgeir,NO,,sintef,,
1047,Handå,Aleksander,NO,,sintef,,
1048,Øie,Gunvor,NO,,sintef,,
1049,Skjermo,Jorunn,NO,,sintef,,
1050,Husby,Arild,NO,,trondheim,,
1051,Nilsson,S,NO,,b beitostolen,,
1052,Carroll,JoLynn,NO,,tromsø,,
1053,Opseth,Gro,NO,,oslo,,
1054,Wahl,Astrid Klopstad,NO,,oslo,,
1055,Bjørke,Gustav,NO,,oslo,,
1056,Mengshoel,Anne Marit,NO,,oslo,,
1057,Arnesen,Thomas,NO,,n- bergen,,
1058,Aakre,R K,NO,,skien,,
1059,Dyrhol-Riise,Anne M,NO,adri@helse-bergen.no,n-,,
1060,N˦s,T,NO,,n-a˚s,,
1061,Bjerre,Anna,NO,a.k.bjerre@ioks.uio.no,oslo,,
1062,Gullestad,L,NO,,oslo,,
1063,Holven,Kirsten B,NO,,oslo,,
1064,Skjevik,Age A,NO,,n-5009 bergen,,
1065,Teigen,Knut,NO,,n- bergen,,
1066,Engen,Steinar,NO,steinaen@math.ntnu.no,n- trondheim,,
1067,Finset,Arnstein,NO,arnstein.finset@medisin.uio.no,oslo,,
1068,Hølen,Jacob Chr,NO,jacob.chr.holen@medisin.ntnu.no,trondheim,,
1069,Meling,G I,NO,,university of oslo,,
1070,Heggset,Ellinor B,NO,,trondheim,,
1071,Kalager,Mette,NO,,oslo,,
1072,Simberg,Susanna,NO,,oslo,,
1073,Rustøen,Tone,NO,tone.rustoen@rr-research.no,oslo,,
1074,Bunch,E H,NO,e.h.bunch@medisin.uio.no,oslo,,
1075,Brydøy,M,NO,marianne.brydoy@helse-bergen.no,bergen n-,,
1076,Holmen,Sigve,NO,,oslo,,
1077,Galappaththi-Arachchige,Hashini Nilushika,NO,,oslo,,
1078,Kleppa,Elisabeth,NO,,oslo,,
1079,Onsrud,Mathias,NO,,oslo,,
1080,Kjetland,Eyrun Floerecke,NO,,oslo,,
1081,Albregtsen,Fritz,NO,,oslo,,
1082,Davidsen,Einar Skulstad,NO,einar.davidsen@helse-bergen.no,bergen,,
1083,Bjørklund,Geir,NO,,mo i rana,,
1084,Jones,R A,NO,,trondheim,,
1085,Samdal,F,NO,,trondheim university hospital,,
1086,Andersen,Lars B,NO,,oslo,,
1087,Zeller,Bernward,NO,,oslo,,
1088,Førde,Reidun,NO,reidun.forde@medisin.uio.no.,oslo,,
1089,Norvoll,Reidun,NO,,oslo,,
1090,Hem,Marit Helene,NO,,oslo,,
1091,Pedersen,Reidar,NO,,oslo,,
1092,Finstad,Oystein Wessel,NO,oyfi@nmbu.no.,oslo,,
1093,Waade,Ragnhild Birkeland,NO,,oslo,,
1094,Molden,Espen,NO,,oslo,,
1095,Martinsen,Mette Irene,NO,,oslo,,
1096,Hermann,Monica,NO,,university of oslo,,
1097,Ranhoff,Anette Hylen,NO,,oslo,,
1098,Vandvik,Per Olav,NO,,gjøvik,,
1099,Skog,O J,NO,o.j.skog@sosiologi.uio.no,oslo,,
1100,Sioud,M,NO,,oslo,,
1101,Hellum,Bent H,NO,bent.h.hellum@ntnu.no,trondheim,,
1102,Hoel,Sunniva,NO,,norwegian university of science and technologytrondheim,,
1103,Vadstein,Olav,NO,,norwegian university of science and technologytrondheim,,
1104,Jakobsen,Anita N,NO,,norwegian university of science and technologytrondheim,,
1105,Gísladóttir,Ordís,NO,,trondheim,,
1106,Bellier,Edwige,NO,edwige.bellier@nina.no,trondheim,,
1107,Sigstad,Hanne Marie Høybråten,NO,,university of oslo,,
1108,Skaug,M A,NO,,hamar,,
1109,Nærdal,Ingemar,NO,,trondheim,,
1110,Sakwari,Gloria,NO,gsakwari@yahoo.com,hordaland,,
1111,Nilsen,H,NO,hanne.nilsen@vetinst.no,bergen,,
1112,Hejnol,Andreas,NO,,bergen,,
1113,El-Salhy,Magdy,NO,magdy.el-salhy@helse-fonna.no,stord,,
1114,Russnes,Hege G,NO,,oslo,,
1115,Vollan,Hans Kristian Moen,NO,,oslo,,
1116,Lingjærde,Ole Christian,NO,,0316 oslo,,
1117,Naume,Bjørn,NO,,oslo,,
1118,Sørlie,Therese,NO,,oslo,,
1119,Borgen,Elin,NO,,oslo,,
1120,Rye,Inga H,NO,,oslo,,
1121,Langerød,Anita,NO,,oslo,,
1122,Schlichting,Ellen,NO,,oslo,,
1123,Baumbusch,Lars O,NO,,oslo,,
1124,Kåresen,Rolf,NO,,oslo,,
1125,Børresen-Dale,Anne-Lise,NO,,oslo,,
1126,Steinsbekk,Aslak,NO,aslak.steinsbekk@ntnu.no,trondheim,,
1127,Pires,Nuno Miguel Matos,NO,,kongsberg,,
1128,Dong,Tao,NO,tao.dong@hbv.no.,kongsberg,,
1129,Hanke,Ulrik,NO,,kongsberg,,
1130,Hoivik,Nils,NO,,kongsberg,,
1131,Haugstad,T S,NO,,oslo,,
1132,Kondziella,Daniel,NO,,trondheim,,
1133,Burschowsky,Daniel,NO,,no- oslo,,
1134,Thorbjørnsrud,Helen V,NO,,no- oslo,,
1135,Heim,Joel B,NO,,no- oslo,,
1136,Krengel,Ute,NO,,no- oslo,,
1137,Tondel,Kristin,NO,,oslo,,
1138,Polder,A,NO,anuschka.polder@veths.no,oslo,,
1139,White,L R,NO,,tronheim,,
1140,Skorpen,Frank,NO,,trondheim,,
1141,Klepstad,Pål,NO,pal.klepstad@ntnu.no.,trondheim,,
1142,Vollrath,Margarete E,NO,,oslo,,
1143,Jacobsson,Bo,NO,,oslo,,
1144,Ystrom,Eivind,NO,,oslo,,
1145,Skurtveit,S,NO,,oslo,,
1146,Hall,Trygve S,NO,,and university of oslo,,
1147,Atar,Dan,NO,,and university of oslo,,
1148,Agewall,Stefan,NO,,and university of oslo,,
1149,Rodal,S K,NO,,oslo,,
1150,Taubøll,E,NO,,university of oslo,,
1151,Bjørkløf,Guro Hanevold,NO,,tønsberg,,
1152,Engedal,Knut,NO,,tønsberg,,
1153,Selbæk,Geir,NO,,tønsberg,,
1154,Helvik,Anne-Sofie,NO,,tønsberg,,
1155,Weberg,R,NO,,oslo,,
1156,Ariansen,Inger,NO,,0403 oslo,,
1157,Graff-Iversen,Sidsel,NO,,0403 oslo,,
1158,Tell,Grethe S,NO,,5018 bergen,,
1159,Egeland,Grace M,NO,,5018 bergen,,
1160,Næss,Øyvind,NO,,0403 oslo,,
1161,Størdal,Ingvild Fladvad,NO,,trondheim,,
1162,Brönner,Ute,NO,,trondheim,,
1163,Nordtug,Trond,NO,,trondheim,,
1164,Hansen,Bjørn Henrik,NO,,trondheim,,
1165,Kildal,Wanja,NO,,oslo,,
1166,Kent,Matthew,NO,,ås,,
1167,Sundsaasen,Kristil Kindem,NO,,ås,,
1168,Lien,Sigbjørn,NO,,ås,,
1169,Ahmed,Luai A,NO,,tromsø,,
1170,Bjørnerem,Åshild,NO,,tromsø,,
1171,Joakimsen,Ragnar M,NO,,tromsø,,
1172,Jørgensen,Lone,NO,,tromsø,,
1173,Størmer,Jan,NO,,tromsø,,
1174,Emaus,Nina,NO,,tromsø,,
1175,Fimland,Marius S,NO,marius.fimland@ntnu.no.,trondheim,,
1176,Augdal,Thomas A,NO,,tromsø,,
1177,Bjerre,Anna K,NO,,oslo,,
1178,Ording-Muller,Lil-Sofie,NO,,oslo,,
1179,Russell,Michael Bjørn,NO,m.b.russell@medisin.uio.no,oslo,,
1180,Solberg,O V,NO,ole.v.solberg@sintef.no,trondheim,,
1181,Pettersen,H B,NO,,university of trondheim,,
1182,Rossen,Janne,NO,,kristiansand,,
1183,Klungsøyr,Kari,NO,,bergen,,
1184,Albrechtsen,Susanne,NO,,bergen,,
1185,Skjeldestad,Finn E,NO,,tromsø,,
1186,Voytovich,Monica Hagen,NO,monicagh@studmed.uio.no,oslo,,
1187,Bernuy-Lopez,Carlos,NO,carlos.bernuy-lopez@sandvik.com.,no- trondheim,,
1188,Rioja-Monllor,Laura,NO,laura-rioja-monllor@ntnu.no.,no- trondheim,,
1189,Einarsrud,Mari-Ann,NO,mari-ann.einarsrud@ntnu.no.,no- trondheim,,
1190,Grande,Tor,NO,tor.grande@ntnu.no.,no- trondheim,,
1191,Garred,P,NO,,oslo,,
1192,Berg,K,NO,,university of oslo,,
1193,Myhre,A G,NO,,nordbyhagen,,
1194,Einum,Sigurd,NO,sigurd.einum@bio.ntnu.no,no- trondheim,,
1195,Braaten,O,NO,oivind.braaten@ioks.uio.no,blindern,,
1196,Knizek,Birthe Loa,NO,birthe.loa.knizek@svt.ntnu.no,trondheim,,
1197,Andrea,Raballo,NO,,trondheim,,
1198,Holen-Rabbersvik,Elisabeth,NO,elisabeth.rabbersvik@uia.no.,grimstad,,
1199,Thygesen,Elin,NO,,grimstad,,
1200,Eikebrokk,Tom Roar,NO,,kristiansand,,
1201,Fensli,Rune Werner,NO,,grimstad,,
1202,Slettebø,Åshild,NO,,grimstad,,
1203,Pedersen,G,NO,,bergen,,
1204,Granja,Conceição,NO,,tromsø,,
1205,Janssen,Wouter,NO,,tromsø,,
1206,Johansen,Monika Alise,NO,,tromsø,,
1207,Odland,Maria Lisa,NO,maria.l.odland@ntnu.no.,no- trondheim,,
1208,Jacobsen,Geir W,NO,geirjacobsen@ntnu.no.,no- trondheim,,
1209,Darj,Elisabeth,NO,elisabeth.darj@ntnu.no.,no- trondheim,,
1210,Djupesland,Per G,NO,,oslo,,
1211,Ruland,C M,NO,cornelia.rutland@sykepleivit.uio.no,oslo,,
1212,Vandvik,Per Olav,NO,,oslo,,
1213,Harboe,M,NO,,university of oslo,,
1214,Collas,Philippe,NO,,oslo,,
1215,Persson,Karin,NO,,tønsberg,,
1216,Barca,Maria Lage,NO,,tønsberg,,
1217,Brækhus,Anne,NO,,tønsberg,,
1218,Knapskog,Anne-Brita,NO,,oslo,,
1219,Selbæk,Geir,NO,,tønsberg,,
1220,Engedal,Knut,NO,,tønsberg,,
1221,van den Tillar,Roland,NO,,levanger,,
1222,Rosenqvist,E,NO,,oslo 4,,
1223,Kongtorp,R T,NO,ruth-torill.kongtorp@vetinst.no,oslo,,
1224,Solheim,T,NO,,university of oslo,,
1225,Patzke,Sebastian,NO,sebastip@rr-research.no,n- oslo,,
1226,Wang,Eivind,NO,,trondheim,,
1227,Schrumpf,Erik,NO,,oslo,,
1228,Lund,Hanne,NO,,oslo,,
1229,Barkvoll,P,NO,,university of oslo,,
1230,Seim,Andreas,NO,,trondheim,,
1231,Gidon,Alexandre,NO,,trondheim,,
1232,Gundersen,Kjell Gunnar,NO,kggunder@gmail.com,haugesund,,
1233,Danielsen,R,NO,,university of bergen,,
1234,Kotopoulis,Spiros,NO,,bergen,,
1235,Bjånes,Tormod,NO,,bergen,,
1236,Hoem,Dag,NO,,haukeland university hospital,,
1237,Schjøtt,Jan,NO,,bergen,,
1238,Gjertsen,Bjørn Tore,NO,,bergen,,
1239,Biermann,Martin,NO,,bergen,,
1240,Molven,Anders,NO,,bergen,,
1241,Sorbye,Halfdan,NO,,bergen,,
1242,McCormack,Emmet,NO,,bergen,,
1243,Gilja,Odd Helge,NO,,bergen,,
1244,Aarø,L E,NO,,bergen,,
1245,Houck,Leif D,NO,,university of life sciences (nmbu),,
1246,Sorteberg,Wilhelm,NO,,oslo,,
1247,Størset,Elisabet,NO,,oslo,,
1248,Åsberg,Anders,NO,,oslo,,
1249,Hartmann,Anders,NO,,oslo,,
1250,Reisaeter,Anna V,NO,,oslo,,
1251,Holdaas,Hallvard,NO,,oslo,,
1252,Skauby,Morten,NO,,oslo,,
1253,Bergan,Stein,NO,,oslo,,
1254,Midtvedt,Karsten,NO,kmidtved@ous-hf.no.,oslo,,
1255,Haukenes,Inger,NO,,bergen,,
1256,Lindtjørn,Bernt,NO,,bergen,,
1257,Sandal,Gro M,NO,,bergen,,
1258,Nyborg,Gunhild,NO,gunhild.nyborg@medisin.uio.no,oslo,,
1259,Nygaard,Øystein P,NO,oystein.nygaard@ntnu.no,7006 trondheim,,
1260,Zahl,Per-Henrik,NO,,oslo,,
1261,Brandtzaeg,P,NO,,university of oslo,,
1262,Kauserud,Håvard,NO,haavarka@bio.uio.no,n-0316 oslo,,
1263,Møller,P,NO,,department of otolaryngology/head & neck surgery,,
1264,Arntzen,Cathrine,NO,cathrine.arntzen@uit.no.,the arctic university of norway,,
1265,Jentoft,Rita,NO,,the arctic university of norway,,
1266,Mikkelsen,Oyvind,NO,,trondheim,,
1267,Aasvang,Gunn Marit,NO,gmaa@fhi.no,n-0403 oslo,,
1268,Hofstad,T,NO,,university of bergen,,
1269,Lonnee,Herman,NO,,trondheim,,
1270,Fagerbakke,K M,NO,kjell.fagerbakke@im.uib.no,university of bergen,,
1271,Goll,R,NO,rasmus.goll@unn.no,tromsø,,
1272,Grotle,Margreth,NO,margreth.grotle@medisin.uio.no,oslo,,
1273,Hartveit,E,NO,,department of neurophysiology,,
1274,Vassbø,K,NO,,university of oslo,,
1275,Mosdøl,Annhild,NO,annhild.mosdol@samfunnsmed.uio.no,university of oslo,,
1276,Andreassen,Cecilie S,NO,,bergen,,
1277,Bjorvatn,Bjørn,NO,,bergen,,
1278,Moen,Bente E,NO,,bergen,,
1279,Magerøy,Nils,NO,,bergen,,
1280,Hetland,Jørn,NO,,bergen,,
1281,Pallesen,Ståle,NO,,bergen,,
1282,Skaane,Per,NO,per.skaane@ulleval.no,n- oslo,,
1283,Lone,Karen,NO,karen.lone@npolar.no.,tromsø,,
1284,Kovacs,Kit M,NO,,tromsø,,
1285,Lydersen,Christian,NO,,tromsø,,
1286,Andersen,Magnus,NO,,tromsø,,
1287,Aars,Jon,NO,,tromsø,,
1288,Skauli,Torbjørn,NO,torbjorn.skauli@ffi.no,kjeller,,
1289,Holen,Marit Sundal,NO,,bergen,,
1290,Hellerud,Bernt Christian,NO,b.c.hellerud@medisin.uio.no,oslo,,
1291,Bakland,Gunnstein,NO,gunnstein.bakland@unn.no,tromsø,,
1292,Johansen,Terje,NO,,tromsø,,
1293,Dybendal,T,NO,,bergen,,
1294,Romøren,Kristine,NO,kristine.romoren@farmasi.uio.no,oslo,,
1295,Fan,Qiong,NO,qiong.fan@medisin.uio.no.,oslo,,
1296,Nørgaard,Rikke C,NO,r.c.norgaard@medisin.uio.no.,oslo,,
1297,Bindesbøll,Christian,NO,christian.bindesboll@medisin.uio.no.,oslo,,
1298,Lucas,Christin,NO,christin.lucas@medisin.uio.no.,oslo,,
1299,Dalen,Knut Tomas,NO,k.t.dalen@medisin.uio.no.,oslo,,
1300,Babaie,Eshrat,NO,eshrat.babaie@ncmm.uio.no.,oslo,,
1301,Itkonen,Harri M,NO,harri_itkonen@hms.harvard.edu.,oslo,,
1302,Matthews,Jason,NO,jason.matthews@medisin.uio.no.,oslo,,
1303,Nebb,Hilde I,NO,h.i.nebb@medisin.uio.no.,oslo,,
1304,Grønning-Wang,Line M,NO,l.m.gronning-wang@medisin.uio.no.,oslo,,
1305,Svanes,Cecilie,NO,,bergen,,
1306,Ruud,Sven Eirik,NO,s.e.ruud@medisin.uio.no.,oslo,,
1307,Aga,Ruth,NO,ruth.aga@gmail.com.,oslo,,
1308,Natvig,Bård,NO,bard.natvig@medisin.uio.no.,oslo,,
1309,Hjortdahl,Per,NO,per.hjortdahl@medisin.uio.no.,oslo,,
1310,Simberg,Susanna,NO,,oslo,,
1311,Holla,Øystein Lunde,NO,,oslo,,
